Date,Open,High,Low,Close,Volume,gold_close,oil_close,vix,spy_close
2015-02-17,43.97,44.0,43.19,43.58,33695149.0,1208.0999755859375,53.52999877929688,15.800000190734863,174.000732421875
2015-02-18,43.63,43.7,43.39,43.53,27111657.0,1199.699951171875,52.13999938964844,15.449999809265137,174.0172882080078
2015-02-19,43.18,43.5263,43.05,43.5,27556420.0,1207.0999755859375,51.15999984741211,15.289999961853027,173.89308166503906
2015-02-20,43.51,43.88,43.29,43.855,29721133.0,1204.4000244140625,50.34000015258789,14.300000190734863,174.93649291992188
2015-02-23,43.7,44.19,43.65,44.15,32518754.0,1200.300048828125,49.45000076293945,14.5600004196167,174.9116668701172
2015-02-24,44.15,44.3,43.92,44.09,25271747.0,1196.9000244140625,49.27999877929688,13.6899995803833,175.40858459472656
2015-02-25,43.95,44.09,43.8,43.99,29759820.0,1201.0,50.9900016784668,13.84000015258789,175.25946044921875
2015-02-26,43.99,44.23,43.89,44.055,28957329.0,1209.5999755859375,48.16999816894531,13.90999984741211,175.05242919921875
2015-02-27,44.13,44.2,43.66,43.85,33807740.0,1212.5999755859375,49.7599983215332,13.34000015258789,174.45619201660156
2015-03-02,43.67,44.19,43.55,43.88,31924049.0,1207.699951171875,49.59000015258789,13.039999961853027,175.55767822265625
2015-03-03,43.56,43.825,43.09,43.28,31748648.0,1204.0,50.52000045776367,13.859999656677246,174.83714294433594
2015-03-04,43.01,43.21,42.88,43.055,25748692.0,1200.5999755859375,51.52999877929688,14.229999542236328,174.10006713867188
2015-03-05,43.07,43.24,42.82,43.11,23193541.0,1195.9000244140625,50.7599983215332,14.039999961853027,174.29055786132812
2015-03-06,43.0,43.11,42.15,42.36,36248785.0,1164.0999755859375,49.61000061035156,15.199999809265137,171.8392791748047
2015-03-09,42.19,43.125,42.19,42.85,32107782.0,1166.4000244140625,50.0,15.0600004196167,172.5514373779297
2015-03-10,42.35,42.71,42.03,42.03,38974730.0,1160.0999755859375,48.290000915527344,16.690000534057617,169.75230407714844
2015-03-11,42.31,42.37,41.84,41.98,32215314.0,1150.699951171875,48.16999816894531,16.8700008392334,169.3548583984375
2015-03-12,41.33,41.65,40.86,41.02,59975402.0,1152.0999755859375,47.04999923706055,15.420000076293945,171.5080108642578
2015-03-13,40.7,41.47,40.61,41.38,58007705.0,1152.5999755859375,44.84000015258789,16.0,170.456298828125
2015-03-16,41.47,41.64,41.28,41.56,35123277.0,1153.300048828125,43.880001068115234,15.609999656677246,172.7335968017578
2015-03-17,41.37,41.83,41.15,41.695,31673448.0,1148.300048828125,43.459999084472656,15.65999984741211,172.22019958496094
2015-03-18,41.43,42.83,41.33,42.5,44194771.0,1151.4000244140625,44.65999984741211,13.970000267028809,174.29055786132812
2015-03-19,42.26,42.59,42.22,42.285,33878964.0,1169.0999755859375,43.959999084472656,14.069999694824219,173.49551391601562
2015-03-20,42.56,42.98,42.49,42.88,71904529.0,1184.800048828125,45.720001220703125,13.020000457763672,175.02699279785156
2015-03-23,42.88,43.13,42.78,42.855,26076086.0,1188.0,47.45000076293945,13.40999984741211,174.6859130859375
2015-03-24,42.78,43.17,42.75,42.9,25513252.0,1191.699951171875,47.5099983215332,13.619999885559082,173.7042999267578
2015-03-25,42.92,42.925,41.44,41.46,43469907.0,1197.300048828125,49.209999084472656,15.4399995803833,171.15892028808594
2015-03-26,41.22,41.61,40.92,41.21,37495626.0,1205.0999755859375,51.43000030517578,15.800000190734863,170.7512969970703
2015-03-27,41.12,41.43,40.83,40.97,34359398.0,1199.800048828125,48.869998931884766,15.069999694824219,171.14224243164062
2015-03-30,41.1,41.54,40.91,40.96,35049484.0,1184.800048828125,48.68000030517578,14.510000228881836,173.23016357421875
2015-03-31,40.78,41.03,40.54,40.655,34886963.0,1183.0999755859375,47.59999847412109,15.289999961853027,171.71624755859375
2015-04-01,40.6,40.76,40.31,40.72,36865322.0,1208.0999755859375,50.09000015258789,15.109999656677246,171.1089630126953
2015-04-02,40.66,40.74,40.12,40.29,37487476.0,1200.9000244140625,49.13999938964844,14.670000076293945,171.72454833984375
2015-04-06,40.34,41.78,40.18,41.545,39223692.0,1218.5999755859375,52.13999938964844,14.739999771118164,172.88084411621094
2015-04-07,41.61,41.91,41.31,41.53,28809300.0,1210.5999755859375,53.97999954223633,14.779999732971191,172.42330932617188
2015-04-08,41.46,41.69,41.04,41.42,24753438.0,1203.0999755859375,50.41999816894531,13.979999542236328,173.005615234375
2015-04-09,41.25,41.62,41.25,41.48,25723861.0,1193.5999755859375,50.790000915527344,13.09000015258789,173.77088928222656
2015-04-10,41.63,41.95,41.41,41.72,28022002.0,1204.5999755859375,51.63999938964844,12.579999923706055,174.71917724609375
2015-04-13,41.4,42.06,41.39,41.76,30276692.0,1199.300048828125,51.90999984741211,13.9399995803833,173.9289093017578
2015-04-14,41.8,42.03,41.39,41.65,24244278.0,1192.800048828125,53.290000915527344,13.670000076293945,174.26168823242188
2015-04-15,41.76,42.46,41.68,42.255,27343571.0,1201.5,56.38999938964844,12.84000015258789,175.04360961914062
2015-04-16,41.95,42.34,41.82,42.16,22509652.0,1198.0,56.709999084472656,12.600000381469727,174.99366760253906
2015-04-17,41.67,41.74,41.16,41.615,42387608.0,1202.9000244140625,55.7400016784668,13.890000343322754,172.98062133789062
2015-04-20,41.73,43.17,41.68,42.905,46057733.0,1193.5,56.380001068115234,13.300000190734863,174.5612030029297
2015-04-21,43.0,43.15,42.53,42.635,26013844.0,1202.9000244140625,55.2599983215332,13.25,174.3531494140625
2015-04-22,42.67,43.13,42.55,42.985,25064273.0,1186.9000244140625,56.15999984741211,12.710000038146973,175.20994567871094
2015-04-23,42.89,43.61,42.8,43.34,46309530.0,1194.4000244140625,57.7400016784668,12.479999542236328,175.6508331298828
2015-04-24,45.66,48.14,45.65,47.87,130852065.0,1175.199951171875,57.150001525878906,12.289999961853027,176.0584716796875
2015-04-27,47.23,48.13,47.22,48.03,59248172.0,1203.300048828125,56.9900016784668,13.119999885559082,175.32643127441406
2015-04-28,47.78,49.21,47.7,49.155,60730778.0,1214.0,57.060001373291016,12.40999984741211,175.88369750976562
2015-04-29,48.72,49.31,48.5,49.06,47800619.0,1209.800048828125,58.58000183105469,13.390000343322754,175.16006469726562
2015-04-30,48.7,49.54,48.6,48.64,64725457.0,1182.4000244140625,59.630001068115234,14.550000190734863,173.4048614501953
2015-05-01,48.58,48.875,48.4,48.655,38937236.0,1174.5,59.150001525878906,12.699999809265137,175.28485107421875
2015-05-04,48.37,48.87,48.18,48.24,34039485.0,1186.800048828125,58.93000030517578,12.850000381469727,175.7838897705078
2015-05-05,47.82,48.16,47.31,47.6,50369042.0,1193.199951171875,60.400001525878906,14.3100004196167,173.77088928222656
2015-05-06,47.57,47.77,46.02,46.28,52432720.0,1190.300048828125,60.93000030517578,15.149999618530273,173.05543518066406
2015-05-07,46.27,47.085,46.16,46.7,32971504.0,1182.4000244140625,58.93999862670898,15.130000114440918,173.74591064453125
2015-05-08,47.55,47.98,47.52,47.75,35364876.0,1189.0999755859375,59.38999938964844,12.859999656677246,176.0334930419922
2015-05-11,47.55,47.91,47.37,47.37,24607998.0,1183.199951171875,59.25,13.850000381469727,175.1933135986328
2015-05-12,46.85,47.68,46.42,47.35,29928264.0,1192.5999755859375,60.75,13.859999656677246,174.6692657470703
2015-05-13,48.19,48.32,47.57,47.625,34184613.0,1218.4000244140625,60.5,13.760000228881836,174.7025604248047
2015-05-14,48.0301,48.82,48.03,48.72,32980892.0,1225.4000244140625,59.880001068115234,12.739999771118164,176.5242156982422
2015-05-15,48.87,48.905,48.05,48.295,28292686.0,1225.5,59.68999862670898,12.380000114440918,176.71560668945312
2015-05-18,47.98,48.22,47.61,48.01,24136502.0,1227.800048828125,59.43000030517578,12.729999542236328,177.26461791992188
2015-05-19,47.56,47.81,47.18,47.58,28574758.0,1206.9000244140625,57.2599983215332,12.850000381469727,177.20635986328125
2015-05-20,47.39,47.93,47.27,47.58,25047919.0,1208.9000244140625,58.97999954223633,12.880000114440918,177.0816192626953
2015-05-21,47.28,47.6,47.005,47.42,22406521.0,1204.4000244140625,60.720001220703125,12.109999656677246,177.59730529785156
2015-05-22,47.3,47.35,46.82,46.9,25720583.0,1204.300048828125,59.720001220703125,12.130000114440918,177.17308044433594
2015-05-26,46.83,46.88,46.19,46.59,29581860.0,1187.199951171875,58.02999877929688,14.0600004196167,175.26820373535156
2015-05-27,46.82,47.77,46.62,47.61,27335639.0,1185.9000244140625,57.5099983215332,13.270000457763672,176.93185424804688
2015-05-28,47.5,48.02,47.39,47.45,19283666.0,1188.0999755859375,57.68000030517578,13.3100004196167,176.73226928710938
2015-05-29,47.43,47.57,46.59,46.86,36519594.0,1189.4000244140625,60.29999923706055,13.84000015258789,175.6342010498047
2015-06-01,47.06,47.77,46.62,47.23,28836807.0,1188.300048828125,60.20000076293945,13.970000267028809,175.99188232421875
2015-06-02,46.93,47.35,46.62,46.92,21498326.0,1194.0999755859375,61.2599983215332,14.239999771118164,175.81716918945312
2015-06-03,47.37,47.735,46.82,46.85,28002154.0,1184.699951171875,59.63999938964844,13.65999984741211,176.2830047607422
2015-06-04,46.79,47.16,46.2,46.36,27745512.0,1174.9000244140625,58.0,14.710000038146973,174.79405212402344
2015-06-05,46.31,46.52,45.84,46.14,25438086.0,1167.800048828125,59.130001068115234,14.210000038146973,174.49461364746094
2015-06-08,46.3,46.43,45.67,45.73,22121634.0,1173.199951171875,58.13999938964844,15.289999961853027,173.42149353027344
2015-06-09,45.76,45.94,45.46,45.65,24406057.0,1177.300048828125,60.13999938964844,14.470000267028809,173.3965606689453
2015-06-10,45.79,46.83,45.69,46.61,28417405.0,1186.0999755859375,61.43000030517578,13.220000267028809,175.4761505126953
2015-06-11,46.66,46.92,46.13,46.44,27347758.0,1179.9000244140625,60.77000045776367,12.850000381469727,176.041748046875
2015-06-12,46.22,46.47,45.9,45.97,23930972.0,1178.800048828125,59.959999084472656,13.779999732971191,174.69419860839844
2015-06-15,45.45,45.65,45.0201,45.475,33254517.0,1185.300048828125,59.52000045776367,15.390000343322754,173.94558715820312
2015-06-16,45.35,46.24,45.3,45.83,27070306.0,1180.5,59.970001220703125,14.8100004196167,174.8939208984375
2015-06-17,45.73,46.07,45.36,45.97,28704061.0,1176.4000244140625,59.91999816894531,14.5,175.1766815185547
2015-06-18,46.22,46.8,46.17,46.72,32658343.0,1201.5,60.45000076293945,13.1899995803833,176.99839782714844
2015-06-19,46.79,46.825,45.99,46.1,63832436.0,1201.5,59.61000061035156,13.960000038146973,176.2126922607422
2015-06-22,46.33,46.72,46.16,46.23,20318055.0,1183.699951171875,59.68000030517578,12.739999771118164,177.11541748046875
2015-06-23,46.13,46.28,45.62,45.91,25896473.0,1176.199951171875,61.0099983215332,12.109999656677246,177.24081420898438
2015-06-24,45.67,46.245,45.55,45.635,34890901.0,1172.5999755859375,60.27000045776367,13.260000228881836,175.9535675048828
2015-06-25,46.03,46.06,45.5,45.65,20615995.0,1171.5,59.70000076293945,14.010000228881836,175.4186248779297
2015-06-26,45.65,46.28,45.03,45.26,49835287.0,1172.9000244140625,59.630001068115234,14.020000457763672,175.38523864746094
2015-06-29,45.04,45.23,44.36,44.37,34071246.0,1178.5,58.33000183105469,18.850000381469727,171.707275390625
2015-06-30,44.71,44.72,43.94,44.15,35945384.0,1171.5,59.470001220703125,18.229999542236328,172.0666961669922
2015-07-01,44.46,45.23,44.1,44.445,28343907.0,1169.0,56.959999084472656,16.09000015258789,173.44590759277344
2015-07-02,44.48,44.75,44.06,44.4,21752013.0,1163.0,56.93000030517578,16.790000915527344,173.2870330810547
2015-07-06,43.96,44.48,43.95,44.39,23033961.0,1172.9000244140625,52.52999877929688,17.010000228881836,172.7938995361328
2015-07-07,44.34,44.49,43.32,44.3,36435827.0,1152.4000244140625,52.33000183105469,16.09000015258789,173.88055419921875
2015-07-08,44.44,44.9,44.03,44.24,39785901.0,1163.300048828125,51.650001525878906,19.65999984741211,170.96334838867188
2015-07-09,44.75,45.22,44.5,44.52,32423272.0,1159.0,52.77999877929688,19.969999313354492,171.2726287841797
2015-07-10,45.01,45.14,44.57,44.61,25465757.0,1157.699951171875,52.7400016784668,16.829999923706055,173.42919921875
2015-07-13,44.975,45.62,44.9501,45.54,28178329.0,1155.199951171875,52.20000076293945,13.899999618530273,175.3433837890625
2015-07-14,45.45,45.96,45.31,45.62,22880260.0,1153.300048828125,53.040000915527344,13.369999885559082,176.10400390625
2015-07-15,45.68,45.89,45.43,45.76,26629615.0,1147.199951171875,51.40999984741211,13.229999542236328,176.04551696777344
2015-07-16,46.01,46.69,45.965,46.66,26271673.0,1143.800048828125,50.90999984741211,12.109999656677246,177.45814514160156
2015-07-17,46.55,46.78,46.26,46.62,29467107.0,1131.800048828125,50.88999938964844,11.949999809265137,177.6085968017578
2015-07-20,46.65,47.13,46.44,46.92,30631905.0,1106.699951171875,50.150001525878906,12.25,177.70053100585938
2015-07-21,46.78,47.33,46.48,47.28,42781899.0,1103.4000244140625,50.36000061035156,12.220000267028809,176.99839782714844
2015-07-22,45.44,46.93,45.203,45.54,59152427.0,1091.4000244140625,49.18999862670898,12.119999885559082,176.68075561523438
2015-07-23,45.27,46.23,45.1,46.11,33934010.0,1094.0,48.45000076293945,12.640000343322754,175.68603515625
2015-07-24,45.91,46.32,45.8,45.94,32333244.0,1085.5999755859375,48.13999938964844,13.739999771118164,173.8638153076172
2015-07-27,45.94,46.01,45.25,45.35,39701190.0,1096.5,47.38999938964844,15.600000381469727,172.85243225097656
2015-07-28,45.58,45.639,44.79,45.34,34328948.0,1096.300048828125,47.97999954223633,13.4399995803833,174.9755401611328
2015-07-29,45.4,46.78,45.26,46.29,40945864.0,1092.699951171875,48.790000915527344,12.5,176.1792755126953
2015-07-30,46.26,47.4,45.93,46.88,39770983.0,1088.4000244140625,48.52000045776367,12.130000114440918,176.2210235595703
2015-07-31,47.29,47.37,46.5,46.7,31201480.0,1094.9000244140625,47.119998931884766,12.119999885559082,175.9535675048828
2015-08-03,46.98,47.0,46.45,46.81,24125886.0,1089.4000244140625,45.16999816894531,12.5600004196167,175.36012268066406
2015-08-04,46.75,47.71,46.68,47.54,33403916.0,1090.699951171875,45.7400016784668,13.0,175.01739501953125
2015-08-05,47.98,48.41,47.54,47.58,26959655.0,1085.699951171875,45.150001525878906,12.510000228881836,175.59413146972656
2015-08-06,47.71,47.77,46.33,46.62,27368000.0,1090.199951171875,44.65999984741211,13.770000457763672,174.1564483642578
2015-08-07,46.39,46.78,46.26,46.74,19163038.0,1094.0999755859375,43.869998931884766,13.390000343322754,173.822021484375
2015-08-10,46.95,47.49,46.84,47.33,23079870.0,1104.199951171875,44.959999084472656,12.229999542236328,176.0120849609375
2015-08-11,46.82,46.94,45.9,46.41,29237402.0,1107.5999755859375,43.08000183105469,13.710000038146973,174.42388916015625
2015-08-12,46.19,46.9,45.705,46.74,30198532.0,1123.199951171875,43.29999923706055,13.609999656677246,174.63284301757812
2015-08-13,47.06,47.1,46.49,46.73,22627241.0,1115.699951171875,42.22999954223633,13.489999771118164,174.41555786132812
2015-08-14,46.53,47.1,46.52,47.0,21473402.0,1112.9000244140625,42.5,12.829999923706055,175.05081176757812
2015-08-17,46.81,47.45,46.57,47.32,21099611.0,1118.5999755859375,41.869998931884766,13.020000457763672,176.0287628173828
2015-08-18,46.84,47.43,46.7,47.27,23574104.0,1117.0999755859375,42.619998931884766,13.789999961853027,175.51889038085938
2015-08-19,46.78,47.08,46.3,46.61,31485511.0,1128.0999755859375,40.79999923706055,15.25,174.13131713867188
2015-08-20,46.07,46.47,45.66,45.66,36238227.0,1153.0,41.13999938964844,19.139999389648438,170.49522399902344
2015-08-21,45.3,45.48,43.07,43.07,70017231.0,1159.5999755859375,40.45000076293945,28.030000686645508,165.36293029785156
2015-08-24,40.45,43.31,39.72,41.68,88749530.0,1153.4000244140625,38.2400016784668,40.7400016784668,158.40000915527344
2015-08-25,42.565,43.24,40.39,40.47,70616597.0,1138.199951171875,39.310001373291016,36.02000045776367,156.5359649658203
2015-08-26,42.01,42.84,41.06,42.71,63407996.0,1124.5999755859375,38.59999847412109,30.31999969482422,162.5459747314453
2015-08-27,43.23,43.95,42.925,43.9,50943211.0,1122.4000244140625,42.560001373291016,26.100000381469727,166.56658935546875
2015-08-28,43.4,44.15,43.39,43.93,28246725.0,1133.0999755859375,45.220001220703125,26.049999237060547,166.574951171875
2015-08-31,43.56,43.93,43.1,43.52,34441662.0,1131.5999755859375,49.20000076293945,28.43000030517578,165.2291259765625
2015-09-01,42.17,42.59,41.66,41.82,49674896.0,1138.699951171875,45.40999984741211,31.399999618530273,160.2974395751953
2015-09-02,42.36,43.38,41.88,43.36,37664992.0,1132.5,46.25,26.09000015258789,163.34005737304688
2015-09-03,43.41,43.98,43.28,43.5,28285205.0,1123.699951171875,46.75,25.610000610351562,163.45712280273438
2015-09-04,42.81,43.04,42.195,42.61,37138775.0,1120.5999755859375,46.04999923706055,27.799999237060547,160.98289489746094
2015-09-08,43.3,44.0,43.2,43.89,32469766.0,1120.4000244140625,45.93999862670898,24.899999618530273,165.028564453125
2015-09-09,44.21,44.4,42.91,43.07,33469485.0,1102.199951171875,44.150001525878906,26.229999542236328,162.8218536376953
2015-09-10,43.12,43.79,42.745,43.29,31366630.0,1109.5,45.91999816894531,24.3700008392334,163.70790100097656
2015-09-11,43.14,43.59,42.9399,43.48,27132527.0,1103.5,44.630001068115234,23.200000762939453,164.45181274414062
2015-09-14,43.43,43.44,42.86,43.04,23656048.0,1107.699951171875,44.0,24.25,163.8415985107422
2015-09-15,43.19,44.29,43.08,43.98,28882206.0,1102.800048828125,44.59000015258789,22.540000915527344,165.8894805908203
2015-09-16,43.97,44.38,43.84,44.3,23372162.0,1119.199951171875,47.150001525878906,21.350000381469727,167.32723999023438
2015-09-17,44.29,45.0,44.08,44.25,32768161.0,1117.300048828125,46.900001525878906,21.139999389648438,166.95108032226562
2015-09-18,43.5,43.99,43.33,43.48,63143684.0,1138.0999755859375,44.68000030517578,22.280000686645508,164.2228546142578
2015-09-21,43.62,44.47,43.6,44.11,26177224.0,1133.0999755859375,46.68000030517578,20.139999389648438,165.0714874267578
2015-09-22,43.38,44.05,43.31,43.9,28085903.0,1125.0,45.83000183105469,22.440000534057617,162.92889404296875
2015-09-23,43.93,44.17,43.51,43.87,17145238.0,1131.5999755859375,44.47999954223633,22.1299991607666,162.66844177246094
2015-09-24,43.45,44.13,43.27,43.91,27905607.0,1153.800048828125,44.90999984741211,23.469999313354492,162.08026123046875
2015-09-25,44.48,44.73,43.76,43.94,29384601.0,1146.0,45.70000076293945,23.6200008392334,162.03826904296875
2015-09-28,43.83,44.085,43.205,43.29,27613785.0,1132.0,44.43000030517578,27.6299991607666,157.97154235839844
2015-09-29,43.37,43.57,43.05,43.44,32763557.0,1127.0999755859375,45.22999954223633,26.829999923706055,158.06399536132812
2015-09-30,43.88,44.3,43.66,44.26,34958880.0,1115.5,45.09000015258789,24.5,161.01321411132812
2015-10-01,44.75,44.75,43.75,44.61,28657859.0,1114.199951171875,44.7400016784668,22.549999237060547,161.43333435058594
2015-10-02,44.27,45.57,43.92,45.57,41839035.0,1137.0999755859375,45.540000915527344,20.940000534057617,163.8447723388672
2015-10-05,45.745,46.89,45.7,46.63,34369286.0,1138.0999755859375,46.2599983215332,19.540000915527344,166.76039123535156
2015-10-06,46.33,47.175,46.22,46.75,27510808.0,1146.800048828125,48.52999877929688,19.399999618530273,166.18898010253906
2015-10-07,47.1,47.35,45.95,46.8,27711492.0,1149.0,47.810001373291016,18.399999618530273,167.5502166748047
2015-10-08,46.56,47.515,46.5,47.45,33772709.0,1144.699951171875,49.43000030517578,17.420000076293945,169.0626220703125
2015-10-09,47.45,47.54,46.92,47.11,28600632.0,1156.300048828125,49.630001068115234,17.079999923706055,169.16339111328125
2015-10-12,46.98,47.07,46.5,47.0,19769066.0,1164.9000244140625,47.09999847412109,16.170000076293945,169.32305908203125
2015-10-13,46.56,47.1299,46.56,46.89,19987816.0,1165.800048828125,46.65999984741211,17.670000076293945,168.25595092773438
2015-10-14,46.65,47.1,46.53,46.68,24697766.0,1180.0999755859375,46.63999938964844,18.030000686645508,167.44932556152344
2015-10-15,47.01,47.03,46.53,47.01,27189370.0,1187.9000244140625,46.380001068115234,16.049999237060547,170.0204620361328
2015-10-16,47.02,47.54,46.897,47.51,26380334.0,1183.5999755859375,47.2599983215332,15.050000190734863,170.79342651367188
2015-10-19,47.42,47.88,47.02,47.62,29387581.0,1173.300048828125,45.88999938964844,14.979999542236328,170.8774871826172
2015-10-20,47.44,47.81,47.02,47.77,30802235.0,1178.0,45.54999923706055,15.75,170.65902709960938
2015-10-21,47.92,47.99,47.11,47.2,25264710.0,1167.5999755859375,45.20000076293945,16.700000762939453,169.60032653808594
2015-10-22,47.53,48.95,47.09,48.03,56637074.0,1166.5999755859375,45.380001068115234,14.449999809265137,172.46554565429688
2015-10-23,52.3,54.07,52.25,52.87,135226990.0,1163.300048828125,44.59999847412109,14.460000038146973,174.3560333251953
2015-10-26,52.53,54.32,52.5,54.25,64633324.0,1167.0,43.97999954223633,15.289999961853027,173.9275360107422
2015-10-27,53.99,54.37,53.58,53.69,50999894.0,1166.800048828125,43.20000076293945,15.430000305175781,173.59141540527344
2015-10-28,53.54,53.98,52.86,53.98,47000753.0,1177.0999755859375,45.93999862670898,14.329999923706055,175.56591796875
2015-10-29,53.54,53.83,53.22,53.36,30202078.0,1147.199951171875,46.060001373291016,14.609999656677246,175.46517944335938
2015-10-30,53.32,53.99,52.62,52.64,46619761.0,1141.5,46.59000015258789,15.069999694824219,174.7089385986328
2015-11-02,52.85,53.36,52.62,53.24,30284982.0,1135.800048828125,46.13999938964844,14.149999618530273,176.77593994140625
2015-11-03,52.93,54.39,52.9,54.15,36596931.0,1114.199951171875,47.900001525878906,14.539999961853027,177.28843688964844
2015-11-04,54.18,54.88,54.06,54.4,37068349.0,1106.5,46.31999969482422,15.510000228881836,176.75064086914062
2015-11-05,54.49,54.7,54.0,54.38,31468485.0,1104.4000244140625,45.20000076293945,15.050000190734863,176.57420349121094
2015-11-06,54.085,54.98,53.964,54.92,32851204.0,1087.5999755859375,44.290000915527344,14.329999923706055,176.48178100585938
2015-11-09,54.55,54.87,53.56,54.16,31513067.0,1087.9000244140625,43.869998931884766,16.520000457763672,174.83494567871094
2015-11-10,54.07,54.13,53.27,53.51,55283697.0,1088.199951171875,44.209999084472656,15.289999961853027,175.23828125
2015-11-11,53.7,54.2,53.46,53.65,36516260.0,1084.699951171875,42.93000030517578,16.059999465942383,174.54930114746094
2015-11-12,53.48,53.9791,53.19,53.32,35361095.0,1080.800048828125,41.75,18.3700008392334,172.11256408691406
2015-11-13,53.07,53.29,52.53,52.84,36848175.0,1080.800048828125,40.7400016784668,20.079999923706055,170.18008422851562
2015-11-16,53.08,53.89,52.85,53.765,32165198.0,1083.699951171875,41.7400016784668,18.15999984741211,172.7679901123047
2015-11-17,53.17,53.53,52.85,52.97,31551255.0,1068.699951171875,40.66999816894531,18.84000015258789,172.64193725585938
2015-11-18,53.0,53.98,52.9799,53.85,29710030.0,1068.800048828125,40.75,16.850000381469727,175.38108825683594
2015-11-19,53.99,54.66,53.781,53.94,28149228.0,1078.0,40.540000915527344,16.989999771118164,175.2298583984375
2015-11-20,54.25,54.3,53.265,54.19,37147608.0,1076.4000244140625,40.38999938964844,15.470000267028809,175.8683624267578
2015-11-23,54.25,54.46,53.75,54.19,28135918.0,1066.800048828125,41.75,15.619999885559082,175.66680908203125
2015-11-24,53.92,54.44,53.58,54.25,24600043.0,1074.300048828125,42.869998931884766,15.930000305175781,175.90200805664062
2015-11-25,54.09,54.23,53.69,53.69,21005147.0,1070.5,43.040000915527344,15.1899995803833,175.8768768310547
2015-11-27,53.8,54.08,53.79,53.93,9009132.0,1056.199951171875,41.709999084472656,15.119999885559082,176.07846069335938
2015-11-30,54.54,54.96,53.9999,54.35,56241417.0,1065.800048828125,41.650001525878906,16.1299991607666,175.3474578857422
2015-12-01,54.41,55.23,54.3,55.22,39952779.0,1063.800048828125,41.84999847412109,14.670000076293945,177.01953125
2015-12-02,55.32,55.96,55.06,55.21,47274879.0,1054.199951171875,39.93999862670898,15.90999984741211,175.21304321289062
2015-12-03,55.49,55.77,53.93,54.2,38627835.0,1061.699951171875,41.08000183105469,18.110000610351562,172.75961303710938
2015-12-04,54.12,56.23,54.1,55.91,43963662.0,1084.5,39.970001220703125,14.8100004196167,176.12890625
2015-12-07,55.79,55.97,55.29,55.81,30709765.0,1076.4000244140625,37.650001525878906,15.84000015258789,175.06182861328125
2015-12-08,55.47,56.1,54.99,55.79,32878026.0,1076.300048828125,37.5099983215332,17.600000381469727,173.88548278808594
2015-12-09,55.37,55.87,54.51,54.98,36353909.0,1077.5999755859375,37.15999984741211,19.610000610351562,172.5326690673828
2015-12-10,55.39,55.655,55.01,55.27,31775826.0,1073.0999755859375,36.7599983215332,19.34000015258789,172.97802734375
2015-12-11,54.71,55.1,54.01,54.06,39549497.0,1076.9000244140625,35.619998931884766,24.389999389648438,169.62550354003906
2015-12-14,54.33,55.21,53.68,55.14,47006491.0,1064.699951171875,36.310001373291016,22.729999542236328,170.48252868652344
2015-12-15,55.66,55.9,55.09,55.2,39842998.0,1062.9000244140625,37.34999847412109,20.950000762939453,172.27220153808594
2015-12-16,55.54,56.245,54.76,56.13,37503300.0,1078.0,35.52000045776367,17.860000610351562,174.79293823242188
2015-12-17,56.36,56.79,55.5348,55.7,41280907.0,1050.800048828125,34.95000076293945,18.940000534057617,172.12940979003906
2015-12-18,55.77,56.0,54.03,54.13,83884164.0,1066.199951171875,34.72999954223633,20.700000762939453,169.06295776367188
2015-12-21,54.88,55.35,54.2262,54.83,37246325.0,1081.9000244140625,34.7400016784668,18.700000762939453,170.45753479003906
2015-12-22,54.99,55.48,54.5,55.35,28322241.0,1074.800048828125,36.13999938964844,16.600000381469727,172.0043487548828
2015-12-23,55.7,55.88,55.44,55.82,27279832.0,1069.4000244140625,37.5,15.569999694824219,174.13430786132812
2015-12-24,55.86,55.96,55.43,55.67,9570002.0,1077.199951171875,38.09999847412109,15.739999771118164,173.84690856933594
2015-12-28,55.35,55.95,54.98,55.95,22458293.0,1070.5,36.810001373291016,16.90999984741211,173.4496612548828
2015-12-29,56.29,56.85,56.06,56.55,27731403.0,1077.5,37.869998931884766,16.079999923706055,175.30075073242188
2015-12-30,56.47,56.78,56.2875,56.31,21704505.0,1060.0999755859375,36.59999847412109,17.290000915527344,174.0582275390625
2015-12-31,56.04,56.19,55.42,55.48,27334061.0,1060.300048828125,37.040000915527344,18.209999084472656,172.31703186035156
2016-01-04,54.32,54.8,53.39,54.8,53777963.0,1075.0999755859375,36.7599983215332,20.700000762939453,169.9081573486328
2016-01-05,54.93,55.39,54.54,55.05,34079674.0,1078.4000244140625,35.970001220703125,19.34000015258789,170.1954803466797
2016-01-06,54.32,54.4001,53.64,54.05,39518863.0,1091.9000244140625,33.970001220703125,20.59000015258789,168.04867553710938
2016-01-07,52.7,53.485,52.07,52.17,56564852.0,1107.699951171875,33.27000045776367,24.989999771118164,164.01687622070312
2016-01-08,52.37,53.28,52.15,52.33,48753969.0,1097.800048828125,33.15999984741211,27.010000228881836,162.21652221679688
2016-01-11,52.51,52.85,51.46,52.3,36905256.0,1096.5,31.40999984741211,24.299999237060547,162.37718200683594
2016-01-12,52.76,53.1,52.06,52.78,36095539.0,1085.5999755859375,30.440000534057617,22.469999313354492,163.68727111816406
2016-01-13,53.8,54.07,51.3038,51.64,66883571.0,1087.5,30.479999542236328,25.219999313354492,159.60482788085938
2016-01-14,52.0,53.4163,51.57,53.11,52381918.0,1073.9000244140625,31.200000762939453,23.950000762939453,162.22500610351562
2016-01-15,51.31,51.97,50.34,50.99,71820697.0,1091.5,29.420000076293945,27.020000457763672,158.74269104003906
2016-01-19,51.48,51.68,50.06,50.56,43564538.0,1089.9000244140625,28.459999084472656,26.049999237060547,158.95396423339844
2016-01-20,49.98,51.38,49.1,50.79,63272993.0,1107.0999755859375,26.549999237060547,27.59000015258789,156.91696166992188
2016-01-21,51.0,51.58,50.3,50.48,40191157.0,1099.0999755859375,29.530000686645508,26.690000534057617,157.79598999023438
2016-01-22,51.41,52.33,51.26,52.29,37555789.0,1097.199951171875,32.189998626708984,22.34000015258789,161.03321838378906
2016-01-25,51.94,52.65,51.65,51.79,34707717.0,1106.199951171875,30.34000015258789,24.149999618530273,158.59896850585938
2016-01-26,51.79,52.44,51.55,52.17,28900820.0,1121.699951171875,31.450000762939453,22.5,160.7627716064453
2016-01-27,52.01,52.2,51.0201,51.22,36775194.0,1116.0999755859375,32.29999923706055,23.110000610351562,159.0131378173828
2016-01-28,51.86,52.21,51.25,52.055,62513789.0,1115.5999755859375,33.220001220703125,22.420000076293945,159.84149169921875
2016-01-29,54.73,55.09,54.0,55.09,83611686.0,1116.4000244140625,33.619998931884766,20.200000762939453,163.73797607421875
2016-02-01,54.88,55.09,54.495,54.71,44208542.0,1127.9000244140625,31.6200008392334,19.979999542236328,163.67877197265625
2016-02-02,54.17,54.26,52.65,53.0,56313753.0,1127.300048828125,29.8799991607666,21.979999542236328,160.72891235351562
2016-02-03,53.25,53.39,51.26,52.16,57540614.0,1141.300048828125,32.279998779296875,21.649999618530273,161.69247436523438
2016-02-04,52.1,52.81,51.37,52.0,46987123.0,1157.5999755859375,31.71999931335449,21.84000015258789,161.9461212158203
2016-02-05,51.94,52.0,49.56,50.16,62008994.0,1157.800048828125,30.88999938964844,23.3799991607666,158.86097717285156
2016-02-08,49.55,49.57,48.19,49.41,59290497.0,1197.9000244140625,29.690000534057617,26.0,156.7225799560547
2016-02-09,49.02,50.24,48.67,49.28,46740474.0,1198.699951171875,27.940000534057617,26.540000915527344,156.73098754882812
2016-02-10,49.89,50.39,49.52,49.71,38236954.0,1194.699951171875,27.450000762939453,26.290000915527344,156.5957794189453
2016-02-11,48.68,50.11,48.51,49.69,48878571.0,1247.9000244140625,26.209999084472656,28.139999389648438,154.5587615966797
2016-02-12,50.25,50.68,49.75,50.5,34243324.0,1239.0999755859375,29.440000534057617,25.399999618530273,157.7452850341797
2016-02-16,50.9,51.09,50.13,51.09,37291207.0,1207.9000244140625,29.040000915527344,24.110000610351562,160.40777587890625
2016-02-17,51.49,52.77,51.45,52.42,40788968.0,1211.0999755859375,30.65999984741211,22.309999465942383,163.0280303955078
2016-02-18,52.33,52.95,52.1,52.19,27176035.0,1226.0999755859375,30.770000457763672,21.639999389648438,162.36024475097656
2016-02-19,51.97,52.28,51.53,51.82,33559073.0,1230.4000244140625,29.63999938964844,20.530000686645508,162.2841796875
2016-02-22,52.28,53.0,52.28,52.65,25008291.0,1209.5,31.479999542236328,19.3799991607666,164.63392639160156
2016-02-23,52.34,52.37,50.98,51.18,28895274.0,1222.300048828125,31.8700008392334,20.979999542236328,162.55465698242188
2016-02-24,50.69,51.5,50.2,51.36,33014457.0,1238.699951171875,32.150001525878906,20.719999313354492,163.29847717285156
2016-02-25,51.73,52.1,50.61,52.1,26939467.0,1238.199951171875,33.06999969482422,19.110000610351562,165.27626037597656
2016-02-26,52.6,52.68,51.1,51.3,35975925.0,1219.800048828125,32.779998779296875,19.809999465942383,164.89593505859375
2016-02-29,51.35,51.65,50.66,50.88,31654036.0,1233.9000244140625,33.75,20.549999237060547,163.60269165039062
2016-03-01,50.97,52.59,50.9199,52.58,33024535.0,1230.300048828125,34.400001525878906,17.700000762939453,167.44850158691406
2016-03-02,52.41,52.96,52.155,52.95,29289884.0,1241.0999755859375,34.65999984741211,17.09000015258789,168.20079040527344
2016-03-03,52.97,52.97,51.78,52.35,24427813.0,1257.4000244140625,34.56999969482422,16.700000762939453,168.86007690429688
2016-03-04,52.4,52.45,51.71,52.03,33034150.0,1269.9000244140625,35.91999816894531,16.860000610351562,169.40939331054688
2016-03-07,51.56,51.8,50.58,51.03,38428816.0,1263.199951171875,37.900001525878906,17.350000381469727,169.54470825195312
2016-03-08,50.8,52.13,50.595,51.65,33835119.0,1262.0999755859375,36.5,18.670000076293945,167.6936798095703
2016-03-09,51.89,52.85,51.855,52.84,28251588.0,1256.5999755859375,38.290000915527344,18.34000015258789,168.52197265625
2016-03-10,52.93,52.94,51.16,52.05,38387804.0,1272.0,37.84000015258789,18.049999237060547,168.6571807861328
2016-03-11,53.0,53.07,52.38,53.07,32275677.0,1258.699951171875,38.5,16.5,171.37887573242188
2016-03-14,52.71,53.59,52.63,53.17,24083616.0,1244.4000244140625,37.18000030517578,16.920000076293945,171.1591339111328
2016-03-15,52.75,53.59,52.74,53.59,21104763.0,1230.4000244140625,36.34000015258789,16.84000015258789,170.8801727294922
2016-03-16,53.45,54.6,53.4,54.35,31632242.0,1229.300048828125,38.459999084472656,14.989999771118164,171.8690948486328
2016-03-17,54.21,55.0,54.0,54.66,28223947.0,1264.5,40.20000076293945,14.4399995803833,172.95945739746094
2016-03-18,54.92,54.97,53.445,53.49,67625518.0,1253.800048828125,39.43999862670898,14.020000457763672,173.6390838623047
2016-03-21,53.25,53.9298,52.93,53.86,23925716.0,1243.800048828125,39.90999984741211,13.789999961853027,173.885498046875
2016-03-22,53.61,54.25,53.46,54.07,23124143.0,1248.199951171875,41.45000076293945,14.170000076293945,173.7920379638672
2016-03-23,54.11,54.24,53.74,53.97,20129015.0,1223.699951171875,39.790000915527344,14.9399995803833,172.64503479003906
2016-03-24,53.84,54.33,53.73,54.21,19949972.0,1221.4000244140625,39.459999084472656,14.739999771118164,172.56858825683594
2016-03-28,54.21,54.29,53.33,53.54,17025050.0,1219.9000244140625,39.38999938964844,15.239999771118164,172.67054748535156
2016-03-29,53.66,54.86,53.45,54.71,23924329.0,1235.5999755859375,38.27999877929688,13.819999694824219,174.26779174804688
2016-03-30,54.93,55.64,54.9,55.05,22972560.0,1226.9000244140625,38.31999969482422,13.5600004196167,175.0324249267578
2016-03-31,54.95,55.59,54.86,55.23,26359895.0,1234.199951171875,38.34000015258789,13.949999809265137,174.60763549804688
2016-04-01,55.05,55.61,54.57,55.57,24399193.0,1222.199951171875,36.790000915527344,13.100000381469727,175.7970428466797
2016-04-04,55.43,55.66,55.0,55.43,18928810.0,1218.0,35.70000076293945,14.119999885559082,175.22784423828125
2016-04-05,55.19,55.3,54.46,54.56,19272255.0,1228.4000244140625,35.88999938964844,15.420000076293945,173.4776153564453
2016-04-06,54.36,55.2,54.21,55.12,21188682.0,1222.5,37.75,14.09000015258789,175.37222290039062
2016-04-07,54.87,54.91,54.23,54.46,19225092.0,1236.199951171875,37.2599983215332,16.15999984741211,173.2738037109375
2016-04-08,54.67,55.28,54.32,54.42,22167223.0,1242.5,39.720001220703125,15.359999656677246,173.74110412597656
2016-04-11,54.49,55.15,54.3,54.31,21414227.0,1256.699951171875,40.36000061035156,16.260000228881836,173.333251953125
2016-04-12,54.37,54.78,53.76,54.65,24944288.0,1259.4000244140625,42.16999816894531,14.850000381469727,174.94749450683594
2016-04-13,55.12,55.4375,54.89,55.35,20817961.0,1246.800048828125,41.7599983215332,13.84000015258789,176.714599609375
2016-04-14,55.22,55.575,55.07,55.36,20877108.0,1225.0,41.5,13.720000267028809,176.72308349609375
2016-04-15,55.3,55.92,55.11,55.65,28793753.0,1233.0999755859375,40.36000061035156,13.619999885559082,176.52767944335938
2016-04-18,55.49,56.59,55.21,56.46,23785950.0,1233.5999755859375,39.77999877929688,13.350000381469727,177.7681427001953
2016-04-19,56.63,56.77,55.68,56.39,29596827.0,1253.0,41.08000183105469,13.239999771118164,178.32884216308594
2016-04-20,56.29,56.5,55.485,55.59,36195714.0,1253.199951171875,42.630001068115234,13.279999732971191,178.498779296875
2016-04-21,55.8,56.23,55.415,55.78,38909096.0,1249.0,43.18000030517578,13.949999809265137,177.5387420654297
2016-04-22,51.91,52.4297,50.77,51.78,126834089.0,1228.699951171875,43.72999954223633,13.220000267028809,177.5387420654297
2016-04-25,51.78,52.13,51.63,52.11,33226948.0,1238.9000244140625,42.63999938964844,14.079999923706055,177.2328338623047
2016-04-26,52.26,52.35,51.09,51.44,33532636.0,1242.199951171875,44.040000915527344,13.960000038146973,177.4962158203125
2016-04-27,51.48,51.5,50.55,50.94,43369256.0,1249.199951171875,45.33000183105469,13.770000457763672,177.86155700683594
2016-04-28,50.62,50.77,49.56,49.9,43134846.0,1265.5,46.02999877929688,15.220000267028809,176.24734497070312
2016-04-29,49.35,50.25,49.35,49.87,48411684.0,1289.199951171875,45.91999816894531,15.699999809265137,175.29579162597656
2016-05-02,50.0,50.75,49.7799,50.61,33114539.0,1294.699951171875,44.77999877929688,14.680000305175781,176.68910217285156
2016-05-03,50.34,50.41,49.6,49.78,26460244.0,1290.699951171875,43.650001525878906,15.600000381469727,175.1513671875
2016-05-04,49.84,50.06,49.46,49.87,24257556.0,1273.300048828125,43.77999877929688,16.049999237060547,174.17434692382812
2016-05-05,49.87,50.3,49.73,49.94,25390718.0,1271.4000244140625,44.31999969482422,15.90999984741211,174.1403045654297
2016-05-06,49.92,50.39,49.66,50.39,24787301.0,1292.9000244140625,44.65999984741211,14.720000267028809,174.7775115966797
2016-05-09,50.49,50.585,50.0,50.07,17951598.0,1265.5999755859375,43.43999862670898,14.569999694824219,174.92202758789062
2016-05-10,50.33,51.1,50.19,51.02,22890966.0,1263.9000244140625,44.65999984741211,13.630000114440918,177.09693908691406
2016-05-11,51.13,51.78,51.0,51.05,24039140.0,1274.5999755859375,46.22999954223633,14.6899995803833,175.4402313232422
2016-05-12,51.2,51.81,50.92,51.51,24102781.0,1270.300048828125,46.70000076293945,14.40999984741211,175.49119567871094
2016-05-13,51.44,51.895,51.04,51.08,22592342.0,1271.9000244140625,46.209999084472656,15.039999961853027,173.96192932128906
2016-05-16,50.8,51.96,50.75,51.83,20032017.0,1273.4000244140625,47.720001220703125,14.680000305175781,175.67808532714844
2016-05-17,51.72,51.73,50.36,50.51,27803514.0,1276.199951171875,48.310001373291016,15.569999694824219,174.03839111328125
2016-05-18,50.48,51.14,50.3,50.81,24907532.0,1273.699951171875,48.18999862670898,15.949999809265137,174.0894012451172
2016-05-19,50.47,50.62,49.82,50.32,23842318.0,1254.199951171875,48.15999984741211,16.329999923706055,173.4861297607422
2016-05-20,50.48,51.22,50.4,50.62,23905769.0,1252.4000244140625,47.75,15.199999809265137,174.58216857910156
2016-05-23,50.6,50.68,49.98,50.03,26118720.0,1251.0999755859375,48.08000183105469,15.819999694824219,174.3442840576172
2016-05-24,50.7,51.71,50.4,51.59,34757744.0,1228.9000244140625,48.619998931884766,14.420000076293945,176.60415649414062
2016-05-25,51.92,52.49,51.79,52.12,24204566.0,1223.5,49.560001373291016,13.899999618530273,177.80209350585938
2016-05-26,51.93,51.9793,51.36,51.89,24335173.0,1220.0999755859375,49.47999954223633,13.430000305175781,177.8530731201172
2016-05-27,51.92,52.32,51.77,52.32,17721438.0,1213.800048828125,49.33000183105469,13.119999885559082,178.6177215576172
2016-05-31,52.26,53.0,52.08,53.0,37653081.0,1214.800048828125,49.09999847412109,14.1899995803833,178.2779083251953
2016-06-01,52.44,52.95,52.44,52.85,25324828.0,1211.9000244140625,49.0099983215332,14.199999809265137,178.64321899414062
2016-06-02,52.64,52.74,51.835,52.48,22840779.0,1209.800048828125,49.16999816894531,13.630000114440918,179.18687438964844
2016-06-03,52.38,52.42,51.6,51.79,23368291.0,1240.0999755859375,48.619998931884766,13.470000267028809,178.65171813964844
2016-06-06,51.99,52.35,51.89,52.13,18243271.0,1244.5999755859375,49.68999862670898,13.649999618530273,179.56072998046875
2016-06-07,52.24,52.73,52.1,52.1,20866770.0,1244.4000244140625,50.36000061035156,14.050000190734863,179.84107971191406
2016-06-08,52.02,52.44,51.87,52.04,21149438.0,1259.800048828125,51.22999954223633,14.079999923706055,180.42730712890625
2016-06-09,52.0,52.0,51.49,51.62,20305664.0,1270.199951171875,50.560001373291016,14.640000343322754,180.18092346191406
2016-06-10,51.05,52.05,51.04,51.48,25833151.0,1273.4000244140625,49.06999969482422,17.030000686645508,178.47323608398438
2016-06-13,49.58,50.715,49.06,50.14,83217844.0,1284.4000244140625,48.880001068115234,20.969999313354492,177.09693908691406
2016-06-14,49.9,50.1,49.57,49.83,42576638.0,1285.5999755859375,48.4900016784668,20.5,176.74855041503906
2016-06-15,49.78,50.12,49.69,49.69,33757639.0,1285.800048828125,48.0099983215332,20.139999389648438,176.502197265625
2016-06-16,49.52,50.47,49.5068,50.39,31188605.0,1296.0999755859375,46.209999084472656,19.3700008392334,177.02899169921875
2016-06-17,50.41,50.43,49.82,50.13,45710516.0,1292.5,47.97999954223633,19.40999984741211,176.36968994140625
2016-06-20,50.64,50.83,50.03,50.07,35607946.0,1290.0,49.369998931884766,18.3700008392334,177.50550842285156
2016-06-21,50.2,51.43,50.16,51.19,34097825.0,1270.5,48.84999847412109,18.479999542236328,178.00938415527344
2016-06-22,51.08,51.46,50.9525,50.99,28816747.0,1268.0,49.130001068115234,21.170000076293945,177.71900939941406
2016-06-23,51.28,52.06,51.15,51.91,29028833.0,1261.199951171875,50.11000061035156,17.25,180.03335571289062
2016-06-24,49.81,50.94,49.52,49.83,133502135.0,1320.0,47.63999938964844,25.760000228881836,173.5685272216797
2016-06-27,49.1,49.1466,48.035,48.43,50576699.0,1322.5,46.33000183105469,23.850000381469727,170.4599151611328
2016-06-28,48.92,49.47,48.67,49.44,38140658.0,1315.300048828125,47.84999847412109,18.75,173.53431701660156
2016-06-29,49.91,50.72,49.8,50.54,31304021.0,1323.9000244140625,49.880001068115234,16.639999389648438,176.4892120361328
2016-06-30,50.72,51.3,50.5,51.17,28527781.0,1318.4000244140625,48.33000183105469,15.630000114440918,178.89755249023438
2016-07-01,51.13,51.72,51.07,51.16,21400392.0,1336.699951171875,48.9900016784668,14.770000457763672,179.27328491210938
2016-07-05,50.83,51.28,50.74,51.17,24806351.0,1356.4000244140625,46.59999847412109,15.579999923706055,177.9838104248047
2016-07-06,50.78,51.54,50.39,51.38,28167461.0,1364.9000244140625,47.43000030517578,14.960000038146973,179.05126953125
2016-07-07,51.42,51.61,51.07,51.38,19585194.0,1360.0999755859375,45.13999938964844,14.760000228881836,178.94020080566406
2016-07-08,51.73,52.36,51.55,52.3,28391026.0,1356.5999755859375,45.40999984741211,13.199999809265137,181.60470581054688
2016-07-11,52.5,52.83,52.47,52.59,22269203.0,1355.0,44.7599983215332,13.539999961853027,182.24522399902344
2016-07-12,52.94,53.4,52.785,53.21,27317555.0,1334.0999755859375,46.79999923706055,13.550000190734863,183.5689697265625
2016-07-13,53.56,53.86,53.18,53.51,25356841.0,1342.4000244140625,44.75,13.039999961853027,183.5432891845703
2016-07-14,53.84,53.99,53.58,53.74,24545520.0,1331.300048828125,45.68000030517578,12.819999694824219,184.56813049316406
2016-07-15,53.95,54.0,53.21,53.7,32024385.0,1326.5,45.95000076293945,12.670000076293945,184.32044982910156
2016-07-18,53.7,54.34,53.55,53.96,31433864.0,1328.4000244140625,45.2400016784668,12.4399995803833,184.81581115722656
2016-07-19,53.71,53.9,52.93,53.09,53336533.0,1331.5,44.650001525878906,11.970000267028809,184.62796020507812
2016-07-20,56.15,56.84,55.53,55.91,89893301.0,1318.800048828125,44.93999862670898,11.770000457763672,185.39651489257812
2016-07-21,55.98,56.23,55.76,55.8,32776588.0,1330.5,44.75,12.739999771118164,184.69625854492188
2016-07-22,56.08,56.6275,55.78,56.57,32157167.0,1323.0999755859375,44.18999862670898,12.020000457763672,185.524658203125
2016-07-25,56.47,56.74,56.255,56.73,25610587.0,1319.300048828125,43.130001068115234,12.869999885559082,185.020751953125
2016-07-26,56.52,57.29,56.51,56.76,28078995.0,1320.699951171875,42.91999816894531,13.050000190734863,185.10617065429688
2016-07-27,56.61,56.8,56.11,56.19,32327477.0,1326.5999755859375,41.91999816894531,12.829999923706055,184.9097442626953
2016-07-28,56.0,56.37,55.72,56.21,37550379.0,1332.300048828125,41.13999938964844,12.720000267028809,185.12322998046875
2016-07-29,56.26,56.76,56.05,56.68,30558718.0,1349.0,41.59999847412109,11.869999885559082,185.42213439941406
2016-08-01,56.6,56.75,56.14,56.58,26003419.0,1351.4000244140625,40.060001373291016,12.4399995803833,185.26840209960938
2016-08-02,56.85,56.9,56.31,56.58,35121958.0,1364.4000244140625,39.5099983215332,13.369999885559082,184.0813446044922
2016-08-03,56.68,57.11,56.49,56.97,22075616.0,1356.0999755859375,40.83000183105469,12.859999656677246,184.61935424804688
2016-08-04,56.8,57.5193,56.67,57.39,26587731.0,1358.800048828125,41.93000030517578,12.420000076293945,184.81581115722656
2016-08-05,57.65,58.21,57.45,57.96,29060971.0,1336.4000244140625,41.79999923706055,11.390000343322754,186.32736206054688
2016-08-08,58.055,58.085,57.78,58.06,19473499.0,1333.4000244140625,43.02000045776367,11.5,186.21640014648438
2016-08-09,58.17,58.5,58.02,58.2,16920721.0,1339.0,42.77000045776367,11.65999984741211,186.32736206054688
2016-08-10,58.16,58.32,57.82,58.02,15756913.0,1344.300048828125,41.709999084472656,12.050000190734863,185.8662872314453
2016-08-11,58.03,58.45,58.03,58.3,18162301.0,1342.5,43.4900016784668,11.680000305175781,186.72877502441406
2016-08-12,58.03,58.19,57.62,57.94,21655061.0,1335.800048828125,44.4900016784668,11.550000190734863,186.56655883789062
2016-08-15,58.01,58.5,57.96,58.12,19283902.0,1340.300048828125,45.7400016784668,11.8100004196167,187.10452270507812
2016-08-16,57.61,57.62,57.27,57.44,20523493.0,1350.5,46.58000183105469,12.640000343322754,186.13954162597656
2016-08-17,57.54,57.68,57.23,57.56,18856423.0,1342.699951171875,46.790000915527344,12.1899995803833,186.48968505859375
2016-08-18,57.42,57.7,57.27,57.6,14214341.0,1351.199951171875,48.220001220703125,11.430000305175781,186.9081268310547
2016-08-19,57.43,57.73,57.2,57.62,17271044.0,1340.4000244140625,48.52000045776367,11.34000015258789,186.63479614257812
2016-08-22,57.6,57.75,57.26,57.67,15221922.0,1337.699951171875,47.04999923706055,12.270000457763672,186.62628173828125
2016-08-23,57.9,58.18,57.85,57.89,18732373.0,1340.5999755859375,48.09999847412109,12.380000114440918,187.00205993652344
2016-08-24,57.8,58.04,57.715,57.95,18151506.0,1324.4000244140625,46.77000045776367,13.449999809265137,186.04562377929688
2016-08-25,57.88,58.29,57.78,58.17,18552579.0,1320.0999755859375,47.33000183105469,13.630000114440918,185.91746520996094
2016-08-26,58.28,58.7,57.69,58.03,20971202.0,1321.5,47.63999938964844,13.649999618530273,185.5673370361328
2016-08-29,58.18,58.6,58.1,58.1,16417207.0,1322.9000244140625,46.97999954223633,12.9399995803833,186.4811248779297
2016-08-30,57.98,58.19,57.61,57.89,16930185.0,1311.699951171875,46.34999847412109,13.119999885559082,186.17369079589844
2016-08-31,57.65,57.8,57.3,57.46,20860269.0,1306.9000244140625,44.70000076293945,13.420000076293945,185.6442413330078
2016-09-01,57.01,57.82,57.01,57.59,26075363.0,1312.199951171875,43.15999984741211,13.479999542236328,185.6527099609375
2016-09-02,57.67,58.19,57.42,57.67,18900489.0,1322.0999755859375,44.43999862670898,11.979999542236328,186.48968505859375
2016-09-06,57.78,57.8,57.21,57.61,16278416.0,1349.4000244140625,44.83000183105469,12.020000457763672,187.05331420898438
2016-09-07,57.47,57.84,57.405,57.66,17493359.0,1344.300048828125,45.5,11.9399995803833,187.0362548828125
2016-09-08,57.63,57.79,57.18,57.43,20146083.0,1336.800048828125,47.619998931884766,12.510000228881836,186.6092529296875
2016-09-09,56.79,57.52,56.21,56.21,35113833.0,1330.0999755859375,45.880001068115234,17.5,182.14276123046875
2016-09-12,56.0,57.205,55.61,57.05,29302962.0,1321.0,46.290000915527344,15.15999984741211,184.75596618652344
2016-09-13,56.5,56.65,56.05,56.53,30130213.0,1319.0,44.900001525878906,17.850000381469727,182.10009765625
2016-09-14,56.39,56.63,56.03,56.26,24274273.0,1321.5,43.58000183105469,18.139999389648438,182.03173828125
2016-09-15,56.15,57.35,55.98,57.19,27062614.0,1313.5,43.90999984741211,16.299999237060547,183.85079956054688
2016-09-16,57.63,57.63,56.75,57.25,44606965.0,1305.800048828125,43.02999877929688,15.369999885559082,183.1400604248047
2016-09-19,57.27,57.75,56.85,56.93,20937104.0,1313.5,43.29999923706055,15.529999732971191,183.17442321777344
2016-09-20,57.35,57.35,56.75,56.81,17383952.0,1313.699951171875,43.43999862670898,15.920000076293945,183.18301391601562
2016-09-21,57.51,57.85,57.08,57.76,33707195.0,1326.9000244140625,45.34000015258789,13.300000190734863,185.24295043945312
2016-09-22,57.92,58.0,57.63,57.82,19822203.0,1340.4000244140625,46.31999969482422,12.020000457763672,186.4102325439453
2016-09-23,57.87,57.91,57.38,57.43,19955336.0,1337.199951171875,44.47999954223633,12.289999961853027,185.38890075683594
2016-09-26,57.08,57.14,56.83,56.9,21688720.0,1339.699951171875,45.93000030517578,14.5,183.88677978515625
2016-09-27,56.93,58.06,56.681,57.95,28065071.0,1325.9000244140625,44.66999816894531,13.100000381469727,185.0283966064453
2016-09-28,57.88,58.06,57.67,58.03,20536400.0,1319.4000244140625,47.04999923706055,12.390000343322754,185.94677734375
2016-09-29,57.81,58.1679,57.21,57.4,25463536.0,1321.699951171875,47.83000183105469,14.020000457763672,184.26449584960938
2016-09-30,57.57,57.77,57.34,57.6,29910788.0,1313.300048828125,48.2400016784668,13.289999961853027,185.65496826171875
2016-10-03,57.405,57.55,57.06,57.42,19189475.0,1309.0,48.810001373291016,13.569999694824219,185.20860290527344
2016-10-04,57.27,57.595,56.97,57.24,20085874.0,1266.300048828125,48.68999862670898,13.630000114440918,184.26449584960938
2016-10-05,57.29,57.9601,57.26,57.64,16726411.0,1265.199951171875,49.83000183105469,12.989999771118164,185.07992553710938
2016-10-06,57.74,57.86,57.28,57.74,16212611.0,1249.800048828125,50.43999862670898,12.84000015258789,185.20860290527344
2016-10-07,57.85,57.98,57.42,57.8,20089020.0,1248.9000244140625,49.810001373291016,13.479999542236328,184.57345581054688
2016-10-10,57.91,58.39,57.87,58.04,18196509.0,1248.9000244140625,49.810001373291016,13.380000114440918,185.53482055664062
2016-10-11,57.89,58.02,56.89,57.19,26497418.0,1253.0,50.790000915527344,15.359999656677246,183.1915283203125
2016-10-12,57.11,57.27,56.4,57.11,22177464.0,1251.0999755859375,50.18000030517578,15.90999984741211,183.43191528320312
2016-10-13,56.7,57.3,56.315,56.92,25313748.0,1255.0,50.43999862670898,16.690000534057617,182.83111572265625
2016-10-14,57.12,57.74,57.12,57.42,27402451.0,1253.0999755859375,50.34999847412109,16.1200008392334,182.9254913330078
2016-10-17,57.36,57.46,56.87,57.22,23830014.0,1254.4000244140625,49.93999862670898,16.209999084472656,182.2903289794922
2016-10-18,57.53,57.945,57.41,57.66,19149538.0,1260.800048828125,50.290000915527344,15.279999732971191,183.43191528320312
2016-10-19,57.47,57.84,57.395,57.53,22838397.0,1267.9000244140625,51.59999847412109,14.40999984741211,183.92115783691406
2016-10-20,57.5,57.52,56.66,57.25,49455368.0,1265.5999755859375,50.43000030517578,13.75,183.57785034179688
2016-10-21,60.28,60.45,59.485,59.66,80031956.0,1265.9000244140625,50.84999847412109,13.34000015258789,183.6636505126953
2016-10-24,59.94,61.0,59.93,61.0,54066978.0,1262.0,50.52000045776367,13.020000457763672,184.4447021484375
2016-10-25,60.85,61.3699,60.8,60.99,35137164.0,1271.9000244140625,49.959999084472656,13.460000038146973,183.82676696777344
2016-10-26,60.81,61.2,60.47,60.63,29911608.0,1264.800048828125,49.18000030517578,14.239999771118164,183.45767211914062
2016-10-27,60.61,60.83,60.09,60.1,28479817.0,1267.9000244140625,49.720001220703125,15.359999656677246,182.96841430664062
2016-10-28,60.01,60.52,59.58,59.87,33565684.0,1275.5,48.70000076293945,16.190000534057617,182.42767333984375
2016-10-31,60.16,60.42,59.92,59.92,26434697.0,1271.5,46.86000061035156,17.059999465942383,182.43626403808594
2016-11-01,59.97,60.02,59.25,59.8,24532986.0,1286.4000244140625,46.66999816894531,18.559999465942383,181.11444091796875
2016-11-02,59.82,59.93,59.3,59.43,22147005.0,1306.800048828125,45.34000015258789,19.31999969482422,180.02438354492188
2016-11-03,59.53,59.64,59.11,59.21,21600427.0,1302.0999755859375,44.65999984741211,22.079999923706055,179.2003631591797
2016-11-04,58.65,59.28,58.52,58.71,28697016.0,1303.300048828125,44.06999969482422,22.510000228881836,179.00299072265625
2016-11-07,59.78,60.52,59.78,60.42,31664798.0,1278.300048828125,44.88999938964844,18.709999084472656,182.9512481689453
2016-11-08,60.55,60.78,60.15,60.47,22935355.0,1273.4000244140625,44.97999954223633,18.739999771118164,183.77523803710938
2016-11-09,60.0,60.59,59.2,60.17,49632479.0,1272.5999755859375,45.27000045776367,14.380000114440918,185.72361755371094
2016-11-10,60.48,60.49,57.6302,58.7,57822394.0,1265.5,44.65999984741211,14.739999771118164,186.18716430664062
2016-11-11,58.23,59.116,58.01,59.02,38767843.0,1265.5,44.65999984741211,14.170000076293945,185.75796508789062
2016-11-14,59.02,59.08,57.28,58.12,41328422.0,1221.199951171875,43.31999969482422,14.479999542236328,185.90390014648438
2016-11-15,58.33,59.49,58.315,58.87,35904126.0,1224.0,45.810001373291016,13.369999885559082,187.35450744628906
2016-11-16,58.94,59.66,58.81,59.65,27332475.0,1223.4000244140625,45.56999969482422,13.720000267028809,187.00253295898438
2016-11-17,60.41,60.95,59.965,60.64,32132728.0,1216.5,45.41999816894531,13.350000381469727,187.9639129638672
2016-11-18,60.78,61.14,60.3,60.35,27686311.0,1208.5,45.68999862670898,12.850000381469727,187.54327392578125
2016-11-21,60.5,60.97,60.42,60.86,19652595.0,1209.5999755859375,47.4900016784668,12.420000076293945,188.95948791503906
2016-11-22,60.98,61.26,60.805,61.12,23206700.0,1211.0,48.02999877929688,12.40999984741211,189.32859802246094
2016-11-23,61.01,61.1,60.25,60.4,21848913.0,1189.0999755859375,47.959999084472656,12.430000305175781,189.4315643310547
2016-11-25,60.3,60.53,60.13,60.53,8409616.0,1178.199951171875,46.060001373291016,12.34000015258789,190.1354217529297
2016-11-28,60.34,61.02,60.21,60.61,20732619.0,1190.5999755859375,47.08000183105469,13.149999618530273,189.2427215576172
2016-11-29,60.65,61.41,60.52,61.09,22366721.0,1187.9000244140625,45.22999954223633,12.899999618530273,189.61184692382812
2016-11-30,60.86,61.18,60.215,60.26,34655435.0,1170.800048828125,49.43999862670898,13.329999923706055,189.1569061279297
2016-12-01,60.11,60.15,58.935,59.2,34542121.0,1166.9000244140625,51.060001373291016,14.069999694824219,188.46170043945312
2016-12-02,59.08,59.47,58.8,59.25,25515665.0,1175.0999755859375,51.68000030517578,14.119999885559082,188.55609130859375
2016-12-05,59.7,60.585,59.56,60.22,23552658.0,1174.0,51.790000915527344,12.140000343322754,189.6890869140625
2016-12-06,60.43,60.46,59.8,59.95,19907035.0,1167.5999755859375,50.93000030517578,11.789999961853027,190.28988647460938
2016-12-07,60.01,61.38,59.8,61.37,30808969.0,1175.0,49.77000045776367,12.220000267028809,192.77902221679688
2016-12-08,61.3,61.58,60.84,61.01,21220753.0,1169.800048828125,50.84000015258789,12.640000343322754,193.2510986328125
2016-12-09,61.18,61.99,61.125,61.97,27349356.0,1159.4000244140625,51.5,11.75,194.41842651367188
2016-12-12,61.82,62.3,61.72,62.17,20198081.0,1163.5,52.83000183105469,12.640000343322754,194.1952667236328
2016-12-13,62.5,63.42,62.24,62.98,35682568.0,1156.699951171875,52.97999954223633,12.720000267028809,195.49131774902344
2016-12-14,63.0,63.45,62.53,62.68,30352654.0,1161.300048828125,51.040000915527344,13.1899995803833,193.87767028808594
2016-12-15,62.7,63.1535,62.3,62.58,27669868.0,1127.800048828125,50.900001525878906,12.789999961853027,194.6758575439453
2016-12-16,62.95,62.95,62.115,62.3,42453083.0,1135.300048828125,51.900001525878906,12.199999809265137,194.29518127441406
2016-12-19,62.56,63.77,62.42,63.62,34338219.0,1140.5,52.119998931884766,11.710000038146973,194.7182159423828
2016-12-20,63.69,63.8,63.025,63.54,26028379.0,1131.5,52.22999954223633,11.449999809265137,195.46937561035156
2016-12-21,63.43,63.7,63.12,63.54,17096304.0,1131.0999755859375,52.4900016784668,11.270000457763672,194.9254150390625
2016-12-22,63.84,64.1,63.405,63.55,22176585.0,1128.800048828125,52.95000076293945,11.430000305175781,194.58876037597656
2016-12-23,63.45,63.54,62.8,63.24,12403819.0,1131.9000244140625,53.02000045776367,11.4399995803833,194.8736572265625
2016-12-27,63.21,64.07,63.21,63.28,11763173.0,1137.300048828125,53.900001525878906,11.989999771118164,195.35714721679688
2016-12-28,63.4,63.4,62.83,62.99,14653348.0,1139.4000244140625,54.060001373291016,12.949999809265137,193.74258422851562
2016-12-29,62.86,63.2,62.73,62.9,10250582.0,1156.4000244140625,53.77000045776367,13.369999885559082,193.69943237304688
2016-12-30,62.96,62.99,62.03,62.14,25579908.0,1150.0,53.720001220703125,14.039999961853027,192.991455078125
2017-01-03,62.79,62.84,62.125,62.58,20694101.0,1160.4000244140625,52.33000183105469,12.850000381469727,194.4678497314453
2017-01-04,62.48,62.75,62.12,62.3,21339969.0,1163.800048828125,53.2599983215332,11.850000381469727,195.62477111816406
2017-01-05,62.19,62.66,62.03,62.3,24875968.0,1179.699951171875,53.7599983215332,11.670000076293945,195.46937561035156
2017-01-06,62.3,63.15,62.04,62.84,19922919.0,1171.9000244140625,53.9900016784668,11.319999694824219,196.16876220703125
2017-01-09,62.76,63.08,62.54,62.64,20382730.0,1183.5,51.959999084472656,11.5600004196167,195.52117919921875
2017-01-10,62.73,63.07,62.28,62.62,18593004.0,1184.199951171875,50.81999969482422,11.489999771118164,195.52117919921875
2017-01-11,62.61,63.23,62.43,63.19,21517335.0,1195.5999755859375,52.25,11.260000228881836,196.07374572753906
2017-01-12,63.06,63.4,61.95,62.61,20968223.0,1198.9000244140625,53.0099983215332,11.539999961853027,195.58160400390625
2017-01-13,62.62,62.865,62.35,62.7,19422310.0,1195.300048828125,52.369998931884766,11.229999542236328,196.03062438964844
2017-01-17,62.68,62.7,62.03,62.53,20663983.0,1212.0,52.47999954223633,11.869999885559082,195.33985900878906
2017-01-18,62.67,62.7,62.12,62.5,19670102.0,1211.300048828125,51.08000183105469,12.479999542236328,195.77154541015625
2017-01-19,62.24,62.98,62.195,62.3,18451655.0,1200.9000244140625,51.369998931884766,12.779999732971191,195.04632568359375
2017-01-20,62.67,62.82,62.37,62.74,30213462.0,1204.300048828125,52.41999816894531,11.539999961853027,195.76290893554688
2017-01-23,62.7,63.1159,62.57,62.96,23097581.0,1215.0,52.75,11.770000457763672,195.2535400390625
2017-01-24,63.2,63.735,62.94,63.52,24672940.0,1210.300048828125,53.18000030517578,11.069999694824219,196.50543212890625
2017-01-25,63.95,64.1,63.45,63.68,24654933.0,1197.300048828125,52.75,10.8100004196167,198.20626831054688
2017-01-26,64.12,64.535,63.55,64.27,43504645.0,1189.5,53.77999877929688,10.630000114440918,197.99908447265625
2017-01-27,65.39,65.91,64.89,65.78,44817972.0,1188.0999755859375,53.16999816894531,10.579999923706055,197.688232421875
2017-01-30,65.69,65.79,64.8,65.13,31651445.0,1193.199951171875,52.630001068115234,11.880000114440918,196.46221923828125
2017-01-31,64.86,65.15,64.26,64.65,25270549.0,1208.5999755859375,52.810001373291016,11.989999771118164,196.44500732421875
2017-02-01,64.355,64.62,63.47,63.58,39671528.0,1205.5999755859375,53.880001068115234,11.8100004196167,196.522705078125
2017-02-02,63.25,63.41,62.75,63.17,45827013.0,1216.699951171875,53.540000915527344,11.930000305175781,196.65216064453125
2017-02-03,63.5,63.7,63.07,63.68,30301759.0,1218.5,53.83000183105469,10.970000267028809,198.00772094726562
2017-02-06,63.5,63.65,63.14,63.64,19796360.0,1230.0,53.0099983215332,11.369999885559082,197.65370178222656
2017-02-07,63.74,63.78,63.23,63.43,20277226.0,1234.199951171875,52.16999816894531,11.289999961853027,197.662353515625
2017-02-08,63.57,63.81,63.22,63.34,18096358.0,1237.5999755859375,52.34000015258789,11.449999809265137,197.92135620117188
2017-02-09,63.52,64.435,63.32,64.06,22644443.0,1235.0999755859375,53.0,10.880000114440918,199.09556579589844
2017-02-10,64.25,64.3,63.975,64.0,18170729.0,1234.4000244140625,53.86000061035156,10.850000381469727,199.8811798095703
2017-02-13,64.24,64.86,64.13,64.72,22920101.0,1224.4000244140625,52.93000030517578,11.069999694824219,200.96908569335938
2017-02-14,64.41,64.72,64.02,64.57,23108426.0,1223.9000244140625,53.20000076293945,10.739999771118164,201.77203369140625
2017-02-15,64.5,64.57,64.155,64.53,17005157.0,1231.699951171875,53.11000061035156,11.970000267028809,202.8253631591797
2017-02-16,64.74,65.24,64.44,64.52,20546345.0,1240.0,53.36000061035156,11.760000228881836,202.65272521972656
2017-02-17,64.47,64.69,64.3,64.62,21248818.0,1237.5999755859375,53.400001525878906,11.489999771118164,202.97216796875
2017-02-21,64.61,64.95,64.45,64.49,20655869.0,1237.5,54.060001373291016,11.569999694824219,204.1809539794922
2017-02-22,64.33,64.39,64.05,64.36,19292651.0,1232.0,53.59000015258789,11.739999771118164,203.99954223632812
2017-02-23,64.42,64.7285,64.195,64.62,20273128.0,1250.199951171875,54.45000076293945,11.710000038146973,204.1377410888672
2017-02-24,64.53,64.8,64.135,64.62,21796800.0,1256.9000244140625,53.9900016784668,11.470000267028809,204.39669799804688
2017-02-27,64.54,64.54,64.045,64.23,15871507.0,1257.4000244140625,54.04999923706055,12.09000015258789,204.71615600585938
2017-02-28,64.08,64.2,63.76,63.98,23239825.0,1252.5999755859375,54.0099983215332,12.920000076293945,204.1636199951172
2017-03-01,64.13,64.99,64.0218,64.94,26937459.0,1248.9000244140625,53.83000183105469,12.539999961853027,207.02139282226562
2017-03-02,64.69,64.75,63.88,64.01,24539597.0,1231.9000244140625,52.61000061035156,11.8100004196167,205.71771240234375
2017-03-03,63.99,64.28,63.62,64.25,18139405.0,1225.5,53.33000183105469,10.960000038146973,205.84719848632812
2017-03-06,63.97,64.56,63.81,64.27,18750255.0,1224.5,53.20000076293945,11.239999771118164,205.2342071533203
2017-03-07,64.19,64.775,64.19,64.4,18520987.0,1215.0999755859375,53.13999938964844,11.449999809265137,204.6212158203125
2017-03-08,64.26,65.085,64.25,64.99,21510907.0,1208.5,50.27999877929688,11.859999656677246,204.2413330078125
2017-03-09,65.19,65.2,64.48,64.73,19813832.0,1202.4000244140625,49.27999877929688,12.300000190734863,204.5003662109375
2017-03-10,65.11,65.26,64.75,64.93,19538245.0,1200.699951171875,48.4900016784668,11.65999984741211,205.21694946289062
2017-03-13,65.01,65.195,64.57,64.71,20100035.0,1202.4000244140625,48.400001525878906,11.350000381469727,205.32057189941406
2017-03-14,64.53,64.55,64.15,64.41,14280202.0,1201.9000244140625,47.720001220703125,12.300000190734863,204.5348358154297
2017-03-15,64.55,64.92,64.25,64.75,24833810.0,1200.0999755859375,48.86000061035156,11.630000114440918,206.3048095703125
2017-03-16,64.75,64.76,64.3,64.64,20633796.0,1226.5,48.75,11.210000038146973,205.89907836914062
2017-03-17,64.91,65.24,64.68,64.87,49219686.0,1229.800048828125,48.77999877929688,11.279999732971191,205.53738403320312
2017-03-20,64.91,65.175,64.72,64.93,14598083.0,1233.5999755859375,48.220001220703125,11.34000015258789,205.3119659423828
2017-03-21,65.19,65.5,64.13,64.21,26640480.0,1246.0999755859375,47.34000015258789,12.470000267028809,202.6759033203125
2017-03-22,64.12,65.14,64.12,65.03,20680015.0,1249.300048828125,48.040000915527344,12.8100004196167,203.15277099609375
2017-03-23,64.94,65.235,64.765,64.87,19269203.0,1246.9000244140625,47.70000076293945,13.119999885559082,202.93600463867188
2017-03-24,65.12,65.45,64.76,64.98,22617105.0,1248.199951171875,47.970001220703125,12.960000038146973,202.78863525390625
2017-03-27,64.63,65.22,64.35,65.1,18614662.0,1255.4000244140625,47.72999954223633,12.5,202.5804901123047
2017-03-28,64.96,65.47,64.65,65.29,20080358.0,1255.300048828125,48.369998931884766,11.529999732971191,204.0546112060547
2017-03-29,65.12,65.5,64.9475,65.47,13618424.0,1253.4000244140625,49.5099983215332,11.420000076293945,204.24537658691406
2017-03-30,65.42,65.98,65.36,65.71,15122823.0,1245.0,50.34999847412109,11.539999961853027,204.89572143554688
2017-03-31,65.65,66.19,65.45,65.86,21040331.0,1247.300048828125,50.59999847412109,12.369999885559082,204.41879272460938
2017-04-03,65.81,65.94,65.19,65.55,20400871.0,1250.800048828125,50.2400016784668,12.380000114440918,204.06332397460938
2017-04-04,65.39,65.81,65.28,65.73,12997449.0,1255.0,51.02999877929688,11.789999961853027,204.19337463378906
2017-04-05,66.3,66.35,65.4443,65.56,21448594.0,1245.4000244140625,51.150001525878906,12.890000343322754,203.5863494873047
2017-04-06,65.6,66.055,65.48,65.73,18103453.0,1250.300048828125,51.70000076293945,12.390000343322754,204.15866088867188
2017-04-07,65.85,65.96,65.44,65.68,14108533.0,1254.300048828125,52.2400016784668,12.869999885559082,203.9505615234375
2017-04-10,65.61,65.82,65.36,65.53,17852242.0,1251.0999755859375,53.08000183105469,14.050000190734863,204.0719451904297
2017-04-11,65.6,65.61,64.85,65.48,18791533.0,1271.199951171875,53.400001525878906,15.069999694824219,203.8291778564453
2017-04-12,65.42,65.51,65.11,65.23,17108513.0,1275.300048828125,53.11000061035156,15.770000457763672,202.93600463867188
2017-04-13,65.29,65.86,64.95,64.95,17896483.0,1285.9000244140625,53.18000030517578,15.960000038146973,201.61795043945312
2017-04-17,65.04,65.49,65.01,65.48,16689240.0,1289.4000244140625,52.650001525878906,14.65999984741211,203.40428161621094
2017-04-18,65.33,65.71,65.16,65.39,15155611.0,1291.699951171875,52.40999984741211,14.420000076293945,202.7972869873047
2017-04-19,65.65,65.75,64.89,65.04,26992771.0,1281.4000244140625,50.43999862670898,14.930000305175781,202.42437744140625
2017-04-20,65.46,65.75,65.14,65.5,22299477.0,1281.9000244140625,50.27000045776367,14.149999618530273,204.0719451904297
2017-04-21,65.67,66.7,65.45,66.4,32522645.0,1287.4000244140625,49.619998931884766,14.630000114440918,203.421630859375
2017-04-24,67.48,67.66,67.1,67.53,29769976.0,1275.800048828125,49.22999954223633,10.84000015258789,205.65879821777344
2017-04-25,67.9,68.04,67.6,67.92,30242730.0,1265.5999755859375,49.560001373291016,10.760000228881836,206.85545349121094
2017-04-26,68.08,68.31,67.62,67.83,26190770.0,1262.0999755859375,49.619998931884766,10.850000381469727,206.725341796875
2017-04-27,68.15,68.38,67.58,68.27,34970953.0,1263.699951171875,48.970001220703125,10.359999656677246,206.89883422851562
2017-04-28,68.91,69.14,67.69,68.46,39548818.0,1266.0999755859375,49.33000183105469,10.819999694824219,206.44793701171875
2017-05-01,68.68,69.55,68.5,69.41,31954362.0,1253.300048828125,48.84000015258789,10.109999656677246,206.9682159423828
2017-05-02,69.71,69.71,69.13,69.3,23906119.0,1255.0999755859375,47.65999984741211,10.59000015258789,207.04624938964844
2017-05-03,69.38,69.38,68.71,69.08,28927973.0,1246.4000244140625,47.81999969482422,10.680000305175781,206.79481506347656
2017-05-04,69.03,69.08,68.64,68.81,21749409.0,1226.5,45.52000045776367,10.460000038146973,207.03758239746094
2017-05-05,68.9,69.03,68.485,69.0,19128782.0,1224.800048828125,46.220001220703125,10.569999694824219,207.85269165039062
2017-05-08,68.97,69.05,68.42,68.94,18566087.0,1225.300048828125,46.43000030517578,9.770000457763672,207.81800842285156
2017-05-09,68.86,69.28,68.68,69.04,22858414.0,1214.300048828125,45.880001068115234,9.960000038146973,207.62725830078125
2017-05-10,68.99,69.56,68.92,69.31,17977830.0,1217.300048828125,47.33000183105469,10.210000038146973,208.0000457763672
2017-05-11,68.36,68.73,68.12,68.46,28789413.0,1222.699951171875,47.83000183105469,10.600000381469727,207.5751953125
2017-05-12,68.61,68.61,68.04,68.38,18714123.0,1226.199951171875,47.84000015258789,10.399999618530273,207.22830200195312
2017-05-15,68.14,68.48,67.57,68.43,31530301.0,1228.5999755859375,48.84999847412109,10.420000076293945,208.3729248046875
2017-05-16,68.23,69.44,68.16,69.41,34956038.0,1235.0,48.65999984741211,10.649999618530273,208.18218994140625
2017-05-17,68.89,69.1,67.43,67.48,30548781.0,1257.5,49.06999969482422,15.59000015258789,204.48822021484375
2017-05-18,67.4,68.13,67.14,67.71,25201274.0,1251.699951171875,49.34999847412109,14.65999984741211,205.3119659423828
2017-05-19,67.5,68.095,67.43,67.69,26961119.0,1252.699951171875,50.33000183105469,12.039999961853027,206.6473388671875
2017-05-22,67.89,68.5,67.5,68.45,16237550.0,1260.699951171875,50.72999954223633,10.930000305175781,207.6966094970703
2017-05-23,68.72,68.75,68.38,68.68,15425824.0,1254.800048828125,51.470001220703125,10.720000267028809,208.15615844726562
2017-05-24,68.87,68.88,68.45,68.77,14666865.0,1252.4000244140625,51.36000061035156,10.020000457763672,208.6417694091797
2017-05-25,68.97,69.88,68.91,69.62,21854095.0,1255.800048828125,48.900001525878906,9.989999771118164,209.6389617919922
2017-05-26,69.8,70.22,69.52,69.96,19827923.0,1267.5999755859375,49.79999923706055,9.8100004196167,209.59561157226562
2017-05-30,69.79,70.41,69.77,70.41,17072838.0,1262.0999755859375,49.65999984741211,10.380000114440918,209.41351318359375
2017-05-31,70.53,70.74,69.81,69.84,30436364.0,1272.0,48.31999969482422,10.40999984741211,209.36148071289062
2017-06-01,70.24,70.61,69.451,70.1,21603601.0,1267.0,48.36000061035156,9.890000343322754,211.02638244628906
2017-06-02,70.44,71.86,70.24,71.76,34770261.0,1276.800048828125,47.65999984741211,9.75,211.72879028320312
2017-06-05,71.97,72.89,71.81,72.28,33316760.0,1279.300048828125,47.400001525878906,10.069999694824219,211.57269287109375
2017-06-06,72.3,72.62,72.27,72.52,31511065.0,1294.4000244140625,48.18999862670898,10.449999809265137,210.89637756347656
2017-06-07,72.635,72.77,71.95,72.39,22301765.0,1290.0999755859375,45.720001220703125,10.390000343322754,211.28656005859375
2017-06-08,72.51,72.52,71.5,71.95,24588270.0,1276.300048828125,45.63999938964844,10.15999984741211,211.39056396484375
2017-06-09,72.035,72.08,68.59,70.32,49187396.0,1268.5,45.83000183105469,10.699999809265137,211.06968688964844
2017-06-12,69.25,69.94,68.13,69.78,47761743.0,1266.0999755859375,46.08000183105469,11.460000038146973,211.02638244628906
2017-06-13,70.02,70.82,69.96,70.65,25258614.0,1265.800048828125,46.459999084472656,10.420000076293945,212.0583038330078
2017-06-14,70.91,71.1,69.43,70.27,25510685.0,1272.800048828125,44.72999954223633,10.640000343322754,211.78944396972656
2017-06-15,69.27,70.21,68.8,69.9,26052709.0,1252.199951171875,44.459999084472656,10.899999618530273,211.38192749023438
2017-06-16,69.73,70.0252,69.22,70.0,48345085.0,1254.0,44.7400016784668,10.380000114440918,211.42813110351562
2017-06-19,70.5,70.945,70.35,70.87,23798268.0,1244.199951171875,44.20000076293945,10.369999885559082,213.18826293945312
2017-06-20,70.82,70.87,69.87,69.91,21512231.0,1241.0,43.22999954223633,10.859999656677246,211.75047302246094
2017-06-21,70.21,70.62,69.94,70.27,19891051.0,1243.4000244140625,42.52999877929688,10.75,211.6981964111328
2017-06-22,70.54,70.59,69.71,70.26,22965738.0,1247.5999755859375,42.7400016784668,10.479999542236328,211.60235595703125
2017-06-23,70.09,71.25,69.92,71.21,27617291.0,1256.199951171875,43.0099983215332,10.020000457763672,211.8551025390625
2017-06-26,71.4,71.71,70.445,70.53,19606974.0,1246.300048828125,43.380001068115234,9.899999618530273,211.99449157714844
2017-06-27,70.11,70.18,69.18,69.21,25215128.0,1246.4000244140625,44.2400016784668,11.0600004196167,210.28663635253906
2017-06-28,69.21,69.841,68.79,69.8,25806200.0,1248.0,44.7400016784668,10.029999732971191,212.16873168945312
2017-06-29,69.38,69.49,68.09,68.49,28918715.0,1244.199951171875,44.93000030517578,11.4399995803833,210.30404663085938
2017-06-30,68.78,69.38,68.74,68.93,24161068.0,1240.699951171875,46.040000915527344,11.180000305175781,210.69613647460938
2017-07-03,69.33,69.6,68.02,68.17,16165538.0,1217.9000244140625,47.06999969482422,11.220000267028809,211.05340576171875
2017-07-05,68.255,69.44,68.22,69.08,21176272.0,1220.4000244140625,45.130001068115234,11.069999694824219,211.5413360595703
2017-07-06,68.27,68.78,68.12,68.57,21117572.0,1222.199951171875,45.52000045776367,12.539999961853027,209.60699462890625
2017-07-07,68.7,69.84,68.7,69.46,16878317.0,1208.5999755859375,44.22999954223633,11.1899995803833,210.96627807617188
2017-07-10,69.46,70.25,69.2,69.98,15014503.0,1212.0999755859375,44.400001525878906,11.109999656677246,211.19281005859375
2017-07-11,70.0,70.68,69.75,69.99,17457292.0,1213.5999755859375,45.040000915527344,10.890000343322754,211.0359649658203
2017-07-12,70.69,71.28,70.55,71.15,17750925.0,1218.0999755859375,45.4900016784668,10.300000190734863,212.62188720703125
2017-07-13,71.5,72.0399,71.31,71.77,20269816.0,1216.300048828125,46.08000183105469,9.899999618530273,212.97914123535156
2017-07-14,72.24,73.27,71.96,72.78,25868086.0,1226.5999755859375,46.540000915527344,9.510000228881836,213.97250366210938
2017-07-17,72.8,73.45,72.72,73.35,21803907.0,1232.800048828125,46.02000045776367,9.819999694824219,213.9463653564453
2017-07-18,73.09,73.39,72.66,73.3,26435296.0,1241.0999755859375,46.400001525878906,9.890000343322754,214.05963134765625
2017-07-19,73.5,74.04,73.45,73.86,22416222.0,1241.199951171875,47.119998931884766,9.789999961853027,215.21853637695312
2017-07-20,74.18,74.3,73.28,74.22,42361025.0,1244.800048828125,46.790000915527344,9.579999923706055,215.31436157226562
2017-07-21,73.45,74.29,73.17,73.79,46717082.0,1254.300048828125,45.77000045776367,9.359999656677246,215.12269592285156
2017-07-24,73.53,73.75,73.13,73.6,21394826.0,1253.9000244140625,46.34000015258789,9.430000305175781,215.07040405273438
2017-07-25,73.8,74.31,73.5,74.19,21980681.0,1251.699951171875,47.88999938964844,9.430000305175781,215.59327697753906
2017-07-26,74.34,74.38,73.81,74.05,16252233.0,1249.0,48.75,9.600000381469727,215.6019287109375
2017-07-27,73.76,74.42,72.32,73.16,36844220.0,1259.5999755859375,49.040000915527344,10.109999656677246,215.4015655517578
2017-07-28,72.67,73.31,72.54,73.04,18306680.0,1268.4000244140625,49.709999084472656,10.289999961853027,215.14886474609375
2017-07-31,73.3,73.44,72.41,72.7,23600054.0,1266.5999755859375,50.16999816894531,10.260000228881836,215.02684020996094
2017-08-01,73.1,73.42,72.49,72.58,20823890.0,1272.5999755859375,49.15999984741211,10.09000015258789,215.50611877441406
2017-08-02,72.55,72.56,71.445,72.26,26499158.0,1271.800048828125,49.59000015258789,10.279999732971191,215.6106414794922
2017-08-03,72.19,72.44,71.845,72.15,18214424.0,1267.800048828125,49.02999877929688,10.4399995803833,215.1924285888672
2017-08-04,72.4,73.04,72.24,72.68,22578952.0,1258.300048828125,49.58000183105469,10.029999732971191,215.58447265625
2017-08-07,72.8,72.9,72.26,72.4,18705681.0,1258.199951171875,49.38999938964844,9.930000305175781,215.98533630371094
2017-08-08,72.09,73.13,71.75,72.79,22044587.0,1256.4000244140625,49.16999816894531,10.960000038146973,215.45379638671875
2017-08-09,72.25,72.51,72.05,72.47,22213410.0,1273.0,49.560001373291016,11.109999656677246,215.445068359375
2017-08-10,71.9,72.19,71.35,71.41,24734461.0,1283.699951171875,48.59000015258789,16.040000915527344,212.4040069580078
2017-08-11,71.61,72.7,71.28,72.5,21443675.0,1287.699951171875,48.81999969482422,15.510000228881836,212.71775817871094
2017-08-14,73.06,73.72,72.95,73.59,20096592.0,1284.199951171875,47.59000015258789,12.329999923706055,214.82640075683594
2017-08-15,73.59,73.59,73.04,73.22,19181402.0,1273.699951171875,47.54999923706055,12.039999961853027,214.80027770996094
2017-08-16,73.34,74.1,73.17,73.65,18150402.0,1276.9000244140625,46.77999877929688,11.739999771118164,215.17498779296875
2017-08-17,73.58,73.87,72.4,72.4,22977519.0,1286.4000244140625,47.09000015258789,15.550000190734863,211.82020568847656
2017-08-18,72.27,72.84,71.93,72.49,18761491.0,1285.699951171875,48.5099983215332,14.260000228881836,211.48912048339844
2017-08-21,72.47,72.48,71.7,72.15,17734767.0,1290.800048828125,47.369998931884766,13.1899995803833,211.6546630859375
2017-08-22,72.35,73.24,72.35,73.16,14343674.0,1285.0999755859375,47.63999938964844,11.350000381469727,213.86795043945312
2017-08-23,72.96,73.15,72.53,72.72,13766507.0,1288.9000244140625,48.40999984741211,12.25,213.1011199951172
2017-08-24,72.74,72.86,72.07,72.69,17098282.0,1286.5,47.43000030517578,12.229999542236328,212.60446166992188
2017-08-25,72.86,73.35,72.48,72.82,12794301.0,1292.5,47.869998931884766,11.279999732971191,213.1011199951172
2017-08-28,73.06,73.09,72.55,72.83,14569715.0,1309.699951171875,46.56999969482422,11.319999694824219,213.10986328125
2017-08-29,72.25,73.16,72.05,73.05,11478382.0,1313.0999755859375,46.43999862670898,11.699999809265137,213.35386657714844
2017-08-30,73.01,74.2099,72.8293,74.01,16897801.0,1308.0999755859375,45.959999084472656,11.220000267028809,214.36459350585938
2017-08-31,74.03,74.96,73.8,74.77,27652811.0,1316.199951171875,47.22999954223633,10.59000015258789,215.65420532226562
2017-09-01,74.71,74.74,73.64,73.94,21736161.0,1324.5,47.290000915527344,10.130000114440918,215.95921325683594
2017-09-05,73.34,73.89,72.98,73.61,22242384.0,1339.199951171875,48.65999984741211,12.229999542236328,214.40817260742188
2017-09-06,73.74,74.04,73.35,73.4,16535785.0,1333.9000244140625,49.15999984741211,11.630000114440918,215.14013671875
2017-09-07,73.68,74.6,73.6,74.34,17471200.0,1345.0999755859375,49.09000015258789,11.550000190734863,215.11395263671875
2017-09-08,74.33,74.44,73.84,73.98,14703816.0,1346.0,47.47999954223633,12.119999885559082,214.8612518310547
2017-09-11,74.31,74.945,74.31,74.76,17910383.0,1331.0,48.06999969482422,10.729999542236328,217.15298461914062
2017-09-12,74.76,75.24,74.37,74.68,14394850.0,1328.0,48.22999954223633,10.579999923706055,217.88491821289062
2017-09-13,74.93,75.23,74.55,75.21,13380802.0,1323.4000244140625,49.29999923706055,10.5,217.989501953125
2017-09-14,75.0,75.49,74.52,74.77,15733914.0,1324.699951171875,49.88999938964844,10.4399995803833,217.9197540283203
2017-09-15,74.83,75.39,74.07,75.31,38578441.0,1320.4000244140625,49.88999938964844,10.170000076293945,218.21316528320312
2017-09-18,75.23,75.97,75.04,75.16,23306959.0,1306.300048828125,49.90999984741211,10.149999618530273,218.67724609375
2017-09-19,75.21,75.71,75.01,75.44,16093344.0,1306.199951171875,49.47999954223633,10.180000305175781,218.89613342285156
2017-09-20,75.35,75.55,74.31,74.94,21587878.0,1312.0,50.40999984741211,9.779999732971191,218.97500610351562
2017-09-21,75.11,75.24,74.11,74.21,19186140.0,1290.5999755859375,50.54999923706055,9.670000076293945,218.38827514648438
2017-09-22,73.99,74.51,73.85,74.41,14111365.0,1293.300048828125,50.65999984741211,9.59000015258789,218.43202209472656
2017-09-25,74.09,74.25,72.92,73.26,24149163.0,1306.800048828125,52.220001220703125,10.210000038146973,217.98541259765625
2017-09-26,73.67,73.81,72.99,73.26,18019577.0,1297.0,51.880001068115234,10.170000076293945,218.1167755126953
2017-09-27,73.55,74.17,73.17,73.85,19563435.0,1283.4000244140625,52.13999938964844,9.869999885559082,218.96624755859375
2017-09-28,73.54,73.97,73.31,73.87,10883787.0,1285.5,51.560001373291016,9.550000190734863,219.22894287109375
2017-09-29,73.94,74.535,73.88,74.49,17079114.0,1281.5,51.66999816894531,9.510000228881836,219.99949645996094
2017-10-02,74.71,75.01,74.295,74.61,15304762.0,1272.699951171875,50.58000183105469,9.449999809265137,220.95408630371094
2017-10-03,74.67,74.88,74.195,74.26,12190403.0,1271.5,50.41999816894531,9.510000228881836,221.4268798828125
2017-10-04,74.0,74.72,73.71,74.69,13317681.0,1273.699951171875,49.97999954223633,9.630000114440918,221.68963623046875
2017-10-05,75.22,76.12,74.96,75.97,21195261.0,1269.9000244140625,50.790000915527344,9.1899995803833,223.0031280517578
2017-10-06,75.67,76.03,75.54,76.0,13959814.0,1271.5999755859375,49.290000915527344,9.649999618530273,222.74920654296875
2017-10-09,75.97,76.55,75.86,76.29,11386502.0,1281.800048828125,49.58000183105469,10.329999923706055,222.38137817382812
2017-10-10,76.33,76.63,76.14,76.29,13944545.0,1290.5999755859375,50.91999816894531,10.079999923706055,222.9681396484375
2017-10-11,76.36,76.46,75.95,76.42,15388898.0,1285.800048828125,51.29999923706055,9.850000381469727,223.31845092773438
2017-10-12,76.49,77.29,76.37,77.12,16876538.0,1293.300048828125,50.59999847412109,9.90999984741211,222.98562622070312
2017-10-13,77.59,77.87,77.29,77.49,15335742.0,1301.5,51.45000076293945,9.609999656677246,223.25704956054688
2017-10-16,77.42,77.81,77.35,77.65,12380093.0,1299.9000244140625,51.869998931884766,9.90999984741211,223.55482482910156
2017-10-17,77.47,77.62,77.25,77.59,16823989.0,1283.0,51.880001068115234,10.3100004196167,223.71246337890625
2017-10-18,77.67,77.85,77.37,77.61,13300701.0,1279.9000244140625,52.040000915527344,10.069999694824219,223.931396484375
2017-10-19,77.57,77.93,77.35,77.91,15092758.0,1286.9000244140625,51.290000915527344,10.050000190734863,223.99270629882812
2017-10-20,78.32,78.97,78.22,78.81,22866426.0,1277.4000244140625,51.470001220703125,9.970000267028809,225.14862060546875
2017-10-23,78.99,79.34,78.76,78.83,20627173.0,1277.699951171875,51.900001525878906,11.069999694824219,224.27291870117188
2017-10-24,78.9,79.2,78.46,78.86,17517182.0,1275.0,52.470001220703125,11.15999984741211,224.6669158935547
2017-10-25,78.58,79.1,78.01,78.63,20410808.0,1275.4000244140625,52.18000030517578,11.229999542236328,223.55482482910156
2017-10-26,79.2,79.42,78.75,78.76,32120717.0,1266.300048828125,52.63999938964844,11.300000190734863,223.8438262939453
2017-10-27,84.37,86.2,83.61,83.81,71066729.0,1268.5,53.900001525878906,9.800000190734863,225.67401123046875
2017-10-30,83.7,84.325,83.105,83.89,31756653.0,1274.0999755859375,54.150001525878906,10.5,224.8332977294922
2017-10-31,84.36,84.36,83.11,83.18,27086575.0,1267.0,54.380001068115234,10.180000305175781,225.18359375
2017-11-01,83.68,83.76,82.88,83.18,22307371.0,1274.0999755859375,54.29999923706055,10.199999809265137,225.48133850097656
2017-11-02,83.35,84.46,83.12,84.05,23992945.0,1274.9000244140625,54.540000915527344,9.930000305175781,225.5689239501953
2017-11-03,84.08,84.54,83.4,84.14,17633543.0,1266.5,55.63999938964844,9.140000343322754,226.32200622558594
2017-11-06,84.2,84.7,84.0825,84.47,19860852.0,1279.4000244140625,57.34999847412109,9.399999618530273,226.67236328125
2017-11-07,84.77,84.9,83.93,84.27,17939727.0,1273.699951171875,57.20000076293945,9.890000343322754,226.51466369628906
2017-11-08,84.14,84.61,83.83,84.56,18034170.0,1281.5999755859375,56.810001373291016,9.779999732971191,226.89996337890625
2017-11-09,84.11,84.27,82.9,84.09,21178356.0,1285.5999755859375,57.16999816894531,10.5,226.07681274414062
2017-11-10,83.79,84.095,83.23,83.87,19397793.0,1272.4000244140625,56.7400016784668,11.289999961853027,226.0067901611328
2017-11-13,83.66,83.94,83.46,83.93,14196896.0,1277.300048828125,56.7599983215332,11.5,226.21693420410156
2017-11-14,83.5,84.1,82.98,84.05,18801280.0,1281.5,55.70000076293945,11.59000015258789,225.6915283203125
2017-11-15,83.47,83.69,82.69,82.98,19383102.0,1276.5,55.33000183105469,13.130000114440918,224.56192016601562
2017-11-16,83.1,83.42,82.94,83.2,20962750.0,1277.4000244140625,55.13999938964844,11.760000228881836,226.470947265625
2017-11-17,83.12,83.12,82.24,82.4,22078993.0,1295.800048828125,56.54999923706055,11.430000305175781,225.8053436279297
2017-11-20,82.4,82.59,82.25,82.53,16314978.0,1274.5999755859375,56.09000015258789,10.649999618530273,226.19068908691406
2017-11-21,82.74,83.84,82.74,83.72,21237454.0,1281.0999755859375,56.83000183105469,9.729999542236328,227.67059326171875
2017-11-22,83.83,83.9,83.04,83.11,20553089.0,1291.5999755859375,58.02000045776367,9.880000114440918,227.46917724609375
2017-11-24,83.01,83.43,82.78,83.26,7425603.0,1286.699951171875,58.95000076293945,9.670000076293945,227.99461364746094
2017-11-27,83.31,83.98,83.3,83.87,18265242.0,1293.800048828125,58.11000061035156,9.869999885559082,227.88079833984375
2017-11-28,84.07,85.06,84.02,84.88,21925959.0,1294.699951171875,57.9900016784668,10.029999732971191,230.1925811767578
2017-11-29,84.71,84.9172,83.175,83.34,27381109.0,1282.0999755859375,57.29999923706055,10.699999809265137,230.05245971679688
2017-11-30,83.51,84.52,83.34,84.17,32949647.0,1273.199951171875,57.400001525878906,11.279999732971191,232.0665283203125
2017-12-01,83.6,84.81,83.22,84.26,29532132.0,1278.800048828125,58.36000061035156,11.430000305175781,231.58494567871094
2017-12-04,84.42,84.4299,80.7,81.08,39094880.0,1274.300048828125,57.470001220703125,11.680000305175781,231.30470275878906
2017-12-05,81.34,82.68,80.9801,81.59,26152261.0,1261.5999755859375,57.619998931884766,11.329999923706055,230.47279357910156
2017-12-06,81.55,83.14,81.43,82.78,26162054.0,1262.800048828125,55.959999084472656,11.020000457763672,230.5165557861328
2017-12-07,82.54,82.8,82.0,82.49,23184547.0,1249.800048828125,56.68999862670898,10.15999984741211,231.24343872070312
2017-12-08,83.63,84.58,83.33,84.16,24489106.0,1245.199951171875,57.36000061035156,9.579999923706055,232.50440979003906
2017-12-11,84.29,85.37,84.12,85.23,22857854.0,1243.699951171875,57.9900016784668,9.34000015258789,233.2049102783203
2017-12-12,85.31,86.05,85.08,85.58,23924105.0,1238.5,57.13999938964844,9.920000076293945,233.6165313720703
2017-12-13,85.74,86.0,85.17,85.35,22062679.0,1245.4000244140625,56.59999847412109,10.180000305175781,233.59024047851562
2017-12-14,85.43,85.8739,84.53,84.69,19305961.0,1253.800048828125,57.040000915527344,10.489999771118164,232.63577270507812
2017-12-15,85.26,87.09,84.88,86.85,53936687.0,1254.300048828125,57.29999923706055,9.420000076293945,234.57298278808594
2017-12-18,87.12,87.4999,86.23,86.38,22283752.0,1262.199951171875,57.15999984741211,9.529999732971191,236.06048583984375
2017-12-19,86.35,86.35,85.27,85.83,23524787.0,1260.699951171875,57.459999084472656,10.029999732971191,235.15391540527344
2017-12-20,86.2,86.3,84.71,85.52,23674931.0,1266.0999755859375,58.09000015258789,9.720000267028809,235.0307159423828
2017-12-21,86.05,86.1,85.4,85.5,17990745.0,1267.300048828125,58.36000061035156,9.619999885559082,235.51475524902344
2017-12-22,85.4,85.63,84.92,85.51,14145841.0,1275.4000244140625,58.470001220703125,9.899999618530273,235.4532012939453
2017-12-26,85.31,85.5346,85.03,85.4,9891237.0,1284.0999755859375,59.970001220703125,10.25,235.1715545654297
2017-12-27,85.65,85.98,85.215,85.71,14678025.0,1287.0,59.63999938964844,10.470000267028809,235.2859344482422
2017-12-28,85.9,85.93,85.55,85.72,10594344.0,1294.0999755859375,59.84000015258789,10.180000305175781,235.76995849609375
2017-12-29,85.63,86.05,85.5,85.54,18717406.0,1306.300048828125,60.41999816894531,11.039999961853027,234.88101196289062
2018-01-02,86.125,86.31,85.5,85.95,22483797.0,1313.699951171875,60.369998931884766,9.770000457763672,236.56211853027344
2018-01-03,86.055,86.51,85.97,86.35,26061439.0,1316.199951171875,61.630001068115234,9.149999618530273,238.0584259033203
2018-01-04,86.59,87.66,86.57,87.11,21911974.0,1319.4000244140625,62.0099983215332,9.220000267028809,239.06185913085938
2018-01-05,87.66,88.41,87.43,88.19,23407110.0,1320.300048828125,61.43999862670898,9.220000267028809,240.6549530029297
2018-01-08,88.2,88.58,87.6046,88.28,22113049.0,1318.5999755859375,61.72999954223633,9.520000457763672,241.09500122070312
2018-01-09,88.65,88.7272,87.86,88.22,19484317.0,1311.699951171875,62.959999084472656,10.079999923706055,241.64076232910156
2018-01-10,87.86,88.19,87.41,87.82,18652201.0,1317.4000244140625,63.56999969482422,9.819999694824219,241.27105712890625
2018-01-11,88.13,88.13,87.24,88.08,17808877.0,1320.5999755859375,63.79999923706055,9.880000114440918,243.03140258789062
2018-01-12,88.67,89.78,88.45,89.6,24271531.0,1333.4000244140625,64.30000305175781,10.15999984741211,244.6156463623047
2018-01-16,90.1,90.79,88.0104,88.35,36599736.0,1335.4000244140625,63.72999954223633,11.65999984741211,243.77951049804688
2018-01-17,89.08,90.28,88.75,90.14,25621164.0,1338.0,63.970001220703125,11.90999984741211,246.1031951904297
2018-01-18,89.8,90.67,89.66,90.1,24159683.0,1326.0,63.95000076293945,12.220000267028809,245.689453125
2018-01-19,90.14,90.61,89.66,90.0,36875013.0,1331.9000244140625,63.369998931884766,11.270000457763672,246.80728149414062
2018-01-22,90.0,91.62,89.74,91.61,23601555.0,1330.9000244140625,63.4900016784668,11.029999732971191,248.8140411376953
2018-01-23,91.9,92.3,91.54,91.9,23412841.0,1335.699951171875,64.47000122070312,11.100000381469727,249.3421630859375
2018-01-24,92.55,93.43,91.58,91.82,33127483.0,1355.9000244140625,65.61000061035156,11.470000267028809,249.24533081054688
2018-01-25,92.465,93.24,91.93,92.33,26383238.0,1362.4000244140625,65.51000213623047,11.579999923706055,249.3509521484375
2018-01-26,93.12,94.06,92.58,94.06,29172167.0,1351.5999755859375,66.13999938964844,11.079999923706055,252.23793029785156
2018-01-29,95.14,95.45,93.72,93.92,31569940.0,1351.5999755859375,65.55999755859375,13.84000015258789,250.5655517578125
2018-01-30,93.3,93.66,92.1,92.74,38635053.0,1335.4000244140625,64.5,14.789999961853027,247.9954833984375
2018-01-31,93.75,95.4,93.51,95.01,48756338.0,1339.0,64.7300033569336,13.539999961853027,248.11875915527344
2018-02-01,94.79,96.07,93.5813,94.26,47227882.0,1344.300048828125,65.80000305175781,13.470000267028809,247.8370361328125
2018-02-02,93.64,93.97,91.5,91.78,47867753.0,1333.699951171875,65.44999694824219,17.309999465942383,242.4416961669922
2018-02-05,90.56,93.24,88.0,88.0,51031465.0,1333.0,64.1500015258789,37.31999969482422,232.3021697998047
2018-02-06,86.89,91.475,85.25,91.33,67998564.0,1326.0999755859375,63.38999938964844,29.979999542236328,236.8790283203125
2018-02-07,90.49,91.77,89.2,89.61,41107592.0,1311.5999755859375,61.790000915527344,27.729999542236328,235.593994140625
2018-02-08,89.71,89.875,84.76,85.01,55628657.0,1316.9000244140625,61.150001525878906,33.459999084472656,226.7571563720703
2018-02-09,86.3,88.93,83.83,88.18,63499065.0,1313.0999755859375,59.20000076293945,29.059999465942383,230.16336059570312
2018-02-12,88.735,89.78,87.9295,89.13,35720341.0,1324.199951171875,59.290000915527344,25.610000610351562,233.543212890625
2018-02-13,88.93,90.0,87.8,89.83,26407702.0,1328.0999755859375,59.18999862670898,24.969999313354492,234.12411499023438
2018-02-14,88.51,90.99,88.41,90.81,34960912.0,1355.5,60.59999847412109,19.260000228881836,237.2838897705078
2018-02-15,91.21,92.72,90.62,92.66,27823866.0,1352.0999755859375,61.34000015258789,19.1299991607666,240.31173706054688
2018-02-16,92.45,93.5,91.8,92.0,30596919.0,1353.199951171875,61.68000030517578,19.459999084472656,240.3820037841797
2018-02-20,91.475,93.06,91.01,92.72,30796445.0,1328.800048828125,61.900001525878906,20.600000381469727,238.87696838378906
2018-02-21,92.98,93.3595,91.49,91.49,26922503.0,1330.0,61.68000030517578,20.020000457763672,237.68878173828125
2018-02-22,92.05,92.73,91.36,91.73,24392753.0,1330.5999755859375,62.77000045776367,18.719999313354492,237.99679565429688
2018-02-23,92.75,94.07,92.36,94.06,26329226.0,1328.199951171875,63.54999923706055,16.489999771118164,241.79037475585938
2018-02-26,94.4,95.45,94.25,95.42,30199846.0,1330.699951171875,63.90999984741211,15.800000190734863,244.5980987548828
2018-02-27,95.74,95.84,94.2,94.2,25869119.0,1315.5,63.0099983215332,18.59000015258789,241.54385375976562
2018-02-28,94.84,95.705,93.63,93.77,31167338.0,1315.5,61.63999938964844,19.850000381469727,239.09701538085938
2018-03-01,93.99,94.57,91.84,92.85,37135561.0,1302.9000244140625,60.9900016784668,22.469999313354492,235.62039184570312
2018-03-02,91.58,93.15,90.86,93.05,32830389.0,1321.0999755859375,61.25,19.59000015258789,236.8350372314453
2018-03-05,92.34,94.27,92.26,93.64,23901578.0,1318.0999755859375,62.56999969482422,18.729999542236328,239.57237243652344
2018-03-06,94.34,94.49,92.941,93.32,22175776.0,1333.5999755859375,62.59999847412109,18.360000610351562,240.1796875
2018-03-07,93.16,93.9406,92.43,93.86,26716127.0,1326.0,61.150001525878906,17.760000228881836,240.09161376953125
2018-03-08,94.27,95.1,93.765,94.43,25887828.0,1319.9000244140625,60.119998931884766,16.540000915527344,241.25347900390625
2018-03-09,95.29,96.54,95.0,96.54,36937254.0,1322.4000244140625,62.040000915527344,14.640000343322754,245.45181274414062
2018-03-12,96.5,97.21,96.04,96.77,26073742.0,1319.4000244140625,61.36000061035156,15.779999732971191,245.143798828125
2018-03-13,97.0,97.24,93.97,94.41,35387817.0,1325.9000244140625,60.709999084472656,16.350000381469727,243.5595245361328
2018-03-14,95.12,95.41,93.5,93.85,32131981.0,1324.4000244140625,60.959999084472656,17.229999542236328,242.30963134765625
2018-03-15,93.53,94.58,92.83,94.18,27610998.0,1316.800048828125,61.18999862670898,16.59000015258789,242.045654296875
2018-03-16,94.68,95.38,93.92,94.6,49081279.0,1311.300048828125,62.34000015258789,15.800000190734863,242.30809020996094
2018-03-19,93.74,93.9,92.11,92.89,33344085.0,1316.800048828125,62.060001373291016,19.020000457763672,239.02952575683594
2018-03-20,93.05,93.77,93.0,93.13,23075240.0,1311.0999755859375,63.400001525878906,18.200000762939453,239.43609619140625
2018-03-21,92.93,94.05,92.21,92.48,24457082.0,1320.699951171875,65.16999816894531,17.860000610351562,238.97657775878906
2018-03-22,91.265,91.75,89.66,89.79,38604715.0,1326.5999755859375,64.30000305175781,23.34000015258789,233.0028533935547
2018-03-23,89.5,90.46,87.08,87.18,44068949.0,1349.300048828125,65.87999725341797,24.8700008392334,228.03646850585938
2018-03-26,90.61,94.0,90.4,93.78,56396780.0,1354.4000244140625,65.55000305175781,21.030000686645508,234.2752685546875
2018-03-27,94.94,95.139,88.51,89.47,56569011.0,1341.300048828125,65.25,22.5,230.28990173339844
2018-03-28,89.82,91.23,88.873,89.39,52501146.0,1324.199951171875,64.37999725341797,22.8700008392334,229.6094207763672
2018-03-29,90.18,92.29,88.4,91.27,45867548.0,1322.800048828125,64.94000244140625,19.969999313354492,232.54327392578125
2018-04-02,90.47,90.88,87.51,88.52,48515417.0,1342.0999755859375,63.0099983215332,23.6200008392334,227.52389526367188
2018-04-03,89.575,90.05,87.89,89.71,37213837.0,1332.800048828125,63.5099983215332,21.100000381469727,230.44004821777344
2018-04-04,87.85,92.76,87.73,92.33,35559956.0,1335.800048828125,63.369998931884766,20.059999465942383,232.90557861328125
2018-04-05,92.435,93.065,91.4,92.38,29771881.0,1324.300048828125,63.540000915527344,18.940000534057617,234.7436981201172
2018-04-06,91.49,92.46,89.48,90.23,38026000.0,1331.9000244140625,62.060001373291016,21.489999771118164,229.5122528076172
2018-04-09,91.04,93.17,90.62,90.77,31533718.0,1336.300048828125,63.41999816894531,21.770000457763672,230.64334106445312
2018-04-10,92.39,93.28,91.64,92.88,26939883.0,1342.0,65.51000213623047,20.469999313354492,234.31065368652344
2018-04-11,92.01,93.29,91.48,91.86,24872110.0,1356.5,66.81999969482422,20.239999771118164,233.08233642578125
2018-04-12,92.43,94.16,92.43,93.58,26758879.0,1338.4000244140625,67.06999969482422,18.489999771118164,234.9999237060547
2018-04-13,94.05,94.18,92.44,93.08,23346063.0,1344.800048828125,67.38999938964844,17.40999984741211,234.31065368652344
2018-04-16,94.07,94.66,93.42,94.17,20286283.0,1347.5,66.22000122070312,16.559999465942383,236.23703002929688
2018-04-17,95.0,96.54,94.88,96.07,26771000.0,1347.199951171875,66.5199966430664,15.25,238.7644500732422
2018-04-18,96.22,96.72,95.52,96.44,21043287.0,1351.199951171875,68.47000122070312,15.600000381469727,238.94122314453125
2018-04-19,96.44,97.07,95.34,96.11,23552541.0,1346.800048828125,68.29000091552734,15.960000038146973,237.61569213867188
2018-04-20,95.91,96.11,94.05,95.0,31154377.0,1336.699951171875,68.37999725341797,16.8799991607666,235.6007843017578
2018-04-23,95.7436,96.29,94.63,95.35,22331829.0,1322.5,68.63999938964844,16.34000015258789,235.56553649902344
2018-04-24,96.242,96.47,92.41,93.12,34524799.0,1331.4000244140625,67.69999694824219,18.020000457763672,232.39303588867188
2018-04-25,93.3,93.3,90.28,92.31,33729257.0,1321.199951171875,68.05000305175781,17.84000015258789,232.96746826171875
2018-04-26,93.55,95.15,93.1,94.26,42501543.0,1316.300048828125,68.19000244140625,16.239999771118164,235.33570861816406
2018-04-27,97.6,97.9,93.91,95.82,48272780.0,1320.300048828125,68.0999984741211,15.40999984741211,235.55670166015625
2018-04-30,96.33,96.3964,93.15,93.52,41523605.0,1316.199951171875,68.56999969482422,15.930000305175781,233.74508666992188
2018-05-01,93.21,95.29,92.79,95.0,31408927.0,1303.800048828125,67.25,15.489999771118164,234.16041564941406
2018-05-02,94.99,95.17,93.19,93.51,27471002.0,1302.5999755859375,67.93000030517578,15.970000267028809,232.58743286132812
2018-05-03,92.96,94.925,92.45,94.07,31142497.0,1310.699951171875,68.43000030517578,15.899999618530273,232.07492065429688
2018-05-04,93.32,95.37,92.92,95.16,22531325.0,1312.699951171875,69.72000122070312,14.770000457763672,235.0794677734375
2018-05-07,95.17,96.71,95.1,96.22,24242019.0,1312.199951171875,70.7300033569336,14.75,235.8748016357422
2018-05-08,95.8456,96.16,95.0631,95.81,23484589.0,1312.0,69.05999755859375,14.710000038146973,235.8748016357422
2018-05-09,96.01,96.97,95.05,96.94,27327410.0,1311.300048828125,71.13999938964844,13.420000076293945,238.15467834472656
2018-05-10,97.46,97.95,97.05,97.91,22388119.0,1320.800048828125,71.36000061035156,13.229999542236328,240.38160705566406
2018-05-11,97.8,97.87,97.04,97.7,16778316.0,1319.0,70.69999694824219,12.649999618530273,241.11509704589844
2018-05-14,97.92,98.69,97.31,98.03,19454124.0,1316.5,70.95999908447266,12.930000305175781,241.22998046875
2018-05-15,97.24,97.85,96.34,97.32,24594010.0,1288.9000244140625,71.30999755859375,14.630000114440918,239.56863403320312
2018-05-16,97.36,97.4,96.615,97.15,17384742.0,1290.199951171875,71.48999786376953,13.420000076293945,240.57594299316406
2018-05-17,96.76,97.5401,95.83,96.18,17246716.0,1288.199951171875,71.48999786376953,13.430000305175781,240.37281799316406
2018-05-18,96.01,96.93,96.01,96.36,17844090.0,1290.199951171875,71.27999877929688,13.420000076293945,239.77182006835938
2018-05-21,97.0,98.01,96.8,97.6,19422467.0,1290.199951171875,72.23999786376953,13.079999923706055,241.5745391845703
2018-05-22,97.68,98.17,97.2,97.5,15441189.0,1291.699951171875,72.12999725341797,13.220000267028809,240.90298461914062
2018-05-23,96.71,98.73,96.32,98.66,21251222.0,1289.300048828125,71.83999633789062,12.579999923706055,241.56573486328125
2018-05-24,98.725,98.94,96.81,98.31,26649287.0,1303.699951171875,70.70999908447266,12.529999732971191,241.0708770751953
2018-05-25,98.3,98.98,97.86,98.36,18363918.0,1303.300048828125,67.87999725341797,13.220000267028809,240.49649047851562
2018-05-29,97.84,98.88,97.23,98.01,28670981.0,1298.699951171875,66.7300033569336,17.020000457763672,237.7305145263672
2018-05-30,98.31,99.25,97.91,98.95,22158528.0,1301.5,68.20999908447266,14.9399995803833,240.90298461914062
2018-05-31,99.29,99.99,98.61,98.84,34140891.0,1300.0999755859375,67.04000091552734,15.430000305175781,239.42723083496094
2018-06-01,99.2798,100.86,99.17,100.79,28655624.0,1294.800048828125,65.80999755859375,13.460000038146973,241.7778778076172
2018-06-04,101.26,101.86,100.851,101.67,27281623.0,1293.0999755859375,64.75,12.739999771118164,242.92662048339844
2018-06-05,102.0,102.33,101.53,102.19,23514402.0,1297.5,65.5199966430664,12.399999618530273,243.1033477783203
2018-06-06,102.48,102.6,101.9,102.49,21122917.0,1297.0999755859375,64.7300033569336,11.640000343322754,245.13584899902344
2018-06-07,102.65,102.69,100.38,100.88,28232197.0,1298.699951171875,65.94999694824219,12.130000114440918,245.10939025878906
2018-06-08,101.0924,101.95,100.54,101.63,22165128.0,1298.0999755859375,65.73999786376953,12.180000305175781,245.83401489257812
2018-06-11,101.37,101.59,100.67,101.05,23490894.0,1298.9000244140625,66.0999984741211,12.350000381469727,246.160888671875
2018-06-12,101.1,101.4493,100.75,101.31,18325228.0,1295.0999755859375,66.36000061035156,12.34000015258789,246.47909545898438
2018-06-13,101.72,102.01,100.56,100.85,29492875.0,1296.9000244140625,66.63999938964844,12.9399995803833,245.69265747070312
2018-06-14,101.65,102.03,101.0,101.42,25691811.0,1304.0,66.88999938964844,12.119999885559082,246.31117248535156
2018-06-15,101.51,101.53,100.07,100.13,65738585.0,1274.5999755859375,65.05999755859375,11.979999542236328,245.9969024658203
2018-06-18,100.01,101.11,99.42,100.86,23586037.0,1276.199951171875,65.8499984741211,12.3100004196167,245.4910125732422
2018-06-19,99.65,101.0,99.5,100.86,28653087.0,1275.5999755859375,65.06999969482422,13.350000381469727,244.5500946044922
2018-06-20,101.37,102.52,101.12,101.87,26180792.0,1271.199951171875,66.22000122070312,12.789999961853027,244.9672088623047
2018-06-21,102.075,102.46,100.88,101.14,23198188.0,1267.199951171875,65.54000091552734,14.640000343322754,243.4315643310547
2018-06-22,100.41,100.77,99.625,100.41,38923105.0,1267.4000244140625,68.58000183105469,13.770000457763672,243.8754425048828
2018-06-25,100.0,100.11,97.3,98.39,35433333.0,1265.5999755859375,68.08000183105469,17.329999923706055,240.55564880371094
2018-06-26,98.82,100.08,98.75,99.08,26897244.0,1256.5999755859375,70.52999877929688,15.920000076293945,241.0882110595703
2018-06-27,99.58,100.02,97.4,97.54,31298386.0,1252.800048828125,72.76000213623047,17.90999984741211,239.09095764160156
2018-06-28,97.38,99.11,97.26,98.63,26650671.0,1247.800048828125,73.44999694824219,16.850000381469727,240.45797729492188
2018-06-29,98.93,99.91,98.33,98.61,28053214.0,1251.300048828125,74.1500015258789,16.09000015258789,240.8041534423828
2018-07-02,98.1,100.06,98.0,100.01,19564521.0,1239.800048828125,73.94000244140625,15.600000381469727,241.3189697265625
2018-07-03,100.48,100.63,98.94,99.05,14668375.0,1251.5999755859375,74.13999938964844,16.139999389648438,240.4668426513672
2018-07-05,99.5,99.92,99.0299,99.76,18977402.0,1257.300048828125,72.94000244140625,14.970000267028809,242.42848205566406
2018-07-06,99.885,101.43,99.67,101.16,19234627.0,1254.300048828125,73.80000305175781,13.369999885559082,244.4790496826172
2018-07-09,101.6452,102.25,101.251,101.85,18211980.0,1258.0999755859375,73.8499984741211,12.6899995803833,246.68048095703125
2018-07-10,102.0,102.51,101.86,102.12,19293140.0,1253.800048828125,74.11000061035156,12.640000343322754,247.56809997558594
2018-07-11,101.15,102.34,101.1,101.98,19644648.0,1242.800048828125,70.37999725341797,13.630000114440918,245.7572021484375
2018-07-12,102.77,104.41,102.73,104.19,24335929.0,1245.0,70.33000183105469,12.579999923706055,247.9853057861328
2018-07-13,104.37,105.6,104.09,105.43,24653500.0,1239.5999755859375,71.01000213623047,12.180000305175781,248.18064880371094
2018-07-16,105.4,105.82,104.515,104.91,21786912.0,1238.0999755859375,68.05999755859375,12.829999923706055,247.9586639404297
2018-07-17,104.61,106.5,104.32,105.95,25901726.0,1225.699951171875,68.08000183105469,12.0600004196167,248.96168518066406
2018-07-18,105.94,106.05,104.715,105.12,29468927.0,1226.300048828125,68.76000213623047,12.100000381469727,249.48544311523438
2018-07-19,104.93,105.31,103.89,104.4,40171646.0,1222.4000244140625,69.45999908447266,12.869999885559082,248.54454040527344
2018-07-20,108.08,108.2,106.08,106.27,56038827.0,1229.5,70.45999908447266,12.859999656677246,248.2605438232422
2018-07-23,106.3,108.14,106.13,107.97,29706955.0,1224.0,67.88999938964844,12.619999885559082,248.7221221923828
2018-07-24,108.57,108.82,107.26,107.66,26316619.0,1223.9000244140625,68.5199966430664,12.40999984741211,249.97369384765625
2018-07-25,107.955,111.15,107.6,110.83,30798058.0,1231.4000244140625,69.30000305175781,12.289999961853027,252.10398864746094
2018-07-26,110.74,111.0,109.5,109.62,31372110.0,1225.300048828125,69.61000061035156,12.140000343322754,251.5093536376953
2018-07-27,110.18,110.18,106.14,107.68,37005292.0,1222.5999755859375,68.69000244140625,13.029999732971191,249.80499267578125
2018-07-30,107.19,107.53,104.76,105.37,34668327.0,1221.300048828125,70.12999725341797,14.260000228881836,248.50018310546875
2018-07-31,106.49,106.72,105.38,106.08,27655152.0,1223.699951171875,68.76000213623047,12.829999923706055,249.72508239746094
2018-08-01,106.03,106.446,105.42,106.28,23619699.0,1217.9000244140625,67.66000366210938,13.149999618530273,249.30792236328125
2018-08-02,105.4,108.09,104.84,107.57,26104258.0,1210.5999755859375,68.95999908447266,12.1899995803833,250.6660919189453
2018-08-03,107.8,108.05,106.82,108.04,18659599.0,1214.199951171875,68.48999786376953,11.640000343322754,251.7401580810547
2018-08-06,108.12,108.42,107.559,108.13,20265947.0,1208.5999755859375,69.01000213623047,11.270000457763672,252.6632843017578
2018-08-07,108.56,109.1,108.17,108.88,16080214.0,1209.5999755859375,69.16999816894531,10.930000305175781,253.4976348876953
2018-08-08,109.33,109.75,108.7599,109.49,15487502.0,1212.5999755859375,66.94000244140625,10.850000381469727,253.3911895751953
2018-08-09,109.71,110.16,109.6,109.67,13668111.0,1211.9000244140625,66.80999755859375,11.270000457763672,253.04490661621094
2018-08-10,109.42,109.69,108.38,109.0,18183724.0,1211.0999755859375,67.62999725341797,13.15999984741211,251.34945678710938
2018-08-13,109.24,109.58,108.1,108.21,18472484.0,1191.300048828125,67.19999694824219,14.779999732971191,250.4085693359375
2018-08-14,108.56,109.75,108.04,109.56,16788314.0,1193.0,67.04000091552734,13.3100004196167,252.00643920898438
2018-08-15,108.49,108.985,106.82,107.66,29982806.0,1177.5,65.01000213623047,14.640000343322754,250.12454223632812
2018-08-16,108.3,108.86,107.3,107.64,21384289.0,1176.199951171875,65.45999908447266,13.449999809265137,252.14845275878906
2018-08-17,107.36,107.9,106.69,107.58,18061512.0,1176.5,65.91000366210938,12.640000343322754,253.0360565185547
2018-08-20,107.51,107.9,106.48,106.87,17914201.0,1186.800048828125,66.43000030517578,12.489999771118164,253.5775604248047
2018-08-21,106.92,107.35,105.85,105.98,22881861.0,1192.5999755859375,67.3499984741211,12.859999656677246,254.17225646972656
2018-08-22,105.85,107.34,105.78,107.06,18000639.0,1196.300048828125,67.86000061035156,12.25,254.02139282226562
2018-08-23,107.15,108.18,106.87,107.56,18167723.0,1187.0,67.83000183105469,12.40999984741211,253.68411254882812
2018-08-24,107.67,108.56,107.56,108.4,17234020.0,1206.300048828125,68.72000122070312,11.989999771118164,255.2108154296875
2018-08-27,109.27,109.64,108.51,109.6,19662331.0,1209.0,68.87000274658203,12.15999984741211,257.2257995605469
2018-08-28,109.94,110.5,109.79,110.26,19151528.0,1207.4000244140625,68.52999877929688,12.5,257.3501281738281
2018-08-29,110.45,112.03,110.27,112.02,20818044.0,1204.5,69.51000213623047,12.25,258.73492431640625
2018-08-30,111.67,112.61,111.44,111.95,22798702.0,1197.699951171875,70.25,13.529999732971191,257.6874084472656
2018-08-31,111.685,112.777,111.515,112.33,23222713.0,1200.300048828125,69.80000305175781,12.859999656677246,257.69635009765625
2018-09-04,110.85,111.955,110.22,111.71,22634641.0,1192.699951171875,69.87000274658203,13.15999984741211,257.2524719238281
2018-09-05,111.01,111.42,108.1,108.49,32872352.0,1194.9000244140625,68.72000122070312,13.90999984741211,256.5600891113281
2018-09-06,108.25,108.99,107.51,108.74,23477624.0,1197.9000244140625,67.7699966430664,14.649999618530273,255.7879180908203
2018-09-07,108.23,108.7248,107.23,108.21,22498646.0,1193.5999755859375,67.75,14.880000114440918,255.290771484375
2018-09-10,108.84,109.64,108.36,109.38,20727906.0,1193.0,67.54000091552734,14.15999984741211,255.73460388183594
2018-09-11,108.9,111.59,108.89,111.24,24301774.0,1195.4000244140625,69.25,13.220000267028809,256.5778503417969
2018-09-12,111.43,111.85,110.51,111.71,18888064.0,1204.699951171875,70.37000274658203,13.140000343322754,256.639892578125
2018-09-13,112.12,113.725,112.12,112.91,26055620.0,1202.0,68.58999633789062,12.369999885559082,258.1579284667969
2018-09-14,113.36,113.73,112.44,113.37,19122349.0,1195.0,68.98999786376953,12.069999694824219,258.2023620605469
2018-09-17,113.69,113.7,111.86,112.14,20736516.0,1199.699951171875,68.91000366210938,13.680000305175781,256.8352355957031
2018-09-18,112.19,113.695,111.72,113.21,22170934.0,1196.800048828125,69.8499984741211,12.789999961853027,258.2289123535156
2018-09-19,113.05,113.32,111.035,111.7,21728429.0,1202.199951171875,71.12000274658203,11.75,258.5040283203125
2018-09-20,112.28,113.8,111.93,113.57,23714512.0,1206.199951171875,70.80000305175781,11.800000190734863,260.5989074707031
2018-09-21,114.0,115.29,113.51,114.26,71229698.0,1196.199951171875,70.77999877929688,11.680000305175781,260.3608093261719
2018-09-24,113.03,114.9,112.2175,114.67,27334460.0,1199.300048828125,72.08000183105469,12.199999809265137,259.49591064453125
2018-09-25,114.8,115.1,113.75,114.45,22668014.0,1200.0,72.27999877929688,12.420000076293945,259.255126953125
2018-09-26,114.47,115.055,113.74,113.98,19352025.0,1194.0,71.56999969482422,12.890000343322754,258.4794006347656
2018-09-27,114.78,114.91,114.2,114.41,19091299.0,1182.300048828125,72.12000274658203,12.40999984741211,259.20166015625
2018-09-28,114.19,114.57,113.68,114.37,21647811.0,1191.5,73.25,12.119999885559082,259.2284240722656
2018-10-01,114.75,115.68,114.73,115.61,18883079.0,1187.0999755859375,75.30000305175781,12.0,260.1290588378906
2018-10-02,115.3,115.84,114.44,115.15,20787239.0,1202.4000244140625,75.2300033569336,12.050000190734863,259.9774169921875
2018-10-03,115.42,116.18,114.93,115.17,16648018.0,1198.300048828125,76.41000366210938,11.609999656677246,260.1201477050781
2018-10-04,114.61,114.7588,111.63,112.79,34821717.0,1197.199951171875,74.33000183105469,14.220000267028809,258.087158203125
2018-10-05,112.63,113.17,110.64,112.13,29068859.0,1201.199951171875,74.33999633789062,14.819999694824219,256.6425476074219
2018-10-08,111.66,112.03,109.34,110.85,29640588.0,1184.4000244140625,74.29000091552734,15.6899995803833,256.6425476074219
2018-10-09,111.14,113.08,110.8,112.26,26198594.0,1187.199951171875,74.95999908447266,15.949999809265137,256.26812744140625
2018-10-10,111.24,111.5,105.79,106.16,61376315.0,1189.300048828125,73.16999816894531,22.959999084472656,248.15382385253906
2018-10-11,105.35,108.93,104.2,105.91,63904282.0,1223.5,70.97000122070312,24.979999542236328,242.6878662109375
2018-10-12,109.01,111.24,107.12,109.57,47742109.0,1218.0999755859375,71.33999633789062,21.309999465942383,246.058349609375
2018-10-15,108.91,109.48,106.9468,107.6,32068103.0,1226.4000244140625,71.77999877929688,21.299999237060547,244.67628479003906
2018-10-16,109.54,111.41,108.95,111.0,31610164.0,1227.300048828125,71.91999816894531,17.6200008392334,250.02638244628906
2018-10-17,111.68,111.81,109.5482,110.71,26548243.0,1223.699951171875,69.75,17.399999618530273,250.0708770751953
2018-10-18,110.1,110.53,107.83,108.5,32506192.0,1226.5,68.6500015258789,20.059999465942383,246.45960998535156
2018-10-19,108.93,110.86,108.21,108.66,32785475.0,1225.300048828125,69.12000274658203,19.889999389648438,246.325927734375
2018-10-22,109.32,110.54,108.24,109.63,26545607.0,1221.199951171875,69.16999816894531,19.639999389648438,245.22024536132812
2018-10-23,107.77,108.97,105.11,108.1,43770429.0,1233.4000244140625,66.43000030517578,20.709999084472656,243.97181701660156
2018-10-24,108.41,108.49,101.5901,102.32,63897759.0,1227.800048828125,66.81999969482422,25.229999542236328,236.57986450195312
2018-10-25,106.55,109.27,106.15,108.3,61646819.0,1229.0999755859375,67.33000183105469,24.219999313354492,240.82420349121094
2018-10-26,105.69,108.75,104.76,106.96,55523104.0,1232.5,67.58999633789062,24.15999984741211,236.5886993408203
2018-10-29,108.105,108.7,101.63,103.85,55162001.0,1224.5,67.04000091552734,24.700000762939453,235.2779998779297
2018-10-30,103.66,104.38,100.11,103.73,65350878.0,1222.5999755859375,66.18000030517578,23.350000381469727,238.7643585205078
2018-10-31,105.435,108.14,105.39,106.81,51062383.0,1212.300048828125,65.30999755859375,21.229999542236328,241.31466674804688
2018-11-01,107.05,107.32,105.53,105.92,33384201.0,1236.0,63.68999862670898,19.34000015258789,243.88267517089844
2018-11-02,106.48,107.32,104.975,106.16,37680194.0,1230.9000244140625,63.13999938964844,19.510000228881836,242.43817138671875
2018-11-05,106.37,107.74,105.9,107.51,27922144.0,1229.800048828125,63.09999847412109,19.959999084472656,243.77560424804688
2018-11-06,107.38,108.84,106.28,107.72,24340248.0,1223.800048828125,62.209999084472656,19.90999984741211,245.3182830810547
2018-11-07,109.44,112.24,109.4,111.96,37901704.0,1226.199951171875,61.66999816894531,16.360000610351562,250.57029724121094
2018-11-08,111.8,112.21,110.91,111.75,25644105.0,1222.9000244140625,60.66999816894531,16.719999313354492,250.115478515625
2018-11-09,110.85,111.45,108.76,109.57,32039223.0,1206.4000244140625,60.18999862670898,17.360000610351562,247.6721954345703
2018-11-12,109.42,109.96,106.1,106.87,33621807.0,1201.300048828125,59.93000030517578,20.450000762939453,243.0445098876953
2018-11-13,107.55,108.74,106.64,106.94,35374583.0,1199.199951171875,55.68999862670898,20.020000457763672,242.58975219726562
2018-11-14,108.1,108.26,104.47,104.97,39495141.0,1207.9000244140625,56.25,21.25,240.9311981201172
2018-11-15,104.99,107.8,103.91,107.28,38505165.0,1212.800048828125,56.459999084472656,19.979999542236328,243.4457244873047
2018-11-16,107.08,108.88,106.8,108.29,33502121.0,1220.800048828125,56.459999084472656,18.139999389648438,244.078857421875
2018-11-19,108.27,108.56,103.55,104.62,44673899.0,1223.0999755859375,56.7599983215332,20.100000381469727,239.95034790039062
2018-11-20,101.8,102.97,99.3528,101.71,64052457.0,1219.0,53.43000030517578,22.479999542236328,235.5098114013672
2018-11-21,103.6,104.43,102.24,103.11,28130621.0,1225.800048828125,54.630001068115234,20.799999237060547,236.31228637695312
2018-11-23,102.17,103.8099,102.0,103.07,13823099.0,1221.0,50.41999816894531,21.520000457763672,234.73402404785156
2018-11-26,104.79,106.63,104.58,106.47,32336165.0,1220.199951171875,51.630001068115234,18.899999618530273,238.5236358642578
2018-11-27,106.27,107.33,105.36,107.14,29124486.0,1211.199951171875,51.560001373291016,19.020000457763672,239.32615661621094
2018-11-28,107.89,111.33,107.86,111.12,46788461.0,1221.4000244140625,50.290000915527344,18.489999771118164,244.83673095703125
2018-11-29,110.33,111.115,109.03,110.19,28123195.0,1224.0999755859375,51.45000076293945,18.790000915527344,244.30174255371094
2018-11-30,110.7,110.97,109.36,110.89,33665624.0,1220.199951171875,50.93000030517578,18.06999969482422,245.79083251953125
2018-12-03,113.0,113.42,110.73,112.09,34732772.0,1233.9000244140625,52.95000076293945,16.440000534057617,249.04544067382812
2018-12-04,111.94,112.6373,108.2115,108.52,45196984.0,1241.0999755859375,53.25,20.739999771118164,240.9757537841797
2018-12-06,105.82,109.24,105.0,109.19,49107431.0,1238.0999755859375,51.4900016784668,21.190000534057617,240.61021423339844
2018-12-07,108.38,109.45,104.3,104.82,45044937.0,1246.800048828125,52.61000061035156,23.229999542236328,235.01937866210938
2018-12-10,104.8,107.98,103.89,107.59,40801525.0,1243.699951171875,51.0,22.639999389648438,235.4652862548828
2018-12-11,109.8,110.95,107.44,108.59,42381947.0,1241.9000244140625,51.650001525878906,21.760000228881836,235.51869201660156
2018-12-12,110.89,111.27,109.04,109.08,36183020.0,1244.4000244140625,51.150001525878906,21.459999084472656,236.7046356201172
2018-12-13,109.58,110.87,108.63,109.45,31333362.0,1242.699951171875,52.58000183105469,20.649999618530273,236.62440490722656
2018-12-14,108.25,109.26,105.5,106.03,47043136.0,1237.0,51.20000076293945,21.6299991607666,232.25518798828125
2018-12-17,105.41,105.8,101.71,102.89,56952064.0,1247.4000244140625,49.880001068115234,24.520000457763672,227.69873046875
2018-12-18,103.75,104.51,102.52,103.97,49319196.0,1249.199951171875,46.2400016784668,25.579999923706055,227.44906616210938
2018-12-19,103.65,106.88,101.35,103.69,68198186.0,1252.0999755859375,47.20000076293945,25.579999923706055,224.04286193847656
2018-12-20,103.05,104.31,98.78,101.51,70334184.0,1263.5999755859375,45.880001068115234,28.3799991607666,220.3958740234375
2018-12-21,101.63,103.0,97.46,98.23,111242070.0,1253.800048828125,45.59000015258789,30.110000610351562,215.88006591796875
2018-12-24,97.68,97.97,93.98,94.13,43935192.0,1267.5,42.52999877929688,36.06999969482422,210.1758575439453
2018-12-26,95.14,100.69,93.96,100.56,51634793.0,1269.199951171875,46.220001220703125,30.40999984741211,220.79495239257812
2018-12-27,99.3,101.19,96.4,101.18,49464509.0,1277.300048828125,44.61000061035156,29.959999084472656,222.4901123046875
2018-12-28,102.09,102.41,99.52,100.39,38169312.0,1279.9000244140625,45.33000183105469,28.34000015258789,222.20310974121094
2018-12-31,101.29,102.4,100.44,101.57,33173765.0,1278.300048828125,45.40999984741211,25.420000076293945,224.14935302734375
2019-01-02,99.55,101.75,98.94,101.12,35329345.0,1281.0,46.540000915527344,23.219999313354492,224.38255310058594
2019-01-03,100.1,100.185,97.2,97.4,42578410.0,1291.800048828125,47.09000015258789,25.450000762939453,219.02810668945312
2019-01-04,99.72,102.51,98.93,101.93,44060590.0,1282.699951171875,47.959999084472656,21.3799991607666,226.36463928222656
2019-01-07,101.64,103.2681,100.98,102.06,35656136.0,1286.800048828125,48.52000045776367,21.399999618530273,228.1494598388672
2019-01-08,103.04,103.97,101.7134,102.8,31514415.0,1283.199951171875,49.77999877929688,20.469999313354492,230.29299926757812
2019-01-09,103.86,104.88,103.2445,104.27,32280840.0,1289.300048828125,52.36000061035156,19.979999542236328,231.36927795410156
2019-01-10,103.22,103.75,102.38,103.6,30067556.0,1284.699951171875,52.59000015258789,19.5,232.1854248046875
2019-01-11,103.19,103.44,101.64,102.8,28314202.0,1287.0999755859375,51.59000015258789,18.190000534057617,232.2751007080078
2019-01-14,101.9,102.8716,101.26,102.05,28437079.0,1289.0999755859375,50.5099983215332,19.06999969482422,230.8580322265625
2019-01-15,102.51,105.05,101.88,105.01,31587616.0,1286.199951171875,52.11000061035156,18.600000381469727,233.5038299560547
2019-01-16,105.26,106.255,104.96,105.38,29853865.0,1291.5999755859375,52.310001373291016,19.040000915527344,234.06893920898438
2019-01-17,105.0,106.625,104.76,106.12,28393015.0,1291.0,52.06999969482422,18.059999465942383,235.8447265625
2019-01-18,107.46,107.9,105.91,107.71,37427587.0,1281.300048828125,53.79999923706055,17.799999237060547,238.98382568359375
2019-01-22,106.75,107.1,104.86,105.68,32371253.0,1282.5,52.56999969482422,20.799999237060547,235.75503540039062
2019-01-23,106.12,107.04,105.34,106.71,25874294.0,1283.0999755859375,52.619998931884766,19.520000457763672,236.248291015625
2019-01-24,106.86,107.0,105.34,106.2,23164838.0,1279.0999755859375,53.130001068115234,18.889999389648438,236.3738555908203
2019-01-25,107.24,107.88,106.59,107.17,31205188.0,1297.4000244140625,53.68999862670898,17.420000076293945,238.37393188476562
2019-01-28,106.26,106.48,104.66,105.08,29476719.0,1302.4000244140625,51.9900016784668,18.8700008392334,236.56222534179688
2019-01-29,104.88,104.97,102.17,102.94,31490547.0,1308.199951171875,53.310001373291016,19.1299991607666,236.248291015625
2019-01-30,104.62,106.38,104.33,106.38,49471866.0,1309.9000244140625,54.22999954223633,17.65999984741211,239.98829650878906
2019-01-31,103.8,105.22,103.18,104.43,55636381.0,1319.699951171875,53.790000915527344,16.56999969482422,242.09593200683594
2019-02-01,103.775,104.0999,102.35,102.78,35535690.0,1316.9000244140625,55.2599983215332,16.139999389648438,242.21263122558594
2019-02-04,102.87,105.8,102.77,105.74,31315282.0,1314.300048828125,54.560001373291016,15.729999542236328,243.91664123535156
2019-02-05,106.06,107.27,105.96,107.22,27325365.0,1314.199951171875,53.65999984741211,15.569999694824219,244.93905639648438
2019-02-06,107.0,107.0,105.53,106.03,20609759.0,1309.5,54.0099983215332,15.380000114440918,244.61624145507812
2019-02-07,105.185,105.59,104.29,105.27,29760697.0,1309.4000244140625,52.63999938964844,16.3700008392334,242.28440856933594
2019-02-08,104.39,105.78,104.2603,105.67,21461093.0,1313.699951171875,52.720001220703125,15.720000267028809,242.58026123046875
2019-02-11,106.2,106.58,104.965,105.25,18914123.0,1307.0,52.40999984741211,15.970000267028809,242.7148895263672
2019-02-12,106.14,107.14,105.48,106.89,25056595.0,1309.199951171875,53.09999847412109,15.430000305175781,245.83602905273438
2019-02-13,107.5,107.78,106.71,106.81,18394869.0,1310.800048828125,53.900001525878906,15.649999618530273,246.63424682617188
2019-02-14,106.31,107.29,105.66,106.9,21784703.0,1309.800048828125,54.40999984741211,16.219999313354492,246.08714294433594
2019-02-15,107.91,108.3,107.3624,108.22,26606886.0,1318.0999755859375,55.59000015258789,14.90999984741211,248.7688446044922
2019-02-19,107.79,108.66,107.78,108.17,18038460.0,1340.0999755859375,56.09000015258789,14.880000114440918,249.1992950439453
2019-02-20,107.86,107.94,106.29,107.15,21554671.0,1343.300048828125,56.91999816894531,14.020000457763672,249.70155334472656
2019-02-21,106.9,109.48,106.87,109.41,29063231.0,1323.5,56.959999084472656,14.460000038146973,248.8136444091797
2019-02-22,110.05,111.2,109.82,110.97,27763218.0,1329.199951171875,57.2599983215332,13.510000228881836,250.3562469482422
2019-02-25,111.76,112.18,111.26,111.59,23750599.0,1325.9000244140625,55.47999954223633,14.850000381469727,250.6970977783203
2019-02-26,111.26,113.24,111.17,112.36,21536733.0,1325.0999755859375,55.5,15.170000076293945,250.51768493652344
2019-02-27,111.69,112.36,110.88,112.17,21487062.0,1317.699951171875,56.93999862670898,14.699999809265137,250.41012573242188
2019-02-28,112.04,112.88,111.73,112.03,29083934.0,1312.800048828125,57.220001220703125,14.779999732971191,249.94369506835938
2019-03-01,112.89,113.02,111.665,112.53,23501169.0,1296.4000244140625,55.79999923706055,13.569999694824219,251.5043487548828
2019-03-04,113.02,113.25,110.8,112.26,26608014.0,1284.800048828125,56.59000015258789,14.630000114440918,250.58950805664062
2019-03-05,112.25,112.39,111.23,111.7,19538318.0,1282.0,56.560001373291016,14.739999771118164,250.24868774414062
2019-03-06,111.87,112.66,111.43,111.75,17686996.0,1284.9000244140625,56.220001220703125,15.739999771118164,248.73300170898438
2019-03-07,111.4,111.55,109.865,110.39,25338954.0,1283.800048828125,56.65999984741211,16.59000015258789,246.65219116210938
2019-03-08,109.16,110.71,108.8,110.51,22818430.0,1297.0,56.06999969482422,16.049999237060547,246.158935546875
2019-03-11,110.99,112.95,110.98,112.83,26491618.0,1288.800048828125,56.790000915527344,14.329999923706055,249.72850036621094
2019-03-12,112.82,113.99,112.6499,113.62,26132717.0,1296.300048828125,56.869998931884766,13.770000457763672,250.67018127441406
2019-03-13,114.13,115.0,113.78,114.5,35513771.0,1307.5,58.2599983215332,13.40999984741211,252.32945251464844
2019-03-14,114.54,115.2,114.33,114.59,30763367.0,1293.4000244140625,58.61000061035156,13.5,252.16802978515625
2019-03-15,115.34,117.25,114.59,115.91,54630661.0,1301.800048828125,58.52000045776367,12.880000114440918,253.41384887695312
2019-03-18,116.17,117.61,116.05,117.57,31207596.0,1300.300048828125,59.09000015258789,13.100000381469727,254.33265686035156
2019-03-19,118.09,118.44,116.99,117.65,37588697.0,1305.0,59.02999877929688,13.5600004196167,254.3958282470703
2019-03-20,117.39,118.75,116.71,117.52,28113343.0,1300.5,59.83000183105469,13.90999984741211,253.63009643554688
2019-03-21,117.135,120.82,117.09,120.22,29854446.0,1306.0999755859375,59.97999954223633,13.630000114440918,256.4947204589844
2019-03-22,119.5,119.59,117.04,117.05,33599528.0,1311.5999755859375,59.040000915527344,16.479999542236328,251.55819702148438
2019-03-25,116.56,118.01,116.3224,117.66,27067117.0,1321.9000244140625,58.81999969482422,16.329999923706055,251.36907958984375
2019-03-26,118.62,118.705,116.85,117.91,26097665.0,1314.300048828125,59.93999862670898,14.680000305175781,253.24264526367188
2019-03-27,117.875,118.21,115.5215,116.77,22733427.0,1309.9000244140625,59.40999984741211,15.149999618530273,251.91847229003906
2019-03-28,117.44,117.58,116.13,116.93,18334755.0,1289.800048828125,59.29999923706055,14.430000305175781,252.8733367919922
2019-03-29,118.07,118.32,116.96,117.94,25399752.0,1293.0,60.13999938964844,13.710000038146973,254.4678955078125
2019-04-01,118.95,119.1085,118.1,119.02,22789103.0,1288.4000244140625,61.59000015258789,13.399999618530273,257.4856262207031
2019-04-02,119.06,119.48,118.52,119.19,18142297.0,1290.0,62.58000183105469,13.359999656677246,257.61175537109375
2019-04-03,119.86,120.43,119.15,119.97,22860744.0,1289.9000244140625,62.459999084472656,13.739999771118164,258.0171203613281
2019-04-04,120.1,120.23,118.38,119.36,20112848.0,1289.0,62.09999847412109,13.579999923706055,258.7017517089844
2019-04-05,119.39,120.23,119.37,119.89,15826245.0,1290.4000244140625,63.08000183105469,12.819999694824219,259.9539489746094
2019-04-08,119.81,120.02,118.64,119.93,15116186.0,1297.0999755859375,64.4000015258789,13.180000305175781,260.1521911621094
2019-04-09,118.63,119.54,118.58,119.28,17611981.0,1303.5,63.97999954223633,14.279999732971191,258.8189392089844
2019-04-10,119.76,120.35,119.54,120.19,16477169.0,1309.0999755859375,64.61000061035156,13.300000190734863,259.7016906738281
2019-04-11,120.54,120.85,119.92,120.33,14209121.0,1288.5999755859375,63.58000183105469,13.020000457763672,259.629638671875
2019-04-12,120.64,120.98,120.37,120.95,19745143.0,1290.5999755859375,63.88999938964844,12.010000228881836,261.38629150390625
2019-04-15,120.94,121.58,120.57,121.05,15792572.0,1286.800048828125,63.400001525878906,12.319999694824219,261.21514892578125
2019-04-16,121.64,121.65,120.1,120.77,14071787.0,1272.5999755859375,64.05000305175781,12.180000305175781,261.38629150390625
2019-04-17,121.24,121.85,120.54,121.77,19300938.0,1272.199951171875,63.7599983215332,12.600000381469727,260.7466735839844
2019-04-18,122.19,123.52,121.3018,123.37,27990998.0,1271.9000244140625,64.0,12.09000015258789,261.2601623535156
2019-04-22,122.62,124.0,122.57,123.76,15648724.0,1273.5,65.69999694824219,12.420000076293945,261.4853210449219
2019-04-23,124.1,125.58,123.83,125.44,24025521.0,1269.300048828125,66.30000305175781,12.279999732971191,263.8365173339844
2019-04-24,125.79,125.85,124.52,125.01,31256980.0,1275.5,65.88999938964844,13.140000343322754,263.2509460449219
2019-04-25,130.06,131.37,128.83,129.15,37873892.0,1275.800048828125,65.20999908447266,13.25,263.0888366699219
2019-04-26,129.7,130.5152,129.02,129.89,23654933.0,1284.9000244140625,63.29999923706055,12.729999542236328,264.31396484375
2019-04-29,129.9,130.18,129.35,129.77,16324183.0,1278.5999755859375,63.5,13.109999656677246,264.7283630371094
2019-04-30,129.81,130.7,129.3947,130.6,24166503.0,1282.800048828125,63.90999984741211,13.119999885559082,264.86346435546875
2019-05-01,130.53,130.65,127.7,127.88,26821692.0,1281.4000244140625,63.59999847412109,14.800000190734863,262.8727111816406
2019-05-02,127.98,128.0,125.52,126.21,27350161.0,1269.699951171875,61.810001373291016,14.420000076293945,262.30511474609375
2019-05-03,127.36,129.43,127.25,128.9,24911126.0,1279.199951171875,61.93999862670898,12.869999885559082,264.87249755859375
2019-05-06,126.39,128.56,126.11,128.15,24239464.0,1281.699951171875,62.25,15.4399995803833,263.782470703125
2019-05-07,126.46,127.18,124.22,125.52,36017661.0,1283.5,61.400001525878906,19.31999969482422,259.3774108886719
2019-05-08,125.44,126.37,124.75,125.51,28407996.0,1279.4000244140625,62.119998931884766,19.399999618530273,259.0170593261719
2019-05-09,124.29,125.79,123.57,125.5,27197435.0,1283.5,61.70000076293945,19.100000381469727,258.2332763671875
2019-05-10,124.91,127.93,123.82,127.13,30915084.0,1285.699951171875,61.65999984741211,16.040000915527344,259.5306396484375
2019-05-13,124.11,125.55,123.04,123.35,33944923.0,1300.0999755859375,61.040000915527344,20.549999237060547,253.0084686279297
2019-05-14,123.87,125.88,123.7,124.73,25266315.0,1294.699951171875,61.77999877929688,18.059999465942383,255.296630859375
2019-05-15,124.26,126.71,123.7,126.02,24722708.0,1296.300048828125,62.02000045776367,16.440000534057617,256.7919616699219
2019-05-16,126.75,129.38,126.46,128.93,30112216.0,1285.0,62.869998931884766,15.289999961853027,259.1702880859375
2019-05-17,128.305,130.46,127.92,128.07,25770539.0,1274.5,62.7599983215332,15.960000038146973,257.4945983886719
2019-05-20,126.52,127.5894,125.7607,126.22,23706934.0,1276.0999755859375,63.09999847412109,16.309999465942383,255.79208374023438
2019-05-21,127.43,127.5273,126.58,126.9,15293260.0,1272.0,62.9900016784668,14.949999809265137,258.0982360839844
2019-05-22,126.62,128.24,126.52,127.67,15396485.0,1273.5999755859375,61.41999816894531,14.75,257.30548095703125
2019-05-23,126.2,126.29,124.74,126.18,23603810.0,1284.800048828125,57.90999984741211,16.920000076293945,254.1615753173828
2019-05-24,126.91,127.415,125.97,126.24,14123358.0,1283.0,58.630001068115234,15.850000381469727,254.73806762695312
2019-05-28,126.98,128.0,126.05,126.16,23128359.0,1276.5,59.13999938964844,17.5,252.3689422607422
2019-05-29,125.38,125.39,124.04,124.94,22643140.0,1280.5999755859375,58.810001373291016,17.899999618530273,250.67523193359375
2019-05-30,125.26,125.76,124.78,125.73,16829613.0,1287.0999755859375,56.59000015258789,17.299999237060547,251.35995483398438
2019-05-31,124.23,124.615,123.32,123.68,26646769.0,1305.800048828125,53.5,18.709999084472656,247.97276306152344
2019-06-03,123.85,124.37,119.01,119.84,37983637.0,1322.699951171875,53.25,18.860000610351562,247.34225463867188
2019-06-04,121.28,123.28,120.6522,123.16,29382642.0,1323.4000244140625,53.47999954223633,16.969999313354492,252.71131896972656
2019-06-05,124.95,125.87,124.21,125.83,24926140.0,1328.300048828125,51.68000030517578,16.09000015258789,254.900146484375
2019-06-06,126.44,127.97,125.6,127.82,21458961.0,1337.5999755859375,52.59000015258789,15.930000305175781,256.55780029296875
2019-06-07,129.19,132.25,128.26,131.4,33885588.0,1341.199951171875,53.9900016784668,16.299999237060547,259.1252136230469
2019-06-10,132.4,134.08,132.0,132.6,26477098.0,1324.699951171875,53.2599983215332,15.9399995803833,260.3142395019531
2019-06-11,133.88,134.24,131.2757,132.1,23913731.0,1326.4000244140625,53.27000045776367,15.989999771118164,260.2512512207031
2019-06-12,131.4,131.97,130.71,131.49,17092464.0,1331.9000244140625,51.13999938964844,15.90999984741211,259.7917785644531
2019-06-13,131.98,132.67,131.56,132.32,17200848.0,1339.199951171875,52.27999877929688,15.819999694824219,260.86370849609375
2019-06-14,132.26,133.79,131.64,132.45,17821703.0,1340.0999755859375,52.5099983215332,15.279999732971191,260.57550048828125
2019-06-17,132.63,133.73,132.53,132.85,14508185.0,1338.699951171875,51.93000030517578,15.350000381469727,260.6745300292969
2019-06-18,134.19,135.24,133.57,135.16,25934458.0,1346.5999755859375,53.900001525878906,15.149999618530273,263.4040832519531
2019-06-19,135.0,135.93,133.81,135.69,23744441.0,1344.5999755859375,53.7599983215332,14.329999923706055,263.9986572265625
2019-06-20,137.45,137.66,135.72,136.95,33042587.0,1392.9000244140625,56.650001525878906,14.75,266.52093505859375
2019-06-21,136.58,137.73,136.46,136.97,36727892.0,1396.199951171875,57.43000030517578,15.399999618530273,266.1335754394531
2019-06-24,137.0,138.4,137.0,137.78,20628841.0,1414.300048828125,57.900001525878906,15.260000228881836,265.8077392578125
2019-06-25,137.25,137.59,132.73,133.43,33327420.0,1414.9000244140625,57.83000183105469,16.280000686645508,263.20074462890625
2019-06-26,134.35,135.74,133.6,133.93,23657745.0,1411.5999755859375,59.380001068115234,16.209999084472656,262.9381103515625
2019-06-27,134.14,134.71,133.51,134.15,16557482.0,1408.4000244140625,59.43000030517578,15.819999694824219,263.87054443359375
2019-06-28,134.57,134.6,133.1558,133.96,30042969.0,1409.699951171875,58.470001220703125,15.079999923706055,265.22833251953125
2019-07-01,136.63,136.7,134.97,135.68,22654160.0,1385.5999755859375,59.09000015258789,14.0600004196167,267.63623046875
2019-07-02,136.12,136.59,135.34,136.58,15237843.0,1404.5999755859375,56.25,12.930000305175781,268.3332824707031
2019-07-03,136.8,137.74,136.295,137.46,13629296.0,1417.699951171875,57.34000015258789,12.569999694824219,270.47857666015625
2019-07-05,135.94,137.33,135.72,137.06,18141140.0,1396.699951171875,57.5099983215332,13.279999732971191,270.1707763671875
2019-07-08,136.4,137.1,135.3701,136.96,16779748.0,1397.0,57.65999984741211,13.960000038146973,268.6862487792969
2019-07-09,136.0,136.97,135.8,136.46,19953097.0,1397.5,57.83000183105469,14.09000015258789,269.0212707519531
2019-07-10,137.13,138.58,137.02,137.85,24204362.0,1410.0999755859375,60.43000030517578,13.029999732971191,270.30657958984375
2019-07-11,138.2,139.22,137.87,138.4,22308942.0,1404.300048828125,60.20000076293945,12.930000305175781,270.9402160644531
2019-07-12,138.85,139.13,138.0099,138.9,18936832.0,1409.9000244140625,60.209999084472656,12.390000343322754,272.1532287597656
2019-07-15,139.44,139.54,138.46,138.9,16651457.0,1411.4000244140625,59.58000183105469,12.680000305175781,272.2437744140625
2019-07-16,138.96,139.05,136.52,137.08,22726128.0,1409.199951171875,57.619998931884766,12.859999656677246,271.3656921386719
2019-07-17,137.7,137.93,136.22,136.27,20210956.0,1421.300048828125,56.77999877929688,13.970000267028809,269.5191345214844
2019-07-18,135.55,136.62,134.67,136.42,30773707.0,1426.0999755859375,55.29999923706055,13.529999732971191,270.50579833984375
2019-07-19,140.22,140.67,136.45,136.62,48992364.0,1425.0999755859375,55.630001068115234,14.449999809265137,269.0031433105469
2019-07-22,137.41,139.19,137.33,138.43,25080760.0,1425.300048828125,56.220001220703125,13.529999732971191,269.66400146484375
2019-07-23,139.76,139.99,138.03,139.29,18034589.0,1420.0999755859375,56.77000045776367,12.609999656677246,271.592041015625
2019-07-24,138.9,140.74,138.85,140.72,20738275.0,1422.800048828125,55.880001068115234,12.069999694824219,272.8683776855469
2019-07-25,140.43,140.61,139.3215,140.19,18356883.0,1413.9000244140625,56.02000045776367,12.739999771118164,271.5648498535156
2019-07-26,140.37,141.675,140.3,141.34,19037600.0,1418.5,56.20000076293945,12.15999984741211,273.3844299316406
2019-07-29,141.5,141.51,139.3663,141.03,16605870.0,1419.5999755859375,56.869998931884766,12.829999923706055,272.8865051269531
2019-07-30,140.14,141.2199,139.8005,140.35,16846528.0,1429.699951171875,58.04999923706055,13.9399995803833,272.21661376953125
2019-07-31,140.33,140.49,135.08,136.27,38598786.0,1426.0999755859375,58.58000183105469,16.1200008392334,269.2384948730469
2019-08-01,137.0,140.9383,136.93,138.06,40557502.0,1420.9000244140625,53.95000076293945,17.8700008392334,266.89398193359375
2019-08-02,138.09,138.32,135.26,136.9,30791624.0,1445.5999755859375,55.65999984741211,17.610000610351562,264.88446044921875
2019-08-05,133.3,133.9298,130.78,132.21,42749551.0,1464.5999755859375,54.68999862670898,24.59000015258789,256.91845703125
2019-08-06,133.8,135.68,133.21,134.69,32696651.0,1472.4000244140625,53.630001068115234,20.170000076293945,260.5212097167969
2019-08-07,133.79,135.65,131.8284,135.28,33414539.0,1507.300048828125,51.09000015258789,19.489999771118164,260.67510986328125
2019-08-08,136.6,138.99,135.93,138.89,27496508.0,1497.699951171875,52.540000915527344,16.90999984741211,265.7895812988281
2019-08-09,138.61,139.38,136.46,137.71,23466701.0,1496.5999755859375,54.5,17.969999313354492,263.9792175292969
2019-08-12,137.07,137.86,135.24,135.79,20484348.0,1505.300048828125,54.93000030517578,21.09000015258789,260.7655944824219
2019-08-13,136.05,138.8,135.0,138.6,25496593.0,1502.199951171875,57.09999847412109,17.520000457763672,264.8210144042969
2019-08-14,136.36,136.92,133.67,133.98,32527251.0,1515.9000244140625,55.22999954223633,22.100000381469727,256.9909362792969
2019-08-15,134.39,134.58,132.25,133.68,28035416.0,1519.5999755859375,54.470001220703125,21.18000030517578,257.6697692871094
2019-08-16,134.88,136.46,134.72,136.13,25026151.0,1512.5,54.869998931884766,18.469999313354492,261.4717712402344
2019-08-19,137.855,138.55,136.885,138.41,24370543.0,1500.4000244140625,56.209999084472656,16.8799991607666,264.62188720703125
2019-08-20,138.21,138.71,137.24,137.26,21158398.0,1504.5999755859375,56.34000015258789,17.5,262.59423828125
2019-08-21,138.55,139.4935,138.0,138.79,14982314.0,1504.5999755859375,55.68000030517578,15.800000190734863,264.7304992675781
2019-08-22,138.66,139.2,136.29,137.78,18709662.0,1497.300048828125,55.34999847412109,16.68000030517578,264.6490478515625
2019-08-23,137.1897,138.35,132.8,133.39,38515386.0,1526.5999755859375,54.16999816894531,19.8700008392334,257.8509521484375
2019-08-26,134.99,135.56,133.9,135.45,20325271.0,1526.300048828125,53.63999938964844,19.31999969482422,260.7023010253906
2019-08-27,136.39,136.72,134.66,135.74,23106835.0,1541.0,54.93000030517578,20.309999465942383,259.6794128417969
2019-08-28,134.88,135.76,133.55,135.56,17410828.0,1537.800048828125,55.77999877929688,19.350000381469727,261.50799560546875
2019-08-29,137.25,138.44,136.91,138.12,20161716.0,1526.5,56.709999084472656,17.8799991607666,264.84814453125
2019-08-30,139.15,139.18,136.27,137.86,23946123.0,1519.0999755859375,55.09999847412109,18.979999542236328,264.7304992675781
2019-09-03,136.61,137.2,135.7,136.04,18880773.0,1545.9000244140625,53.93999862670898,19.65999984741211,263.18255615234375
2019-09-04,137.3,137.69,136.48,137.63,18015310.0,1550.300048828125,56.2599983215332,17.329999923706055,266.1697692871094
2019-09-05,139.11,140.3837,138.76,140.05,26119520.0,1515.4000244140625,56.29999923706055,16.270000457763672,269.5915832519531
2019-09-06,140.03,140.18,138.2,139.1,20824504.0,1506.199951171875,56.52000045776367,15.0,269.79974365234375
2019-09-09,139.59,139.75,136.46,137.52,25773932.0,1502.199951171875,57.84999847412109,15.270000457763672,269.93548583984375
2019-09-10,136.8,136.8862,134.51,136.08,28903378.0,1490.300048828125,57.400001525878906,15.199999809265137,269.8720703125
2019-09-11,135.91,136.27,135.09,136.12,24726117.0,1494.4000244140625,55.75,14.609999656677246,271.7911682128906
2019-09-12,137.85,138.42,136.87,137.52,27009981.0,1498.699951171875,55.09000015258789,14.220000267028809,272.7326354980469
2019-09-13,137.78,138.06,136.57,137.32,23363057.0,1490.9000244140625,54.84999847412109,13.739999771118164,272.55157470703125
2019-09-16,135.83,136.7,135.66,136.33,16731440.0,1503.0999755859375,62.900001525878906,14.670000076293945,271.709716796875
2019-09-17,136.96,137.52,136.425,137.39,17976285.0,1505.0999755859375,59.34000015258789,14.4399995803833,272.3976745605469
2019-09-18,137.36,138.67,136.5299,138.52,24473386.0,1507.5,58.11000061035156,13.949999809265137,272.5606384277344
2019-09-19,140.3,142.37,140.0736,141.07,36095413.0,1498.4000244140625,58.130001068115234,14.050000190734863,272.54254150390625
2019-09-20,141.01,141.65,138.25,139.44,40040766.0,1507.300048828125,58.09000015258789,15.319999694824219,271.2547912597656
2019-09-23,139.23,139.63,138.44,139.14,16908374.0,1523.699951171875,58.63999938964844,14.90999984741211,271.1911926269531
2019-09-24,140.36,140.69,136.88,137.38,30016670.0,1532.0999755859375,57.290000915527344,17.049999237060547,269.0632019042969
2019-09-25,137.5,139.958,136.03,139.36,22544054.0,1504.5999755859375,56.4900016784668,15.960000038146973,270.6546325683594
2019-09-26,139.44,140.18,138.44,139.54,17813512.0,1507.5,56.40999984741211,16.06999969482422,270.0907897949219
2019-09-27,140.15,140.36,136.645,137.73,22498958.0,1499.0999755859375,55.90999984741211,17.219999313354492,268.63580322265625
2019-09-30,138.05,139.215,137.78,139.03,18430390.0,1465.699951171875,54.06999969482422,16.239999771118164,269.8815612792969
2019-10-01,139.66,140.25,137.0,137.07,22581929.0,1482.0,53.619998931884766,18.559999465942383,266.6714782714844
2019-10-02,136.25,136.37,133.5799,134.65,31949263.0,1501.0,52.63999938964844,20.559999465942383,261.960693359375
2019-10-03,134.95,136.75,133.22,136.28,26379798.0,1507.0999755859375,52.45000076293945,19.1200008392334,264.10699462890625
2019-10-04,136.75,138.25,136.42,138.12,23839548.0,1506.199951171875,52.810001373291016,17.040000915527344,267.680908203125
2019-10-07,137.14,138.18,137.02,137.12,16351284.0,1497.699951171875,52.75,17.860000610351562,266.5260314941406
2019-10-08,137.08,137.76,135.62,135.67,26783336.0,1497.199951171875,52.630001068115234,20.280000686645508,262.3881530761719
2019-10-09,137.46,138.7,136.97,138.24,20178482.0,1506.0999755859375,52.59000015258789,18.639999389648438,264.87994384765625
2019-10-10,138.49,139.6699,138.25,139.1,18396605.0,1494.800048828125,53.54999923706055,17.56999969482422,266.6714782714844
2019-10-11,140.12,141.03,139.5,139.68,25551065.0,1482.699951171875,54.70000076293945,15.579999923706055,269.43609619140625
2019-10-14,139.69,140.29,139.52,139.55,13553839.0,1491.699951171875,53.59000015258789,14.569999694824219,269.1358642578125
2019-10-15,140.06,141.79,139.81,141.575,19917762.0,1477.5999755859375,52.810001373291016,13.539999961853027,271.8004455566406
2019-10-16,140.79,140.99,139.53,140.41,20841687.0,1488.0,53.36000061035156,13.680000305175781,271.36395263671875
2019-10-17,140.95,141.42,139.02,139.69,22102797.0,1492.300048828125,53.93000030517578,13.789999961853027,272.16424560546875
2019-10-18,139.76,140.0,136.56,137.41,32284428.0,1488.199951171875,53.77999877929688,14.25,270.972900390625
2019-10-21,138.45,138.5,137.01,138.43,20716039.0,1482.4000244140625,53.310001373291016,14.0,272.80987548828125
2019-10-22,138.97,140.01,136.26,136.37,27935270.0,1481.699951171875,54.15999984741211,14.460000038146973,271.9186706542969
2019-10-23,136.88,137.45,135.61,137.24,31380309.0,1489.9000244140625,55.970001220703125,14.010000228881836,272.7098693847656
2019-10-24,139.39,140.42,138.67,139.94,37278399.0,1498.9000244140625,56.22999954223633,13.710000038146973,273.1553955078125
2019-10-25,139.34,141.14,139.2,140.73,25959724.0,1499.5,56.65999984741211,12.649999618530273,274.27398681640625
2019-10-28,144.4,145.67,143.51,144.19,35280137.0,1490.0,55.810001373291016,13.109999656677246,275.8199768066406
2019-10-29,144.08,144.5,142.65,142.83,20589469.0,1487.0,55.540000915527344,13.199999809265137,275.7381896972656
2019-10-30,143.52,145.0,142.79,144.61,18496591.0,1493.199951171875,55.060001373291016,12.329999923706055,276.5838928222656
2019-10-31,144.9,144.93,142.99,143.37,24605135.0,1511.4000244140625,54.18000030517578,13.220000267028809,275.8472900390625
2019-11-01,144.26,144.42,142.965,143.72,33128366.0,1508.0,56.20000076293945,12.300000190734863,278.4027099609375
2019-11-04,144.83,145.0,144.16,144.55,16911999.0,1508.0,56.540000915527344,12.829999923706055,279.5212097167969
2019-11-05,144.97,145.02,143.905,144.46,18250172.0,1480.800048828125,57.22999954223633,13.100000381469727,279.2120056152344
2019-11-06,144.37,144.52,143.2,144.06,16575798.0,1490.199951171875,56.34999847412109,12.619999885559082,279.2756652832031
2019-11-07,143.84,144.88,143.77,144.26,17786715.0,1464.199951171875,57.150001525878906,12.729999542236328,280.2578430175781
2019-11-08,143.98,145.99,143.76,145.96,16752939.0,1461.300048828125,57.2400016784668,12.069999694824219,280.948974609375
2019-11-11,145.34,146.42,144.73,146.11,14370178.0,1455.5,56.86000061035156,12.6899995803833,280.4123229980469
2019-11-12,146.28,147.57,146.06,147.07,18635512.0,1452.0999755859375,56.79999923706055,12.680000305175781,281.0035705566406
2019-11-13,146.74,147.4625,146.28,147.31,17444230.0,1461.699951171875,57.119998931884766,13.0,281.094482421875
2019-11-14,147.02,148.41,147.0,148.06,19755100.0,1471.800048828125,56.77000045776367,13.050000190734863,281.50372314453125
2019-11-15,148.93,149.99,148.27,149.97,23358807.0,1467.300048828125,57.720001220703125,12.050000190734863,283.5407409667969
2019-11-18,150.07,150.55,148.98,150.34,21304762.0,1470.9000244140625,57.04999923706055,12.460000038146973,283.74993896484375
2019-11-19,150.88,151.33,150.195,150.39,23960164.0,1473.300048828125,55.209999084472656,12.859999656677246,283.6680908203125
2019-11-20,150.31,150.84,148.46,149.62,25720060.0,1473.300048828125,57.11000061035156,12.779999732971191,282.6131896972656
2019-11-21,149.4,149.8,148.501,149.48,18001083.0,1463.0999755859375,58.58000183105469,13.130000114440918,282.158447265625
2019-11-22,150.07,150.3,148.82,149.59,15741680.0,1463.0999755859375,57.77000045776367,12.34000015258789,282.7859802246094
2019-11-25,150.0,151.35,149.92,151.23,22178585.0,1456.5999755859375,58.0099983215332,11.869999885559082,284.9775695800781
2019-11-26,151.36,152.42,151.32,152.03,24635100.0,1459.800048828125,58.40999984741211,11.539999961853027,285.623291015625
2019-11-27,152.33,152.5,151.52,152.32,15201293.0,1453.4000244140625,58.11000061035156,11.75,286.896484375
2019-11-29,152.1,152.3,151.28,151.38,11977300.0,1465.5999755859375,55.16999816894531,12.619999885559082,285.8324279785156
2019-12-02,151.81,151.83,148.32,149.55,27473616.0,1462.300048828125,55.959999084472656,14.90999984741211,283.4043273925781
2019-12-03,147.49,149.43,146.65,149.31,25192145.0,1478.199951171875,56.09999847412109,15.960000038146973,281.50372314453125
2019-12-04,150.14,150.1799,149.2,149.85,17580617.0,1474.0,58.43000030517578,14.800000190734863,283.24066162109375
2019-12-05,150.05,150.32,149.48,149.93,17880601.0,1476.9000244140625,58.43000030517578,14.520000457763672,283.74993896484375
2019-12-06,150.99,151.87,150.27,151.75,16410400.0,1459.0999755859375,59.20000076293945,13.619999885559082,286.3416442871094
2019-12-09,151.07,152.21,150.91,151.36,16741350.0,1459.300048828125,59.02000045776367,15.859999656677246,285.4413757324219
2019-12-10,151.29,151.89,150.765,151.13,16481060.0,1462.5999755859375,59.2400016784668,15.680000305175781,285.12310791015625
2019-12-11,151.54,151.87,150.33,151.7,18859981.0,1469.4000244140625,58.7599983215332,14.989999771118164,285.9324951171875
2019-12-12,151.65,153.44,151.02,153.24,24645366.0,1466.699951171875,59.18000030517578,13.9399995803833,288.3969421386719
2019-12-13,153.0035,154.89,152.83,154.53,23850062.0,1475.5999755859375,60.06999969482422,12.630000114440918,288.5697326660156
2019-12-16,155.11,155.9,154.82,155.53,24152770.0,1475.0,60.209999084472656,12.140000343322754,290.5522155761719
2019-12-17,155.45,155.71,154.45,154.69,25443527.0,1474.5999755859375,60.93999862670898,12.289999961853027,290.61590576171875
2019-12-18,154.3,155.48,154.18,154.37,24132379.0,1472.5999755859375,60.93000030517578,12.579999923706055,290.63409423828125
2019-12-19,154.0,155.77,153.75,155.71,25813825.0,1478.199951171875,61.220001220703125,12.5,291.8253479003906
2019-12-20,157.35,158.49,156.29,157.41,53599613.0,1474.699951171875,60.43999862670898,12.510000228881836,293.1048583984375
2019-12-23,158.12,158.12,157.27,157.41,17726283.0,1482.5,60.52000045776367,12.609999656677246,293.5525207519531
2019-12-24,157.48,157.71,157.115,157.38,8989150.0,1499.0999755859375,61.11000061035156,12.670000076293945,293.5616760253906
2019-12-26,157.56,158.73,157.4,158.67,14526926.0,1509.300048828125,61.68000030517578,12.649999618530273,295.1243896484375
2019-12-27,159.45,159.55,158.22,158.96,18414352.0,1513.800048828125,61.720001220703125,13.430000305175781,295.05126953125
2019-12-30,158.9865,159.02,156.73,157.59,16356720.0,1514.5,61.68000030517578,14.819999694824219,293.424560546875
2019-12-31,156.77,157.77,156.45,157.7,18393383.0,1519.5,61.060001373291016,13.779999732971191,294.1374816894531
2020-01-02,158.78,160.73,158.33,160.62,22634546.0,1524.5,61.18000030517578,12.470000267028809,296.8882751464844
2020-01-03,158.32,159.945,158.06,158.62,21121681.0,1549.199951171875,63.04999923706055,14.020000457763672,294.64007568359375
2020-01-06,157.08,159.1,156.51,159.03,20826702.0,1566.199951171875,63.27000045776367,13.850000381469727,295.7640380859375
2020-01-07,159.32,159.67,157.32,157.58,21881740.0,1571.800048828125,62.70000076293945,13.789999961853027,294.9325256347656
2020-01-08,158.93,160.8,157.9491,160.09,27762026.0,1557.4000244140625,59.61000061035156,13.449999809265137,296.5043640136719
2020-01-09,161.835,162.215,161.03,162.09,21399730.0,1551.699951171875,59.560001373291016,12.539999961853027,298.514892578125
2020-01-10,162.8235,163.22,161.18,161.34,20733946.0,1557.5,59.040000915527344,12.5600004196167,297.6558532714844
2020-01-13,161.76,163.31,161.26,163.28,21637007.0,1548.4000244140625,58.08000183105469,12.319999694824219,299.702880859375
2020-01-14,163.39,163.6,161.72,162.13,23500783.0,1542.4000244140625,58.22999954223633,12.390000343322754,299.2460021972656
2020-01-15,162.62,163.94,162.57,163.18,21406771.0,1552.0999755859375,57.810001373291016,12.420000076293945,299.92218017578125
2020-01-16,164.35,166.24,164.03,166.17,23865360.0,1549.0,58.52000045776367,12.319999694824219,302.41717529296875
2020-01-17,167.42,167.4675,165.43,167.1,34371659.0,1558.800048828125,58.540000915527344,12.100000381469727,303.3583679199219
2020-01-21,166.68,168.19,166.43,166.5,29286191.0,1556.4000244140625,58.34000015258789,12.850000381469727,302.7643737792969
2020-01-22,167.4,167.49,165.68,165.7,24138777.0,1555.300048828125,56.7400016784668,12.90999984741211,302.80084228515625
2020-01-23,166.19,166.8,165.27,166.72,19680766.0,1564.5999755859375,55.59000015258789,12.979999542236328,303.1481628417969
2020-01-24,167.51,167.53,164.45,165.04,24918117.0,1571.0999755859375,54.18999862670898,14.5600004196167,300.4522705078125
2020-01-27,161.15,163.375,160.2,162.28,32078067.0,1576.800048828125,53.13999938964844,18.229999542236328,295.63616943359375
2020-01-28,163.78,165.755,163.073,165.46,24899940.0,1569.199951171875,53.47999954223633,16.280000686645508,298.7342224121094
2020-01-29,167.84,168.75,165.69,168.04,35127771.0,1569.800048828125,53.33000183105469,16.389999389648438,298.4873962402344
2020-01-30,174.05,174.05,170.79,172.78,51593470.0,1583.5,52.13999938964844,15.489999771118164,299.4561767578125
2020-01-31,172.21,172.4,169.58,170.23,36142690.0,1582.9000244140625,51.560001373291016,18.84000015258789,294.0185546875
2020-02-03,170.43,174.5,170.4,174.38,30149052.0,1577.199951171875,50.11000061035156,17.969999313354492,296.2028503417969
2020-02-04,177.14,180.64,176.31,180.12,36433339.0,1550.4000244140625,49.61000061035156,16.049999237060547,300.71734619140625
2020-02-05,184.03,184.2,178.4101,179.9,39186324.0,1557.800048828125,50.75,15.149999618530273,304.19000244140625
2020-02-06,180.97,183.8199,180.059,183.63,27671381.0,1565.0999755859375,50.95000076293945,14.960000038146973,305.2135009765625
2020-02-07,182.845,185.63,182.48,183.89,33511074.0,1568.5999755859375,50.31999969482422,15.470000267028809,303.58685302734375
2020-02-10,183.58,188.84,183.25,188.7,35844267.0,1574.699951171875,49.56999969482422,15.039999961853027,305.853271484375
2020-02-11,190.65,190.7,183.5,184.44,53159906.0,1565.5999755859375,49.93999862670898,15.180000305175781,306.3832702636719
2020-02-12,185.58,185.85,181.85,184.71,47062921.0,1567.4000244140625,51.16999816894531,13.739999771118164,308.3571472167969
2020-02-13,183.08,186.23,182.872,183.71,35295834.0,1575.0999755859375,51.41999816894531,14.149999618530273,308.0282897949219
2020-02-14,183.25,185.41,182.65,185.35,23149516.0,1582.699951171875,52.04999923706055,13.680000305175781,308.5217590332031
2020-02-18,185.605,187.7,185.5,187.23,27853098.0,1600.0,52.04999923706055,14.829999923706055,307.7266845703125
2020-02-19,188.06,188.18,186.47,187.28,29979871.0,1607.5,53.290000915527344,14.380000114440918,309.197998046875
2020-02-20,186.95,187.25,181.1,184.42,36862376.0,1616.5999755859375,53.77999877929688,15.5600004196167,307.927734375
2020-02-21,183.17,183.5,177.25,178.59,48600385.0,1644.5999755859375,53.380001068115234,17.079999923706055,304.7565612792969
2020-02-24,167.77,174.55,163.23,170.89,68311066.0,1672.4000244140625,51.43000030517578,25.030000686645508,294.6492004394531
2020-02-25,174.2,174.84,167.6462,168.07,68060395.0,1646.9000244140625,49.900001525878906,27.850000381469727,285.7207336425781
2020-02-26,169.71,173.26,168.21,170.17,56387016.0,1640.0,48.72999954223633,27.559999465942383,284.66973876953125
2020-02-27,163.32,167.03,157.98,158.18,93174906.0,1640.0,47.09000015258789,39.15999984741211,271.88482666015625
2020-02-28,152.41,163.71,152.0,162.01,97073557.0,1564.0999755859375,44.7599983215332,40.11000061035156,270.7423400878906
2020-03-02,165.31,172.92,162.31,172.79,71030810.0,1592.300048828125,46.75,33.41999816894531,282.4673156738281
2020-03-03,173.8,175.0,162.26,164.51,71677019.0,1642.0999755859375,47.18000030517578,36.81999969482422,274.3796081542969
2020-03-04,168.485,170.7,165.62,170.55,49789383.0,1641.0999755859375,46.77999877929688,31.989999771118164,285.91259765625
2020-03-05,166.045,170.87,165.69,166.27,47817251.0,1666.4000244140625,45.900001525878906,39.619998931884766,276.408447265625
2020-03-06,162.61,163.11,156.0,161.57,72821057.0,1670.800048828125,41.27999877929688,41.939998626708984,271.8390197753906
2020-03-09,151.0,157.75,150.0,150.62,70419274.0,1674.5,31.1299991607666,54.459999084472656,250.60992431640625
2020-03-10,158.16,161.03,152.58,160.92,65354385.0,1659.0999755859375,34.36000061035156,47.29999923706055,263.5776672363281
2020-03-11,157.13,157.7,151.15,153.63,56504304.0,1641.4000244140625,32.97999954223633,53.900001525878906,250.72872924804688
2020-03-12,145.3,153.47,138.58,139.06,93226366.0,1589.300048828125,31.5,75.47000122070312,226.73968505859375
2020-03-13,147.5,161.91,140.73,158.83,92727446.0,1515.699951171875,31.729999542236328,57.83000183105469,246.12286376953125
2020-03-16,140.0,149.35,135.0,135.42,87905868.0,1485.9000244140625,28.700000762939453,82.69000244140625,219.19114685058594
2020-03-17,140.0,147.4998,135.0,146.57,81059817.0,1524.9000244140625,26.950000762939453,75.91000366210938,231.02574157714844
2020-03-18,138.0,146.0,135.02,140.4,81523673.0,1477.300048828125,20.3700008392334,76.44999694824219,219.3282470703125
2020-03-19,142.77,150.15,139.0,142.71,85922661.0,1478.5999755859375,25.21999931335449,72.0,219.79429626464844
2020-03-20,146.0,147.1,135.86,137.35,84855815.0,1484.0,22.43000030517578,66.04000091552734,210.3224334716797
2020-03-23,137.01,140.57,132.52,135.98,78975176.0,1567.0,23.36000061035156,61.59000015258789,204.94488525390625
2020-03-24,143.75,149.6,141.27,148.34,82516727.0,1660.199951171875,24.01000022888184,61.66999816894531,223.51356506347656
2020-03-25,148.91,154.33,144.44,146.92,75638224.0,1632.300048828125,24.489999771118164,63.95000076293945,226.85955810546875
2020-03-26,148.4,156.66,148.37,156.11,64694427.0,1650.0999755859375,22.600000381469727,61.0,240.10585021972656
2020-03-27,151.75,154.89,149.2,149.7,57042291.0,1623.9000244140625,21.51000022888184,65.54000091552734,232.95413208007812
2020-03-30,152.44,160.6,150.01,160.23,63420326.0,1622.0,20.09000015258789,57.08000183105469,240.51951599121094
2020-03-31,159.4,164.78,156.56,157.71,77927186.0,1583.4000244140625,20.479999542236328,53.540000915527344,236.93447875976562
2020-04-01,153.0,157.75,150.82,152.11,57969926.0,1578.199951171875,20.309999465942383,57.060001373291016,226.27125549316406
2020-04-02,151.86,155.48,150.36,155.26,49630735.0,1625.699951171875,25.31999969482422,50.90999984741211,231.4926300048828
2020-04-03,155.1,157.38,152.19,153.83,41243284.0,1633.699951171875,28.34000015258789,46.79999923706055,228.14654541015625
2020-04-06,160.32,166.5,157.58,165.27,67111697.0,1677.0,26.07999992370605,45.2400016784668,243.47024536132812
2020-04-07,169.585,170.0,163.26,163.49,62769038.0,1664.800048828125,23.6299991607666,46.70000076293945,243.71847534179688
2020-04-08,165.67,166.67,163.5,165.13,48318234.0,1665.4000244140625,25.09000015258789,43.349998474121094,251.8997802734375
2020-04-09,166.36,167.37,163.33,165.14,51431775.0,1736.199951171875,22.76000022888184,41.66999816894531,255.7330780029297
2020-04-13,164.35,165.57,162.3,165.51,41905264.0,1744.800048828125,22.40999984741211,41.16999816894531,253.3981170654297
2020-04-14,169.0,173.75,168.0,173.7,52874338.0,1756.699951171875,20.11000061035156,37.7599983215332,260.87158203125
2020-04-15,171.2,173.57,169.24,171.88,40940833.0,1727.199951171875,19.8700008392334,40.84000015258789,255.32850646972656
2020-04-16,174.3,177.28,172.9,177.04,50479610.0,1720.4000244140625,19.8700008392334,40.11000061035156,256.5602722167969
2020-04-17,179.5,180.0,175.87,178.6,52765625.0,1689.199951171875,18.270000457763672,38.150001525878906,263.4913635253906
2020-04-20,176.63,178.75,174.99,175.06,36669595.0,1701.5999755859375,-37.630001068115234,43.83000183105469,258.8492126464844
2020-04-21,173.5,173.6699,166.1102,167.82,56203749.0,1678.199951171875,10.010000228881836,45.40999984741211,250.98965454101562
2020-04-22,171.39,174.0,170.82,173.52,34651504.0,1728.699951171875,13.779999732971191,41.97999954223633,256.5602722167969
2020-04-23,174.11,175.06,170.91,171.42,32786684.0,1733.300048828125,16.5,41.380001068115234,256.5419006347656
2020-04-24,172.06,174.56,170.71,174.55,34305320.0,1723.5,16.940000534057617,35.93000030517578,260.1177062988281
2020-04-27,176.59,176.9,173.3,174.05,33194384.0,1711.9000244140625,12.779999732971191,33.290000915527344,263.8681945800781
2020-04-28,175.59,175.67,169.39,169.81,34392694.0,1710.5,12.34000015258789,33.56999969482422,262.65484619140625
2020-04-29,173.22,177.68,171.88,177.43,51286559.0,1703.4000244140625,15.0600004196167,31.229999542236328,269.53076171875
2020-04-30,180.0,180.4,176.23,179.21,53875857.0,1684.199951171875,18.84000015258789,34.150001525878906,267.02117919921875
2020-05-01,175.8,178.64,174.01,174.57,39370474.0,1694.5,19.780000686645508,37.189998626708984,259.9522705078125
2020-05-04,174.49,179.0,173.8,178.84,30372862.0,1706.9000244140625,20.38999938964844,35.970001220703125,260.6693115234375
2020-05-05,180.62,183.65,179.9,180.76,36839168.0,1704.4000244140625,24.559999465942383,33.61000061035156,263.07769775390625
2020-05-06,182.08,184.2,181.6306,182.54,32139299.0,1684.199951171875,23.989999771118164,34.119998931884766,261.29437255859375
2020-05-07,184.17,184.55,182.58,183.6,28294992.0,1721.800048828125,23.549999237060547,31.440000534057617,264.44732666015625
2020-05-08,184.9797,185.0,183.36,184.68,30912638.0,1709.9000244140625,24.739999771118164,27.979999542236328,268.8229675292969
2020-05-11,183.15,187.51,182.85,186.74,30892660.0,1695.300048828125,24.13999938964844,27.56999969482422,268.87811279296875
2020-05-12,186.8,187.04,182.3,182.51,32038199.0,1704.4000244140625,25.780000686645508,33.040000915527344,263.5189514160156
2020-05-13,182.55,184.05,176.54,179.75,44711488.0,1713.9000244140625,25.290000915527344,35.279998779296875,258.8583984375
2020-05-14,177.54,180.69,175.68,180.53,41870711.0,1738.0999755859375,27.559999465942383,32.61000061035156,261.9562683105469
2020-05-15,179.06,187.06,177.0,183.16,46580982.0,1753.4000244140625,29.43000030517578,31.889999389648438,263.1604309082031
2020-05-18,185.75,186.2,183.96,184.91,35306620.0,1731.800048828125,31.81999969482422,29.299999237060547,271.17626953125
2020-05-19,185.03,186.6,183.49,183.63,26799116.0,1744.199951171875,32.5,30.530000686645508,268.3909606933594
2020-05-20,184.81,185.85,183.94,185.66,31261334.0,1750.5999755859375,33.4900016784668,27.989999771118164,272.950439453125
2020-05-21,185.4,186.67,183.29,183.43,29119513.0,1720.5,33.91999816894531,29.530000686645508,271.0659484863281
2020-05-22,183.19,184.46,182.54,183.51,20826898.0,1734.5999755859375,33.25,28.15999984741211,271.5807189941406
2020-05-26,186.34,186.5,181.1,181.57,36073609.0,1704.800048828125,34.349998474121094,28.010000228881836,274.9267578125
2020-05-27,180.2,181.9877,176.6,181.81,39517146.0,1710.300048828125,32.810001373291016,27.6200008392334,279.0173645019531
2020-05-28,180.74,184.1474,180.38,181.4,33820124.0,1713.300048828125,33.709999084472656,28.59000015258789,278.50262451171875
2020-05-29,182.73,184.27,180.41,183.25,42146720.0,1736.9000244140625,35.4900016784668,27.510000228881836,279.74365234375
2020-06-01,182.54,183.0,181.46,182.83,22668821.0,1737.800048828125,35.439998626708984,28.229999542236328,280.874267578125
2020-06-02,184.25,185.0,181.35,184.91,30794585.0,1725.199951171875,36.810001373291016,26.84000015258789,283.1998596191406
2020-06-03,184.815,185.94,183.58,185.36,27281016.0,1697.800048828125,37.290000915527344,25.65999984741211,286.96881103515625
2020-06-04,184.3,185.84,182.3,182.92,28742809.0,1718.9000244140625,37.40999984741211,25.809999465942383,286.2149353027344
2020-06-05,182.62,187.73,182.01,187.2,39893643.0,1676.199951171875,39.54999923706055,24.520000457763672,293.5505065917969
2020-06-08,185.94,188.55,184.44,188.36,33211590.0,1698.300048828125,38.18999862670898,25.809999465942383,297.098876953125
2020-06-09,188.0,190.7,187.2605,189.8,29783916.0,1714.699951171875,38.93999862670898,27.56999969482422,294.88348388671875
2020-06-10,191.125,198.52,191.01,196.84,43872329.0,1713.300048828125,39.59999847412109,27.56999969482422,293.2380676269531
2020-06-11,193.13,195.76,186.07,186.27,52854672.0,1732.0,36.34000015258789,40.790000915527344,276.3331298828125
2020-06-12,190.54,191.72,185.18,187.74,43373587.0,1729.300048828125,36.2599983215332,36.09000015258789,279.64239501953125
2020-06-15,184.58,190.82,184.01,188.94,32738189.0,1720.300048828125,37.119998931884766,34.400001525878906,282.2530822753906
2020-06-16,192.89,195.58,191.46,193.57,42556656.0,1729.5999755859375,38.380001068115234,33.66999816894531,287.6857604980469
2020-06-17,195.03,196.32,193.69,194.24,25687822.0,1729.199951171875,37.959999084472656,33.470001220703125,286.49078369140625
2020-06-18,194.0,196.49,194.0,196.32,23061648.0,1724.800048828125,38.84000015258789,32.939998626708984,286.6010437011719
2020-06-19,198.59,199.29,194.37,195.15,44441141.0,1745.9000244140625,39.75,35.119998931884766,284.9632873535156
2020-06-22,195.79,200.76,195.2301,200.57,32818929.0,1756.699951171875,40.459999084472656,31.770000457763672,286.79132080078125
2020-06-23,202.09,203.95,201.425,201.91,30917447.0,1772.0999755859375,40.369998931884766,31.3700008392334,288.1115417480469
2020-06-24,201.6043,203.25,196.56,197.84,36740647.0,1765.800048828125,38.0099983215332,33.84000015258789,280.7622375488281
2020-06-25,197.8,200.61,195.4675,200.34,27803933.0,1762.0999755859375,38.720001220703125,32.220001220703125,283.7720947265625
2020-06-26,199.73,199.89,194.88,196.33,54675780.0,1772.5,38.4900016784668,34.72999954223633,277.0321350097656
2020-06-29,195.78,198.53,193.55,198.44,26701586.0,1774.800048828125,39.70000076293945,31.780000686645508,281.1037902832031
2020-06-30,197.8816,204.4,197.74,203.51,34306533.0,1793.0,39.27000045776367,30.43000030517578,284.7046813964844
2020-07-01,203.14,206.35,201.77,204.7,32040206.0,1773.199951171875,39.81999969482422,28.6200008392334,286.6989440917969
2020-07-02,205.68,208.02,205.0,206.26,29315762.0,1784.0,40.650001525878906,27.68000030517578,288.2778625488281
2020-07-06,208.8335,211.13,208.09,210.7,31897629.0,1788.5,40.630001068115234,27.940000534057617,292.72802734375
2020-07-07,210.45,214.67,207.99,208.25,33600708.0,1804.199951171875,40.619998931884766,29.43000030517578,289.708984375
2020-07-08,210.07,213.26,208.69,212.83,33600025.0,1815.5,40.900001525878906,28.079999923706055,291.9248046875
2020-07-09,216.33,216.38,211.47,214.32,33113681.0,1799.199951171875,39.619998931884766,29.260000228881836,290.2628173828125
2020-07-10,213.62,214.08,211.08,213.67,26177633.0,1798.199951171875,40.54999923706055,27.290000915527344,293.2265319824219
2020-07-13,214.48,215.8,206.5,207.07,38135606.0,1811.0,40.09999847412109,32.189998626708984,290.6875305175781
2020-07-14,206.13,208.85,202.03,208.35,37591820.0,1810.5999755859373,40.290000915527344,29.520000457763672,294.45452880859375
2020-07-15,209.56,211.33,205.03,208.04,32131409.0,1811.4000244140625,41.20000076293945,27.760000228881836,297.1597900390625
2020-07-16,205.4,205.7,202.31,203.92,29940653.0,1798.699951171875,40.75,28.0,296.18115234375
2020-07-17,204.47,205.04,201.39,202.88,31551081.0,1808.300048828125,40.59000015258789,25.68000030517578,297.0397644042969
2020-07-20,205.0,212.3,203.01,211.6,36884836.0,1815.9000244140625,40.810001373291016,24.459999084472656,299.44036865234375
2020-07-21,213.66,213.94,208.03,208.75,38075777.0,1842.4000244140625,41.959999084472656,24.84000015258789,300.0773620605469
2020-07-22,209.2,212.3,208.39,211.75,49571192.0,1864.0999755859373,41.900001525878906,24.31999969482422,301.7854309082031
2020-07-23,207.19,210.92,202.15,202.54,67457035.0,1889.0999755859373,41.06999969482422,26.079999923706055,298.1846618652344
2020-07-24,200.42,202.86,197.51,201.3,39826989.0,1897.300048828125,41.290000915527344,25.84000015258789,296.2642822265625
2020-07-27,201.47,203.97,200.86,203.85,30160867.0,1931.0,41.59999847412109,24.739999771118164,298.4247741699219
2020-07-28,203.61,204.7,201.74,202.02,23251388.0,1944.699951171875,41.040000915527344,25.440000534057617,296.5319519042969
2020-07-29,202.5,204.65,202.01,204.06,19532602.0,1953.5,41.27000045776367,24.100000381469727,300.1788635253906
2020-07-30,201.0,204.46,199.57,203.9,25079596.0,1942.300048828125,39.91999816894531,24.760000228881836,299.10791015625
2020-07-31,204.4,205.1,199.01,205.01,51247969.0,1962.800048828125,40.27000045776367,24.459999084472656,301.47149658203125
2020-08-03,211.52,217.64,210.44,216.54,78903009.0,1966.0,41.0099983215332,24.280000686645508,303.56744384765625
2020-08-04,214.17,214.77,210.31,213.29,48644158.0,2001.199951171875,41.70000076293945,23.760000228881836,304.7399597167969
2020-08-05,214.9,215.0,211.57,212.94,28858621.0,2031.0999755859373,42.18999862670898,22.989999771118164,306.6326904296875
2020-08-06,212.34,216.3705,211.55,216.35,32656843.0,2051.5,41.95000076293945,22.649999618530273,308.68243408203125
2020-08-07,214.85,215.7,210.93,212.48,27820421.0,2010.0999755859373,41.220001220703125,22.209999084472656,308.90399169921875
2020-08-10,211.67,211.88,206.35,208.25,36704662.0,2024.4000244140625,41.93999862670898,22.1299991607666,309.82733154296875
2020-08-11,207.155,207.65,203.14,203.38,36446459.0,1932.5999755859373,41.61000061035156,24.030000686645508,307.26971435546875
2020-08-12,205.29,210.28,204.75,209.19,28041364.0,1934.9000244140625,42.66999816894531,22.280000686645508,311.55377197265625
2020-08-13,209.44,211.35,208.15,208.7,22588870.0,1956.699951171875,42.2400016784668,22.1299991607666,310.9906311035156
2020-08-14,208.76,209.59,207.51,208.9,17930136.0,1937.0,42.0099983215332,22.049999237060547,310.9998779296875
2020-08-17,209.6,211.1874,208.915,210.28,20160757.0,1985.0,42.88999938964844,21.350000381469727,311.98779296875
2020-08-18,210.53,212.36,209.21,211.49,21336167.0,1999.4000244140625,42.88999938964844,21.510000228881836,312.66180419921875
2020-08-19,211.49,212.1,209.25,209.7,27627561.0,1958.699951171875,42.93000030517578,22.540000915527344,311.3599853515625
2020-08-20,209.54,215.0,208.91,214.58,26981478.0,1933.800048828125,42.58000183105469,22.719999313354492,312.32940673828125
2020-08-21,213.86,216.25,212.85,213.02,36249319.0,1934.5999755859373,42.34000015258789,22.540000915527344,313.4373779296875
2020-08-24,214.79,215.52,212.43,213.69,25460147.0,1927.699951171875,42.619998931884766,22.3700008392334,316.6134948730469
2020-08-25,213.1,216.61,213.1,216.47,23043696.0,1911.800048828125,43.34999847412109,22.030000686645508,317.721435546875
2020-08-26,217.88,222.09,217.36,221.15,39574983.0,1940.699951171875,43.38999938964844,23.270000457763672,320.90673828125
2020-08-27,222.89,231.15,219.4,226.58,57602195.0,1921.5999755859373,43.040000915527344,24.469999313354492,321.60845947265625
2020-08-28,228.18,230.644,226.58,228.91,26292896.0,1964.5999755859373,42.970001220703125,22.959999084472656,323.6857604980469
2020-08-31,227.0,228.7,224.31,225.53,28711156.0,1967.5999755859373,42.61000061035156,26.40999984741211,322.51318359375
2020-09-01,225.51,227.45,224.43,227.27,25791235.0,1968.199951171875,42.7599983215332,26.1200008392334,325.5508117675781
2020-09-02,227.97,232.86,227.35,231.65,34032089.0,1934.4000244140625,41.5099983215332,26.56999969482422,330.2596435546875
2020-09-03,229.27,229.31,214.9602,217.3,58386688.0,1927.5999755859373,41.369998931884766,33.599998474121094,318.89398193359375
2020-09-04,215.1,218.3599,205.19,214.25,59264072.0,1923.9000244140625,39.77000045776367,30.75,316.2903137207031
2020-09-08,206.5,210.03,202.2,202.66,52774330.0,1933.0,36.7599983215332,31.459999084472656,307.6484069824219
2020-09-09,207.6,214.8399,206.7,211.29,45672786.0,1944.699951171875,38.04999923706055,28.809999465942383,313.7236022949219
2020-09-10,213.4,214.74,204.11,205.37,35427164.0,1954.199951171875,37.29999923706055,29.709999084472656,308.276123046875
2020-09-11,207.2,208.63,201.24,204.03,33617623.0,1937.800048828125,37.33000183105469,26.8700008392334,308.43316650390625
2020-09-14,204.24,209.2,204.03,205.41,30375713.0,1953.0999755859373,37.2599983215332,25.850000381469727,312.4955139160156
2020-09-15,208.42,209.78,206.93,208.78,21820942.0,1956.300048828125,38.27999877929688,25.59000015258789,314.074462890625
2020-09-16,210.62,210.65,204.64,205.05,26371864.0,1960.199951171875,40.15999984741211,26.040000915527344,312.8280029296875
2020-09-17,200.05,204.33,199.96,202.91,34005257.0,1940.0,40.970001220703125,26.459999084472656,310.0766296386719
2020-09-18,202.8,203.65,196.25,200.39,55225326.0,1952.0999755859373,41.11000061035156,25.829999923706055,306.5068054199219
2020-09-21,197.19,202.71,196.38,202.54,39839657.0,1901.199951171875,39.310001373291016,27.780000686645508,303.0954895019531
2020-09-22,205.06,208.1,202.075,207.42,33517065.0,1898.5999755859373,39.59999847412109,26.860000610351562,306.1822814941406
2020-09-23,207.9,208.1,200.03,200.59,30803780.0,1859.9000244140625,39.93000030517578,28.579999923706055,299.0816345214844
2020-09-24,199.85,205.57,199.2,203.19,31202493.0,1868.300048828125,40.310001373291016,28.510000228881836,299.87884521484375
2020-09-25,203.55,209.04,202.54,207.82,29437312.0,1857.699951171875,40.25,26.3799991607666,304.72698974609375
2020-09-28,210.88,212.57,208.06,209.44,32004936.0,1872.800048828125,40.59999847412109,26.190000534057617,309.788330078125
2020-09-29,209.35,210.07,206.81,207.26,24464472.0,1894.300048828125,39.290000915527344,26.270000457763672,308.1011962890625
2020-09-30,207.73,211.98,206.54,210.33,33829088.0,1887.5,40.220001220703125,26.3700008392334,310.4372253417969
2020-10-01,213.49,213.99,211.32,212.46,27142418.0,1908.4000244140625,38.720001220703125,26.700000762939453,312.4302062988281
2020-10-02,208.0,210.99,205.54,206.19,33134781.0,1900.199951171875,37.04999923706055,27.6299991607666,309.46380615234375
2020-10-05,207.22,210.41,206.98,210.38,21331561.0,1912.5,39.220001220703125,27.959999084472656,314.9515686035156
2020-10-06,208.82,210.18,204.82,205.91,28554261.0,1901.0999755859373,40.66999816894531,29.479999542236328,310.47418212890625
2020-10-07,207.06,210.11,206.72,209.83,25681054.0,1883.5999755859373,39.95000076293945,28.059999465942383,315.8785095214844
2020-10-08,210.51,211.19,208.32,210.58,19925837.0,1888.5999755859373,41.18999862670898,26.360000610351562,318.67803955078125
2020-10-09,211.23,215.86,211.23,215.81,26458047.0,1919.5,40.59999847412109,25.0,321.5238952636719
2020-10-12,218.79,223.86,216.81,221.4,40456493.0,1922.5,39.43000030517578,25.06999969482422,326.6964416503906
2020-10-13,222.72,225.21,220.43,222.86,28950843.0,1888.5,40.20000076293945,26.06999969482422,324.56439208984375
2020-10-14,223.0,224.22,219.13,220.86,23451713.0,1901.300048828125,41.040000915527344,26.399999618530273,322.52496337890625
2020-10-15,217.1,220.36,216.01,219.66,22733064.0,1903.199951171875,40.959999084472656,26.969999313354492,322.1264953613281
2020-10-16,220.15,222.29,219.32,219.66,25882732.0,1900.800048828125,40.880001068115234,27.40999984741211,321.9317626953125
2020-10-19,220.415,222.3,213.72,214.22,27625841.0,1906.4000244140625,40.83000183105469,29.18000030517578,317.0372314453125
2020-10-20,215.8,217.37,213.0901,214.65,22753511.0,1910.4000244140625,41.459999084472656,29.350000381469727,318.3072814941406
2020-10-21,213.12,216.92,213.12,214.8,22699906.0,1924.5999755859373,40.02999877929688,28.649999618530273,317.7047119140625
2020-10-22,213.93,216.055,211.7,214.89,22351450.0,1901.0999755859373,40.63999938964844,28.110000610351562,319.447509765625
2020-10-23,215.03,216.28,213.16,216.23,18772608.0,1902.0,39.84999847412109,27.549999237060547,320.5320739746094
2020-10-26,213.85,216.3399,208.1,210.08,37111561.0,1902.699951171875,38.560001373291016,32.459999084472656,314.6086730957031
2020-10-27,211.59,214.67,210.329,213.25,36685925.0,1908.800048828125,39.56999969482422,33.349998474121094,313.5240783691406
2020-10-28,207.67,208.84,202.1,202.68,51178393.0,1876.199951171875,37.38999938964844,40.279998779296875,302.80816650390625
2020-10-29,204.07,207.36,203.37,204.72,31372563.0,1865.5999755859373,36.16999816894531,37.59000015258789,305.8856506347656
2020-10-30,203.5,204.29,199.62,202.47,36968111.0,1877.4000244140625,35.790000915527344,38.02000045776367,302.6968994140625
2020-11-02,204.29,205.28,200.12,202.33,30842163.0,1890.4000244140625,36.810001373291016,37.130001068115234,306.08966064453125
2020-11-03,203.89,208.12,203.12,206.43,27511636.0,1908.5,37.65999984741211,35.54999923706055,311.4939270019531
2020-11-04,214.02,218.32,212.4185,216.39,42299777.0,1894.5999755859373,39.150001525878906,29.56999969482422,318.4555969238281
2020-11-05,222.04,224.12,221.15,223.29,36080137.0,1945.300048828125,38.790000915527344,27.579999923706055,324.6662902832031
2020-11-06,222.26,224.36,218.03,223.72,25231895.0,1950.300048828125,37.13999938964844,24.860000610351562,324.5921630859375
2020-11-09,224.435,228.12,217.88,218.39,44347950.0,1853.199951171875,40.290000915527344,25.75,328.6709289550781
2020-11-10,214.5,216.5,209.72,211.01,44022470.0,1875.4000244140625,41.36000061035156,24.799999237060547,328.1889343261719
2020-11-11,212.39,218.04,212.2,216.55,29440788.0,1860.699951171875,41.45000076293945,23.450000762939453,330.62689208984375
2020-11-12,217.21,219.11,214.46,215.44,21616115.0,1872.5999755859373,41.119998931884766,25.350000381469727,327.4195251464844
2020-11-13,216.36,217.42,214.16,216.51,18630307.0,1885.699951171875,40.130001068115234,23.100000381469727,331.9525146484375
2020-11-16,214.87,217.74,214.52,217.23,24953344.0,1887.300048828125,41.34000015258789,22.450000762939453,336.0960388183594
2020-11-17,216.1,217.68,214.08,214.46,24154112.0,1884.5,41.43000030517578,22.709999084472656,334.2884216308594
2020-11-18,213.65,215.17,210.93,211.08,28372789.0,1873.5,41.81999969482422,23.84000015258789,330.2654113769531
2020-11-19,211.38,213.03,209.93,212.42,24792746.0,1861.0999755859373,41.7400016784668,23.110000610351562,331.6557922363281
2020-11-20,212.2,213.285,210.0,210.39,22843119.0,1872.5999755859373,42.150001525878906,23.700000762939453,329.3846740722656
2020-11-23,210.95,212.29,208.16,210.11,25683507.0,1837.800048828125,43.060001373291016,22.65999984741211,331.35919189453125
2020-11-24,209.59,214.25,208.86,213.86,33979731.0,1804.800048828125,44.90999984741211,21.639999389648438,336.6985778808594
2020-11-25,215.11,215.29,212.46,213.87,20938887.0,1805.699951171875,45.709999084472656,21.25,336.1794738769531
2020-11-27,214.85,216.27,214.04,215.23,14512213.0,1781.9000244140625,45.52999877929688,20.84000015258789,337.1156921386719
2020-11-30,214.1,214.76,210.835,214.07,33064753.0,1775.699951171875,45.34000015258789,20.56999969482422,335.623291015625
2020-12-01,214.51,217.32,213.35,216.21,30931318.0,1814.0999755859373,44.54999923706055,20.770000457763672,339.2941589355469
2020-12-02,214.88,215.47,212.8,215.37,23724509.0,1825.699951171875,45.27999877929688,21.170000076293945,340.0079650878906
2020-12-03,214.61,216.3757,213.65,214.24,25120922.0,1836.800048828125,45.63999938964844,21.280000686645508,339.91522216796875
2020-12-04,214.22,215.38,213.18,214.36,24144649.0,1835.9000244140625,46.2599983215332,20.790000915527344,342.8444519042969
2020-12-07,214.37,215.54,212.99,214.29,24496997.0,1861.800048828125,45.7599983215332,21.299999237060547,342.13995361328125
2020-12-08,213.97,216.95,212.89,216.01,23284094.0,1870.800048828125,45.59999847412109,20.68000030517578,343.14111328125
2020-12-09,215.16,215.225,211.214,211.8,32282603.0,1834.5999755859373,45.52000045776367,22.270000457763672,340.0635070800781
2020-12-10,211.77,213.08,210.36,210.52,26467017.0,1833.5999755859373,46.77999877929688,22.520000457763672,339.95233154296875
2020-12-11,210.05,213.32,209.11,213.26,30786640.0,1839.800048828125,46.56999969482422,23.309999465942383,339.5536804199219
2020-12-14,213.1,216.21,212.88,214.2,28794179.0,1828.699951171875,46.9900016784668,24.719999313354492,338.033447265625
2020-12-15,215.165,215.42,212.24,214.13,27018106.0,1852.300048828125,47.619998931884766,22.889999389648438,342.6034240722656
2020-12-16,214.75,220.11,214.72,219.28,35021923.0,1856.0999755859373,47.81999969482422,22.5,343.14111328125
2020-12-17,219.87,220.89,217.92,219.42,32442784.0,1887.199951171875,48.36000061035156,21.93000030517578,345.06005859375
2020-12-18,218.59,219.69,216.02,218.59,63354922.0,1885.699951171875,49.09999847412109,21.56999969482422,343.6821594238281
2020-12-21,217.55,224.0,217.2801,222.59,37181886.0,1879.199951171875,47.7400016784668,25.15999984741211,342.4533386230469
2020-12-22,222.69,225.63,221.85,223.94,22643397.0,1866.5999755859373,47.02000045776367,24.229999542236328,341.876220703125
2020-12-23,223.11,223.5589,220.8,221.02,18699638.0,1874.699951171875,48.119998931884766,23.309999465942383,342.18341064453125
2020-12-24,221.42,223.61,221.2,222.75,10550572.0,1879.9000244140625,48.22999954223633,21.530000686645508,343.5146789550781
2020-12-28,224.45,226.03,223.02,224.96,17933496.0,1877.199951171875,47.619998931884766,21.700000762939453,346.4656677246094
2020-12-29,226.31,227.18,223.58,224.15,17402513.0,1879.699951171875,48.0,23.079999923706055,345.80474853515625
2020-12-30,225.23,225.63,221.47,221.68,20272337.0,1891.0,48.400001525878906,22.770000457763672,346.29815673828125
2020-12-31,221.7,223.0,219.68,222.42,20692132.0,1893.0999755859373,48.52000045776367,22.75,348.0575866699219
2021-01-04,222.53,223.0,214.81,217.69,37130139.0,1944.699951171875,47.619998931884766,26.969999313354492,343.319091796875
2021-01-05,217.26,218.52,215.7,217.9,23808703.0,1952.699951171875,49.93000030517578,25.34000015258789,345.6837158203125
2021-01-06,212.17,216.4899,211.94,212.25,35930653.0,1906.9000244140625,50.630001068115234,25.06999969482422,347.75030517578125
2021-01-07,214.04,219.34,213.71,218.29,27694480.0,1912.300048828125,50.83000183105469,22.3700008392334,352.9170837402344
2021-01-08,218.68,220.58,217.0261,219.62,22956136.0,1834.0999755859373,52.2400016784668,21.559999465942383,354.9278564453125
2021-01-11,218.47,218.91,216.73,217.49,23047029.0,1849.5999755859373,52.25,24.079999923706055,352.535400390625
2021-01-12,216.5,217.1,213.3202,214.93,23249336.0,1842.9000244140625,53.209999084472656,23.329999923706055,352.60980224609375
2021-01-13,214.02,216.76,213.9266,216.34,20087080.0,1853.5999755859373,52.90999984741211,22.209999084472656,353.5594177246094
2021-01-14,215.91,217.46,212.74,213.02,28846837.0,1850.300048828125,53.56999969482422,23.25,352.3212585449219
2021-01-15,213.52,214.51,212.03,212.65,31730012.0,1829.300048828125,52.36000061035156,24.34000015258789,349.7518310546875
2021-01-19,213.75,216.98,212.63,216.44,30480859.0,1839.5,52.97999954223633,23.239999771118164,352.49810791015625
2021-01-20,217.7,225.79,217.2908,224.34,37777260.0,1865.9000244140625,53.2400016784668,21.579999923706055,357.3761901855469
2021-01-21,224.7,226.3,222.42,224.97,30746353.0,1865.300048828125,53.130001068115234,21.31999969482422,357.7020568847656
2021-01-22,227.08,230.07,225.8,225.95,30172663.0,1855.699951171875,52.27000045776367,21.90999984741211,356.43603515625
2021-01-25,229.12,229.78,224.22,229.53,33152095.0,1854.9000244140625,52.77000045776367,23.190000534057617,357.84173583984375
2021-01-26,231.86,234.18,230.08,232.33,49167001.0,1850.699951171875,52.61000061035156,23.020000457763672,357.2831726074219
2021-01-27,238.0,240.44,230.14,232.9,69789638.0,1844.9000244140625,52.84999847412109,37.209999084472656,348.5509338378906
2021-01-28,235.61,242.64,235.09,238.93,49111159.0,1837.9000244140625,52.34000015258789,30.209999084472656,351.54864501953125
2021-01-29,235.99,238.02,231.35,231.96,42503138.0,1847.300048828125,52.20000076293945,33.09000015258789,344.5107116699219
2021-02-01,235.06,242.5,232.43,239.65,33314193.0,1860.800048828125,53.54999923706055,30.239999771118164,350.2452697753906
2021-02-02,241.3,242.31,238.69,239.51,25916337.0,1830.5,54.7599983215332,25.559999465942383,355.1977844238281
2021-02-03,239.57,245.09,239.26,243.0,27033104.0,1832.199951171875,55.68999862670898,22.90999984741211,355.47711181640625
2021-02-04,242.66,243.2399,240.37,242.01,25196100.0,1788.9000244140625,56.22999954223633,21.770000457763672,359.517333984375
2021-02-05,242.23,243.28,240.42,242.2,18054752.0,1810.9000244140625,56.84999847412109,20.8700008392334,360.9323425292969
2021-02-08,243.15,243.68,240.81,242.47,22211929.0,1831.9000244140625,57.970001220703125,21.239999771118164,363.5390319824219
2021-02-09,241.87,244.76,241.38,243.77,23564953.0,1835.300048828125,58.36000061035156,21.6299991607666,363.2970275878906
2021-02-10,245.0,245.92,240.89,242.82,22186706.0,1840.5999755859373,58.68000030517578,21.989999771118164,363.13873291015625
2021-02-11,244.78,245.15,242.15,244.49,15741059.0,1824.9000244140625,58.2400016784668,21.25,363.7251892089844
2021-02-12,243.9332,245.3,242.73,244.99,16561079.0,1821.5999755859373,59.470001220703125,19.969999313354492,365.52197265625
2021-02-16,245.03,246.13,242.92,243.7,26578487.0,1797.199951171875,60.04999923706055,21.459999084472656,365.2053527832031
2021-02-17,241.32,244.31,240.94,244.2,20685609.0,1771.0999755859375,61.13999938964844,21.5,365.2891540527344
2021-02-18,241.8,243.93,240.86,243.79,16925563.0,1773.4000244140625,60.52000045776367,22.489999771118164,363.7344665527344
2021-02-19,243.75,243.86,240.18,240.97,25262600.0,1775.800048828125,59.2400016784668,22.049999237060547,363.0921630859375
2021-02-22,237.42,237.93,232.4,234.51,36310936.0,1806.699951171875,61.4900016784668,23.450000762939453,360.2994079589844
2021-02-23,230.325,234.83,228.73,233.27,30228704.0,1804.4000244140625,61.66999816894531,23.110000610351562,360.7369079589844
2021-02-24,230.01,235.2,229.0,234.55,26339746.0,1796.4000244140625,63.220001220703125,21.34000015258789,364.7119140625
2021-02-25,232.08,234.5852,227.88,228.99,39437555.0,1774.4000244140625,63.52999877929688,28.889999389648438,355.9239501953125
2021-02-26,231.525,235.37,229.54,232.38,37818227.0,1728.0999755859375,61.5,27.950000762939453,354.09002685546875
2021-03-01,235.9,237.47,233.15,236.94,25332837.0,1722.5,60.63999938964844,23.350000381469727,362.6732177734375
2021-03-02,237.01,237.3,233.45,233.87,22812459.0,1733.0999755859375,59.75,24.100000381469727,359.8431701660156
2021-03-03,232.155,233.5799,227.26,227.56,33944526.0,1715.300048828125,61.27999877929688,26.670000076293945,355.0767822265625
2021-03-04,226.735,232.49,224.26,226.73,44727785.0,1700.199951171875,63.83000183105469,28.56999969482422,350.6828308105469
2021-03-05,229.5165,233.27,226.46,231.6,41865120.0,1698.0,66.08999633789062,24.65999984741211,357.1342468261719
2021-03-08,231.37,233.365,227.13,227.39,35267440.0,1677.699951171875,65.05000305175781,25.469999313354492,355.3561096191406
2021-03-09,232.88,235.3839,231.67,233.78,33080531.0,1716.5999755859375,64.01000213623047,24.030000686645508,360.4297180175781
2021-03-10,237.0,237.0,232.04,232.42,29715812.0,1721.5,64.44000244140625,22.559999465942383,362.6732177734375
2021-03-11,234.96,239.17,234.31,237.13,29907586.0,1722.300048828125,66.0199966430664,21.90999984741211,366.3504333496094
2021-03-12,234.01,235.82,233.23,235.75,22653662.0,1719.5,65.61000061035156,20.690000534057617,366.84381103515625
2021-03-15,234.96,235.185,231.81,234.81,25974669.0,1728.9000244140625,65.38999938964844,20.030000686645508,369.0315246582031
2021-03-16,236.28,240.055,235.94,237.71,28092196.0,1730.5999755859375,64.80000305175781,19.790000915527344,368.5660705566406
2021-03-17,236.15,238.55,233.23,237.04,29562100.0,1726.800048828125,64.5999984741211,19.229999542236328,369.82281494140625
2021-03-18,232.56,234.19,230.33,230.72,34852251.0,1732.199951171875,60.0,21.579999923706055,364.44207763671875
2021-03-19,231.02,232.474,229.3496,230.35,46430730.0,1741.4000244140625,61.41999816894531,20.950000762939453,363.7676696777344
2021-03-22,230.27,236.9,230.14,235.99,30121755.0,1737.800048828125,61.54999923706055,18.8799991607666,366.67236328125
2021-03-23,237.485,241.05,237.07,237.58,31638376.0,1724.699951171875,57.7599983215332,20.299999237060547,363.7863464355469
2021-03-24,237.845,238.0,235.32,235.46,25620127.0,1732.9000244140625,61.18000030517578,21.200000762939453,361.9371032714844
2021-03-25,235.3,236.94,231.57,232.34,34061853.0,1724.9000244140625,58.560001373291016,19.809999465942383,363.9731750488281
2021-03-26,231.55,236.71,231.55,236.48,25470753.0,1732.199951171875,60.970001220703125,18.860000610351562,369.83856201171875
2021-03-29,236.59,236.8,231.88,235.24,25227455.0,1712.0999755859375,61.560001373291016,20.739999771118164,369.65179443359375
2021-03-30,233.525,233.85,231.1,231.85,24792012.0,1683.9000244140625,60.54999923706055,19.610000610351562,368.67108154296875
2021-03-31,232.91,239.1,232.39,235.77,43614871.0,1713.800048828125,59.15999984741211,19.399999618530273,370.16546630859375
2021-04-01,238.47,242.84,238.0501,242.35,30337982.0,1726.5,61.45000076293945,17.329999923706055,374.16290283203125
2021-04-05,242.76,249.96,242.7,249.07,36890609.0,1727.0,58.650001525878906,17.90999984741211,379.53326416015625
2021-04-06,247.61,249.4,246.88,247.86,22816923.0,1741.5,59.33000183105469,18.1200008392334,379.3092346191406
2021-04-07,247.81,250.93,247.19,249.9,22713585.0,1740.0999755859375,59.77000045776367,17.15999984741211,379.7480773925781
2021-04-08,252.77,254.139,252.0,253.25,23625197.0,1756.800048828125,59.59999847412109,16.950000762939453,381.5506896972656
2021-04-09,252.87,255.99,252.44,255.85,24326833.0,1743.300048828125,59.31999969482422,16.690000534057617,384.32464599609375
2021-04-12,254.71,257.67,254.62,255.91,27148668.0,1731.199951171875,59.70000076293945,16.90999984741211,384.4647521972656
2021-04-13,257.2573,259.19,256.83,258.49,23837469.0,1746.199951171875,60.18000030517578,16.649999618530273,385.6041564941406
2021-04-14,257.475,258.83,255.16,255.59,23070938.0,1734.9000244140625,63.150001525878906,16.989999771118164,384.287353515625
2021-04-15,257.931,259.93,257.73,259.5,25627481.0,1765.4000244140625,63.459999084472656,16.56999969482422,388.41552734375
2021-04-16,259.47,261.0,257.6014,260.74,24878582.0,1779.0,63.130001068115234,16.25,389.71380615234375
2021-04-19,260.19,261.48,257.821,258.74,23209260.0,1769.4000244140625,63.380001068115234,17.290000915527344,387.799072265625
2021-04-20,257.82,260.2,256.84,258.26,19722875.0,1777.300048828125,62.43999862670898,18.68000030517578,384.95977783203125
2021-04-21,258.94,260.68,257.25,260.58,23990383.0,1792.300048828125,61.34999847412109,17.5,388.6022644042969
2021-04-22,260.21,261.78,255.64,257.17,25593777.0,1781.199951171875,61.43000030517578,18.709999084472656,385.0531005859375
2021-04-23,257.88,261.51,257.27,261.15,21499286.0,1777.0,62.13999938964844,17.329999923706055,389.22808837890625
2021-04-26,261.66,262.435,260.17,261.55,19763346.0,1779.199951171875,61.90999984741211,17.639999389648438,390.04058837890625
2021-04-27,261.585,263.19,260.12,261.97,30764213.0,1778.0,62.93999862670898,17.559999465942383,389.9565734863281
2021-04-28,256.078,256.5399,252.95,254.56,46903119.0,1773.199951171875,63.86000061035156,17.280000686645508,389.8445129394531
2021-04-29,255.46,256.1,249.0,252.51,40589023.0,1768.0999755859375,65.01000213623047,17.610000610351562,392.3288879394531
2021-04-30,249.74,253.08,249.6,252.18,30945098.0,1767.300048828125,63.58000183105469,18.610000610351562,389.7511291503906
2021-05-03,253.4,254.35,251.12,251.86,19426568.0,1791.4000244140625,64.48999786376953,18.309999465942383,390.5917053222656
2021-05-04,250.97,251.21,245.76,247.79,32756052.0,1775.800048828125,65.69000244140625,19.479999542236328,388.1820373535156
2021-05-05,249.06,249.5,245.82,246.47,21888125.0,1784.0999755859375,65.62999725341797,19.149999618530273,388.30340576171875
2021-05-06,246.45,249.86,244.69,249.73,26478085.0,1815.5,64.70999908447266,18.389999389648438,391.4042663574219
2021-05-07,252.15,254.3,251.17,252.46,27032912.0,1831.0999755859373,64.9000015258789,16.690000534057617,394.2528381347656
2021-05-10,250.87,251.73,247.12,247.18,29299890.0,1837.5,64.91999816894531,19.65999984741211,390.34881591796875
2021-05-11,244.55,246.6,242.57,246.23,33641589.0,1835.9000244140625,65.27999877929688,21.84000015258789,386.8650817871094
2021-05-12,242.165,244.38,238.07,239.0,36684370.0,1822.5999755859373,66.08000183105469,27.59000015258789,378.64599609375
2021-05-13,241.8,245.6,241.42,243.03,29585298.0,1823.800048828125,63.81999969482422,23.1299991607666,383.1945495605469
2021-05-14,245.575,249.18,245.49,248.15,23901081.0,1837.9000244140625,65.37000274658203,18.809999465942383,389.07867431640625
2021-05-17,246.55,246.59,243.52,245.18,24970168.0,1867.5,66.2699966430664,19.719999313354492,388.0885925292969
2021-05-18,246.27,246.41,242.9,243.08,20167975.0,1867.800048828125,65.48999786376953,21.34000015258789,384.74493408203125
2021-05-19,239.31,243.23,238.6,243.12,25739807.0,1881.300048828125,63.36000061035156,22.18000030517578,383.7362060546875
2021-05-20,243.96,247.95,243.86,246.48,21800716.0,1881.800048828125,62.04999923706055,20.670000076293945,387.86444091796875
2021-05-21,247.565,248.33,244.74,245.17,21830058.0,1876.699951171875,63.58000183105469,20.149999618530273,387.546875
2021-05-24,247.785,251.16,247.51,250.78,21411547.0,1884.5999755859373,66.05000305175781,18.399999618530273,391.4975891113281
2021-05-25,251.769,252.75,250.82,251.72,17700303.0,1898.0999755859373,66.06999969482422,18.84000015258789,390.62908935546875
2021-05-26,251.43,252.94,250.75,251.49,17771600.0,1901.300048828125,66.20999908447266,17.360000610351562,391.4042663574219
2021-05-27,251.17,251.48,249.25,249.31,24426244.0,1895.699951171875,66.8499984741211,16.739999771118164,391.6097106933594
2021-05-28,250.995,252.08,249.56,249.68,18265642.0,1902.5,66.31999969482422,16.760000228881836,392.31024169921875
2021-06-01,251.23,251.29,246.96,247.4,23213310.0,1902.9000244140625,67.72000122070312,17.899999618530273,391.96466064453125
2021-06-02,248.125,249.27,245.84,247.3,19406705.0,1907.5,68.83000183105469,17.479999542236328,392.58111572265625
2021-06-03,245.22,246.34,243.0,245.71,25108111.0,1871.199951171875,68.80999755859375,18.040000915527344,391.1240234375
2021-06-04,247.76,251.65,247.51,250.79,25281094.0,1889.800048828125,69.62000274658203,16.420000076293945,394.70123291015625
2021-06-07,249.98,254.09,249.81,253.81,23079167.0,1896.800048828125,69.2300033569336,16.420000076293945,394.31829833984375
2021-06-08,255.16,256.01,252.51,252.57,22454998.0,1892.199951171875,70.05000305175781,17.06999969482422,394.4023132324219
2021-06-09,253.81,255.53,253.21,253.59,17937634.0,1893.199951171875,69.95999908447266,17.889999389648438,393.81390380859375
2021-06-10,254.29,257.46,253.67,257.24,24563619.0,1894.199951171875,70.29000091552734,16.100000381469727,395.6445617675781
2021-06-11,257.985,258.4868,256.61,257.89,18949731.0,1877.4000244140625,70.91000366210938,15.649999618530273,396.29833984375
2021-06-14,257.9,259.95,256.8,259.89,19150507.0,1864.0,70.87999725341797,16.389999389648438,397.1855773925781
2021-06-15,259.775,259.99,257.68,258.36,18016931.0,1854.5,72.12000274658203,17.020000457763672,396.4571228027344
2021-06-16,259.4,260.58,254.42,257.38,27219955.0,1859.5,72.1500015258789,18.149999618530273,394.24359130859375
2021-06-17,256.065,261.75,256.01,260.9,27565537.0,1773.800048828125,71.04000091552734,17.75,394.1128234863281
2021-06-18,259.63,262.3,258.75,259.43,37162767.0,1767.9000244140625,71.63999938964844,20.700000762939453,388.7960510253906
2021-06-21,259.82,263.52,257.92,262.63,26696119.0,1781.800048828125,73.66000366210938,17.889999389648438,394.3619689941406
2021-06-22,262.72,265.79,262.4,265.51,24694090.0,1776.300048828125,73.05999755859375,16.65999984741211,396.47039794921875
2021-06-23,265.99,266.83,264.43,265.275,19518681.0,1782.300048828125,73.08000183105469,16.31999969482422,395.9925537109375
2021-06-24,266.16,267.85,265.47,266.69,21346867.0,1775.5999755859375,73.30000305175781,15.970000267028809,398.3350830078125
2021-06-25,266.23,267.25,264.76,265.02,23891113.0,1776.5999755859375,74.05000305175781,15.619999885559082,399.74993896484375
2021-06-28,266.185,268.9,265.91,268.72,19590024.0,1779.5999755859375,72.91000366210938,15.760000228881836,400.5558166503906
2021-06-29,268.865,271.65,267.98,271.4,19921311.0,1762.800048828125,72.9800033569336,16.020000457763672,400.7713928222656
2021-06-30,270.69,271.3598,269.6043,270.9,21547257.0,1770.800048828125,73.47000122070312,15.829999923706055,401.1087646484375
2021-07-01,269.61,271.84,269.6,271.6,16725323.0,1775.9000244140625,75.2300033569336,15.479999542236328,403.3294677734375
2021-07-02,272.82,278.0,272.5,277.65,26474408.0,1782.5999755859375,75.16000366210938,15.069999694824219,406.4123229980469
2021-07-06,278.03,279.3698,274.3,277.66,31565556.0,1793.5,73.37000274658203,16.440000534057617,405.67205810546875
2021-07-07,279.4,280.6945,277.15,279.93,23260031.0,1801.5,72.19999694824219,16.200000762939453,407.10577392578125
2021-07-08,276.9,278.73,274.87,277.42,24605941.0,1799.5999755859375,72.94000244140625,19.0,403.7886657714844
2021-07-09,275.72,278.05,275.32,277.94,23676665.0,1810.0,74.55999755859375,16.18000030517578,408.0990295410156
2021-07-12,279.157,279.77,276.58,277.32,18931695.0,1805.5,74.0999984741211,16.170000076293945,409.560791015625
2021-07-13,277.52,282.8477,277.39,280.98,26120128.0,1809.4000244140625,75.25,17.1200008392334,408.1646423339844
2021-07-14,282.345,283.66,280.55,282.51,23113662.0,1824.300048828125,73.12999725341797,16.329999923706055,408.7736511230469
2021-07-15,282.0,282.51,279.83,281.03,22604227.0,1828.4000244140625,71.6500015258789,17.010000228881836,407.3775634765625
2021-07-16,282.07,284.1,279.46,280.75,26186848.0,1814.5,71.80999755859375,18.450000762939453,404.1822204589844
2021-07-19,278.9335,280.37,274.45,277.01,32935634.0,1808.699951171875,66.41999816894531,22.5,398.2132873535156
2021-07-20,278.03,280.97,276.26,279.32,26259741.0,1810.9000244140625,67.41999816894531,19.729999542236328,403.919921875
2021-07-21,278.905,281.52,277.29,281.4,24364320.0,1802.9000244140625,70.30000305175781,17.90999984741211,407.19012451171875
2021-07-22,283.84,286.42,283.42,286.14,23384059.0,1805.0,71.91000366210938,17.690000534057617,408.0427551269531
2021-07-23,287.37,289.99,286.5,289.67,22767371.0,1801.4000244140625,72.06999969482422,17.200000762939453,412.2407531738281
2021-07-26,289.0,289.69,286.642,289.05,23153573.0,1798.699951171875,71.91000366210938,17.579999923706055,413.2527770996094
2021-07-27,289.43,289.575,282.95,286.54,33592179.0,1799.5,71.6500015258789,19.360000610351562,411.3692626953125
2021-07-28,288.99,290.15,283.8303,286.22,33506853.0,1799.5,72.38999938964844,18.309999465942383,411.2006530761719
2021-07-29,286.235,288.618,286.08,286.5,18168294.0,1831.199951171875,73.62000274658203,17.700000762939453,412.9060974121094
2021-07-30,285.17,286.66,283.91,284.91,20944846.0,1812.5999755859373,73.94999694824219,18.239999771118164,410.9007873535156
2021-08-02,286.36,286.775,283.74,284.82,16261757.0,1818.0999755859373,71.26000213623047,19.459999084472656,410.0386962890625
2021-08-03,285.42,287.23,284.0,287.12,17879048.0,1810.0999755859373,70.55999755859375,18.040000915527344,413.3746337890625
2021-08-04,286.22,287.5883,284.65,286.51,16187331.0,1810.5,68.1500015258789,17.969999313354492,411.3412170410156
2021-08-05,286.88,289.63,286.1,289.52,13900167.0,1805.0999755859373,69.08999633789062,17.280000686645508,413.9461364746094
2021-08-06,288.505,289.5,287.6238,289.46,16589336.0,1760.0,68.27999877929688,16.149999618530273,414.6301574707031
2021-08-09,289.75,291.55,287.81,288.33,16117629.0,1723.4000244140625,66.4800033569336,16.719999313354492,414.2928466796875
2021-08-10,288.8,289.25,285.2,286.44,18616578.0,1728.800048828125,68.29000091552734,16.790000915527344,414.8082580566406
2021-08-11,287.21,288.66,285.86,286.95,13955934.0,1750.4000244140625,69.25,16.170000076293945,415.8389587402344
2021-08-12,286.63,289.97,286.34,289.81,14570391.0,1749.0,69.08999633789062,15.59000015258789,417.08526611328125
2021-08-13,289.48,292.9,289.3,292.85,18249046.0,1775.199951171875,68.44000244140625,15.449999809265137,417.8442077636719
2021-08-16,293.19,294.82,290.02,294.6,22516027.0,1786.9000244140625,67.29000091552734,16.1200008392334,418.828125
2021-08-17,292.39,293.43,291.08,293.08,20075250.0,1785.0,66.58999633789062,17.90999984741211,416.0826110839844
2021-08-18,292.04,294.82,290.27,290.73,21619885.0,1781.5999755859375,65.45999908447266,21.56999969482422,411.52862548828125
2021-08-19,288.6935,297.47,288.64,296.77,29850461.0,1780.199951171875,63.68999862670898,21.670000076293945,412.1657409667969
2021-08-20,299.72,305.84,298.06,304.36,40815006.0,1781.0,62.31999969482422,18.559999465942383,415.4454345703125
2021-08-23,303.245,305.4,301.85,304.65,22820157.0,1803.199951171875,65.63999938964844,17.149999618530273,419.0998229980469
2021-08-24,305.02,305.65,302.0035,302.62,18153274.0,1805.5999755859373,67.54000091552734,17.219999313354492,419.76519775390625
2021-08-25,304.3,304.59,300.42,302.01,19906057.0,1788.199951171875,68.36000061035156,16.790000915527344,420.6460266113281
2021-08-26,300.99,302.429,298.95,299.09,17666084.0,1792.199951171875,67.41999816894531,18.84000015258789,418.1628112792969
2021-08-27,298.987,300.87,296.83,299.72,22605726.0,1816.5999755859373,68.73999786376953,16.389999389648438,421.9017028808594
2021-08-30,301.115,304.22,301.06,303.59,16348072.0,1809.0,69.20999908447266,16.190000534057617,423.7569580078125
2021-08-31,304.42,304.5,301.5,301.88,26274238.0,1815.0,68.5,16.479999542236328,423.12908935546875
2021-09-01,302.865,305.19,301.49,301.83,18914026.0,1813.0999755859373,68.58999633789062,16.110000610351562,423.35400390625
2021-09-02,302.2,303.3602,300.18,301.15,16290545.0,1808.699951171875,69.98999786376953,16.40999984741211,424.65655517578125
2021-09-03,300.99,302.6,300.26,301.14,14751609.0,1830.9000244140625,69.29000091552734,16.40999984741211,424.5534362792969
2021-09-07,301.005,301.09,298.2,300.18,17369332.0,1795.9000244140625,68.3499984741211,18.139999389648438,423.03546142578125
2021-09-08,299.78,300.61,297.4651,300.21,15046819.0,1790.699951171875,69.30000305175781,17.959999084472656,422.52001953125
2021-09-09,300.82,302.14,297.0,297.25,19927000.0,1797.4000244140625,68.13999938964844,18.799999237060547,420.71160888671875
2021-09-10,298.415,299.92,295.38,295.71,19633363.0,1789.5999755859375,69.72000122070312,20.950000762939453,417.3943786621094
2021-09-13,297.55,298.54,294.08,296.99,23931707.0,1792.0,70.44999694824219,19.3700008392334,418.46270751953125
2021-09-14,299.56,301.39,298.1,299.79,22189292.0,1804.699951171875,70.45999908447266,19.459999084472656,416.2044372558594
2021-09-15,303.26,305.32,301.82,304.82,28728377.0,1792.4000244140625,72.61000061035156,18.18000030517578,419.68084716796875
2021-09-16,303.76,305.31,300.76,305.22,19550815.0,1754.5999755859375,72.61000061035156,18.690000534057617,419.0154724121094
2021-09-17,304.17,304.5,299.53,299.87,41372456.0,1749.4000244140625,71.97000122070312,20.809999465942383,414.9339294433594
2021-09-20,296.33,298.72,289.52,294.3,38278661.0,1761.800048828125,70.29000091552734,25.709999084472656,408.01519775390625
2021-09-21,295.69,297.54,294.07,294.8,22364103.0,1776.0,70.55999755859375,24.360000610351562,407.6297912597656
2021-09-22,296.725,300.22,294.51,298.58,26626342.0,1776.699951171875,72.2300033569336,20.8700008392334,411.6061096191406
2021-09-23,298.845,300.9,297.5339,299.56,18604601.0,1747.699951171875,73.30000305175781,18.6299991607666,416.607177734375
2021-09-24,298.23,299.8,296.93,299.35,14998978.0,1749.699951171875,73.9800033569336,17.75,417.2933349609375
2021-09-27,296.14,296.47,292.9449,294.17,23559276.0,1750.0,75.44999694824219,18.760000228881836,416.0995178222656
2021-09-28,289.795,290.78,282.75,283.52,43184837.0,1735.800048828125,75.29000091552734,23.25,407.71435546875
2021-09-29,285.1,286.77,283.01,284.0,26353696.0,1721.5,74.83000183105469,22.559999465942383,408.4006042480469
2021-09-30,285.71,287.83,281.62,281.92,32921298.0,1755.300048828125,75.02999877929688,23.139999389648438,403.408935546875
2021-10-01,282.1217,289.98,281.29,289.1,30086280.0,1757.0,75.87999725341797,21.100000381469727,408.2031555175781
2021-10-04,287.4,287.75,280.25,283.11,31333747.0,1766.199951171875,77.62000274658203,22.959999084472656,402.93896484375
2021-10-05,284.0464,290.398,284.0464,288.76,24993024.0,1759.5999755859375,78.93000030517578,21.299999237060547,407.13153076171875
2021-10-06,285.78,293.63,285.5093,293.11,28002550.0,1760.5,77.43000030517578,21.0,408.8235778808594
2021-10-07,295.175,296.64,293.92,294.85,20430471.0,1757.9000244140625,78.30000305175781,19.540000915527344,412.35821533203125
2021-10-08,296.219,296.6409,293.76,294.85,17950627.0,1756.300048828125,79.3499984741211,18.770000457763672,411.6061096191406
2021-10-11,292.92,297.97,292.745,294.23,19298634.0,1754.5999755859375,80.5199966430664,20.0,408.6261901855469
2021-10-12,295.34,295.44,292.35,292.88,17885643.0,1758.300048828125,80.63999938964844,19.850000381469727,407.6203918457031
2021-10-13,294.91,297.28,293.49,296.31,23424025.0,1793.699951171875,80.44000244140625,18.639999389648438,409.0868835449219
2021-10-14,299.21,303.27,297.83,302.75,27254902.0,1796.699951171875,81.30999755859375,16.860000610351562,415.9678955078125
2021-10-15,302.34,304.45,300.5191,304.21,24724803.0,1767.199951171875,82.27999877929688,16.299999237060547,419.1358947753906
2021-10-18,303.57,308.21,302.69,307.29,22654296.0,1764.800048828125,82.44000244140625,16.309999465942383,420.3767395019531
2021-10-19,308.348,309.3,307.22,308.23,17682139.0,1769.699951171875,82.95999908447266,15.699999809265137,423.619873046875
2021-10-20,309.21,309.7,306.11,307.41,16537069.0,1784.0999755859375,83.87000274658203,15.489999771118164,425.2837219238281
2021-10-21,307.1702,311.02,306.36,310.76,16918100.0,1781.199951171875,82.5,15.010000228881836,426.3929748535156
2021-10-22,310.4,311.09,307.8,309.16,17449332.0,1795.5,83.76000213623047,15.430000305175781,425.9512023925781
2021-10-25,309.36,309.4,306.46,308.13,17554469.0,1806.0,83.76000213623047,15.239999771118164,428.2355041503906
2021-10-26,311.0,312.395,308.5967,310.11,28107349.0,1792.699951171875,84.6500015258789,15.979999542236328,428.620849609375
2021-10-27,316.0,326.0973,316.0,323.17,52587690.0,1797.9000244140625,82.66000366210938,16.979999542236328,426.7220153808594
2021-10-28,324.325,324.87,321.3601,324.35,26297943.0,1801.5999755859373,82.80999755859375,16.530000686645508,430.83935546875
2021-10-29,324.13,332.0,323.9,331.62,34765982.0,1783.0,83.56999969482422,16.260000228881836,431.7135925292969
2021-11-01,331.355,331.49,326.37,329.37,26923181.0,1795.0999755859375,84.05000305175781,16.40999984741211,432.4562683105469
2021-11-02,330.31,333.45,330.0,333.13,26487109.0,1788.699951171875,83.91000366210938,16.030000686645508,434.2046813964844
2021-11-03,333.9,334.9,330.65,334.0,21370082.0,1763.5999755859375,80.86000061035156,15.100000381469727,436.8556823730469
2021-11-04,332.89,336.54,329.51,336.44,23892202.0,1793.0,78.80999755859375,15.4399995803833,438.9142761230469
2021-11-05,338.51,338.79,334.4217,336.06,22570097.0,1816.4000244140625,81.2699966430664,16.479999542236328,440.4372253417969
2021-11-08,337.3,337.65,334.44,336.99,20897001.0,1827.4000244140625,81.93000030517578,17.219999313354492,440.8132019042969
2021-11-09,337.1071,338.72,334.53,335.95,21307369.0,1830.199951171875,84.1500015258789,17.780000686645508,439.35614013671875
2021-11-10,334.57,334.6303,329.92,330.8,25500807.0,1847.5999755859373,81.33999633789062,18.729999542236328,435.8216247558594
2021-11-11,331.25,333.7746,330.51,332.43,16649844.0,1863.199951171875,81.58999633789062,17.65999984741211,435.9626159667969
2021-11-12,333.92,337.23,333.79,336.72,23831048.0,1867.9000244140625,80.79000091552734,16.290000915527344,439.2527160644531
2021-11-15,337.54,337.88,334.034,336.07,16723009.0,1866.0999755859373,80.87999725341797,16.489999771118164,439.4031066894531
2021-11-16,335.68,340.67,335.51,339.51,20886832.0,1853.5999755859373,80.76000213623047,16.3700008392334,441.1422424316406
2021-11-17,338.94,342.19,338.0,339.12,18703380.0,1869.699951171875,78.36000061035156,17.110000610351562,440.0705871582031
2021-11-18,338.18,342.45,337.12,341.27,22452333.0,1861.0,79.01000213623047,17.59000015258789,441.56524658203125
2021-11-19,342.64,345.1,342.2,343.11,21903403.0,1851.199951171875,76.0999984741211,17.90999984741211,440.7756042480469
2021-11-22,344.62,349.67,339.55,339.83,31031113.0,1806.0,76.75,19.170000076293945,439.5347900390625
2021-11-23,337.05,339.45,333.56,337.68,30252563.0,1783.5,78.5,19.3799991607666,440.1175842285156
2021-11-24,336.28,338.16,333.911,337.91,21655557.0,1784.0999755859375,78.38999938964844,18.579999923706055,441.2926025390625
2021-11-26,334.35,337.93,328.12,329.68,24217241.0,1785.300048828125,68.1500015258789,28.6200008392334,431.450439453125
2021-11-29,334.94,339.03,334.74,336.63,28563481.0,1782.300048828125,69.94999694824219,22.959999084472656,436.7427978515625
2021-11-30,335.32,337.78,328.99,330.59,42885609.0,1773.5999755859375,66.18000030517578,27.190000534057617,428.2448425292969
2021-12-01,335.13,339.28,329.39,330.08,33401146.0,1781.5999755859375,65.56999969482422,31.1200008392334,423.4881896972656
2021-12-02,330.3,333.49,327.8028,329.49,30704852.0,1760.699951171875,66.5,27.950000762939453,429.97454833984375
2021-12-03,331.99,332.7,318.03,323.01,41779279.0,1782.0,66.26000213623047,30.670000076293945,426.2331848144531
2021-12-06,323.95,327.45,319.23,326.19,30032556.0,1777.5,69.48999786376953,27.18000030517578,431.28118896484375
2021-12-07,331.64,335.8,330.1,334.92,31021936.0,1782.5999755859375,72.05000305175781,21.889999389648438,440.2021789550781
2021-12-08,335.31,335.5,330.8,334.97,24760988.0,1783.4000244140625,72.36000061035156,19.899999618530273,441.3677978515625
2021-12-09,334.41,336.489,332.12,333.1,22214157.0,1774.5999755859375,70.94000244140625,21.579999923706055,438.3879089355469
2021-12-10,334.98,343.0,334.79,342.54,38095694.0,1782.9000244140625,71.66999816894531,18.690000534057617,442.51458740234375
2021-12-13,340.68,343.79,339.08,339.4,28899431.0,1786.300048828125,71.29000091552734,20.309999465942383,438.5946960449219
2021-12-14,333.22,334.64,324.11,328.34,44438696.0,1770.4000244140625,70.7300033569336,21.889999389648438,435.5771484375
2021-12-15,328.61,335.19,324.5,334.65,35381122.0,1762.5999755859375,70.87000274658203,19.290000915527344,442.3831481933594
2021-12-16,335.71,336.76,323.02,324.9,35034831.0,1796.5999755859375,72.37999725341797,20.56999969482422,438.48187255859375
2021-12-17,320.88,324.92,317.25,323.8,47883712.0,1803.800048828125,70.86000061035156,21.56999969482422,433.8152160644531
2021-12-20,320.05,322.8,317.57,319.91,28326532.0,1793.699951171875,68.2300033569336,22.8700008392334,429.2023010253906
2021-12-21,323.29,327.73,319.8,327.29,24740597.0,1787.9000244140625,71.12000274658203,21.010000228881836,436.8244934082031
2021-12-22,328.3,333.605,325.75,333.2,24831493.0,1801.5999755859373,72.76000213623047,18.6299991607666,441.1921691894531
2021-12-23,332.75,336.39,332.73,334.69,19617848.0,1811.199951171875,73.79000091552734,17.959999084472656,443.9372253417969
2021-12-27,335.46,342.48,335.43,342.45,19947029.0,1808.0999755859373,75.56999969482422,17.68000030517578,450.219970703125
2021-12-28,343.15,343.81,340.32,341.25,15661467.0,1810.199951171875,75.9800033569336,17.540000915527344,449.85198974609375
2021-12-29,341.3,344.3,339.68,341.95,15041956.0,1805.0999755859373,76.55999755859375,16.950000762939453,450.427490234375
2021-12-30,341.91,343.13,338.82,339.32,15994471.0,1812.699951171875,76.98999786376953,17.329999923706055,449.1822509765625
2021-12-31,338.51,339.355,335.85,336.32,17995517.0,1827.5,75.20999908447266,17.219999313354492,448.0502014160156
2022-01-03,335.35,338.0,329.78,334.75,28918012.0,1799.4000244140625,76.08000183105469,16.600000381469727,450.6444396972656
2022-01-04,334.83,335.2,326.12,329.01,32670706.0,1814.0,76.98999786376953,16.90999984741211,450.49346923828125
2022-01-05,325.86,326.07,315.98,316.38,40054325.0,1824.5999755859373,77.8499984741211,19.729999542236328,441.84307861328125
2022-01-06,313.15,318.7,311.49,313.88,39632144.0,1788.699951171875,79.45999908447266,19.610000610351562,441.427978515625
2022-01-07,314.15,316.5,310.09,314.04,32710400.0,1797.0,78.9000015258789,18.760000228881836,439.682861328125
2022-01-10,309.485,314.72,304.69,314.27,44273717.0,1798.4000244140625,78.2300033569336,19.399999618530273,439.13568115234375
2022-01-11,313.38,316.61,309.89,314.98,29386774.0,1818.5999755859373,81.22000122070312,18.40999984741211,443.1354064941406
2022-01-12,319.67,323.41,317.08,318.27,34372217.0,1827.199951171875,82.63999938964844,17.6200008392334,444.3334655761719
2022-01-13,320.4658,320.88,304.0,304.8,45365979.0,1821.199951171875,82.12000274658203,20.309999465942383,438.211181640625
2022-01-14,304.25,310.82,303.75,310.2,39844762.0,1816.5,83.81999969482422,19.190000534057617,438.39044189453125
2022-01-18,304.07,309.8,301.74,302.65,42204112.0,1812.300048828125,85.43000030517578,22.790000915527344,430.6266784667969
2022-01-19,306.29,313.9093,302.7,303.33,45933855.0,1843.0999755859373,86.95999908447266,23.850000381469727,426.1552429199219
2022-01-20,309.07,311.6494,301.14,301.6,35380675.0,1842.5,86.9000015258789,25.59000015258789,421.4385681152344
2022-01-21,302.685,304.11,295.61,296.03,57984403.0,1831.800048828125,85.13999938964844,28.850000381469727,413.1654357910156
2022-01-24,292.2,297.11,276.05,296.37,86025393.0,1841.699951171875,83.30999755859375,29.899999618530273,414.9200439453125
2022-01-25,291.52,294.99,285.17,288.49,72848368.0,1852.699951171875,85.5999984741211,31.15999984741211,409.8542785644531
2022-01-26,307.985,308.5,293.03,296.71,90428853.0,1829.9000244140625,87.3499984741211,31.959999084472656,408.8260192871094
2022-01-27,302.66,307.3,297.93,299.84,53481317.0,1793.300048828125,86.61000061035156,30.489999771118164,406.80731201171875
2022-01-28,300.23,308.48,294.45,308.26,49743698.0,1784.9000244140625,86.81999969482422,27.65999984741211,416.91046142578125
2022-01-31,308.95,312.38,306.37,310.98,46444536.0,1795.0,88.1500015258789,24.829999923706055,424.4195251464844
2022-02-01,310.41,310.63,305.1293,308.76,40950396.0,1800.300048828125,88.19999694824219,21.959999084472656,427.28729248046875
2022-02-02,309.63,315.12,308.88,313.46,36635989.0,1809.199951171875,88.26000213623047,22.09000015258789,431.4379577636719
2022-02-03,309.49,311.23,299.96,301.25,43729972.0,1803.0,90.2699966430664,24.350000381469727,421.2970886230469
2022-02-04,300.21,308.8,299.97,305.94,35093302.0,1806.5999755859373,92.30999755859376,23.219999313354492,423.2780456542969
2022-02-07,306.17,307.84,299.9,300.95,28533286.0,1820.5999755859373,91.31999969482422,22.860000610351562,421.9196472167969
2022-02-08,301.25,305.561,299.95,304.56,32314988.0,1826.5999755859373,89.36000061035156,21.440000534057617,425.3912048339844
2022-02-09,309.865,311.93,307.39,311.21,31280171.0,1835.199951171875,89.66000366210938,19.959999084472656,431.61724853515625
2022-02-10,304.04,309.12,300.7,302.38,45386199.0,1836.199951171875,89.87999725341797,23.90999984741211,423.86297607421875
2022-02-11,303.19,304.29,294.22,295.04,39160620.0,1840.800048828125,93.0999984741211,27.360000610351562,415.5050048828125
2022-02-14,293.77,296.76,291.35,295.0,36359487.0,1868.0,95.45999908447266,28.329999923706055,414.146484375
2022-02-15,300.008,300.8,297.02,300.47,27370688.0,1854.800048828125,92.06999969482422,25.700000762939453,420.8253479003906
2022-02-16,298.365,300.87,293.68,299.5,29970121.0,1870.199951171875,93.66000366210938,24.290000915527344,421.2970886230469
2022-02-17,296.36,296.8,290.0,290.73,32461580.0,1900.699951171875,91.76000213623048,28.110000610351562,412.29754638671875
2022-02-18,293.05,293.86,286.305,287.93,34256508.0,1898.5999755859373,91.06999969482422,27.75,409.6278991699219
2022-02-22,285.0,291.54,284.5,287.72,41736117.0,1906.0999755859373,92.3499984741211,28.809999465942383,405.2319030761719
2022-02-23,290.18,291.7,280.1,280.27,37797167.0,1909.199951171875,92.0999984741211,31.020000457763672,398.0436096191406
2022-02-24,272.51,295.16,271.52,294.59,56989686.0,1925.0999755859373,92.80999755859376,30.31999969482422,404.0338439941406
2022-02-25,295.14,297.63,291.655,297.31,32546721.0,1886.5,91.58999633789062,27.59000015258789,412.9484558105469
2022-02-28,294.31,299.14,293.0,298.79,34627457.0,1899.4000244140625,95.72000122070312,30.149999618530273,411.8918762207031
2022-03-01,296.4,299.97,292.15,294.95,31217778.0,1942.4000244140625,103.41000366210938,33.31999969482422,405.6186828613281
2022-03-02,295.36,301.47,293.698,300.19,31873007.0,1920.9000244140625,110.5999984741211,30.739999771118164,413.0804748535156
2022-03-03,302.89,303.13,294.05,295.92,27314469.0,1934.4000244140625,107.66999816894533,30.479999542236328,411.0240478515625
2022-03-04,294.29,295.66,287.165,289.86,32369655.0,1965.0999755859373,115.68000030517578,31.979999542236328,407.68463134765625
2022-03-07,288.53,289.69,278.53,278.91,43157178.0,1993.9000244140625,119.4000015258789,36.45000076293945,395.6663513183594
2022-03-08,277.8,283.96,270.0,275.85,48157675.0,2040.0999755859373,123.6999969482422,35.130001068115234,392.6665954589844
2022-03-09,283.44,289.6,280.78,288.5,35204480.0,1985.9000244140625,108.6999969482422,32.45000076293945,403.1943054199219
2022-03-10,283.02,286.6,280.58,285.59,30628012.0,1998.0999755859373,106.0199966430664,30.229999542236328,401.37359619140625
2022-03-11,287.96,289.51,279.43,280.07,27209330.0,1982.699951171875,109.33000183105467,30.75,396.2701416015625
2022-03-14,280.34,285.3992,275.82,276.44,30660747.0,1959.5999755859373,103.01000213623048,31.770000457763672,393.3740539550781
2022-03-15,280.35,287.82,278.725,287.15,34245085.0,1928.5,96.44000244140624,29.829999923706055,402.0245666503906
2022-03-16,289.11,294.57,283.2,294.39,37729529.0,1908.0,95.04000091552734,26.670000076293945,410.9391174316406
2022-03-17,293.29,295.61,289.37,295.22,30802133.0,1942.0999755859373,102.9800033569336,25.670000076293945,416.08038330078125
2022-03-18,295.37,301.0,292.73,300.43,43222225.0,1928.199951171875,104.6999969482422,23.8700008392334,420.6375732421875
2022-03-21,298.89,300.14,294.9,299.16,28351245.0,1928.5999755859373,112.12000274658205,23.530000686645508,420.51458740234375
2022-03-22,299.8,305.0,298.77,304.06,27599689.0,1920.699951171875,111.76000213623048,22.940000534057617,425.4351501464844
2022-03-23,300.51,303.23,297.7201,299.49,25715377.0,1936.5999755859373,114.93000030517578,23.56999969482422,419.9562683105469
2022-03-24,299.14,304.2,298.315,304.1,24484456.0,1961.5999755859373,112.33999633789062,21.670000076293945,426.286865234375
2022-03-25,305.23,305.5,299.2855,303.68,22566453.0,1953.800048828125,113.9000015258789,20.809999465942383,428.3686828613281
2022-03-28,304.33,310.8,304.33,310.7,29553438.0,1939.5999755859373,105.95999908447266,19.6299991607666,431.4156494140625
2022-03-29,313.91,315.82,309.05,315.41,30393403.0,1912.0,104.23999786376952,18.899999618530273,436.7525939941406
2022-03-30,313.76,315.95,311.58,313.86,28163555.0,1933.5,107.81999969482422,19.329999923706055,434.0556945800781
2022-03-31,313.9,315.14,307.89,308.31,33422070.0,1949.199951171875,100.27999877929688,20.559999465942383,427.3750915527344
2022-04-01,309.37,310.13,305.54,309.42,27101029.0,1919.0999755859373,99.2699966430664,19.6299991607666,428.58624267578125
2022-04-04,310.09,315.11,309.71,314.97,24335868.0,1929.199951171875,103.27999877929688,18.56999969482422,432.2577819824219
2022-04-05,313.27,314.865,309.87,310.88,23156719.0,1922.9000244140625,101.95999908447266,21.030000686645508,426.7978210449219
2022-04-06,305.19,307.0,296.71,299.5,40110372.0,1918.4000244140625,96.2300033569336,22.100000381469727,422.5301208496094
2022-04-07,296.66,303.65,296.35,301.37,31411155.0,1933.800048828125,96.02999877929688,21.549999237060547,424.65924072265625
2022-04-08,300.44,301.12,296.28,296.97,24361917.0,1941.5999755859373,98.26000213623048,21.15999984741211,423.5237121582031
2022-04-11,291.79,292.61,285.0,285.26,34519264.0,1944.300048828125,94.29000091552734,24.3700008392334,416.2847900390625
2022-04-12,289.235,290.739,280.49,282.06,30966721.0,1972.0999755859373,100.5999984741211,24.260000228881836,414.7423400878906
2022-04-13,282.73,288.58,281.3,287.62,21904429.0,1981.0,104.25,21.81999969482422,419.4925842285156
2022-04-14,288.09,288.305,279.32,279.83,28221607.0,1970.9000244140625,106.9499969482422,22.700000762939453,414.2691650390625
2022-04-18,278.91,282.46,278.34,280.52,20748800.0,1982.9000244140625,108.20999908447266,22.170000076293945,414.43951416015625
2022-04-19,279.38,286.17,278.41,285.3,22297720.0,1955.699951171875,102.55999755859376,21.3700008392334,421.12969970703125
2022-04-20,289.4,289.7,285.3702,286.36,22901807.0,1952.300048828125,102.75,20.31999969482422,420.8173522949219
2022-04-21,288.58,293.3,280.06,280.81,29454587.0,1944.9000244140625,103.79000091552734,22.68000030517578,414.52471923828125
2022-04-22,281.68,283.2,273.38,274.03,29405798.0,1931.0,102.06999969482422,28.209999084472656,403.1504821777344
2022-04-25,273.29,281.11,270.77,280.72,35678852.0,1893.199951171875,98.54000091552734,27.020000457763672,405.4877624511719
2022-04-26,277.5,278.3599,270.0,270.22,46512195.0,1901.4000244140625,101.6999969482422,33.52000045776367,393.74456787109375
2022-04-27,282.1,290.97,279.16,283.22,63468094.0,1885.9000244140625,102.0199966430664,31.600000381469727,394.8516845703125
2022-04-28,285.185,290.98,281.4562,289.63,33646570.0,1888.699951171875,105.36000061035156,29.989999771118164,404.8254089355469
2022-04-29,288.61,289.88,276.5,277.52,37073923.0,1909.300048828125,104.69000244140624,33.400001525878906,389.8647155761719
2022-05-02,277.71,284.94,276.22,284.47,35127105.0,1861.800048828125,105.16999816894533,32.34000015258789,392.21160888671875
2022-05-03,283.96,284.13,280.15,281.78,25978605.0,1868.800048828125,102.41000366210938,29.25,394.0093994140625
2022-05-04,282.59,290.88,276.73,289.98,33598320.0,1867.0,107.80999755859376,25.420000076293945,406.0081481933594
2022-05-05,285.54,286.35,274.34,277.35,43260386.0,1874.0,108.26000213623048,31.200000762939453,391.5775451660156
2022-05-06,274.805,279.25,271.27,274.73,37776182.0,1881.199951171875,109.7699966430664,30.190000534057617,389.2402038574219
2022-05-09,270.06,272.36,263.32,264.58,47725952.0,1857.0999755859373,103.08999633789062,34.75,376.77783203125
2022-05-10,271.69,273.75,265.07,269.5,39336424.0,1839.9000244140625,99.76000213623048,32.9900016784668,377.6482849121094
2022-05-11,265.68,271.36,259.3,260.55,48975898.0,1852.5999755859373,105.70999908447266,32.560001373291016,371.6489562988281
2022-05-12,257.69,259.88,250.02,255.35,51033802.0,1823.800048828125,106.12999725341795,31.770000457763672,371.2610778808594
2022-05-13,257.35,263.04,255.35,261.12,34918893.0,1807.4000244140625,110.48999786376952,28.8700008392334,380.1370544433594
2022-05-16,259.955,265.82,255.78,261.5,32539933.0,1813.5,114.1999969482422,27.469999313354492,378.59466552734375
2022-05-17,266.11,268.33,262.46,266.82,28828799.0,1818.199951171875,112.4000015258789,26.100000381469727,386.3825378417969
2022-05-18,263.0,263.6,252.77,254.08,31355985.0,1815.9000244140625,109.58999633789062,30.959999084472656,370.80682373046875
2022-05-19,253.9,257.67,251.88,253.14,32692286.0,1841.199951171875,112.20999908447266,29.350000381469727,368.5357360839844
2022-05-20,257.24,258.54,246.44,252.56,39164899.0,1841.800048828125,113.2300033569336,29.43000030517578,368.69671630859375
2022-05-23,255.49,261.5,253.43,260.65,33175379.0,1847.800048828125,110.29000091552734,28.479999542236328,375.5950012207031
2022-05-24,257.89,261.33,253.5,259.62,29043904.0,1865.0999755859373,109.7699966430664,29.450000762939453,372.7278137207031
2022-05-25,258.14,264.58,257.125,262.52,28547947.0,1846.199951171875,110.33000183105467,28.3700008392334,376.02081298828125
2022-05-26,262.27,267.11,261.4294,265.9,25002105.0,1847.4000244140625,114.08999633789062,27.5,383.5342102050781
2022-05-27,268.48,273.34,267.56,273.24,26910824.0,1851.300048828125,115.06999969482422,25.719999313354492,392.9496765136719
2022-05-31,272.53,274.77,268.93,271.87,37827695.0,1842.699951171875,114.66999816894533,26.190000534057617,390.7447814941406
2022-06-01,275.195,277.69,270.04,272.42,25285874.0,1843.300048828125,115.26000213623048,25.690000534057617,387.58428955078125
2022-06-02,264.45,274.65,261.6,274.58,44008205.0,1866.5,116.87000274658205,24.719999313354492,394.9652099609375
2022-06-03,270.31,273.45,268.41,270.02,28058958.0,1845.4000244140625,118.87000274658205,24.790000915527344,388.48321533203125
2022-06-06,272.06,274.18,267.22,268.75,22397042.0,1839.199951171875,118.5,25.06999969482422,389.6660461425781
2022-06-07,266.635,273.13,265.94,272.5,22860677.0,1847.5,119.41000366210938,24.020000457763672,393.40386962890625
2022-06-08,271.71,273.0,269.61,270.41,17372341.0,1851.9000244140625,122.11000061035156,23.959999084472656,389.1266784667969
2022-06-09,267.78,272.7081,264.63,264.79,26439728.0,1848.800048828125,121.51000213623048,26.09000015258789,379.87213134765625
2022-06-10,260.58,260.58,252.53,252.99,31445841.0,1871.5,120.66999816894533,27.75,368.85748291015625
2022-06-13,245.11,249.0242,241.53,242.26,45913188.0,1828.0,120.93000030517578,34.02000045776367,354.85260009765625
2022-06-14,243.86,245.74,241.51,244.49,28651487.0,1809.5,118.93000030517578,32.689998626708984,353.7833557128906
2022-06-15,248.31,255.3,246.42,251.76,33111729.0,1815.300048828125,115.30999755859376,29.6200008392334,358.8270263671875
2022-06-16,245.98,247.4174,243.02,244.97,33169160.0,1845.699951171875,117.58999633789062,32.95000076293945,346.9512634277344
2022-06-17,244.7,250.5,244.03,247.65,43081680.0,1835.5999755859373,109.55999755859376,31.1299991607666,347.6991882324219
2022-06-21,250.255,254.75,249.51,253.74,29928297.0,1834.5999755859373,110.6500015258789,30.190000534057617,356.4519958496094
2022-06-22,251.89,257.17,250.37,253.13,25961215.0,1834.300048828125,106.19000244140624,28.950000762939453,355.8058166503906
2022-06-23,255.57,259.37,253.63,258.86,25861449.0,1825.699951171875,104.2699966430664,29.049999237060547,359.2936096191406
2022-06-24,261.808,267.98,261.72,267.7,33908991.0,1826.5,107.62000274658205,27.229999542236328,370.7169494628906
2022-06-27,268.205,268.3,263.28,264.89,24615114.0,1820.9000244140625,109.56999969482422,26.950000762939453,369.3008728027344
2022-06-28,263.98,266.91,256.32,256.48,27377747.0,1817.5,111.76000213623048,28.360000610351562,361.7550964355469
2022-06-29,257.59,261.97,255.76,260.26,20069839.0,1813.699951171875,109.77999877929688,28.15999984741211,361.46044921875
2022-06-30,257.05,259.53,252.9,256.83,31713368.0,1804.0999755859373,105.76000213623048,28.709999084472656,358.5238952636719
2022-07-01,256.39,259.77,254.61,259.58,22837692.0,1798.9000244140625,108.43000030517578,26.700000762939453,362.3157043457031
2022-07-05,256.16,262.98,254.74,262.85,22971634.0,1761.800048828125,99.5,27.540000915527344,363.0000305175781
2022-07-06,263.75,267.99,262.4,266.21,23809419.0,1734.9000244140625,98.52999877929688,26.729999542236328,364.2259216308594
2022-07-07,265.12,269.055,265.02,268.4,20859874.0,1737.9000244140625,102.7300033569336,26.079999923706055,369.6810607910156
2022-07-08,264.79,268.1,263.285,267.66,19658751.0,1740.5999755859375,104.79000091552734,24.639999389648438,369.37701416015625
2022-07-11,265.65,266.53,262.18,264.51,19497608.0,1730.0,104.08999633789062,26.170000076293945,365.15740966796875
2022-07-12,265.88,265.94,252.04,253.67,35846600.0,1723.300048828125,95.83999633789062,27.290000915527344,361.9261169433594
2022-07-13,250.19,253.55,248.11,252.72,29497423.0,1734.199951171875,96.3000030517578,26.81999969482422,360.0253601074219
2022-07-14,250.57,255.1374,245.94,254.08,25102823.0,1704.5,95.77999877929688,26.399999618530273,359.15106201171875
2022-07-15,255.72,260.3699,254.7727,256.72,29774050.0,1702.4000244140625,97.58999633789062,24.229999542236328,366.0126647949219
2022-07-18,259.75,260.84,253.3,254.25,20975034.0,1709.199951171875,102.5999984741211,25.299999237060547,362.99053955078125
2022-07-19,257.575,259.72,253.68,259.53,25012562.0,1710.0,104.22000122070312,24.5,372.7982482910156
2022-07-20,259.9,264.87,258.91,262.27,22788282.0,1699.5,102.26000213623048,23.8799991607666,375.17413330078125
2022-07-21,259.79,264.89,257.03,264.84,22404675.0,1712.699951171875,96.3499984741211,23.110000610351562,378.9945983886719
2022-07-22,265.24,265.33,259.07,260.36,21880990.0,1727.0999755859375,94.6999969482422,23.030000686645508,375.47833251953125
2022-07-25,260.995,261.5,256.81,258.83,21055998.0,1719.0,96.6999969482422,23.360000610351562,375.9344177246094
2022-07-26,259.86,259.88,249.57,251.9,39322017.0,1717.699951171875,94.9800033569336,24.690000534057617,371.4867248535156
2022-07-27,261.16,270.05,258.85,268.74,45987389.0,1719.0999755859375,97.26000213623048,23.239999771118164,381.1329345703125
2022-07-28,269.75,277.84,267.87,276.41,33459327.0,1750.300048828125,96.41999816894533,22.329999923706055,385.9132385253906
2022-07-29,277.7,282.0,276.63,280.74,32138752.0,1762.9000244140625,98.62000274658205,21.329999923706055,391.53936767578125
2022-08-01,277.82,281.28,275.84,278.01,21539580.0,1769.0,93.88999938964844,22.84000015258789,390.3799133300781
2022-08-02,276.0,277.89,272.38,274.82,22754184.0,1771.0999755859375,94.41999816894533,23.93000030517578,387.8044738769531
2022-08-03,276.76,283.5,276.61,282.47,23518874.0,1758.0,90.66000366210938,21.950000762939453,393.8772277832031
2022-08-04,281.8,283.8,280.1677,283.65,18098668.0,1788.5,88.54000091552734,21.440000534057617,393.6112060546875
2022-08-05,279.15,283.65,278.68,282.91,16774606.0,1772.9000244140625,89.01000213623047,21.149999618530273,392.9458923339844
2022-08-08,284.05,285.92,279.32,280.32,18757818.0,1786.800048828125,90.76000213623048,21.290000915527344,392.4897155761719
2022-08-09,279.64,283.08,277.61,282.3,23405238.0,1794.0,90.5,21.770000457763672,390.9311218261719
2022-08-10,288.17,289.81,286.94,289.16,24652845.0,1795.5999755859375,91.93000030517578,19.739999771118164,399.1422424316406
2022-08-11,290.85,291.21,286.51,287.02,20065938.0,1789.699951171875,94.33999633789062,20.200000762939453,399.1422424316406
2022-08-12,288.48,291.91,286.94,291.91,22619675.0,1798.5999755859375,92.08999633789062,19.530000686645508,405.8993225097656
2022-08-15,291.0,294.18,290.11,293.47,18053154.0,1781.4000244140625,89.41000366210938,19.950000762939453,407.57196044921875
2022-08-16,291.99,294.04,290.42,292.71,18102882.0,1773.199951171875,86.52999877929688,19.690000534057617,408.3702087402344
2022-08-17,289.74,293.35,289.47,291.32,18203358.0,1760.300048828125,88.11000061035156,19.899999618530273,405.4716796875
2022-08-18,290.189,291.91,289.08,290.17,17032192.0,1755.300048828125,90.5,19.559999465942383,406.65008544921875
2022-08-19,288.9,289.25,285.56,286.15,20570033.0,1747.5999755859375,90.7699966430664,20.600000381469727,401.1855773925781
2022-08-22,282.08,282.46,277.22,277.75,25061070.0,1734.0,90.2300033569336,23.799999237060547,392.8318786621094
2022-08-23,276.44,278.86,275.4,276.44,17527409.0,1746.800048828125,93.73999786376952,24.110000610351562,391.88153076171875
2022-08-24,275.41,277.23,275.11,275.79,18137019.0,1747.800048828125,94.88999938964844,22.81999969482422,393.135986328125
2022-08-25,277.33,279.02,274.52,278.85,16583407.0,1757.699951171875,92.5199966430664,21.780000686645508,398.6861267089844
2022-08-26,279.08,280.34,267.98,268.09,27549307.0,1736.0999755859375,93.05999755859376,25.559999465942383,385.19091796875
2022-08-29,265.85,267.4,263.85,265.23,20320044.0,1736.5999755859375,97.01000213623048,26.209999084472656,382.64398193359375
2022-08-30,266.67,267.05,260.66,262.97,22767071.0,1723.199951171875,91.63999938964844,26.209999084472656,378.4434509277344
2022-08-31,265.39,267.11,261.33,261.47,24791834.0,1712.800048828125,89.55000305175781,25.8700008392334,375.5638732910156
2022-09-01,258.87,260.89,255.41,260.4,23263431.0,1696.5999755859375,86.61000061035156,25.559999465942383,376.7422790527344
2022-09-02,261.695,264.74,254.47,256.06,22855380.0,1709.800048828125,86.87000274658203,25.469999313354492,372.7698059082031
2022-09-06,256.2,257.83,251.94,253.25,21328242.0,1700.4000244140625,86.87999725341797,26.90999984741211,371.36322021484375
2022-09-07,254.7,258.83,253.22,258.09,24126700.0,1715.300048828125,81.94000244140625,24.639999389648438,378.03472900390625
2022-09-08,257.51,260.43,254.79,258.52,20319911.0,1708.0,83.54000091552734,23.610000610351562,380.50567626953125
2022-09-09,260.5,265.23,260.29,264.46,22093190.0,1716.199951171875,86.79000091552734,22.790000915527344,386.4169006347656
2022-09-12,265.78,267.45,265.16,266.65,18747690.0,1728.0999755859375,87.77999877929688,23.8700008392334,390.5699462890625
2022-09-13,258.84,260.4,251.59,251.99,33353318.0,1705.0,87.30999755859375,27.270000457763672,373.5870361328125
2022-09-14,253.53,254.23,249.86,252.22,23912954.0,1696.5,88.4800033569336,26.15999984741211,375.01263427734375
2022-09-15,249.77,251.4,244.02,245.38,31530948.0,1665.4000244140625,85.0999984741211,26.270000457763672,370.7549133300781
2022-09-16,244.26,245.3,242.0627,244.74,39758168.0,1671.699951171875,85.11000061035156,26.299999237060547,367.926513671875
2022-09-19,242.465,245.14,240.85,244.52,26826931.0,1666.199951171875,85.7300033569336,25.760000228881836,370.7797546386719
2022-09-20,242.065,243.51,239.64,242.45,26660299.0,1659.699951171875,84.44999694824219,27.15999984741211,366.5237121582031
2022-09-21,244.27,247.66,238.9,238.95,28625557.0,1664.5999755859375,82.94000244140625,27.989999771118164,360.13018798828125
2022-09-22,237.8704,243.86,237.57,240.98,31058162.0,1670.800048828125,83.48999786376953,27.350000381469727,357.1051025390625
2022-09-23,239.54,241.13,235.2,237.92,34126048.0,1645.300048828125,78.73999786376953,29.920000076293945,351.1219482421875
2022-09-26,237.045,241.45,236.9,237.45,27435190.0,1623.300048828125,76.70999908447266,32.2599983215332,347.6484375
2022-09-27,239.98,241.8,234.5,236.41,27018732.0,1626.699951171875,78.5,32.599998474121094,346.7609558105469
2022-09-28,236.81,242.33,234.73,241.07,28969679.0,1660.4000244140625,82.1500015258789,30.18000030517578,353.58392333984375
2022-09-29,238.89,239.95,234.41,237.5,27467433.0,1658.5,81.2300033569336,31.84000015258789,346.1979064941406
2022-09-30,238.29,240.54,232.73,232.9,35692780.0,1662.4000244140625,79.48999786376953,31.6200008392334,340.8444519042969
2022-10-03,235.41,241.61,234.66,240.74,28855357.0,1692.9000244140625,83.62999725341797,30.100000381469727,349.8432312011719
2022-10-04,245.09,250.36,244.975,248.88,34888416.0,1721.0999755859375,86.5199966430664,29.06999969482422,360.68365478515625
2022-10-05,245.99,250.58,244.1,249.2,20316136.0,1711.4000244140625,87.76000213623047,28.549999237060547,359.8439025878906
2022-10-06,247.93,250.34,246.08,246.79,20239886.0,1711.699951171875,88.44999694824219,30.520000457763672,356.1318054199219
2022-10-07,240.902,241.32,233.17,234.24,37737102.0,1700.5,92.63999938964844,31.360000610351562,346.1979064941406
2022-10-10,233.05,234.559,226.73,229.25,29743608.0,1667.300048828125,91.12999725341795,32.45000076293945,343.5545959472656
2022-10-11,227.62,229.06,224.11,225.41,30473954.0,1678.699951171875,89.3499984741211,33.630001068115234,341.37890625
2022-10-12,225.4,227.86,223.96,225.75,21903937.0,1670.300048828125,87.2699966430664,33.56999969482422,340.2528381347656
2022-10-13,219.85,236.1,219.13,234.24,42551818.0,1670.0,89.11000061035156,31.940000534057617,349.2324523925781
2022-10-14,235.54,237.24,228.34,228.56,30198588.0,1641.699951171875,85.61000061035156,32.02000045776367,341.27392578125
2022-10-17,235.82,238.96,235.135,237.53,28142268.0,1657.0,85.45999908447266,31.3700008392334,350.0436096191406
2022-10-18,243.24,243.93,235.37,238.5,26329591.0,1649.0,82.81999969482422,30.5,354.1564636230469
2022-10-19,237.04,239.61,234.29,236.48,19985698.0,1627.5,85.55000305175781,30.760000228881836,351.646728515625
2022-10-20,235.77,241.31,234.87,236.15,21811015.0,1630.800048828125,85.9800033569336,29.979999542236328,348.6980895996094
2022-10-21,234.74,243.0,234.5,242.12,26299733.0,1651.0,85.05000305175781,29.690000534057617,357.17193603515625
2022-10-24,243.76,247.84,241.295,247.25,24781432.0,1648.699951171875,84.58000183105469,29.850000381469727,361.5425109863281
2022-10-25,247.26,251.04,245.83,250.66,34775505.0,1652.800048828125,85.31999969482422,28.459999084472656,367.3157958984375
2022-10-26,231.17,238.3,230.06,231.32,82684846.0,1664.0,87.91000366210938,27.280000686645508,364.54840087890625
2022-10-27,231.04,233.69,225.78,226.75,40424645.0,1660.699951171875,89.08000183105469,27.389999389648438,362.60174560546875
2022-10-28,226.24,236.6,226.05,235.87,40647724.0,1639.5999755859375,87.9000015258789,25.75,371.2283020019531
2022-10-31,233.76,234.92,231.15,232.13,28357265.0,1635.9000244140625,86.52999877929688,25.8799991607666,368.54681396484375
2022-11-01,234.6,235.74,227.325,228.17,30582271.0,1645.0,88.37000274658203,25.809999465942383,366.93408203125
2022-11-02,229.46,231.3,220.04,220.1,38400237.0,1645.699951171875,90.0,25.860000610351562,357.7253723144531
2022-11-03,220.09,220.41,213.98,214.25,36633922.0,1627.300048828125,88.16999816894531,25.299999237060547,354.04193115234375
2022-11-04,217.55,221.59,213.431,221.39,36789063.0,1672.5,92.61000061035156,24.549999237060547,359.1377258300781
2022-11-07,221.99,228.41,221.28,227.87,33497979.0,1676.5,91.79000091552734,24.350000381469727,362.5730895996094
2022-11-08,228.7,231.65,225.84,228.87,28192548.0,1712.0999755859375,88.91000366210938,25.540000915527344,364.5293273925781
2022-11-09,227.37,228.6327,224.33,224.51,27851835.0,1710.0999755859375,85.83000183105469,26.09000015258789,357.0191955566406
2022-11-10,235.43,243.33,235.0,242.98,46268021.0,1750.300048828125,86.47000122070312,23.530000686645508,376.6390075683594
2022-11-11,242.99,247.99,241.93,247.11,34620246.0,1766.0,88.95999908447266,22.520000457763672,380.28424072265625
2022-11-14,241.985,243.91,239.21,241.55,31123340.0,1773.5999755859375,85.87000274658203,23.729999542236328,377.0492858886719
2022-11-15,245.66,247.0,240.03,241.97,31380517.0,1773.800048828125,86.91999816894531,24.540000915527344,380.2651062011719
2022-11-16,242.79,243.8,240.42,241.73,24093272.0,1773.0,85.58999633789062,24.110000610351562,377.3642272949219
2022-11-17,237.78,243.25,237.63,241.68,23123544.0,1760.800048828125,81.63999938964844,23.93000030517578,376.20953369140625
2022-11-18,243.51,243.74,239.03,241.22,27613523.0,1751.9000244140625,80.08000183105469,23.1200008392334,377.9176940917969
2022-11-21,241.43,244.67,241.19,242.05,26393200.0,1737.4000244140625,79.7300033569336,22.360000610351562,376.5435791015625
2022-11-22,243.59,245.31,240.71,245.03,19665699.0,1738.300048828125,80.94999694824219,21.290000915527344,381.6106872558594
2022-11-23,245.105,248.28,244.27,247.58,19508462.0,1744.9000244140625,77.94000244140625,20.350000381469727,384.0154113769531
2022-11-25,247.31,248.7,246.73,247.49,9200772.0,1753.300048828125,76.27999877929688,20.5,383.9294738769531
2022-11-28,246.08,246.65,240.8,241.76,24810271.0,1740.0999755859375,77.23999786376953,22.209999084472656,377.80316162109375
2022-11-29,241.4,242.79,238.21,240.33,17956313.0,1748.4000244140625,78.19999694824219,21.889999389648438,377.1542663574219
2022-11-30,240.57,255.33,239.86,255.14,47594239.0,1746.0,80.55000305175781,20.579999923706055,389.0348205566406
2022-12-01,253.87,256.12,250.9156,254.69,26028524.0,1801.0999755859375,81.22000122070312,19.84000015258789,388.7485656738281
2022-12-02,249.82,256.06,249.69,255.02,21528520.0,1795.9000244140625,79.9800033569336,19.059999465942383,388.30010986328125
2022-12-05,252.01,253.819,248.06,250.2,23435294.0,1767.4000244140625,76.93000030517578,20.75,381.31488037109375
2022-12-06,250.82,251.86,243.78,245.12,22463727.0,1769.300048828125,74.25,22.170000076293945,375.8182373046875
2022-12-07,244.83,246.16,242.205,244.37,20479222.0,1785.5,72.01000213623047,22.68000030517578,375.17889404296875
2022-12-08,244.84,248.74,243.06,247.4,22611757.0,1788.699951171875,71.45999908447266,22.290000915527344,378.1181335449219
2022-12-09,244.695,248.31,244.16,245.42,20609743.0,1798.0999755859375,71.0199966430664,22.829999923706055,375.29345703125
2022-12-12,247.445,252.54,247.17,252.51,30665069.0,1780.5,73.16999816894531,25.0,380.7041320800781
2022-12-13,261.69,263.915,253.07,256.92,42192634.0,1813.9000244140625,75.38999938964844,22.549999237060547,383.5859680175781
2022-12-14,257.13,262.588,254.31,257.22,35376633.0,1807.5,77.27999877929688,21.139999389648438,381.1335754394531
2022-12-15,253.72,254.2,247.34,249.01,35568093.0,1777.199951171875,76.11000061035156,22.829999923706055,371.8104248046875
2022-12-16,248.55,249.84,243.51,244.69,86101994.0,1790.0,74.29000091552734,22.6200008392334,367.4207458496094
2022-12-19,244.86,245.21,238.71,240.45,29696436.0,1787.699951171875,75.19000244140625,22.420000076293945,364.30511474609375
2022-12-20,239.4,242.91,238.42,241.8,25115802.0,1815.9000244140625,76.08999633789062,21.479999542236328,364.80364990234375
2022-12-21,241.69,245.615,240.11,244.43,23690607.0,1815.9000244140625,78.29000091552734,20.06999969482422,370.25836181640625
2022-12-22,241.255,241.99,233.87,238.19,28651664.0,1787.0,77.48999786376953,21.969999313354492,364.9761962890625
2022-12-23,236.11,238.87,233.9428,238.73,21206982.0,1795.9000244140625,79.55999755859375,20.8700008392334,367.0756530761719
2022-12-27,238.7,238.93,235.83,236.96,16688648.0,1814.800048828125,79.52999877929688,21.649999618530273,365.6280517578125
2022-12-28,236.89,239.72,234.17,234.53,17457104.0,1807.9000244140625,78.95999908447266,22.139999389648438,361.0841064453125
2022-12-29,235.65,241.92,235.65,241.01,19770693.0,1819.5,78.4000015258789,21.440000534057617,367.5837097167969
2022-12-30,238.21,239.96,236.66,239.82,21938472.0,1819.699951171875,80.26000213623047,21.670000076293945,366.615478515625
2023-01-03,243.08,245.75,237.4,239.58,25740036.0,1839.699951171875,76.93000030517578,22.899999618530273,365.072021484375
2023-01-04,232.275,232.87,225.96,229.1,50623394.0,1852.800048828125,72.83999633789062,22.010000228881836,367.8905029296875
2023-01-05,227.2,227.55,221.7602,222.31,39577823.0,1834.800048828125,73.66999816894531,22.459999084472656,363.6916198730469
2023-01-06,223.0,225.7601,219.35,224.93,43613574.0,1864.199951171875,73.7699966430664,21.1299991607666,372.0318603515625
2023-01-09,226.45,231.2366,226.41,227.12,27369784.0,1872.699951171875,74.62999725341797,21.969999313354492,371.8209228515625
2023-01-10,227.755,231.31,227.33,228.85,27033881.0,1871.5999755859373,75.12000274658203,20.579999923706055,374.4284362792969
2023-01-11,231.29,235.95,231.11,235.77,28633081.0,1874.5999755859373,77.41000366210938,21.09000015258789,379.1641540527344
2023-01-12,235.26,239.9,233.56,238.51,27269486.0,1895.5,78.38999938964844,18.829999923706055,380.54461669921875
2023-01-13,237.002,239.37,234.92,239.23,21333265.0,1918.4000244140625,79.86000061035156,18.350000381469727,382.02093505859375
2023-01-17,237.97,240.91,237.09,240.35,29831257.0,1907.199951171875,80.18000030517578,19.360000610351562,381.3211364746094
2023-01-18,241.565,242.38,235.52,235.81,30028692.0,1904.4000244140625,79.4800033569336,20.34000015258789,375.30084228515625
2023-01-19,233.78,235.52,230.68,231.93,28592433.0,1922.0999755859373,80.33000183105469,20.520000457763672,372.5686340332031
2023-01-20,234.855,240.74,234.51,240.22,35249809.0,1926.4000244140625,81.30999755859375,19.850000381469727,379.50927734375
2023-01-23,241.1,245.165,239.65,242.58,31933951.0,1927.0999755859373,81.62000274658203,19.809999465942383,384.0628356933594
2023-01-24,242.5,243.95,240.44,242.04,40218444.0,1933.9000244140625,80.12999725341797,19.200000762939453,383.65069580078125
2023-01-25,234.48,243.3,230.9,240.61,66526641.0,1941.199951171875,80.1500015258789,19.079999923706055,383.79437255859375
2023-01-26,243.65,248.31,242.0,248.0,33454491.0,1929.0999755859373,81.01000213623047,18.729999542236328,388.01251220703125
2023-01-27,248.99,249.83,246.83,248.16,26498939.0,1928.5999755859373,79.68000030517578,18.510000228881836,388.90399169921875
2023-01-30,244.51,245.6,242.2,242.71,25867365.0,1922.9000244140625,77.9000015258789,19.940000534057617,384.0245056152344
2023-01-31,243.45,247.95,242.945,247.81,26541072.0,1929.5,78.87000274658203,19.399999618530273,389.6708984375
2023-02-01,248.0,255.18,245.47,252.75,31259912.0,1927.800048828125,76.41000366210938,17.8700008392334,393.8122863769531
2023-02-02,258.82,264.69,257.25,264.6,39931837.0,1916.300048828125,75.87999725341797,18.729999542236328,399.5450134277344
2023-02-03,259.542,264.2,257.1,258.35,29059256.0,1862.9000244140625,73.38999938964844,18.329999923706055,395.2982177734375
2023-02-06,257.44,258.3,254.78,256.77,22517997.0,1866.199951171875,74.11000061035156,19.43000030517578,392.8824157714844
2023-02-07,260.53,268.775,260.08,267.56,50841365.0,1871.699951171875,77.13999938964844,18.65999984741211,398.0207214355469
2023-02-08,273.2,276.76,266.21,266.73,54674349.0,1877.4000244140625,78.47000122070312,19.6299991607666,393.66851806640625
2023-02-09,273.8,273.98,262.8,263.62,42375102.0,1866.199951171875,78.05999755859375,20.709999084472656,390.25567626953125
2023-02-10,261.53,264.09,260.662,263.1,25808489.0,1862.800048828125,79.72000122070312,20.530000686645508,391.16644287109375
2023-02-13,267.64,274.6,267.15,271.32,44614921.0,1851.9000244140625,80.13999938964844,20.34000015258789,395.7583312988281
2023-02-14,272.67,274.97,269.28,272.17,37047924.0,1854.0,79.05999755859375,18.90999984741211,395.57623291015625
2023-02-15,268.32,270.73,266.18,269.32,28962163.0,1834.199951171875,78.58999633789062,18.229999542236328,396.8608093261719
2023-02-16,264.02,266.74,261.9,262.15,29529391.0,1842.0,78.48999786376953,20.170000076293945,391.3964538574219
2023-02-17,259.39,260.09,256.0,258.06,29998205.0,1840.4000244140625,76.33999633789062,20.020000457763672,390.4186706542969
2023-02-21,254.48,255.49,251.59,252.67,28372844.0,1833.0,76.16000366210938,22.8700008392334,382.58648681640625
2023-02-22,254.09,254.34,250.34,251.51,22491056.0,1832.0,73.94999694824219,22.290000915527344,382.059326171875
2023-02-23,255.56,256.84,250.48,254.77,29219095.0,1818.0,75.38999938964844,21.139999389648438,384.0915832519531
2023-02-24,249.96,251.0,248.1,249.22,24860205.0,1808.800048828125,76.31999969482422,21.670000076293945,379.98858642578125
2023-02-27,252.46,252.82,249.39,250.16,21184867.0,1817.0,75.68000030517578,20.950000762939453,381.2827453613281
2023-02-28,249.07,251.49,248.73,249.42,22490950.0,1828.9000244140625,77.05000305175781,20.700000762939453,379.87359619140625
2023-03-01,250.76,250.93,245.79,246.27,27530059.0,1837.699951171875,77.69000244140625,20.579999923706055,378.4164123535156
2023-03-02,246.55,251.4,245.61,251.11,24795896.0,1833.5,78.16000366210938,19.59000015258789,381.35943603515625
2023-03-03,252.19,255.62,251.39,255.29,30760136.0,1847.699951171875,79.68000030517578,18.489999771118164,387.4756774902344
2023-03-06,256.425,260.12,255.98,256.87,24099799.0,1847.9000244140625,80.45999908447266,18.610000610351562,387.7441101074219
2023-03-07,256.3,257.69,253.39,254.15,21473179.0,1813.9000244140625,77.58000183105469,19.59000015258789,381.8004455566406
2023-03-08,254.04,254.5417,250.81,253.7,17281277.0,1812.699951171875,76.66000366210938,19.110000610351562,382.4235534667969
2023-03-09,255.82,259.56,251.58,252.32,26652187.0,1829.300048828125,75.72000122070312,22.610000610351562,375.3678894042969
2023-03-10,251.08,252.79,247.6,248.59,28273930.0,1862.0,76.68000030517578,24.799999237060547,369.9516296386719
2023-03-13,247.4,257.91,245.73,253.92,33292721.0,1911.699951171875,74.80000305175781,26.520000457763672,369.42431640625
2023-03-14,256.75,261.07,255.86,260.79,33614078.0,1906.199951171875,71.33000183105469,23.729999542236328,375.5309143066406
2023-03-15,259.98,266.48,259.21,265.44,45990647.0,1926.5999755859373,67.61000061035156,26.139999389648438,373.18218994140625
2023-03-16,265.205,276.56,263.28,276.2,54832140.0,1919.0,68.3499984741211,22.989999771118164,379.729736328125
2023-03-17,278.26,283.33,276.3201,279.43,69527371.0,1969.800048828125,66.73999786376953,25.510000228881836,375.2896728515625
2023-03-20,276.98,277.48,269.85,272.23,43466649.0,1979.199951171875,67.63999938964844,24.149999618530273,378.8983154296875
2023-03-21,274.88,275.0,269.5191,273.78,34545504.0,1938.0,69.33000183105469,21.3799991607666,383.8734436035156
2023-03-22,273.4,281.04,272.18,272.29,34871230.0,1946.800048828125,70.9000015258789,22.260000228881836,377.32977294921875
2023-03-23,277.94,281.06,275.2,277.66,36610879.0,1993.800048828125,69.95999908447266,22.610000610351562,378.34979248046875
2023-03-24,277.24,280.63,275.28,280.57,28199962.0,1982.0999755859373,69.26000213623047,21.739999771118164,380.83258056640625
2023-03-27,280.5,281.4589,275.52,276.38,26840212.0,1952.4000244140625,72.80999755859375,20.600000381469727,381.5447082519531
2023-03-28,275.79,276.14,272.0451,275.23,21878647.0,1972.4000244140625,73.19999694824219,19.969999313354492,380.6882629394531
2023-03-29,278.96,281.1398,278.41,280.51,25087032.0,1966.0999755859373,72.97000122070312,19.1200008392334,386.2215270996094
2023-03-30,284.23,284.46,281.48,284.05,25053410.0,1980.300048828125,74.37000274658203,19.020000457763672,388.4829406738281
2023-03-31,283.73,289.27,283.0,288.3,32765976.0,1969.0,75.66999816894531,18.700000762939453,393.95843505859375
2023-04-03,286.52,288.27,283.95,287.23,24743342.0,1983.9000244140625,80.41999816894531,18.549999237060547,395.4595947265625
2023-04-04,287.23,290.4499,285.67,287.18,25824299.0,2022.199951171875,80.70999908447266,19.0,393.26556396484375
2023-04-05,285.85,287.15,282.92,284.34,22064770.0,2020.9000244140625,80.61000061035156,19.079999923706055,392.2358703613281
2023-04-06,283.21,292.08,282.03,291.6,29770334.0,2011.9000244140625,80.69999694824219,18.399999618530273,393.7659912109375
2023-04-10,289.208,289.6,284.71,289.39,23095494.0,1989.0999755859373,79.73999786376953,18.969999313354492,394.1701354980469
2023-04-11,285.75,285.98,281.64,282.83,27011589.0,2004.800048828125,81.52999877929688,19.100000381469727,394.2760009765625
2023-04-12,284.79,287.01,281.96,283.49,27392932.0,2010.9000244140625,83.26000213623047,19.09000015258789,392.6689453125
2023-04-13,283.59,289.9,283.17,289.84,24212878.0,2041.300048828125,82.16000366210938,17.799999237060547,397.8846130371094
2023-04-14,287.0,288.48,283.69,286.14,20982817.0,2002.199951171875,82.5199966430664,17.06999969482422,396.9126892089844
2023-04-17,289.93,291.6,286.16,288.8,23836223.0,1994.199951171875,80.83000183105469,16.950000762939453,398.3369445800781
2023-04-18,291.57,291.755,287.01,288.37,20129345.0,2007.4000244140625,80.86000061035156,16.829999923706055,398.59674072265625
2023-04-19,285.99,289.05,284.54,288.45,17150271.0,1995.199951171875,79.16000366210938,16.459999084472656,398.5294494628906
2023-04-20,285.25,289.03,285.08,286.11,23244363.0,2007.5999755859373,77.29000091552734,17.170000076293945,396.3546142578125
2023-04-21,285.01,286.27,283.0608,285.76,21676387.0,1979.5,77.87000274658203,16.770000457763672,396.6625671386719
2023-04-24,282.09,284.95,278.72,281.77,26611014.0,1989.0999755859373,78.76000213623047,16.889999389648438,397.0763244628906
2023-04-25,279.51,281.6,275.37,275.42,45759736.0,1994.0,77.06999969482422,18.760000228881836,390.7731628417969
2023-04-26,296.7,299.57,292.73,295.37,64542982.0,1985.699951171875,74.30000305175781,18.84000015258789,389.1180114746094
2023-04-27,295.97,305.2,295.25,304.83,46462608.0,1989.9000244140625,74.76000213623047,17.030000686645508,396.8645935058594
2023-04-28,304.01,308.93,303.31,307.26,36469613.0,1990.0999755859373,76.77999877929688,15.779999732971191,400.2519836425781
2023-05-01,306.97,308.6,305.15,305.56,21267115.0,1983.4000244140625,75.66000366210938,16.079999923706055,399.8478088378906
2023-05-02,307.76,309.18,303.91,305.41,26404431.0,2014.300048828125,71.66000366210938,17.780000686645508,395.353759765625
2023-05-03,306.62,308.61,304.09,304.4,22360754.0,2028.5999755859373,68.5999984741211,18.34000015258789,392.6401062011719
2023-05-04,306.24,307.7626,303.4,305.41,22519907.0,2048.0,68.55999755859375,20.09000015258789,389.85906982421875
2023-05-05,305.72,311.97,304.27,310.65,28196052.0,2017.4000244140625,71.33999633789062,17.190000534057617,397.0763244628906
2023-05-08,310.13,310.2,306.09,308.65,21308813.0,2026.300048828125,73.16000366210938,16.979999542236328,397.18212890625
2023-05-09,308.0,310.04,306.31,307.0,21340829.0,2036.199951171875,73.70999908447266,17.709999084472656,395.4403991699219
2023-05-10,308.62,313.0,307.67,312.31,30078044.0,2030.5,72.55999755859375,16.940000534057617,397.2879943847656
2023-05-11,310.1,311.12,306.2601,310.11,31680179.0,2014.699951171875,70.87000274658203,16.93000030517578,396.59515380859375
2023-05-12,310.55,310.65,306.6,308.97,19672946.0,2014.5,70.04000091552734,17.030000686645508,396.07550048828125
2023-05-15,309.095,309.905,307.59,309.46,16336547.0,2018.0,71.11000061035156,17.1200008392334,397.4419860839844
2023-05-16,309.83,313.71,309.83,311.74,25680347.0,1988.4000244140625,70.86000061035156,17.989999771118164,394.7860107421875
2023-05-17,312.29,314.43,310.74,314.0,24315012.0,1980.699951171875,72.83000183105469,16.8700008392334,399.57830810546875
2023-05-18,314.53,319.04,313.72,318.52,27275991.0,1956.5,71.86000061035156,16.049999237060547,403.4275207519531
2023-05-19,316.74,318.75,316.37,318.34,27543551.0,1978.699951171875,71.55000305175781,16.809999465942383,402.8404846191406
2023-05-22,318.6,322.59,318.01,321.18,24115664.0,1974.800048828125,71.98999786376953,17.209999084472656,403.00408935546875
2023-05-23,320.03,322.72,315.25,315.26,30797173.0,1972.4000244140625,72.91000366210938,18.530000686645508,398.4812316894531
2023-05-24,314.73,316.5,312.61,313.85,23384887.0,1962.800048828125,74.33999633789062,20.030000686645508,395.5943298339844
2023-05-25,323.24,326.9,320.0,325.92,43205743.0,1943.0999755859373,71.83000183105469,19.139999389648438,399.02020263671875
2023-05-26,324.02,333.4,323.88,332.89,36630633.0,1944.0999755859373,72.66999816894531,17.950000762939453,404.187744140625
2023-05-30,335.23,335.74,330.52,331.21,29503070.0,1958.0,69.45999908447266,17.459999084472656,404.3417663574219
2023-05-31,332.29,335.94,327.33,328.39,45950553.0,1963.9000244140625,68.08999633789062,17.940000534057617,402.09954833984375
2023-06-01,325.93,333.53,324.72,332.58,26773851.0,1978.0,70.0999984741211,15.649999618530273,405.9198913574219
2023-06-02,334.247,337.5,332.55,335.4,25853669.0,1952.4000244140625,71.73999786376953,14.600000381469727,411.78997802734375
2023-06-05,335.22,338.5599,334.6601,335.94,21307053.0,1958.0,72.1500015258789,14.729999542236328,411.0009460449219
2023-06-06,335.33,335.37,332.17,333.68,20396223.0,1965.5,71.73999786376953,13.960000038146973,411.8958435058594
2023-06-07,331.65,334.49,322.5,323.38,40706629.0,1942.699951171875,72.52999877929688,13.9399995803833,410.4715881347656
2023-06-08,323.935,326.64,323.35,325.26,23260258.0,1963.5999755859373,71.29000091552734,13.649999618530273,412.9543762207031
2023-06-09,324.99,329.99,324.41,326.79,22528950.0,1962.199951171875,70.16999816894531,13.829999923706055,413.6953430175781
2023-06-12,328.58,332.0999,325.16,331.85,24281753.0,1955.300048828125,67.12000274658203,15.010000228881836,417.44830322265625
2023-06-13,334.465,336.98,330.39,334.29,22801279.0,1944.5999755859373,69.41999816894531,14.609999656677246,420.2005310058594
2023-06-14,334.34,339.04,332.81,337.34,26003791.0,1955.300048828125,68.2699966430664,13.880000114440918,420.700927734375
2023-06-15,337.48,349.84,337.2,348.1,38852845.0,1957.800048828125,70.62000274658203,14.5,425.9165954589844
2023-06-16,351.32,351.47,341.95,342.33,46546285.0,1958.4000244140625,71.77999877929688,13.539999961853027,424.46588134765625
2023-06-20,339.31,342.08,335.86,338.05,26333307.0,1935.5,70.5,13.880000114440918,422.263671875
2023-06-21,336.37,337.73,332.07,333.56,25117799.0,1933.300048828125,72.52999877929688,13.199999809265137,420.10009765625
2023-06-22,334.12,340.12,333.34,339.71,23556764.0,1912.699951171875,69.51000213623047,12.90999984741211,421.6165466308594
2023-06-23,334.36,337.96,333.45,335.02,23146901.0,1919.0999755859373,69.16000366210938,13.4399995803833,418.4291076660156
2023-06-26,333.72,336.11,328.49,328.6,21520582.0,1923.699951171875,69.37000274658203,14.25,416.7195129394531
2023-06-27,331.86,336.15,329.3,334.57,24353972.0,1914.0,67.69999694824219,13.739999771118164,421.2881164550781
2023-06-28,334.66,337.98,333.81,335.85,20259523.0,1912.300048828125,69.55999755859375,13.430000305175781,421.5006103515625
2023-06-29,334.71,336.11,332.62,335.05,16997042.0,1909.199951171875,69.86000061035156,13.539999961853027,423.1618957519531
2023-06-30,337.75,342.73,337.2,340.54,26832756.0,1921.0999755859373,70.63999938964844,13.59000015258789,428.155517578125
2023-07-03,339.19,340.9,336.571,337.99,12507092.0,1921.699951171875,69.79000091552734,13.569999694824219,428.64813232421875
2023-07-05,335.09,341.65,334.7276,338.15,18172378.0,1919.5999755859373,71.79000091552734,14.180000305175781,428.0106506347656
2023-07-06,337.3,342.99,335.5,341.27,28195534.0,1908.699951171875,71.80000305175781,15.4399995803833,424.6590270996094
2023-07-07,339.32,341.79,337.0,337.22,21208974.0,1926.199951171875,73.86000061035156,14.829999923706055,423.5868835449219
2023-07-10,334.6,335.23,327.59,331.83,32739449.0,1925.0,72.98999786376953,15.069999694824219,424.6590270996094
2023-07-11,331.06,332.86,327.0,332.47,26698218.0,1931.300048828125,74.83000183105469,14.84000015258789,427.36346435546875
2023-07-12,336.6,341.652,335.67,337.2,29995262.0,1956.199951171875,75.75,13.539999961853027,430.8020324707031
2023-07-13,339.56,343.74,339.02,342.66,20567159.0,1959.199951171875,76.88999938964844,13.609999656677246,434.22125244140625
2023-07-14,347.59,351.43,344.31,345.24,28349069.0,1960.0999755859373,75.41999816894531,13.34000015258789,433.9508056640625
2023-07-17,345.678,346.99,342.2,345.73,20363927.0,1952.4000244140625,74.1500015258789,13.479999542236328,435.45758056640625
2023-07-18,345.83,366.78,342.17,359.49,64851305.0,1977.199951171875,75.75,13.300000190734863,438.6932678222656
2023-07-19,361.75,362.46,352.435,355.08,39720401.0,1977.5,75.3499984741211,13.760000228881836,439.6688232421875
2023-07-20,353.57,357.97,345.37,346.87,33729395.0,1968.300048828125,75.62999725341797,13.989999771118164,436.7518615722656
2023-07-21,349.15,350.3,339.83,343.77,69402882.0,1964.300048828125,77.06999969482422,13.600000381469727,436.7518615722656
2023-07-24,345.85,346.92,342.31,345.11,26724646.0,1960.300048828125,78.73999786376953,13.90999984741211,438.7029724121094
2023-07-25,347.11,351.89,345.07,350.98,41614439.0,1962.0999755859373,79.62999725341797,13.859999656677246,439.900634765625
2023-07-26,341.44,344.67,333.11,337.77,58383702.0,1968.9000244140625,78.77999877929688,13.1899995803833,439.96826171875
2023-07-27,340.48,341.33,329.05,330.72,39611012.0,1945.4000244140625,80.08999633789062,14.40999984741211,437.05126953125
2023-07-28,333.67,340.01,333.17,338.37,28449068.0,1960.4000244140625,80.58000183105469,13.329999923706055,441.33013916015625
2023-07-31,336.92,337.695,333.36,335.92,25445972.0,1970.5,81.80000305175781,13.630000114440918,442.17047119140625
2023-08-01,335.19,338.54,333.7,336.34,18381253.0,1940.699951171875,81.37000274658203,13.930000305175781,440.9051208496094
2023-08-02,333.63,333.63,326.3551,327.5,27759757.0,1937.4000244140625,79.48999786376953,16.09000015258789,434.77178955078125
2023-08-03,326.0,329.88,325.95,326.66,18360352.0,1932.0,81.55000305175781,15.920000076293945,433.5258483886719
2023-08-04,331.88,335.14,327.24,327.78,23741484.0,1939.5999755859373,82.81999969482422,17.100000381469727,431.5650939941406
2023-08-07,328.37,331.11,327.52,330.11,17023526.0,1933.5,81.94000244140625,15.770000457763672,435.3320007324219
2023-08-08,326.96,328.75,323.0,326.05,22274170.0,1924.0999755859373,82.91999816894531,15.989999771118164,433.4388732910156
2023-08-09,326.47,327.11,321.0499,322.23,22339508.0,1915.4000244140625,84.4000015258789,15.960000038146973,430.54119873046875
2023-08-10,326.015,328.26,321.18,322.93,20103165.0,1914.4000244140625,82.81999969482422,15.850000381469727,430.69573974609375
2023-08-11,320.26,322.41,319.21,321.01,24355491.0,1912.9000244140625,83.19000244140625,14.84000015258789,430.4446716308594
2023-08-14,321.39,324.06,320.08,324.04,18814579.0,1910.5999755859373,82.51000213623047,14.819999694824219,432.8207092285156
2023-08-15,323.0,325.09,320.9034,321.86,16813785.0,1902.5,80.98999786376953,16.459999084472656,427.7788391113281
2023-08-16,320.8,324.42,319.8035,320.4,20698864.0,1896.0999755859373,79.37999725341797,16.780000686645508,424.6396789550781
2023-08-17,320.54,321.87,316.21,316.88,21257161.0,1884.0999755859373,80.38999938964844,17.889999389648438,421.4040832519531
2023-08-18,314.49,318.38,311.5508,316.48,24751706.0,1886.0999755859373,81.25,17.299999237060547,421.60687255859375
2023-08-21,317.93,322.77,317.04,321.88,23989956.0,1893.300048828125,80.72000122070312,17.1299991607666,424.3499450683594
2023-08-22,325.5,326.075,321.46,322.46,16018024.0,1896.4000244140625,80.3499984741211,16.969999313354492,423.2005920410156
2023-08-23,323.82,329.2,323.46,327.0,21164682.0,1918.5,78.88999938964844,15.979999542236328,427.9140930175781
2023-08-24,332.85,332.98,319.96,319.97,23277194.0,1918.199951171875,79.05000305175781,17.200000762939453,421.98358154296875
2023-08-25,321.47,325.36,318.8001,322.98,21684104.0,1911.0999755859373,79.83000183105469,15.680000305175781,424.95843505859375
2023-08-28,325.66,326.15,321.722,323.7,14808482.0,1917.9000244140625,80.0999984741211,15.079999923706055,427.6533203125
2023-08-29,321.88,328.9835,321.88,328.41,19284590.0,1936.5,81.16000366210938,14.449999809265137,433.8348693847656
2023-08-30,328.67,329.81,326.445,328.79,15222110.0,1944.300048828125,81.62999725341797,13.880000114440918,435.62176513671875
2023-08-31,329.2,330.9099,326.78,327.76,26403154.0,1938.199951171875,83.62999725341797,13.569999694824219,434.9842834472656
2023-09-01,331.31,331.99,326.78,328.66,14886424.0,1939.800048828125,85.55000305175781,13.09000015258789,435.7956237792969
2023-09-05,329.0,334.85,328.66,333.55,18553859.0,1926.199951171875,86.69000244140625,14.010000228881836,433.9121398925781
2023-09-06,333.38,334.46,330.18,332.88,17535773.0,1918.0999755859373,87.54000091552734,14.449999809265137,430.9952392578125
2023-09-07,331.29,333.08,329.03,329.91,18369595.0,1917.5,86.87000274658203,14.399999618530273,429.67193603515625
2023-09-08,330.09,336.16,329.46,334.27,19548165.0,1918.4000244140625,87.51000213623047,13.84000015258789,430.3190612792969
2023-09-11,337.24,338.42,335.43,337.94,16583324.0,1923.300048828125,87.29000091552734,13.800000190734863,433.149169921875
2023-09-12,335.815,336.79,331.48,331.77,17562282.0,1911.300048828125,88.83999633789062,14.229999542236328,430.7730407714844
2023-09-13,331.31,336.85,331.17,336.06,16544412.0,1909.0999755859373,88.5199966430664,13.479999542236328,431.27532958984375
2023-09-14,339.148,340.86,336.57,338.7,20263548.0,1910.0,90.16000366210938,12.819999694824219,434.9939270019531
2023-09-15,336.92,337.3975,329.65,330.22,37503592.0,1923.699951171875,90.7699966430664,13.789999961853027,429.75299072265625
2023-09-18,327.8,330.4,326.36,329.06,16834208.0,1931.5,91.4800033569336,14.0,430.00506591796875
2023-09-19,326.17,329.39,324.51,328.65,16514487.0,1932.0,91.1999969482422,14.109999656677246,429.11328125
2023-09-20,329.51,329.59,320.51,320.77,21399225.0,1945.5999755859373,90.27999877929688,15.140000343322754,425.16827392578125
2023-09-21,319.26,325.3499,315.0,319.53,35560362.0,1919.199951171875,89.62999725341797,17.540000915527344,418.1409606933594
2023-09-22,321.32,321.45,316.15,317.01,21436887.0,1925.4000244140625,90.02999877929688,17.200000762939453,417.2007141113281
2023-09-25,316.59,317.67,315.0,317.54,17835964.0,1916.5999755859373,89.68000030517578,16.899999618530273,418.95513916015625
2023-09-26,315.13,315.88,310.02,312.14,25647573.0,1900.4000244140625,90.38999938964844,18.940000534057617,412.8002014160156
2023-09-27,312.3,314.299,309.69,312.79,19370182.0,1871.5999755859373,93.68000030517578,18.219999313354492,412.9649963378906
2023-09-28,310.99,315.48,309.45,313.64,19681064.0,1860.4000244140625,91.70999908447266,17.34000015258789,415.35906982421875
2023-09-29,317.75,319.47,314.98,315.75,24147298.0,1848.0999755859373,90.79000091552734,17.520000457763672,414.3510437011719
2023-10-02,316.28,321.888,315.18,321.8,20570006.0,1830.0,88.81999969482422,17.610000610351562,414.186279296875
2023-10-03,320.83,321.39,311.215,313.39,21027792.0,1824.5999755859373,89.2300033569336,19.780000686645508,408.64190673828125
2023-10-04,314.03,320.04,314.0,318.955,20717444.0,1818.5,84.22000122070312,18.579999923706055,411.61767578125
2023-10-05,319.09,319.98,314.9,319.36,16965629.0,1816.5999755859373,82.30999755859375,18.489999771118164,411.4625549316406
2023-10-06,316.55,329.19,316.3,327.26,25673630.0,1830.199951171875,82.79000091552734,17.450000762939453,416.3477783203125
2023-10-09,324.75,330.3,323.18,329.82,19891180.0,1849.5,86.37999725341797,17.700000762939453,419.01336669921875
2023-10-10,330.96,331.1,327.67,328.39,20557094.0,1861.0,85.97000122070312,17.030000686645508,421.1942138671875
2023-10-11,331.21,332.82,329.14,332.42,20063246.0,1872.800048828125,83.48999786376953,16.09000015258789,422.9195556640625
2023-10-12,330.565,333.6299,328.72,331.16,19313098.0,1869.300048828125,82.91000366210938,16.690000534057617,420.3412170410156
2023-10-13,332.38,333.83,326.36,327.73,20983805.0,1927.4000244140625,87.69000244140625,19.31999969482422,418.24755859375
2023-10-16,331.05,336.14,330.6,332.64,22153713.0,1921.0999755859373,86.66000366210938,17.209999084472656,422.64813232421875
2023-10-17,329.59,333.46,327.41,332.06,18238523.0,1922.699951171875,86.66000366210938,17.8799991607666,422.6287536621094
2023-10-18,332.49,335.59,328.3,330.11,23145202.0,1955.300048828125,88.31999969482422,19.219999313354492,416.9971618652344
2023-10-19,332.15,336.88,330.91,331.32,25049471.0,1968.4000244140625,89.37000274658203,21.399999618530273,413.3332824707031
2023-10-20,331.72,331.92,325.45,326.67,25020125.0,1982.5,88.75,21.709999084472656,408.2542419433594
2023-10-23,325.47,332.725,324.39,329.32,23974748.0,1976.300048828125,85.48999786376953,20.3700008392334,407.5466003417969
2023-10-24,331.3,331.84,327.6,330.53,31153571.0,1975.0,83.73999786376953,18.969999313354492,410.6192932128906
2023-10-25,345.02,346.2,337.62,340.67,55053828.0,1984.0999755859373,85.38999938964844,20.190000534057617,404.7259826660156
2023-10-26,340.54,341.63,326.94,327.89,37810293.0,1987.199951171875,83.20999908447266,20.68000030517578,399.8795471191406
2023-10-27,330.425,336.72,328.4007,329.81,29791522.0,1988.5999755859373,85.54000091552734,21.270000457763672,398.0669860839844
2023-10-30,333.41,339.45,330.52,337.31,22829326.0,1996.199951171875,82.30999755859375,19.75,402.8262023925781
2023-10-31,338.85,339.0,334.69,338.11,20265282.0,1985.199951171875,81.0199966430664,18.139999389648438,405.3560485839844
2023-11-01,339.79,347.42,339.65,346.07,28158819.0,1978.800048828125,80.44000244140625,16.8700008392334,409.6790771484375
2023-11-02,347.24,348.83,344.77,348.32,24348072.0,1985.5999755859373,82.45999908447266,15.65999984741211,417.53033447265625
2023-11-03,349.63,354.39,347.33,352.8,23537673.0,1991.5,80.51000213623047,14.90999984741211,421.339599609375
2023-11-06,353.45,357.54,353.35,356.53,23828301.0,1981.5999755859373,80.81999969482422,14.890000343322754,422.3088684082031
2023-11-07,359.4,362.46,357.63,360.53,25823931.0,1966.800048828125,77.37000274658203,14.8100004196167,423.5107421875
2023-11-08,361.68,363.87,360.55,363.2,26743428.0,1951.5,75.33000183105469,14.449999809265137,423.8209228515625
2023-11-09,362.3,364.79,360.362,360.69,24847331.0,1964.199951171875,75.73999786376953,15.289999961853027,420.51568603515625
2023-11-10,361.49,370.1,361.07,369.67,28036164.0,1932.5999755859373,77.16999816894531,14.170000076293945,427.0777587890625
2023-11-13,368.22,368.47,365.9,366.68,19986506.0,1945.5,78.26000213623047,14.760000228881836,426.6706848144531
2023-11-14,371.01,371.95,367.3454,370.27,27683862.0,1961.800048828125,78.26000213623047,14.15999984741211,434.94842529296875
2023-11-15,371.28,373.13,367.11,369.67,26856895.0,1960.0999755859373,76.66000366210938,14.180000305175781,435.86920166015625
2023-11-16,370.96,376.35,370.18,376.17,27182315.0,1983.9000244140625,72.9000015258789,14.319999694824219,436.40234375
2023-11-17,373.61,374.37,367.0,369.85,39800371.0,1981.5999755859373,75.88999938964844,13.800000190734863,436.94512939453125
2023-11-20,371.22,378.87,371.0,377.44,52528964.0,1977.699951171875,77.5999984741211,13.40999984741211,440.30853271484375
2023-11-21,375.67,376.2215,371.12,373.07,28422845.0,1999.300048828125,77.7699966430664,13.350000381469727,439.34893798828125
2023-11-22,378.0,379.7899,374.965,377.85,23173184.0,1991.4000244140625,77.0999984741211,12.850000381469727,441.04522705078125
2023-11-24,377.33,377.97,375.135,377.43,10026649.0,2002.199951171875,75.54000091552734,12.460000038146973,441.3165588378906
2023-11-27,376.78,380.64,376.2,378.61,22179228.0,2011.800048828125,74.86000061035156,12.6899995803833,440.52178955078125
2023-11-28,378.35,383.0,378.16,382.7,20354067.0,2039.699951171875,76.41000366210938,12.6899995803833,440.9579772949219
2023-11-29,383.76,384.3,377.44,378.85,28963399.0,2047.0999755859373,77.86000061035156,12.979999542236328,440.6477966308594
2023-11-30,378.49,380.09,375.47,378.91,30545295.0,2038.0999755859373,75.95999908447266,12.920000076293945,442.3827819824219
2023-12-01,376.76,378.16,371.31,374.51,33036672.0,2071.0,74.06999969482422,12.630000114440918,444.99993896484375
2023-12-04,369.1,369.52,362.9,369.14,32063301.0,2024.0999755859373,73.04000091552734,13.079999923706055,442.6639404296875
2023-12-05,366.45,373.075,365.621,372.52,23017535.0,2018.5,72.31999969482422,12.850000381469727,442.5766906738281
2023-12-06,373.54,374.18,368.03,368.8,21174417.0,2030.5,69.37999725341797,12.970000267028809,440.793212890625
2023-12-07,368.23,371.4527,366.32,370.95,23118104.0,2029.9000244140625,69.33999633789062,13.0600004196167,444.1566467285156
2023-12-08,369.2,374.46,368.23,374.23,20142366.0,1998.300048828125,71.2300033569336,12.350000381469727,446.0661315917969
2023-12-11,368.48,371.6,366.1,371.3,27708757.0,1978.0,71.31999969482422,12.630000114440918,447.8011169433594
2023-12-12,370.85,374.42,370.46,374.38,24834333.0,1977.800048828125,68.61000061035156,12.069999694824219,449.8463439941406
2023-12-13,376.02,377.6361,370.77,374.37,30605531.0,1982.300048828125,69.47000122070312,12.1899995803833,456.0498046875
2023-12-14,373.31,373.76,364.13,365.93,43270261.0,2030.199951171875,71.58000183105469,12.479999542236328,457.51336669921875
2023-12-15,366.85,372.4,366.28,370.73,78502324.0,2021.0999755859373,71.43000030517578,12.279999732971191,456.7601013183594
2023-12-18,369.45,373.0,368.68,372.65,21802878.0,2026.300048828125,72.47000122070312,12.5600004196167,459.3294372558594
2023-12-19,371.49,373.26,369.84,373.26,20593658.0,2038.4000244140625,73.44000244140625,12.529999732971191,462.12255859375
2023-12-20,375.0,376.03,370.53,370.62,26316623.0,2034.5,74.22000122070312,13.670000076293945,455.71881103515625
2023-12-21,372.56,374.41,370.04,373.54,17608006.0,2039.0999755859373,73.88999938964844,13.649999618530273,460.0398864746094
2023-12-22,373.68,375.18,372.71,374.58,17102684.0,2057.10009765625,73.55999755859375,13.029999732971191,460.96441650390625
2023-12-26,375.0,376.94,373.5,374.66,12673050.0,2058.199951171875,75.56999969482422,12.989999771118164,462.91082763671875
2023-12-27,373.69,375.06,372.8116,374.07,14905412.0,2081.89990234375,74.11000061035156,12.430000305175781,463.7478332519531
2023-12-28,375.37,376.458,374.16,375.28,14327013.0,2073.89990234375,71.7699966430664,12.470000267028809,463.9230041503906
2023-12-29,376.0,377.16,373.48,376.04,18730838.0,2062.39990234375,71.6500015258789,12.449999809265137,462.5799865722656
2024-01-02,373.86,375.9,366.771,370.87,25258633.0,2064.39990234375,70.37999725341797,13.199999809265137,459.9912414550781
2024-01-03,369.01,373.2562,368.51,370.6,23013465.0,2034.199951171875,72.69999694824219,14.039999961853027,456.234619140625
2024-01-04,370.665,373.1,367.17,367.94,20901502.0,2042.300048828125,72.19000244140625,14.130000114440918,454.7649841308594
2024-01-05,368.97,372.06,366.5,367.75,21004575.0,2042.4000244140625,73.80999755859375,13.350000381469727,455.38787841796875
2024-01-08,369.3,375.2,369.01,374.69,23132275.0,2026.5999755859373,70.7699966430664,13.079999923706055,461.8890075683594
2024-01-09,372.01,375.99,371.19,375.79,20828828.0,2026.4000244140625,72.23999786376953,12.760000228881836,461.188232421875
2024-01-10,376.37,384.17,376.32,382.77,25497145.0,2021.699951171875,71.37000274658203,12.6899995803833,463.7965393066406
2024-01-11,386.0,390.68,380.38,384.63,27850846.0,2014.300048828125,72.0199966430664,12.4399995803833,463.5921630859375
2024-01-12,385.49,388.68,384.65,388.47,21641153.0,2046.699951171875,72.68000030517578,12.699999809265137,463.9132385253906
2024-01-16,393.66,394.03,387.6229,390.27,27142268.0,2026.0,72.4000015258789,13.84000015258789,462.21014404296875
2024-01-17,387.98,390.11,384.81,389.47,21698908.0,2002.5999755859373,72.55999755859375,14.789999961853027,459.640869140625
2024-01-18,391.72,393.99,390.12,393.87,23391588.0,2018.5999755859373,74.08000183105469,14.130000114440918,463.72833251953125
2024-01-19,395.76,398.67,393.5,398.67,29331136.0,2026.5,73.41000366210938,13.300000190734863,469.50927734375
2024-01-22,400.02,400.62,393.59,396.51,27016902.0,2019.800048828125,75.19000244140625,13.1899995803833,470.501953125
2024-01-23,395.75,399.38,393.93,398.9,20525882.0,2023.699951171875,74.37000274658203,12.550000190734863,471.8741760253906
2024-01-24,401.54,405.63,400.45,402.56,24362953.0,2013.9000244140625,75.08999633789062,13.140000343322754,472.3900146484375
2024-01-25,404.32,407.01,402.5294,404.87,21008155.0,2016.9000244140625,77.36000061035156,13.449999809265137,474.95928955078125
2024-01-26,404.37,406.17,402.43,403.93,17803271.0,2016.800048828125,78.01000213623047,13.260000228881836,474.3559265136719
2024-01-29,406.06,409.98,404.33,409.72,24479936.0,2025.199951171875,76.77999877929688,13.600000381469727,478.11248779296875
2024-01-30,412.26,413.05,406.4501,408.59,33443110.0,2031.5,77.81999969482422,13.3100004196167,477.74273681640625
2024-01-31,406.96,415.32,397.21,397.58,47855797.0,2048.39990234375,75.8499984741211,14.350000381469727,469.947265625
2024-02-01,401.83,408.0,401.8,403.78,30656726.0,2053.0,73.81999969482422,13.880000114440918,476.09796142578125
2024-02-02,403.81,412.65,403.56,411.22,28186570.0,2036.0999755859373,72.27999877929688,13.850000381469727,481.11004638671875
2024-02-05,409.9,411.16,403.99,405.65,25352286.0,2025.699951171875,72.77999877929688,13.670000076293945,479.3581848144531
2024-02-06,405.88,407.97,402.91,405.49,18382624.0,2034.5,73.30999755859375,13.0600004196167,480.7499694824219
2024-02-07,407.44,414.3,407.4,414.05,22340526.0,2035.199951171875,73.86000061035156,12.829999923706055,484.7596130371094
2024-02-08,414.05,415.56,412.53,414.11,21225257.0,2032.199951171875,76.22000122070312,12.789999961853027,484.9737243652344
2024-02-09,415.25,420.82,415.09,420.55,22010344.0,2023.300048828125,76.83999633789062,12.930000305175781,487.77655029296875
2024-02-12,420.555,420.74,414.75,415.26,21202921.0,2018.199951171875,76.91999816894531,13.930000305175781,487.5624694824219
2024-02-13,404.94,410.071,403.39,406.32,27824936.0,1992.9000244140625,77.87000274658203,15.850000381469727,480.8472595214844
2024-02-14,408.07,409.84,404.57,409.49,20394390.0,1990.300048828125,76.63999938964844,14.380000114440918,485.2170104980469
2024-02-15,408.14,409.13,404.29,406.56,21825525.0,2002.0999755859373,78.02999877929688,14.010000228881836,488.56488037109375
2024-02-16,407.96,408.29,403.44,404.06,22296495.0,2011.5,79.19000244140625,14.239999771118164,486.1318664550781
2024-02-20,403.24,404.49,398.01,402.79,24307915.0,2027.5,78.18000030517578,15.420000076293945,483.45550537109375
2024-02-21,400.17,402.29,397.22,402.18,18576472.0,2022.300048828125,77.91000366210938,15.34000015258789,483.8934326171875
2024-02-22,410.19,412.83,408.57,411.65,26924129.0,2019.699951171875,78.61000061035156,14.539999961853027,493.9078063964844
2024-02-23,415.67,415.86,408.97,410.34,16290899.0,2038.5999755859373,76.48999786376953,13.75,494.2485046386719
2024-02-26,411.455,412.16,407.36,407.54,16193505.0,2028.5,77.58000183105469,13.739999771118164,492.43829345703125
2024-02-27,407.99,408.32,403.85,407.48,14835827.0,2034.0,78.87000274658203,13.430000305175781,493.3530578613281
2024-02-28,408.175,409.3,405.3201,407.72,13152525.0,2033.0,78.54000091552734,13.84000015258789,492.7010803222656
2024-02-29,408.64,414.2,405.92,413.64,31947263.0,2045.699951171875,78.26000213623047,13.399999618530273,494.4722900390625
2024-03-01,411.27,415.87,410.88,415.5,17805495.0,2086.89990234375,79.97000122070312,13.109999656677246,499.1145324707031
2024-03-04,413.44,417.35,412.32,414.92,17595956.0,2117.699951171875,78.73999786376953,13.489999771118164,498.57928466796875
2024-03-05,413.96,414.25,400.64,402.65,26886877.0,2133.5,78.1500015258789,14.460000038146973,493.59637451171875
2024-03-06,402.97,405.16,398.39,402.09,22320549.0,2150.300048828125,79.12999725341797,14.5,496.09759521484375
2024-03-07,406.12,409.78,402.24,409.14,18695839.0,2158.0,78.93000030517578,14.4399995803833,501.0220642089844
2024-03-08,407.96,410.42,404.33,406.22,18002186.0,2178.60009765625,78.01000213623047,14.739999771118164,498.0148620605469
2024-03-11,403.762,405.68,401.26,404.52,16120752.0,2182.5,77.93000030517578,15.220000267028809,497.58660888671875
2024-03-12,407.62,415.57,406.79,415.28,22457003.0,2160.39990234375,77.55999755859375,13.84000015258789,502.93927001953125
2024-03-13,418.1,418.18,411.45,415.1,17115931.0,2175.39990234375,79.72000122070312,13.75,502.1509704589844
2024-03-14,420.24,427.82,417.99,425.22,34155379.0,2163.0,81.26000213623047,14.399999618530273,501.1583251953125
2024-03-15,419.29,422.6,412.79,416.42,45079903.0,2157.300048828125,81.04000091552734,14.40999984741211,497.7170715332031
2024-03-18,414.25,420.73,413.78,417.32,20106230.0,2160.699951171875,82.72000122070312,14.329999923706055,500.6750793457031
2024-03-19,417.83,421.6656,415.55,421.41,19824715.0,2156.300048828125,83.47000122070312,13.819999694824219,503.4574279785156
2024-03-20,422.0,425.96,420.66,425.23,17856165.0,2157.89990234375,81.68000030517578,13.039999961853027,508.114013671875
2024-03-21,429.83,430.82,427.16,429.37,21221222.0,2182.39990234375,81.06999969482422,12.920000076293945,509.7933044433594
2024-03-22,429.7,429.86,426.07,428.74,17648473.0,2158.10009765625,80.62999725341797,13.0600004196167,508.82666015625
2024-03-25,425.24,427.41,421.61,422.86,18060450.0,2174.800048828125,81.94999694824219,13.1899995803833,507.42095947265625
2024-03-26,425.61,425.99,421.35,421.65,16725647.0,2175.60009765625,81.62000274658203,13.239999771118164,506.48370361328125
2024-03-27,424.44,424.45,419.01,421.43,16704978.0,2190.60009765625,81.3499984741211,12.779999732971191,510.7401123046875
2024-03-28,420.96,421.87,419.12,420.72,21871161.0,2217.39990234375,83.16999816894531,13.010000228881836,510.6424865722656
2024-04-01,423.95,427.89,422.22,424.57,16315961.0,2236.5,83.70999908447266,13.649999618530273,509.7541198730469
2024-04-02,420.11,422.38,417.84,421.44,17911992.0,2261.0,85.1500015258789,14.609999656677246,506.51300048828125
2024-04-03,419.73,423.26,419.085,420.45,16502264.0,2294.39990234375,85.43000030517578,14.329999923706055,507.0694274902344
2024-04-04,424.99,428.67,417.57,417.88,19370875.0,2288.800048828125,86.58999633789062,16.350000381469727,500.880126953125
2024-04-05,420.01,426.51,418.32,425.52,16549091.0,2325.699951171875,86.91000366210938,16.030000686645508,506.11273193359375
2024-04-08,425.17,427.28,423.3,424.59,14272387.0,2331.699951171875,86.43000030517578,15.1899995803833,506.3958740234375
2024-04-09,426.44,427.74,421.62,426.28,12512289.0,2343.5,85.2300033569336,14.979999542236328,506.9815673828125
2024-04-10,422.19,424.03,419.7,423.26,16216581.0,2329.60009765625,86.20999908447266,15.800000190734863,501.9051513671875
2024-04-11,425.82,429.37,422.36,427.93,17966423.0,2354.800048828125,85.0199966430664,14.90999984741211,505.6929626464844
2024-04-12,424.05,425.1794,419.77,421.9,18742900.0,2356.199951171875,85.66000366210938,17.309999465942383,498.71282958984375
2024-04-15,426.6,426.82,413.43,413.64,19074288.0,2365.800048828125,85.41000366210938,19.229999542236328,492.46490478515625
2024-04-16,414.57,418.4,413.7301,414.58,14696641.0,2390.800048828125,85.36000061035156,18.399999618530273,491.5667419433594
2024-04-17,417.25,418.88,410.33,411.84,15372503.0,2371.699951171875,82.69000244140625,18.209999084472656,488.6575622558594
2024-04-18,410.63,411.89,403.95,404.27,19265719.0,2382.300048828125,82.7300033569336,18.0,487.65203857421875
2024-04-19,404.03,405.48,397.77,399.12,28791324.0,2398.39990234375,83.13999938964844,18.709999084472656,483.3955993652344
2024-04-22,400.08,402.85,395.75,400.96,18941793.0,2332.199951171875,82.8499984741211,16.940000534057617,487.8473205566406
2024-04-23,404.235,408.2,403.06,407.57,14940953.0,2327.699951171875,83.36000061035156,15.6899995803833,493.6363830566406
2024-04-24,409.56,412.47,406.78,409.06,14461957.0,2324.5,82.80999755859375,15.970000267028809,493.4020690917969
2024-04-25,394.03,399.8899,388.03,399.04,39761357.0,2329.800048828125,83.56999969482422,15.369999885559082,491.5276184082031
2024-04-26,412.17,413.0,405.7601,406.32,29220602.0,2334.800048828125,83.8499984741211,15.029999732971191,496.18438720703125
2024-04-29,405.25,406.32,399.19,402.25,18864413.0,2345.39990234375,82.62999725341797,14.670000076293945,497.94158935546875
2024-04-30,401.49,402.16,389.17,389.33,28424870.0,2291.39990234375,81.93000030517578,15.649999618530273,490.0535888671875
2024-05-01,392.61,401.7199,390.31,394.94,23162423.0,2299.89990234375,79.0,15.390000343322754,488.4623107910156
2024-05-02,397.66,399.93,394.6515,397.84,17110425.0,2299.199951171875,78.94999694824219,14.680000305175781,493.03118896484375
2024-05-03,402.28,407.15,401.86,406.66,17270056.0,2299.0,78.11000061035156,13.489999771118164,499.1424255371094
2024-05-06,408.76,413.93,406.3701,413.54,16009874.0,2321.60009765625,78.4800033569336,13.489999771118164,504.2969055175781
2024-05-07,414.66,414.67,409.09,409.34,18696339.0,2315.199951171875,78.37999725341797,13.229999542236328,504.8533630371094
2024-05-08,408.17,412.23,406.7132,410.54,11040561.0,2313.60009765625,78.98999786376953,13.0,504.9022216796875
2024-05-09,410.57,412.72,409.1,412.32,13749799.0,2332.10009765625,79.26000213623047,12.6899995803833,507.8114318847656
2024-05-10,412.935,415.38,411.8,414.74,12398523.0,2367.300048828125,78.26000213623047,12.550000190734863,508.4656066894531
2024-05-13,418.01,418.348,410.82,413.72,14540245.0,2336.10009765625,79.12000274658203,13.600000381469727,508.53375244140625
2024-05-14,412.02,417.49,411.55,416.56,14213954.0,2353.39990234375,78.0199966430664,13.420000076293945,510.8670959472656
2024-05-15,417.9,423.81,417.27,423.08,19636030.0,2388.699951171875,78.62999725341797,12.449999809265137,517.1930541992188
2024-05-16,421.8,425.42,420.35,420.99,15854854.0,2380.0,79.2300033569336,12.420000076293945,516.12890625
2024-05-17,422.54,422.92,418.025,420.21,14749276.0,2412.199951171875,80.05999755859375,11.989999771118164,516.8709716796875
2024-05-20,420.21,426.77,419.99,425.34,15094397.0,2433.89990234375,79.80000305175781,12.149999618530273,517.4664916992188
2024-05-21,426.825,432.97,424.85,429.04,20482820.0,2421.699951171875,79.26000213623047,11.859999656677246,518.7354736328125
2024-05-22,430.09,432.41,427.13,430.52,17595214.0,2389.199951171875,77.56999969482422,12.289999961853027,517.241943359375
2024-05-23,432.97,433.6,425.424,427.0,16412929.0,2335.0,76.87000274658203,12.770000457763672,513.4639282226562
2024-05-24,427.19,431.055,424.41,430.16,11315176.0,2332.5,77.72000122070312,11.930000305175781,516.8612060546875
2024-05-28,429.63,430.82,426.6,430.32,15331042.0,2355.199951171875,79.83000183105469,12.920000076293945,517.2223510742188
2024-05-29,425.69,430.94,425.69,429.17,14835728.0,2340.300048828125,79.2300033569336,14.279999732971191,513.6004638671875
2024-05-30,424.3,424.3,414.24,414.67,27431407.0,2342.89990234375,77.91000366210938,14.470000267028809,510.19342041015625
2024-05-31,416.75,416.75,404.51,415.13,43999851.0,2322.89990234375,76.98999786376953,12.920000076293945,514.84033203125
2024-06-03,415.525,416.43,408.9234,413.52,16916987.0,2346.60009765625,74.22000122070312,13.109999656677246,515.2601318359375
2024-06-04,412.43,416.44,409.675,416.07,13882247.0,2325.5,73.25,13.15999984741211,515.8361206054688
2024-06-05,417.81,424.08,416.3,424.01,16495741.0,2354.10009765625,74.06999969482422,12.630000114440918,521.9668579101562
2024-06-06,424.01,425.31,420.58,424.52,13860934.0,2370.300048828125,75.55000305175781,12.579999923706055,521.9571533203125
2024-06-07,426.2,426.28,423.0,423.85,13202716.0,2305.199951171875,75.52999877929688,12.220000267028809,521.3226318359375
2024-06-10,424.7,428.08,423.89,427.87,12960379.0,2307.699951171875,77.73999786376953,12.739999771118164,522.933349609375
2024-06-11,425.475,432.82,425.25,432.68,13664488.0,2307.5,77.9000015258789,12.850000381469727,524.1927490234375
2024-06-12,435.32,443.4,433.25,441.06,21670711.0,2336.0,78.5,12.039999961853027,528.4978637695312
2024-06-13,440.85,443.39,439.37,441.58,15192736.0,2300.199951171875,78.62000274658203,11.9399995803833,529.5621337890625
2024-06-14,438.275,443.1376,436.721,442.57,12693028.0,2331.39990234375,78.44999694824219,12.65999984741211,529.8842163085938
2024-06-17,442.585,450.94,440.72,448.37,19761406.0,2312.39990234375,80.33000183105469,12.75,534.1015625
2024-06-18,449.705,450.14,444.89,446.34,16337112.0,2330.39990234375,81.56999969482422,12.300000190734863,535.45849609375
2024-06-20,446.3,446.53,441.27,445.7,19178681.0,2353.800048828125,82.16999816894531,13.279999732971191,534.0039672851562
2024-06-21,447.38,450.58,446.51,449.78,27327346.0,2316.39990234375,80.7300033569336,13.199999809265137,533.2880859375
2024-06-24,449.8,452.75,446.41,447.67,14738189.0,2330.0,81.62999725341797,13.329999923706055,531.5545043945312
2024-06-25,448.25,451.42,446.75,450.95,15664423.0,2316.60009765625,80.83000183105469,12.84000015258789,533.6015014648438
2024-06-26,449.0,453.6,448.19,452.16,14468473.0,2299.199951171875,80.9000015258789,12.550000190734863,534.267333984375
2024-06-27,452.175,456.17,451.77,452.85,14190382.0,2324.5,81.73999786376953,12.239999771118164,535.1097412109375
2024-06-28,453.07,455.38,446.41,446.95,27413114.0,2327.699951171875,81.54000091552734,12.4399995803833,533.0039672851562
2024-07-01,448.66,457.37,445.66,456.73,17184979.0,2327.60009765625,83.37999725341797,12.220000267028809,534.1009521484375
2024-07-02,453.2,459.59,453.113,459.28,13603136.0,2323.0,82.80999755859375,12.029999732971191,537.6953125
2024-07-03,458.19,461.02,457.88,460.77,9661681.0,2359.800048828125,83.87999725341797,12.09000015258789,540.0948486328125
2024-07-05,459.61,468.35,458.965,467.56,15453383.0,2388.5,83.16000366210938,12.479999542236328,543.2092895507812
2024-07-08,466.55,467.7,464.46,466.24,12353937.0,2355.199951171875,82.33000183105469,12.369999885559082,543.8360595703125
2024-07-09,467.0,467.33,458.0,459.54,16938599.0,2360.10009765625,81.41000366210938,12.510000228881836,544.364990234375
2024-07-10,461.22,466.46,458.855,466.25,17825850.0,2372.199951171875,82.0999984741211,12.850000381469727,549.7515258789062
2024-07-11,462.98,464.78,451.55,454.7,22241072.0,2415.0,82.62000274658203,12.920000076293945,545.0113525390625
2024-07-12,454.325,456.36,450.645,453.55,15564744.0,2414.0,82.20999908447266,12.460000038146973,548.4490356445312
2024-07-15,453.3,457.26,451.43,453.96,13889645.0,2422.89990234375,81.91000366210938,13.119999885559082,549.957275390625
2024-07-16,454.22,454.3,446.66,449.52,16523164.0,2462.39990234375,80.76000213623047,13.1899995803833,553.2185668945312
2024-07-17,442.59,444.85,439.18,443.52,21165196.0,2454.800048828125,82.8499984741211,14.479999542236328,545.4617919921875
2024-07-18,444.34,444.65,434.4,440.37,19878915.0,2451.800048828125,82.81999969482422,15.930000305175781,541.27001953125
2024-07-19,433.1,441.14,432.0,437.11,20232021.0,2395.5,80.12999725341797,16.520000457763672,537.6757202148438
2024-07-22,441.79,444.6,438.9125,442.94,14941044.0,2392.0,79.77999877929688,14.90999984741211,543.2190551757812
2024-07-23,443.895,448.39,443.1,444.85,12333947.0,2404.60009765625,76.95999908447266,14.720000267028809,542.3670043945312
2024-07-24,440.45,441.48,427.585,428.9,25896704.0,2413.300048828125,77.58999633789062,18.040000915527344,530.0756225585938
2024-07-25,428.8,429.8,417.51,418.4,28188176.0,2351.89990234375,78.27999877929688,18.459999084472656,527.313720703125
2024-07-26,418.2,428.915,417.27,425.27,20707446.0,2380.0,77.16000366210938,16.389999389648438,533.2193603515625
2024-07-29,431.58,432.15,424.7042,426.73,14735954.0,2377.300048828125,75.80999755859375,16.600000381469727,533.5328369140625
2024-07-30,427.72,429.05,417.36,422.92,32104706.0,2405.0,74.7300033569336,17.690000534057617,530.8297729492188
2024-07-31,420.495,421.775,412.21,418.35,42096598.0,2426.5,77.91000366210938,16.360000610351562,539.4581909179688
2024-08-01,420.785,427.46,413.0901,417.11,29681006.0,2435.0,76.30999755859375,18.59000015258789,531.8189697265625
2024-08-02,412.49,415.0,404.34,408.49,28373612.0,2425.699951171875,73.5199966430664,23.389999389648438,521.9174194335938
2024-08-05,389.17,401.04,385.58,395.15,38805980.0,2401.699951171875,72.94000244140625,38.56999969482422,506.7171936035156
2024-08-06,400.0,405.67,398.5,399.61,23608739.0,2389.10009765625,73.19999694824219,27.709999084472656,511.38885498046875
2024-08-07,408.635,410.08,397.47,398.43,19206613.0,2390.5,75.2300033569336,27.850000381469727,507.97076416015625
2024-08-08,402.44,405.86,399.9407,402.69,18618547.0,2422.199951171875,76.19000244140625,23.790000915527344,519.7136840820312
2024-08-09,404.03,408.05,402.2624,406.02,17981644.0,2432.10009765625,76.83999633789062,20.3700008392334,522.0054321289062
2024-08-12,407.06,408.76,404.2434,406.81,15279064.0,2462.39990234375,80.05999755859375,20.709999084472656,522.2797241210938
2024-08-13,409.59,414.95,409.57,414.01,18315025.0,2466.699951171875,78.3499984741211,18.1200008392334,530.8689575195312
2024-08-14,414.8,417.72,412.4456,416.86,17248560.0,2439.39990234375,76.9800033569336,16.190000534057617,532.5436401367188
2024-08-15,419.8,421.11,417.66,421.03,18974288.0,2453.10009765625,78.16000366210938,15.229999542236328,541.671630859375
2024-08-16,420.6,421.34,417.3,418.47,21201583.0,2498.60009765625,76.6500015258789,14.800000190734863,542.8861083984375
2024-08-19,418.96,421.75,416.46,421.53,14419960.0,2501.800048828125,74.37000274658203,14.649999618530273,548.0768432617188
2024-08-20,421.7,425.86,421.64,424.8,15778630.0,2511.300048828125,74.04000091552734,15.880000114440918,547.185546875
2024-08-21,424.075,426.4,421.72,424.14,14809439.0,2508.39990234375,71.93000030517578,16.270000457763672,549.0660400390625
2024-08-22,424.36,426.7899,414.61,415.55,18284617.0,2478.89990234375,73.01000213623047,17.549999237060547,544.7566528320312
2024-08-23,416.98,419.26,412.09,416.79,17487194.0,2508.39990234375,74.83000183105469,15.859999656677246,550.544921875
2024-08-26,416.365,417.2799,411.34,413.49,11206793.0,2517.699951171875,77.41999816894531,16.149999618530273,549.2326049804688
2024-08-27,412.86,414.36,410.25,413.84,13190099.0,2516.0,75.52999877929688,15.430000305175781,549.9866333007812
2024-08-28,414.88,415.0,407.31,410.6,14471795.0,2501.0,74.5199966430664,17.110000610351562,546.7938232421875
2024-08-29,414.94,422.05,410.6,413.12,15705295.0,2525.699951171875,75.91000366210938,15.649999618530273,546.8427734375
2024-08-30,415.6,417.49,412.13,417.14,22593479.0,2493.800048828125,73.55000305175781,15.0,552.06298828125
2024-09-03,417.91,419.88,407.03,409.44,19462006.0,2489.89990234375,70.33999633789062,20.719999313354492,540.7020874023438
2024-09-04,405.91,411.24,404.37,408.9,14794676.0,2493.39990234375,69.19999694824219,21.31999969482422,539.5953369140625
2024-09-05,407.62,413.1,406.13,408.39,13141207.0,2511.39990234375,69.1500015258789,19.899999618530273,538.282958984375
2024-09-06,409.06,410.65,400.8,401.7,18600087.0,2493.5,67.66999816894531,22.3799991607666,529.2235717773438
2024-09-09,407.24,408.65,402.15,405.72,14630189.0,2501.800048828125,68.70999908447266,19.450000762939453,535.1488037109375
2024-09-10,408.2,416.33,407.7,414.2,19293013.0,2512.300048828125,65.75,19.079999923706055,537.4798583984375
2024-09-11,415.5,423.99,409.58,423.04,18046701.0,2512.10009765625,67.30999755859375,17.690000534057617,542.9938354492188
2024-09-12,423.31,427.3692,419.75,427.0,16264929.0,2551.199951171875,68.97000122070312,17.06999969482422,547.5675659179688
2024-09-13,425.825,431.83,425.46,430.59,15705350.0,2581.300048828125,68.6500015258789,16.559999465942383,550.4274291992188
2024-09-16,430.6,433.53,428.22,431.34,13174599.0,2580.39990234375,70.08999633789062,17.139999389648438,551.2402954101562
2024-09-17,440.23,441.85,432.27,435.15,18577155.0,2564.300048828125,71.19000244140625,17.610000610351562,551.465576171875
2024-09-18,435.0,436.03,430.41,430.81,18441947.0,2570.699951171875,70.91000366210938,18.229999542236328,549.8299560546875
2024-09-19,441.225,441.5,436.9,438.69,20490163.0,2588.0,71.94999694824219,16.329999923706055,559.2124633789062
2024-09-20,437.22,439.24,434.22,435.27,49826691.0,2619.89990234375,71.91999816894531,16.149999618530273,558.245849609375
2024-09-23,434.28,436.46,430.3889,433.51,14511491.0,2626.5,70.37000274658203,15.890000343322754,559.6408081054688
2024-09-24,433.0,433.35,426.1,429.17,16095917.0,2651.199951171875,71.55999755859375,15.390000343322754,561.2420654296875
2024-09-25,429.83,433.119,428.57,432.11,12524639.0,2659.199951171875,69.69000244140625,15.40999984741211,560.0042724609375
2024-09-26,435.085,435.3,429.13,431.31,13740245.0,2669.89990234375,67.66999816894531,15.369999885559082,562.2244873046875
2024-09-27,431.52,431.85,427.47,428.02,14136408.0,2644.300048828125,68.18000030517578,16.959999084472656,561.4091186523438
2024-09-30,428.21,430.42,425.37,430.3,15793208.0,2636.10009765625,68.16999816894531,16.729999542236328,563.6588134765625
2024-10-01,428.45,428.48,418.81,420.69,18195547.0,2667.300048828125,69.83000183105469,19.260000228881836,558.6093139648438
2024-10-02,422.58,422.82,416.71,417.13,16014496.0,2647.10009765625,70.0999984741211,18.899999618530273,558.8450927734375
2024-10-03,417.63,419.55,414.29,416.54,13031361.0,2657.10009765625,73.70999908447266,20.489999771118164,557.8233642578125
2024-10-04,418.24,419.75,414.97,416.06,17319719.0,2645.800048828125,74.37999725341797,19.209999084472656,562.892578125
2024-10-07,416.0,417.11,409.0,409.54,19304152.0,2644.800048828125,77.13999938964844,22.639999389648438,557.8037109375
2024-10-08,410.9,415.66,408.17,414.71,18121969.0,2615.0,73.56999969482422,21.420000076293945,563.0791625976562
2024-10-09,415.86,420.38,414.3,417.46,14448774.0,2606.0,73.23999786376953,20.860000610351562,566.9794311523438
2024-10-10,415.225,417.35,413.15,415.84,13319522.0,2620.60009765625,75.8499984741211,20.93000030517578,565.9871215820312
2024-10-11,416.135,417.13,413.25,416.32,13455365.0,2657.60009765625,75.55999755859375,20.459999084472656,569.3763427734375
2024-10-14,417.77,424.04,417.52,419.14,16020864.0,2647.800048828125,73.83000183105469,19.700000762939453,574.0328369140625
2024-10-15,422.18,422.48,415.26,418.74,17712232.0,2661.39990234375,70.58000183105469,20.639999389648438,569.5728759765625
2024-10-16,415.17,416.36,410.48,416.12,14879191.0,2674.0,70.38999938964844,19.579999923706055,572.0485229492188
2024-10-17,422.36,422.5,415.59,416.72,13334766.0,2691.0,70.66999816894531,19.110000610351562,572.0975341796875
2024-10-18,417.14,419.65,416.2601,418.16,16494649.0,2713.699951171875,69.22000122070312,18.030000686645508,574.298095703125
2024-10-21,416.12,418.96,413.7501,418.78,12621668.0,2723.10009765625,70.55999755859375,18.3700008392334,573.3550415039062
2024-10-22,418.49,430.5793,418.04,427.51,24276062.0,2744.199951171875,72.08999633789062,18.200000762939453,573.0504760742188
2024-10-23,430.855,431.08,422.53,424.6,17894627.0,2714.39990234375,70.7699966430664,19.239999771118164,567.8142700195312
2024-10-24,425.325,425.9782,422.4,424.73,12832122.0,2734.89990234375,70.19000244140625,19.079999923706055,569.0423583984375
2024-10-25,426.76,432.52,426.565,428.15,15749168.0,2740.89990234375,71.77999877929688,20.329999923706055,568.8458862304688
2024-10-28,431.655,431.94,426.3,426.59,13235584.0,2742.89990234375,67.37999725341797,19.799999237060547,570.6043701171875
2024-10-29,428.0,433.17,425.8001,431.95,16555708.0,2768.39990234375,67.20999908447266,19.34000015258789,571.52783203125
2024-10-30,437.435,438.5,432.1,432.53,28858471.0,2788.5,68.61000061035156,20.350000381469727,569.7987060546875
2024-10-31,415.36,416.16,406.3,406.35,52514317.0,2738.300048828125,69.26000213623047,23.15999984741211,558.62890625
2024-11-01,409.01,415.5,407.5,410.37,21839908.0,2738.60009765625,69.48999786376953,21.8799991607666,560.9866943359375
2024-11-04,409.8,410.415,405.5713,408.46,18822868.0,2736.10009765625,71.47000122070312,21.979999542236328,559.7783203125
2024-11-05,408.37,414.9,408.08,411.46,17020289.0,2740.300048828125,71.98999786376953,20.489999771118164,566.547119140625
2024-11-06,412.42,420.45,410.52,420.18,25299404.0,2667.60009765625,71.69000244140625,16.270000457763672,580.6345825195312
2024-11-07,421.28,426.85,419.88,425.43,18279603.0,2698.39990234375,72.36000061035156,15.199999809265137,585.1242065429688
2024-11-08,425.32,426.5,421.78,422.54,15896229.0,2687.5,70.37999725341797,14.9399995803833,587.65869140625
2024-11-11,422.515,424.81,416.0,418.01,19364976.0,2611.199951171875,68.04000091552734,14.970000267028809,588.21875
2024-11-12,418.25,424.44,417.2,423.03,18217447.0,2600.0,68.12000274658203,14.710000038146973,586.3914184570312
2024-11-13,421.64,429.325,418.21,425.2,20456709.0,2580.800048828125,68.43000030517578,14.020000457763672,586.6763305664062
2024-11-14,425.0,428.17,420.0,426.89,27218675.0,2568.199951171875,68.69999694824219,14.3100004196167,582.9039306640625
2024-11-15,419.82,422.8,413.64,415.0,27330826.0,2565.699951171875,67.0199966430664,16.139999389648438,575.437744140625
2024-11-18,414.87,418.4037,412.1,415.76,22575673.0,2610.60009765625,69.16000366210938,15.579999923706055,577.7955322265625
2024-11-19,413.11,417.94,411.55,417.79,16903922.0,2627.10009765625,69.38999938964844,16.350000381469727,579.9075927734375
2024-11-20,416.87,417.29,410.58,415.49,17202555.0,2648.199951171875,68.87000274658203,17.15999984741211,580.1041259765625
2024-11-21,419.5,419.78,410.2887,412.87,18154614.0,2672.10009765625,70.0999984741211,16.8700008392334,583.2183227539062
2024-11-22,411.365,417.4,411.06,417.0,22803358.0,2709.89990234375,71.23999786376953,15.239999771118164,585.02587890625
2024-11-25,418.38,421.08,414.85,418.79,24447471.0,2616.800048828125,68.94000244140625,14.600000381469727,587.0103149414062
2024-11-26,419.585,429.0414,418.85,427.99,22825574.0,2620.300048828125,68.7699966430664,14.100000381469727,590.075439453125
2024-11-27,425.105,427.2299,422.02,422.99,17407455.0,2639.89990234375,68.72000122070312,14.100000381469727,588.2874145507812
2024-11-29,420.09,424.8849,417.8,423.46,15132529.0,2657.0,68.0,13.510000228881836,591.9419555664062
2024-12-02,421.57,433.0,421.31,430.98,18092788.0,2634.89990234375,68.0999984741211,13.34000015258789,593.0028686523438
2024-12-03,429.84,432.47,427.74,431.2,17100500.0,2644.699951171875,69.94000244140625,13.300000190734863,593.278076171875
2024-12-04,433.03,439.67,432.63,437.42,23888329.0,2653.800048828125,68.54000091552734,13.449999809265137,596.9619140625
2024-12-05,437.92,444.66,436.171,442.62,20802839.0,2626.60009765625,68.30000305175781,13.539999961853027,595.9796142578125
2024-12-06,442.3,446.1,441.7703,443.57,17936304.0,2638.60009765625,67.19999694824219,12.770000457763672,597.1093139648438
2024-12-09,442.6,448.33,440.5,446.02,17082222.0,2664.89990234375,68.37000274658203,14.1899995803833,594.0344848632812
2024-12-10,444.39,449.62,441.6,443.33,17619491.0,2697.60009765625,68.58999633789062,14.180000305175781,592.1876220703125
2024-12-11,444.05,450.35,444.05,448.99,15424102.0,2733.800048828125,70.29000091552734,13.579999923706055,596.7655639648438
2024-12-12,449.11,456.1648,449.11,449.56,19709789.0,2687.5,70.0199966430664,13.920000076293945,593.6906127929688
2024-12-13,448.435,451.43,445.58,447.27,19711728.0,2656.0,71.29000091552734,13.8100004196167,593.57275390625
2024-12-16,447.27,452.18,445.28,451.59,21473178.0,2651.39990234375,70.70999908447266,14.6899995803833,596.1072998046875
2024-12-17,451.01,455.29,449.57,454.46,19693532.0,2644.39990234375,70.08000183105469,15.869999885559082,593.6513061523438
2024-12-18,451.32,452.65,437.02,437.39,23461009.0,2636.5,70.58000183105469,27.6200008392334,575.9584350585938
2024-12-19,441.62,443.1834,436.32,437.03,19663242.0,2592.199951171875,69.91000366210938,24.09000015258789,575.7815551757812
2024-12-20,433.11,443.74,428.63,436.6,55820435.0,2628.699951171875,69.45999908447266,18.360000610351562,582.697265625
2024-12-23,436.74,437.65,432.83,435.25,16519390.0,2612.300048828125,69.23999786376953,16.780000686645508,586.1866455078125
2024-12-24,434.65,439.6,434.19,439.33,7015283.0,2620.0,70.0999984741211,14.270000457763672,592.7021484375
2024-12-26,439.08,440.94,436.63,438.11,7968756.0,2638.800048828125,69.62000274658203,14.729999542236328,592.7415771484375
2024-12-27,434.6,435.22,426.35,430.53,17626515.0,2617.199951171875,70.5999984741211,15.949999809265137,586.5020751953125
2024-12-30,426.06,427.55,421.9,424.83,12601099.0,2606.10009765625,70.98999786376953,17.399999618530273,579.8091430664062
2024-12-31,426.1,426.73,420.66,421.5,12788944.0,2629.199951171875,71.72000122070312,17.350000381469727,577.69970703125
2025-01-02,425.53,426.07,414.85,418.58,15068088.0,2658.89990234375,73.12999725341797,17.93000030517578,576.2803344726562
2025-01-03,421.08,424.03,419.54,423.35,15083807.0,2645.0,73.95999908447266,16.1299991607666,583.4857788085938
2025-01-06,428.0,434.32,425.4774,427.85,18692564.0,2638.39990234375,73.55999755859375,16.040000915527344,586.8470458984375
2025-01-07,429.0,430.65,420.8,422.37,17384904.0,2656.699951171875,74.25,17.81999969482422,580.2132568359375
2025-01-08,423.46,426.97,421.54,424.56,14067768.0,2664.5,73.31999969482422,17.700000762939453,581.0609130859375
2025-01-10,424.63,424.71,415.02,418.95,19120620.0,2708.5,76.56999969482422,19.540000915527344,572.1896362304688
2025-01-13,415.235,418.5,412.29,417.19,16810461.0,2673.5,78.81999969482422,19.190000534057617,573.0768432617188
2025-01-14,417.81,419.74,410.72,415.67,15785352.0,2677.5,77.5,18.709999084472656,573.8653564453125
2025-01-15,419.13,428.15,418.265,426.31,17854689.0,2712.5,80.04000091552734,16.1200008392334,584.3040161132812
2025-01-16,428.695,429.49,424.39,424.58,14443042.0,2746.39990234375,78.68000030517578,16.600000381469727,583.1802368164062
2025-01-17,434.085,434.48,428.17,429.03,24575332.0,2744.300048828125,77.87999725341797,15.970000267028809,589.0353393554688
2025-01-21,430.2,430.8999,425.595,428.5,23647173.0,2755.0,75.88999938964844,15.0600004196167,594.4270629882812
2025-01-22,437.56,447.27,436.0,446.2,26266324.0,2767.60009765625,75.44000244140625,15.100000381469727,597.7686157226562
2025-01-23,442.0,446.75,441.5048,446.71,16975809.0,2763.10009765625,74.62000274658203,15.020000457763672,601.0313110351562
2025-01-24,445.16,446.65,441.4,444.06,14586274.0,2777.300048828125,74.66000366210938,14.850000381469727,599.2766723632812
2025-01-27,424.01,435.2,423.5,434.56,32833252.0,2737.5,73.16999816894531,17.899999618530273,590.7996826171875
2025-01-28,434.6,448.38,431.38,447.2,22446799.0,2766.800048828125,73.7699966430664,16.40999984741211,595.8761596679688
2025-01-29,446.69,446.88,440.4,442.33,22973096.0,2769.10009765625,72.62000274658203,16.559999465942383,593.204833984375
2025-01-30,418.77,422.86,413.16,414.99,53915598.0,2823.0,72.7300033569336,15.84000015258789,596.3886108398438
2025-01-31,418.98,420.69,414.91,415.06,31979227.0,2812.5,72.52999877929688,16.43000030517578,593.2147216796875
2025-02-03,411.6,415.41,408.66,410.92,24614140.0,2833.89990234375,73.16000366210938,18.6200008392334,589.2225952148438
2025-02-04,412.685,413.9199,409.74,412.37,19381288.0,2853.300048828125,72.69999694824219,17.209999084472656,593.1752319335938
2025-02-05,412.35,413.827,410.4,413.29,15340591.0,2871.60009765625,71.02999877929688,15.770000457763672,595.5802612304688
2025-02-06,414.0,418.2,414.0,415.82,15771619.0,2856.0,70.61000061035156,15.5,597.6503295898438
2025-02-07,416.48,418.65,408.1,409.75,21605948.0,2867.300048828125,71.0,16.540000915527344,592.1796875
2025-02-10,413.71,415.4624,410.92,412.22,15191858.0,2914.300048828125,72.31999969482422,15.8100004196167,596.2012939453125
2025-02-11,409.64,412.49,409.3,411.44,15230883.0,2912.5,73.31999969482422,16.020000457763672,596.65478515625
2025-02-12,407.21,410.75,404.3673,409.04,17273445.0,2909.0,73.31999969482422,15.890000343322754,594.732666015625
2025-02-13,407.0,411.0,406.36,410.54,20517341.0,2925.89990234375,73.31999969482422,15.100000381469727,601.0115966796875
2025-02-14,403.8820486651223,404.9913105718538,401.990349075024,404.5158996582031,22758500.0,2958.39990234375,73.31999969482422,14.770000457763672,600.9819946289062
2025-02-18,404.0899662104477,406.6650553734785,402.6043413346739,405.7142639160156,21423100.0,270.70001220703125,73.31999969482422,15.350000381469727,602.746337890625
2025-02-19,403.9711199361536,411.50817561028913,403.74331324145845,410.7950744628906,24114200.0,270.8500061035156,73.31999969482422,15.270000457763672,604.1658325195312
2025-02-20,412.1348608394034,416.1243081620841,409.4057538443196,412.9684753417969,23508700.0,270.989990234375,73.31999969482422,15.65999984741211,601.65234375
2025-02-21,414.16928284227896,414.8738801834256,404.79109677447474,405.108642578125,27524800.0,270.739990234375,73.31999969482422,18.209999084472656,591.3616333007812
2025-02-24,405.4063787741937,406.2598304371672,396.2861968407472,400.9306335449219,26443700.0,272.2099914550781,73.31999969482422,18.979999542236328,588.670654296875
2025-02-25,398.0526532749328,398.8664306026397,393.6860882830661,394.876953125,29387400.0,268.6199951171875,73.31999969482422,19.43000030517578,585.7431030273438
2025-02-26,394.9861511086002,400.5336777638087,391.25470780563023,396.6930847167969,19619000.0,269.0299987792969,73.31999969482422,19.100000381469727,586.0387573242188
2025-02-27,398.22134834414993,402.657388820498,389.1905096396701,389.5477600097656,21127400.0,264.92999267578125,73.31999969482422,21.1299991607666,576.6844482421875
2025-02-28,389.67678725566606,394.6090291195634,383.6330593862238,393.973876953125,32845700.0,263.2699890136719,73.31999969482422,19.6299991607666,585.6839599609375
2025-03-03,395.7899873220531,395.7899873220531,383.2261675615013,385.5384521484375,23007700.0,266.739990234375,73.31999969482422,22.780000686645508,575.4227905273438
2025-03-04,380.48712304915495,389.59737098453536,378.1053630399061,385.6575317382813,29342900.0,269.0599975585937,73.31999969482422,23.510000228881836,568.6116333007812
2025-03-05,386.3820118850688,398.6183524988304,385.85603973587394,397.9732666015625,23433100.0,269.6199951171875,73.31999969482422,21.93000030517578,574.722900390625
2025-03-06,391.2845082082749,399.09471206990673,389.6966579412498,393.8746948242188,23304600.0,268.25,73.31999969482422,24.8700008392334,564.5209350585938
2025-03-07,389.33936956128906,391.8005084637196,382.61088158953936,390.3218383789063,22034100.0,268.3900146484375,73.31999969482422,23.3700008392334,567.6849975585938
2025-03-10,382.9085982783761,383.4643412864511,374.3540930979484,377.2717590332031,32840100.0,266.0400085449219,73.31999969482422,27.860000610351562,552.564453125
2025-03-11,376.1205744700273,383.0673924681545,374.0464567305875,377.5595703125,30380200.0,269.1600036621094,73.31999969482422,26.920000076293945,547.9710083007812
2025-03-12,380.0405779726452,382.2933209136247,376.0709676751301,380.3581237792969,24253600.0,270.3299865722656,73.31999969482422,24.229999542236328,550.8787841796875
2025-03-13,380.24893433302753,382.3925273041687,374.58232470495466,375.8922729492188,20473000.0,275.1300048828125,73.31999969482422,24.65999984741211,543.535400390625
2025-03-14,376.8946473094157,387.2652662935844,376.6267095180303,385.6079406738281,19952800.0,275.239990234375,73.31999969482422,21.770000457763672,554.762451171875
2025-03-17,383.7620820869245,389.7264008785539,382.6406623483486,385.7468872070313,22474300.0,276.7300109863281,73.31999969482422,20.510000228881836,559.0404052734375
2025-03-18,384.1292790671939,384.4269877309022,378.2046343736099,380.6062316894531,19486900.0,279.9599914550781,73.31999969482422,21.700000762939453,552.9981079101562
2025-03-19,382.60095534567967,386.719419886704,381.0825806498319,384.8735656738281,19185500.0,281.1099853515625,73.31999969482422,19.899999618530273,559.0206909179688
2025-03-20,382.8093521082507,388.8134057411041,380.36805030146087,383.9010009765625,18470500.0,280.75,73.31999969482422,19.799999237060547,557.4041748046875
2025-03-21,380.3085198055768,388.76377892625936,379.8916973941909,388.2874450683594,39675900.0,278.489990234375,73.31999969482422,19.280000686645508,557.5880737304688
2025-03-24,392.3959479956855,392.3959479956855,386.8484215764684,390.0935668945313,21004500.0,277.25,73.31999969482422,17.479999542236328,567.5736083984375
2025-03-25,390.9272368910712,393.34867131877104,389.6569628025314,392.1578063964844,15775000.0,278.4700012207031,73.31999969482422,17.149999618530273,568.93798828125
2025-03-26,391.9990163975736,392.3066587723948,385.61787512073846,387.0072326660156,16108400.0,278.239990234375,73.31999969482422,18.329999923706055,562.1458129882812
2025-03-27,387.1659858818112,389.2599405856522,384.4567161979595,387.612548828125,13766800.0,281.9700012207031,73.31999969482422,18.690000534057617,560.6529541015625
2025-03-28,385.13158343812927,386.1736243280803,374.0663006272135,375.9220886230469,21632000.0,284.0599975585937,73.31999969482422,21.649999618530273,549.3623657226562
2025-03-31,369.7096714477169,374.2052539943911,364.4499195195616,372.53802490234375,35184700.0,288.1400146484375,73.31999969482422,22.280000686645508,553.0501098632812
2025-04-01,371.8035925481133,379.9413052057438,370.39439795061145,379.2863159179688,19689500.0,287.57000732421875,73.31999969482422,21.770000457763672,554.6121215820312
2025-04-02,375.0983928958324,382.1543604865691,373.7586433966847,379.2367248535156,16092600.0,288.1600036621094,73.31999969482422,21.510000228881836,558.1219482421875
2025-04-03,371.9425583652147,374.61212363444304,366.54388609690864,370.2752990722656,30198000.0,286.4200134277344,73.31999969482422,30.020000457763672,530.6173095703125
2025-04-04,361.363555677575,371.7440781664607,356.74888974568233,357.10614013671875,49209900.0,279.7200012207031,73.31999969482422,45.310001373291016,499.5533447265625
2025-04-07,348.2142236601539,368.1813588125757,342.17049555544185,355.14117431640625,50425000.0,273.7099914550781,73.31999969482422,46.97999954223633,498.6635437011719
2025-04-08,365.46220003690814,370.8112344321485,347.5890190857086,351.86627197265625,35868900.0,275.20001220703125,73.31999969482422,52.33000183105469,490.8531188964844
2025-04-09,350.854026698487,390.2424886537646,350.4173671278774,387.5232849121094,50199700.0,285.3800048828125,73.31999969482422,33.619998931884766,542.4021606445312
2025-04-10,379.1572950457799,380.983312003396,365.0056257671045,378.4526977539063,38024400.0,292.3500061035156,73.31999969482422,40.720001220703125,518.6347045898438
2025-04-11,377.7481178718862,387.0865991344375,376.0114134245454,385.498779296875,23839200.0,297.92999267578125,73.31999969482422,37.560001373291016,527.8885498046875
2025-04-14,390.2325491274343,391.651677567929,381.29099206627785,384.8636474609375,19251200.0,296.2300109863281,73.31999969482422,30.889999389648438,533.0098266601562
2025-04-15,385.558347033726,388.91267269542334,381.24138963056953,382.7994689941406,17199900.0,297.7799987792969,73.31999969482422,30.1200008392334,531.516845703125
2025-04-16,377.7779079921512,378.71073856569086,365.2041538267982,368.7867126464844,21967800.0,307.4700012207031,73.31999969482422,32.63999938964844,519.702392578125
2025-04-17,370.9104847853966,371.4761615558506,364.10261724728616,364.98583984375,21120200.0,306.1199951171875,73.31999969482422,29.649999618530273,520.44384765625
2025-04-21,360.06353397111536,361.7109259917268,352.9678611353571,356.3916320800781,20807300.0,315.5899963378906,73.31999969482422,33.81999969482422,508.05584716796875
2025-04-22,360.6192443688487,364.9758758256959,357.12596800122816,364.0331115722656,19485000.0,311.1099853515625,73.31999969482422,30.56999969482422,521.2744140625
2025-04-23,373.20288850682186,377.50000836988784,370.1859763720142,371.5455932617188,20545500.0,303.6499938964844,73.31999969482422,28.450000762939453,529.3516845703125
2025-04-24,372.8456379358323,385.4987700338485,372.3395029604808,384.35748291015625,22232300.0,308.07000732421875,73.31999969482422,26.469999313354492,540.4940795898438
2025-04-25,384.05982691311567,389.1806282395776,381.67806660180736,388.87298583984375,18973200.0,304.7300109863281,73.31999969482422,24.84000015258789,544.3992309570312
2025-04-28,388.9821118643913,389.7561846754867,383.7025530868883,388.1882019042969,16579400.0,309.07000732421875,73.31999969482422,25.149999618530273,544.6068725585938
2025-04-29,388.32712198825146,392.0982700078575,387.4141285639624,391.04632568359375,14974000.0,306.0599975585937,73.31999969482422,24.170000076293945,548.0374755859375
2025-04-30,387.3347110069874,393.6464071015826,381.5192464831796,392.2570495605469,36461100.0,303.7699890136719,73.31999969482422,24.700000762939453,548.2550659179688
2025-05-01,427.8346397458207,433.669971462135,421.6718285206496,422.16802978515625,58938100.0,297.4599914550781,73.31999969482422,24.600000381469727,552.1405029296875
2025-05-02,428.4598783453456,436.1013902925972,426.7231738378541,431.9729919433594,30757400.0,297.9800109863281,73.31999969482422,22.68000030517578,560.3365478515625
2025-05-05,429.58128511716615,436.1609188409604,428.827049490993,432.8562316894531,20136100.0,306.8800048828125,73.31999969482422,23.639999389648438,557.1234130859375
2025-05-06,428.91639204817295,434.4043769104007,427.8942186382879,430.0179443359375,15104200.0,315.4800109863281,73.31999969482422,24.760000228881836,552.4667358398438
2025-05-07,430.54391525930873,434.79139692835327,427.8346454163337,430.0576477050781,23295300.0,310.75,73.31999969482422,23.549999237060547,554.7901611328125
2025-05-08,434.6028367318432,440.2992479012544,432.3500938706748,434.8410339355469,23491300.0,304.6300048828125,73.31999969482422,22.479999542236328,558.6558227539062
2025-05-09,436.6570993033328,437.3914674607305,432.5684058555715,435.3967590332031,15324200.0,306.8399963378906,73.31999969482422,21.899999618530273,557.9440307617188
2025-05-12,442.551987565255,445.9559209816134,436.43878433354007,445.8467712402344,22821900.0,298.19000244140625,73.31999969482422,18.389999389648438,576.3826293945312
2025-05-13,444.3780388716834,447.24609694771215,441.9764112331301,445.7277221679688,23618800.0,299.4599914550781,73.31999969482422,18.219999313354492,580.18896484375
2025-05-14,444.73528972695,450.4515077748093,444.73528972695,449.4988098144531,19902800.0,293.1600036621094,73.31999969482422,18.6200008392334,580.9304809570312
2025-05-15,448.1665235651595,453.5552331837817,447.8284909088357,450.5129089355469,21992300.0,297.8399963378906,73.31999969482422,17.829999923706055,583.7679443359375
2025-05-16,449.4391826540583,451.735838870633,446.13838030321216,451.6463623046875,23849800.0,294.239990234375,73.31999969482422,17.239999771118164,587.465576171875
2025-05-19,448.27591363294266,456.9355998797858,448.1963586877965,456.2197570800781,21336500.0,298.0299987792969,73.31999969482422,18.139999389648438,588.108154296875
2025-05-20,452.9587181303489,455.6928353955898,451.69606398891386,455.5238342285156,15441800.0,303.5799865722656,73.31999969482422,18.09000015258789,586.130859375
2025-05-21,451.944595050179,455.1360468945702,449.2005259832327,449.9561462402344,19216900.0,305.82000732421875,73.31999969482422,20.8700008392334,576.254150390625
2025-05-22,452.32244757902833,457.5918252828005,451.2784936511554,452.2329406738281,18025600.0,303.1099853515625,73.31999969482422,20.280000686645508,576.4814453125
2025-05-23,447.3811293692874,451.06969358680703,446.3173019248347,447.5799560546875,16883500.0,309.75,73.31999969482422,22.290000915527344,572.5465698242188
2025-05-27,453.8435596609756,458.2877438900054,453.4856231037271,458.02923583984375,20974300.0,304.5,73.31999969482422,18.959999084472656,584.4501953125
2025-05-28,458.55619745791415,459.8486770934628,454.2909661144885,454.7184753417969,17086300.0,303.8099975585937,73.31999969482422,19.309999465942383,581.06884765625
2025-05-29,458.884303233251,459.05333474747385,452.6803520976962,456.0308837890625,13974800.0,305.6099853515625,73.31999969482422,19.18000030517578,583.362548828125
2025-05-30,457.0648535034259,459.0135248792732,452.9090026922185,457.7011413574219,34770500.0,303.6000061035156,73.31999969482422,18.56999969482422,582.7100830078125
2025-06-02,454.49978904014216,459.4410555312044,454.2512329224997,459.3018798828125,16626500.0,311.6700134277344,73.31999969482422,18.360000610351562,585.9924926757812
2025-06-03,458.8047449110186,461.4593374660713,458.1982522365384,460.2960815429688,15743800.0,308.9100036621094,73.31999969482422,17.690000534057617,589.3341674804688
2025-06-04,461.3201109572232,463.0003525817652,460.3457601448262,461.19085693359375,14162700.0,310.8999938964844,73.31999969482422,17.610000610351562,589.1759033203125
2025-06-05,462.2745597878388,466.937474562979,461.3499383952383,464.9788513183594,20131700.0,309.3299865722656,73.31999969482422,18.479999542236328,586.3285522460938
2025-06-06,467.3749354769993,470.6061647142377,466.0725039656027,467.6632690429688,15285600.0,305.17999267578125,73.31999969482422,16.770000457763672,592.3495483398438
2025-06-09,466.9872502760202,470.69568816704816,465.9134708467471,470.0196228027344,16469900.0,306.6199951171875,73.31999969482422,17.15999984741211,592.8834228515625
2025-06-10,468.4686249933991,470.06931180763127,464.2630446113778,468.2001953125,15375900.0,306.7099914550781,73.31999969482422,16.950000762939453,596.2449340820312
2025-06-11,467.30536072753216,472.72389606625393,466.9474544926898,469.8903503417969,16399200.0,308.3699951171875,73.31999969482422,17.260000228881836,594.54443359375
2025-06-12,472.276508194471,477.6453447348738,470.78517145354215,476.1042785644531,18950600.0,312.20001220703125,73.31999969482422,18.020000457763672,596.9072875976562
2025-06-13,473.6584649544854,476.4124557062983,470.0295518485209,472.2168273925781,16814500.0,316.2900085449219,73.31999969482422,20.81999969482422,590.2338256835938
2025-06-16,472.4653860858625,477.91374692205306,472.2566074497181,476.3727111816406,15626100.0,311.7799987792969,73.31999969482422,19.110000610351562,595.8494262695312
2025-06-17,472.6542856879232,475.97499162724574,471.3419021646973,475.279052734375,15414100.0,311.94000244140625,73.31999969482422,21.600000381469727,590.7578125
2025-06-18,475.2392860574369,478.2219594008936,471.71972301658775,477.4663391113281,17526500.0,310.260009765625,73.31999969482422,20.139999389648438,590.6688842773438
2025-06-20,479.4448516392065,480.6677282539423,474.1157929854165,474.6427307128906,37576200.0,310.1300048828125,73.31999969482422,20.6200008392334,589.2816162109375
2025-06-23,475.4480677233997,484.932977511559,469.7810065395394,483.1930847167969,24864000.0,311.0799865722656,73.31999969482422,19.829999923706055,595.1022338867188
2025-06-24,486.1260232932434,489.0092679302753,483.9884166007436,487.279296875,22305600.0,306.19000244140625,73.31999969482422,17.479999542236328,601.6764526367188
2025-06-25,489.1982276680394,491.7036624656625,486.56353883181055,489.4268798828125,17495100.0,307.1199951171875,73.31999969482422,16.760000228881836,602.0136108398438
2025-06-26,490.1327808219991,495.1635541172166,489.9637493151316,494.5769653320313,21578900.0,306.7799987792969,73.31999969482422,16.59000015258789,606.7236328125
2025-06-27,494.6763704185467,496.4162632322767,490.1824867596744,493.07568359375,34539200.0,301.2200012207031,73.31999969482422,16.31999969482422,609.738037109375
2025-06-30,494.1693427257206,497.86785899517616,492.4691970236715,494.5372009277344,28369000.0,304.8299865722656,73.31999969482422,16.729999542236328,612.6533813476562
2025-07-01,493.602615314542,495.1734765998455,488.14433277768,489.2081298828125,19945400.0,307.54998779296875,73.31999969482422,16.829999923706055,612.455078125
2025-07-02,487.1600396387865,490.6497772469701,485.8775119148357,488.2536926269531,16319600.0,309.25,73.31999969482422,16.639999389648438,615.2315063476562
2025-07-03,490.9579755463732,497.2414813819725,490.5901173527472,495.95892333984375,13984800.0,307.1400146484375,73.31999969482422,16.3799991607666,620.0803833007812
2025-07-07,494.5073652747992,495.8694479262707,492.36978876052433,494.8453979492188,13981600.0,307.3699951171875,73.31999969482422,17.790000915527344,615.4595336914062
2025-07-08,494.36812324816447,495.3226005030518,491.2561960700141,493.751708984375,11846600.0,304.1600036621094,73.31999969482422,16.809999465942383,615.1224365234375
2025-07-09,497.4104769193033,503.8530622357068,496.8537136582796,500.6019592285156,18659500.0,305.5199890136719,73.31999969482422,15.9399995803833,618.8110961914062
2025-07-10,500.1445884984204,501.5265750230592,494.8752111441128,498.5836791992188,16492100.0,306.20001220703125,73.31999969482422,15.779999732971191,620.5563354492188
2025-07-11,495.5910607887764,502.1131707269345,494.9249170598048,500.4130554199219,16459500.0,309.1400146484375,73.31999969482422,16.399999618530273,618.3748168945312
2025-07-14,498.6234399223271,501.0593019842245,498.1362796464767,500.1147766113281,12058800.0,308.010009765625,73.31999969482422,17.200000762939453,619.5547485351562
2025-07-15,500.1147739294682,505.36427783294863,499.88612172349406,502.8986206054688,14927200.0,306.7300109863281,73.31999969482422,17.3799991607666,616.9072875976562
2025-07-16,502.2623068754336,503.793421043838,498.99133023831314,502.6997680664063,15154400.0,308.260009765625,73.31999969482422,17.15999984741211,618.9697265625
2025-07-17,502.7594088608256,510.40499725185873,502.6997578215743,508.7446594238281,17503100.0,307.5899963378906,73.31999969482422,16.520000457763672,622.7576293945312
2025-07-18,511.5085942033365,511.6677041033988,504.499323712682,507.1041870117188,21209700.0,308.3900146484375,73.31999969482422,16.40999984741211,622.301513671875
2025-07-21,503.7834473494323,509.132409924825,502.630143381304,507.1141052246094,14066800.0,313.1300048828125,73.31999969482422,16.649999618530273,623.4815063476562
2025-07-22,508.018867615488,508.2475501614973,502.3517761230469,502.3517761230469,13868600.0,316.1000061035156,73.31999969482422,16.5,623.5707397460938
2025-07-23,503.8232255681408,503.8630030405687,497.80817995491657,502.94830322265625,16396600.0,312.17999267578125,73.31999969482422,15.369999885559082,628.8757934570312
2025-07-24,505.8315529966592,510.7032466418327,504.370041868975,507.9293823242188,16107000.0,310.2699890136719,73.31999969482422,15.390000343322754,629.083984375
2025-07-25,509.5101831979357,515.2965768746373,507.41238413754473,510.7430725097656,19125700.0,307.3999938964844,73.31999969482422,14.930000305175781,631.741455078125
2025-07-28,511.1109000989904,512.0255695622142,507.1737496018482,509.5400085449219,14308000.0,305.4100036621094,73.31999969482422,15.029999732971191,631.5828247070312
2025-07-29,512.5525452747698,514.6304403339567,508.6054427654301,509.609619140625,16469200.0,306.25,73.31999969482422,15.979999542236328,629.9168701171875
2025-07-30,512.1945721471376,512.9700963143614,506.4976856980785,510.2757263183594,26380400.0,300.9599914550781,73.31999969482422,15.479999542236328,629.1236572265625
2025-07-31,552.0231773044421,552.2419382207228,528.8279664536001,530.418701171875,51617300.0,302.9599914550781,73.31999969482422,16.719999313354492,626.7637329101562
2025-08-01,531.9100652869249,532.7054326872741,517.8517174087783,521.0829467773438,28977600.0,309.1099853515625,73.31999969482422,20.3799991607666,616.49072265625
2025-08-04,525.2190177406763,535.1413592423181,525.0798117410876,532.5464477539062,25349000.0,310.9100036621094,73.31999969482422,17.520000457763672,625.8612670898438
2025-08-05,534.0774948252555,534.196796907337,524.1949011418618,524.7019653320312,19171600.0,311.1600036621094,73.31999969482422,17.850000381469727,622.6881713867188
2025-08-06,527.8338028961505,528.6291703469228,521.0034855448089,521.908203125,21355700.0,310.5,73.31999969482422,16.770000457763672,627.457763671875
2025-08-07,523.757448292983,525.0400367197672,514.5608717763297,517.8319091796875,16079100.0,313.1199951171875,73.31999969482422,16.56999969482422,626.9321899414062
2025-08-08,519.5816656001966,521.6297655095517,516.4100872243725,519.02490234375,15531000.0,313.04998779296875,73.31999969482422,15.149999618530273,631.8207397460938
2025-08-11,519.2833770884752,524.542862850504,516.7182612189127,518.7564697265625,20194400.0,308.54998779296875,73.31999969482422,16.25,630.5713500976562
2025-08-12,520.7250669698358,527.9132904806338,519.6811434112465,526.183349609375,18667000.0,308.2699890136719,73.31999969482422,14.729999542236328,637.2844848632812
2025-08-13,529.0368026236954,529.6234217995657,516.3703917601634,517.5734252929688,19619200.0,309.2099914550781,73.31999969482422,14.489999771118164,639.4659423828125
2025-08-14,519.5419572956574,522.9123929469488,517.13595097363,519.46240234375,20269100.0,307.25,73.31999969482422,14.829999923706055,639.525390625
2025-08-15,519.7507304052322,523.0614541020369,516.0820397908819,517.1657104492188,25213300.0,307.42999267578125,73.31999969482422,15.09000015258789,638.0281372070312
2025-08-18,518.5775217659684,519.8003983365775,511.0512359172718,514.1134033203125,23760600.0,306.95001220703125,73.31999969482422,14.989999771118164,637.8892822265625
2025-08-19,512.0256106523992,512.1846598699071,505.6128505766311,506.8258056640625,21481000.0,305.2699890136719,73.31999969482422,15.569999694824219,634.4286499023438
2025-08-20,506.92525053820776,508.0487290990465,501.526618683124,502.7992248535156,27723000.0,308.3599853515625,73.31999969482422,15.6899995803833,632.742919921875
2025-08-21,501.6041452591809,505.5278315490841,500.6381609615915,502.15185546875,18443300.0,307.2900085449219,73.31999969482422,16.600000381469727,630.2044677734375
2025-08-22,502.1618461633245,508.6150227226763,500.32946944945456,505.1295166015625,24324200.0,310.5799865722656,73.31999969482422,14.220000267028809,639.8824462890625
2025-08-25,504.5319946732823,506.0855321115255,502.0323791323648,502.17181396484375,21638600.0,309.8299865722656,73.31999969482422,14.789999961853027,637.0662231445312
2025-08-26,502.2713680297872,502.8888260614156,496.4456179190968,499.96099853515625,30835700.0,312.0799865722656,73.31999969482422,14.619999885559082,639.733642578125
2025-08-27,499.92117896114246,505.1892811692936,497.82986914621193,504.64154052734375,17277900.0,312.7099914550781,73.31999969482422,14.850000381469727,641.1912841796875
2025-08-28,504.99008260275673,508.9735181763212,503.406670609209,507.529541015625,18015600.0,315.0299987792969,73.31999969482422,14.430000305175781,643.4619750976562
2025-08-29,506.5535790393771,507.4896888132377,502.40083415821226,504.59173583984375,20961600.0,318.07000732421875,73.31999969482422,15.359999656677246,639.6245727539062
2025-09-02,498.3974910813857,503.90458943006223,494.75264396148896,503.0282287597656,18128000.0,325.5899963378906,73.31999969482422,17.170000076293945,634.884765625
2025-09-03,501.70375627159575,505.68719181229375,500.2398424947412,503.2572937011719,16345100.0,328.1400146484375,73.31999969482422,16.350000381469727,638.3255615234375
2025-09-04,502.2116394820944,506.0457023892234,501.0664078062513,505.866455078125,15509500.0,326.69000244140625,73.31999969482422,15.300000190734863,643.6602783203125
2025-09-05,506.9619070760115,509.8498918622262,490.3310509759443,492.9501647949219,31994800.0,331.04998779296875,73.31999969482422,15.180000305175781,641.796142578125
2025-09-08,496.0472478127919,499.1244784694731,492.9800158612091,496.1369018554688,16771000.0,334.82000732421875,73.31999969482422,15.109999656677246,643.3727416992188
2025-09-09,499.3534910580183,500.17010260105087,495.6389570336189,496.3460083007813,14410500.0,334.0599975585937,73.31999969482422,15.039999961853027,644.8601684570312
2025-09-10,500.8971201283455,501.1460848531792,494.6630336933239,498.29791259765625,21611800.0,335.260009765625,73.31999969482422,15.350000381469727,646.724365234375
2025-09-11,500.1701275152439,501.08633106619584,495.8182290284252,498.9352722167969,18881600.0,334.760009765625,73.31999969482422,14.710000038146973,652.0988159179688
2025-09-12,504.55191069082485,510.42747218178897,501.7635178992086,507.7884521484375,23624900.0,335.4200134277344,73.31999969482422,14.760000228881836,651.880615234375
2025-09-15,506.68306017742736,513.3353599697668,504.9004642300766,513.225830078125,17143800.0,338.9100036621094,73.31999969482422,15.6899995803833,655.3511352539062
2025-09-16,514.7395367165727,515.0880630075219,506.4938265025834,506.9320068359375,19711900.0,339.5899963378906,73.31999969482422,16.360000610351562,654.4488525390625
2025-09-17,508.5054498653079,509.1726886784055,503.8348693472275,507.9079284667969,15816600.0,336.9700012207031,73.31999969482422,15.720000267028809,653.6357421875
2025-09-18,509.3718409712672,510.9453149965379,505.55771489166153,506.3444519042969,18913700.0,335.6199951171875,73.31999969482422,15.699999809265137,656.6898193359375
2025-09-19,508.4457417060914,517.1495391803752,508.1967769692645,515.7852172851562,52474100.0,339.17999267578125,73.31999969482422,15.449999809265137,659.9423217773438
2025-09-22,513.4549348866175,515.5959951267806,510.41751650985566,512.3196411132812,20009300.0,345.04998779296875,73.31999969482422,16.100000381469727,663.0645141601562
2025-09-23,511.6722984831285,512.4590659268906,505.2091838485409,507.1212463378906,19799600.0,346.4599914550781,73.31999969482422,16.639999389648438,659.4551391601562
2025-09-24,508.266442508536,510.35772177145367,504.82077941210207,508.0373840332031,13533700.0,343.32000732421875,73.31999969482422,16.18000030517578,657.3569946289062
2025-09-25,506.1950582100621,507.89799878212006,502.94857891661616,504.9303283691406,15786500.0,344.75,73.31999969482422,16.739999771118164,654.3242797851562
2025-09-26,507.9477531769938,511.8116903059077,504.52199636524745,509.3419494628906,16213100.0,346.739990234375,73.31999969482422,15.289999961853027,658.072998046875
2025-09-29,509.3817950243417,514.7096154882738,506.77264973451184,512.4689331054688,17617800.0,352.4599914550781,73.31999969482422,16.1200008392334,659.9224243164062
2025-09-30,511.11459757878936,516.0142062084105,507.54943619028296,515.8051147460938,19728200.0,355.4700012207031,73.31999969482422,16.280000686645508,662.4082641601562
2025-10-01,512.6680995330014,518.3544751787417,509.5709932440202,517.5578002929688,22632300.0,356.0299987792969,73.31999969482422,16.290000915527344,664.6654663085938
2025-10-02,515.4963429681408,519.4399047558908,508.56514411884206,513.6041870117188,21222900.0,354.7900085449219,73.31999969482422,16.6299991607666,665.4309692382812
2025-10-03,514.9585548343116,518.3345307125708,512.8672756929882,515.20751953125,15112300.0,357.6400146484375,73.31999969482422,16.649999618530273,665.421142578125
2025-10-06,516.4623876768178,528.8309994124726,516.0541122577388,526.3811645507812,21388600.0,364.3800048828125,73.31999969482422,16.3700008392334,667.8074951171875
2025-10-07,526.1022689962125,527.6060256392368,519.2806599401652,521.8101196289062,14615200.0,366.260009765625,73.31999969482422,17.239999771118164,665.3316040039062
2025-10-08,521.1130687043808,524.7678538085896,520.923853084141,522.676513671875,13363400.0,372.2999877929688,73.31999969482422,16.299999237060547,669.2990112304688
2025-10-09,520.1769452354545,522.158694647609,515.2574000210162,520.2366943359375,18343600.0,365.4299926757813,73.31999969482422,16.43000030517578,667.3600463867188
2025-10-10,517.4881335274953,521.4118200258811,507.5195762105422,508.8440551757813,24133800.0,369.1199951171875,73.31999969482422,21.65999984741211,649.32275390625
2025-10-13,514.2714771071726,514.2714771071726,509.5610838753376,511.9212646484375,14284200.0,378.0899963378906,73.31999969482422,19.030000686645508,659.2860107421875
2025-10-14,508.1170420708167,513.146147202046,503.9045484424133,511.4432067871094,14684300.0,380.7900085449219,73.31999969482422,20.809999465942383,658.4805908203125
2025-10-15,512.8275263160849,515.0482722356254,507.8880442394631,511.3038330078125,14694700.0,387.3900146484375,73.31999969482422,20.639999389648438,661.4039916992188
2025-10-16,510.4573477017149,514.7096236704256,506.02576365101777,509.4913330078125,15559600.0,396.4500122070313,73.31999969482422,25.309999465942383,656.899658203125
2025-10-17,506.9320087638593,513.3453119402852,505.20916197429216,511.4532165527344,19867800.0,388.989990234375,73.31999969482422,20.780000686645508,660.62841796875
2025-10-20,512.4788764440519,516.5519656323323,511.3037703677804,514.6498413085938,14665600.0,403.1499938964844,73.31999969482422,18.229999542236328,667.499267578125
2025-10-21,515.3569857054445,516.5420602391357,510.9154330870712,515.5162963867188,15586200.0,377.239990234375,73.31999969482422,17.8700008392334,667.4892578125
2025-10-22,518.9918584655633,523.0549187669818,515.566101626736,518.3843383789062,18962700.0,377.2799987792969,73.31999969482422,18.600000381469727,664.0191040039062
2025-10-23,520.2964530626382,521.7802730707533,516.4623598997719,518.404296875,14023500.0,378.7900085449219,73.31999969482422,17.299999237060547,667.9566650390625
2025-10-24,520.6250388201142,523.1744351060786,518.5536961256696,521.441650390625,15532400.0,377.5199890136719,73.31999969482422,16.3700008392334,673.4155883789062
2025-10-27,529.577902779321,532.3662956890146,526.819354031342,529.3189697265625,18734700.0,367.010009765625,73.31999969482422,15.789999961853027,681.3603515625
2025-10-28,547.722348424072,551.4269140414981,538.5305910090683,539.8251953125,29986700.0,364.3800048828125,73.31999969482422,16.420000076293945,683.1700439453125
2025-10-29,542.6832878753321,544.0077970763692,534.5072653816836,539.3073120117188,36023000.0,363.0,73.31999969482422,16.920000076293945,683.4981689453125
2025-10-30,528.2831883129468,532.7545848667123,519.9578228356851,523.582763671875,41023100.0,370.1300048828125,73.31999969482422,16.90999984741211,675.98095703125
2025-10-31,526.6898137654194,527.1279940743384,512.9668501497666,515.6656494140625,34006400.0,368.1199951171875,73.31999969482422,17.440000534057617,678.1983642578125
2025-11-03,517.657371934483,522.7860691817526,512.4590180581705,514.888916015625,22374700.0,368.7799987792969,73.31999969482422,17.170000076293945,679.4711303710938
2025-11-04,509.6407695643784,513.4150529816625,505.73698923396887,512.2001342773438,20958700.0,362.3200073242188,73.31999969482422,19.0,671.4169921875
2025-11-05,511.17434154282535,512.6980347767452,504.4821687767013,505.0597839355469,23024300.0,366.510009765625,73.31999969482422,18.010000228881836,673.7437133789062
2025-11-06,503.5659922381216,503.6058351018555,493.75677643867937,495.04144287109375,27406500.0,366.0700073242188,73.31999969482422,19.5,666.514892578125
2025-11-07,494.8920702735404,497.31199999791255,491.2073803526309,494.7626037597656,24019800.0,368.30999755859375,73.31999969482422,19.079999923706055,667.1710815429688
2025-11-10,497.96929153220975,504.7510881917551,496.73440583349895,503.9046020507813,26101500.0,378.3800048828125,73.31999969482422,17.600000381469727,677.5819091796875
2025-11-11,502.7095490222416,507.48968986721945,500.2697130079768,506.573486328125,17980000.0,379.8699951171875,73.31999969482422,17.280000686645508,679.1329956054688
2025-11-12,507.2506574723947,509.5511194130969,497.0530724082431,509.0233154296875,26574900.0,385.989990234375,73.31999969482422,17.510000228881836,679.5108642578125
2025-11-13,508.1967287528611,511.3735209246628,499.2140928412288,501.205810546875,25273100.0,382.8699951171875,73.31999969482422,20.0,668.2350463867188
2025-11-14,496.16679552350377,509.48142428367663,495.3800584752997,508.0672912597656,28505700.0,375.9599914550781,73.31999969482422,19.829999923706055,668.125732421875
2025-11-17,506.3444741681719,509.9992593431845,502.8191251226507,505.388427734375,19092800.0,371.6499938964844,73.31999969482422,22.3799991607666,661.901123046875
2025-11-18,493.3186219236693,500.8971240097586,484.7641975590384,491.74517822265625,33815100.0,374.3500061035156,73.31999969482422,24.690000534057617,656.3428344726562
2025-11-19,488.070453670226,493.1393718315724,480.8305400064438,485.102783203125,23245300.0,374.9599914550781,73.31999969482422,23.65999984741211,658.87841796875
2025-11-20,491.5879641710541,492.4460215630244,474.417164289732,477.3404846191406,26802500.0,374.8500061035156,73.31999969482422,26.420000076293945,648.8355712890625
2025-11-21,477.4103368698009,477.8293938228302,467.2036221547232,471.04486083984375,31769200.0,374.2699890136719,73.31999969482422,23.43000030517578,655.2987670898438
2025-11-24,473.9183160323131,475.8139832068258,466.9542001322548,472.9205932617188,34421000.0,380.2000122070313,73.31999969482422,20.520000457763672,664.9437866210938
2025-11-25,472.9904142849383,478.0588322743821,463.8313270788984,475.90374755859375,28019800.0,380.0799865722656,73.31999969482422,18.559999465942383,671.1981811523438
2025-11-26,485.2025316262965,487.1979770584782,480.1041831621511,484.3943786621094,25709100.0,383.1199951171875,73.31999969482422,17.190000534057617,675.8318481445312
2025-11-28,486.489626354464,491.5081706450152,485.541777548382,490.88958740234375,14386700.0,387.8800048828125,73.31999969482422,16.350000381469727,679.5208129882812
2025-12-01,487.3277021324389,488.7444513856018,483.5463243869077,485.6315612792969,23964000.0,389.75,73.31999969482422,17.239999771118164,676.4185180664062
2025-12-02,485.6116258193264,492.3761849539621,485.2125428025972,488.8841552734375,19562700.0,387.239990234375,73.31999969482422,16.59000015258789,677.67138671875
2025-12-03,475.23529714339696,483.13724409881166,474.1178525596479,476.64208984375,34615100.0,386.8800048828125,73.31999969482422,16.079999923706055,680.0180053710938
2025-12-04,478.6674679630734,480.2239129901724,475.40489514051177,479.7449951171875,22318200.0,387.1300048828125,73.31999969482422,15.779999732971191,680.51513671875
2025-12-05,481.4211657314621,482.299166614698,477.78947078944657,482.0597229003906,22608700.0,386.4400024414063,73.31999969482422,15.40999984741211,681.8078002929688
2025-12-08,483.7858099301447,491.1789088824645,483.2769615726175,489.9018249511719,21965900.0,385.4200134277344,73.31999969482422,16.65999984741211,679.7594604492188
2025-12-09,487.9862027558801,490.9993144973556,487.3875630167038,490.8995361328125,14696100.0,387.3999938964844,73.31999969482422,16.93000030517578,679.1727294921875
2025-12-10,482.9277288439703,483.1472290611573,473.9980982856002,477.4701843261719,35756200.0,389.0499877929688,73.31999969482422,15.770000457763672,683.6771850585938
2025-12-11,475.5445986070271,484.9231863556336,474.7763326037194,482.3690185546875,24669200.0,393.239990234375,73.31999969482422,14.850000381469727,685.26806640625
2025-12-12,478.72734800157895,481.3513637649093,475.2552617920193,477.4402770996094,21248100.0,395.4400024414063,73.31999969482422,15.739999771118164,677.9000244140625
2025-12-15,479.0066832317436,479.6252664455081,471.44392797474177,473.73870849609375,23727700.0,395.7999877929688,73.31999969482422,16.5,676.8758544921875
2025-12-16,470.8353364785088,476.80172935648005,469.8076832860371,475.3051452636719,20705600.0,395.8900146484375,73.31999969482422,16.479999542236328,675.0264282226562
2025-12-17,475.8239455574328,478.9069051052783,473.9182915104317,475.0357360839844,24527200.0,399.2900085449219,73.31999969482422,17.6200008392334,667.5986938476562
2025-12-18,477.1010453906704,488.4850656489584,476.8017407441929,482.87786865234375,28573500.0,398.5700073242188,73.31999969482422,16.8700008392334,672.6399536132812
2025-12-19,486.2501387748106,486.7390436209232,481.39123391446,484.8134460449219,70836100.0,399.0199890136719,73.31999969482422,14.90999984741211,678.7363891601562
2025-12-22,485.0129839081317,487.6170561484318,481.5908021440126,483.8157348632813,16963000.0,408.2300109863281,73.31999969482422,14.079999923706055,682.96484375
2025-12-23,483.8755963136496,486.7190818282799,483.6361221459561,485.7413330078125,14683600.0,413.6400146484375,73.31999969482422,14.0,686.0863037109375
2025-12-24,484.5739628623746,488.04604888584674,483.7258924615979,486.90863037109375,5855900.0,411.9299926757813,73.31999969482422,13.470000267028809,688.4996948242188
2025-12-26,485.601642461088,487.0084352251927,484.85335038112265,486.599365234375,8842200.0,416.739990234375,73.31999969482422,13.600000381469727,688.4298706054688
2025-12-29,483.7558335295542,487.23790659993216,483.0773893732932,485.9907531738281,10893400.0,398.6000061035156,73.31999969482422,14.199999809265137,685.9765625
2025-12-30,484.8234150126488,488.5648753746365,484.39440153201394,486.3699035644531,13944500.0,398.8900146484375,73.31999969482422,14.329999923706055,685.138916015625
2025-12-31,486.7290680267604,487.0284031238816,482.1993981667827,482.5186767578125,15601600.0,396.30999755859375,73.31999969482422,14.949999809265137,680.062744140625
2026-01-02,483.2869444224563,483.5563186075122,469.0893385249197,471.8630065917969,25571600.0,398.2799987792969,73.31999969482422,14.510000228881836,681.309326171875
2026-01-05,472.98042932285466,474.9858617296903,468.4308161640092,471.773193359375,25250300.0,408.760009765625,73.31999969482422,14.899999618530273,685.846923828125
2026-01-06,472.72102257015473,477.6497753472042,468.6802576477938,477.4203186035156,23037700.0,413.1799926757813,73.31999969482422,14.75,689.92578125
2026-01-07,478.6674756822987,488.5848422406915,476.86159994291296,482.3690185546875,25564200.0,409.2300109863281,73.31999969482422,15.380000114440918,687.701904296875
2026-01-08,480.1440867981463,481.5608665012806,474.7763335277468,477.0212097167969,18162600.0,411.489990234375,73.31999969482422,15.449999809265137,687.632080078125
2026-01-09,472.9804540365218,478.72734693664125,471.1247042989064,478.1885681152344,18491000.0,414.4700012207031,73.31999969482422,14.489999771118164,692.1796264648438
2026-01-12,475.5845048686955,479.89464390147504,474.5967386659474,476.0933227539063,23519900.0,422.2300109863281,73.31999969482422,15.119999885559082,693.2666625976562
2026-01-13,473.5990225282599,474.6965236309785,464.888922501957,469.5981750488281,28545800.0,421.6300048828125,73.31999969482422,15.979999542236328,691.8804931640625
2026-01-14,465.39775666549855,467.13381499707015,456.1289340170423,458.3338928222656,28184300.0,425.9400024414063,73.31999969482422,16.75,688.479736328125
2026-01-15,463.0630900555096,463.1927988881192,454.8618076165624,455.6200866699219,23225800.0,423.3299865722656,73.31999969482422,15.84000015258789,690.3546142578125
2026-01-16,456.78739866953146,462.13520850615447,455.4404972994736,458.8127746582031,34246700.0,421.2900085449219,73.31999969482422,15.859999656677246,689.7761840820312
2026-01-20,450.1924514863621,455.7597309230742,448.2568669541529,453.4849243164063,26130000.0,437.2300109863281,73.31999969482422,20.09000015258789,675.7345581054688
2026-01-21,451.5693196059127,451.6591109990197,437.68100562513575,443.0986328125,37980500.0,443.6000061035156,73.31999969482422,16.899999618530273,683.5332641601562
2026-01-22,446.600636936346,451.8087507279656,443.6873036586902,450.1126403808594,25349400.0,451.7900085449219,73.31999969482422,15.640000343322754,687.103515625
2026-01-23,450.8409629929935,470.0271819611143,449.50401819491054,464.888916015625,38000200.0,458.0,73.31999969482422,16.09000015258789,687.352783203125
2026-01-26,464.2503622118351,473.1700058760031,460.9479024031912,469.20904541015625,29291200.0,464.7000122070313,73.31999969482422,16.149999618530273,690.84326171875
2026-01-27,472.6212886177101,481.7703893732875,472.0825097961169,479.485595703125,29213900.0,476.1000061035156,73.31999969482422,16.350000381469727,693.5957641601562
2026-01-28,482.10959164059926,482.63838346935967,476.9114647448887,480.533203125,36875400.0,494.55999755859375,73.31999969482422,16.350000381469727,693.5259399414062
2026-01-29,438.98802836564175,441.4923222419712,420.06122635013605,432.5128173828125,128855300.0,495.8999938964844,73.31999969482422,16.8799991607666,692.1497192382812
2026-01-30,438.1699022937122,438.5989157576861,425.47886802078926,429.3101196289063,58566800.0,444.9500122070313,73.31999969482422,17.440000534057617,690.0853271484375
2026-02-02,429.2602343395754,429.7590957240154,421.2884391596101,422.4058837890625,42219900.0,427.1300048828125,73.31999969482422,16.34000015258789,693.5159912109375
2026-02-03,421.0489834358989,421.0888704228976,407.6296003977664,410.2735595703125,61424100.0,454.2900085449219,73.31999969482422,18.0,687.6520385742188
2026-02-04,410.0640575889883,418.84400576689177,408.3080557741746,413.2467956542969,45012400.0,453.9700012207031,73.31999969482422,18.639999389648438,684.3211059570312
2026-02-05,406.5121603821184,407.37018733348754,391.4265972483441,392.7735290527344,66289200.0,441.8800048828125,73.31999969482422,21.770000457763672,675.7744750976562
2026-02-06,398.2609865133262,400.87501513504304,392.0252195920243,400.22650146484375,53515300.0,455.4599914550781,73.31999969482422,20.3700008392334,688.739013671875
2026-02-09,403.9280678877113,413.9452129833927,399.9571203178888,412.65814208984375,45480500.0,467.0299987792969,73.31999969482422,17.360000610351562,692.0599975585938
2026-02-10,418.6644027817824,422.7151545880433,411.76017861217,412.328857421875,44857900.0,462.3999938964844,73.31999969482422,17.790000915527344,690.2349243164062
2026-02-11,415.2322299614449,415.51159110220135,400.096793508188,403.4491271972656,42491000.0,467.6300048828125,73.31999969482422,17.649999618530273,690.075439453125
2026-02-12,404.07770370563327,405.2749831551046,397.1036315998776,400.9248962402344,40802400.0,451.3900146484375,73.31999969482422,20.81999969482422,679.41455078125
2026-02-13,403.528974460687,404.6164885937556,397.1435245648219,400.4060974121094,34091600.0,462.6199951171875,73.31999969482422,20.600000381469727,679.8931884765625
2026-02-17,398.31087932693146,399.607906728736,393.6315571718042,395.9562377929688,32078800.0,448.2000122070313,73.31999969482422,20.290000915527344,680.9901733398438
2026-02-18,397.2233488345012,401.6432531481791,395.41747315874426,398.6900024414063,23223400.0,458.2799987792969,73.31999969482422,19.6200008392334,684.4208374023438
2026-02-19,400.6900024414063,404.4299926757813,396.6700134277344,398.4599914550781,28234000.0,459.55999755859375,73.31999969482422,20.229999542236328,682.61572265625
2026-02-20,396.1099853515625,400.1199951171875,395.1600036621094,397.2300109863281,34015200.0,468.6199951171875,73.31999969482422,19.09000015258789,687.5523071289062
2026-02-23,395.0,395.3599853515625,383.1000061035156,384.4700012207031,43238300.0,481.2799987792969,73.31999969482422,21.010000228881836,680.531494140625
2026-02-24,384.1400146484375,389.3599853515625,381.7099914550781,389.0,33884700.0,474.6099853515625,73.31999969482422,19.549999237060547,685.4779052734375
2026-02-25,390.5299987792969,401.4700012207031,390.1600036621094,400.6000061035156,43625500.0,473.4200134277344,73.31999969482422,17.93000030517578,691.26220703125
2026-02-26,404.7099914550781,407.489990234375,398.739990234375,401.7200012207031,34405900.0,477.4800109863281,73.31999969482422,18.6299991607666,687.422607421875
2026-02-27,390.8800048828125,396.8200073242188,389.8800048828125,392.739990234375,51367200.0,483.75,73.31999969482422,19.860000610351562,684.1216430664062
2026-03-02,392.8599853515625,401.1900024414063,390.6300048828125,398.5499877929688,35474900.0,490.0,73.31999969482422,21.440000534057617,684.5106201171875
2026-03-03,393.1400146484375,406.7000122070313,392.6700134277344,403.9299926757813,38199200.0,468.1400146484375,73.31999969482422,23.56999969482422,678.4771118164062
2026-03-04,401.2699890136719,411.0299987792969,400.30999755859375,405.2000122070313,35808000.0,471.7999877929688,73.31999969482422,21.149999618530273,683.2639770507812
2026-03-05,404.4200134277344,411.6099853515625,404.3999938964844,410.6799926757813,39001300.0,466.1300048828125,73.31999969482422,23.75,679.4544067382812
2026-03-06,409.2000122070313,413.0499877929688,408.510009765625,408.9599914550781,31123900.0,473.510009765625,73.31999969482422,29.489999771118164,670.5487060546875
2026-03-09,404.9200134277344,410.2099914550781,403.5,409.4100036621094,30131900.0,472.5299987792969,73.31999969482422,25.5,676.4227294921875
2026-03-10,410.0299987792969,410.2000122070313,402.9299926757813,405.760009765625,31706400.0,477.8599853515625,73.31999969482422,24.93000030517578,675.3356323242188
2026-03-11,405.5700073242188,409.010009765625,401.5899963378906,404.8800048828125,25512100.0,476.239990234375,73.31999969482422,24.229999542236328,674.4879760742188
2026-03-12,404.6300048828125,406.1199951171875,401.7099914550781,401.8599853515625,27263900.0,466.8800048828125,73.31999969482422,27.290000915527344,664.2459106445312
2026-03-13,401.0,404.7999877929688,394.25,395.5499877929688,26848000.0,460.8399963378906,73.31999969482422,27.190000534057617,660.4862060546875
2026-03-16,398.0700073242188,400.6300048828125,394.7900085449219,399.9500122070313,27733700.0,460.4299926757813,73.31999969482422,23.510000228881836,667.2078857421875
2026-03-17,400.2699890136719,404.3999938964844,397.75,399.4100036621094,26228300.0,459.2699890136719,73.31999969482422,22.3700008392334,668.9630126953125
2026-03-18,397.1300048828125,398.0,391.0,391.7900085449219,25908500.0,444.739990234375,73.31999969482422,25.09000015258789,659.6285400390625
2026-03-19,390.1000061035156,392.489990234375,387.05999755859375,389.0199890136719,25138800.0,426.4100036621094,73.31999969482422,24.059999465942383,658.0029907226562
2026-03-20,386.7900085449219,387.0,380.1199951171875,381.8699951171875,50853200.0,413.3800048828125,73.31999969482422,26.780000686645508,648.5700073242188
2026-03-23,383.8999938964844,387.2099914550781,381.6799926757813,383.0,29680100.0,404.0400085449219,73.31999969482422,26.149999618530273,655.3800048828125
2026-03-24,382.3599853515625,382.4700012207031,371.8500061035156,372.739990234375,42733600.0,404.1300048828125,73.31999969482422,26.950000762939453,653.1799926757812
2026-03-25,376.9200134277344,377.05999755859375,369.6300048828125,371.0400085449219,31181200.0,416.2900085449219,73.31999969482422,25.329999923706055,656.8200073242188
2026-03-26,370.8200073242188,374.7200012207031,365.1900024414063,365.9700012207031,36836600.0,400.6400146484375,73.31999969482422,27.440000534057617,645.0900268554688
2026-03-27,361.8999938964844,362.4500122070313,356.510009765625,356.7699890136719,37883400.0,414.7000122070313,73.31999969482422,31.049999237060547,634.0900268554688
2026-03-30,361.8999938964844,365.3599853515625,356.2799987792969,358.9599914550781,44797000.0,414.5799865722656,73.31999969482422,30.610000610351562,631.969970703125
2026-03-31,364.5499877929688,372.8999938964844,363.0700073242188,370.1700134277344,45244400.0,430.2900085449219,73.31999969482422,25.25,650.3400268554688
2026-04-01,373.489990234375,373.989990234375,368.2000122070313,369.3699951171875,29417200.0,437.8200073242188,73.31999969482422,24.540000915527344,655.239990234375
2026-04-02,367.2099914550781,373.6400146484375,364.1499938964844,373.4599914550781,24099100.0,429.4100036621094,73.31999969482422,23.8700008392334,655.8300170898438
2026-04-06,373.489990234375,373.7300109863281,369.5,372.8800048828125,16146600.0,427.6499938964844,73.31999969482422,24.170000076293945,658.9299926757812
2026-04-07,370.3399963378906,372.4500122070313,366.55999755859375,372.2900085449219,21443300.0,431.80999755859375,73.31999969482422,25.780000686645508,659.219970703125
2026-04-08,384.9800109863281,385.0,371.4100036621094,374.3299865722656,33064800.0,434.5299987792969,73.31999969482422,21.040000915527344,676.010009765625
2026-04-09,372.5,373.5,367.0499877929688,373.0700073242188,30435300.0,437.9100036621094,73.31999969482422,19.489999771118164,679.9099731445312
2026-04-10,372.9800109863281,375.6400146484375,370.0299987792969,370.8699951171875,28111100.0,437.1300048828125,73.31999969482422,19.229999542236328,679.4600219726562
2026-04-13,373.6099853515625,384.5400085449219,371.0199890136719,384.3699951171875,35745800.0,435.3599853515625,73.31999969482422,19.1200008392334,686.0999755859375
2026-04-14,387.9200134277344,394.6900024414063,386.5199890136719,393.1099853515625,37504500.0,445.0899963378906,73.31999969482422,18.360000610351562,694.4600219726562
2026-04-15,398.0,414.3699951171875,396.7300109863281,411.2200012207031,45063400.0,440.4599914550781,73.31999969482422,18.170000076293945,699.9400024414062
2026-04-16,419.8599853515625,420.8200073242188,412.1400146484375,420.260009765625,41642400.0,440.0799865722656,73.31999969482422,17.940000534057617,701.6599731445312
2026-04-17,424.8200073242188,431.5799865722656,420.6900024414063,422.7900085449219,48568200.0,445.9299926757813,73.31999969482422,17.479999542236328,710.1400146484375
2026-04-20,421.1499938964844,423.3299865722656,416.2999877929688,418.0700073242188,27582200.0,442.0899963378906,73.31999969482422,18.8700008392334,708.719970703125
2026-04-21,420.239990234375,427.1799926757813,417.2000122070313,424.1600036621094,32048500.0,429.5700073242188,73.31999969482422,19.5,704.0800170898438
2026-04-22,426.1900024414063,433.7000122070313,423.6700134277344,432.9200134277344,29378200.0,435.260009765625,73.31999969482422,18.920000076293945,711.2100219726562
2026-04-23,419.8900146484375,423.6600036621094,411.4100036621094,415.75,38308000.0,431.0400085449219,73.31999969482422,19.309999465942383,708.4500122070312
2026-04-24,416.9700012207031,424.9500122070313,415.7999877929688,424.6199951171875,27457400.0,433.25,73.31999969482422,18.709999084472656,713.9400024414062
2026-04-27,422.3800048828125,427.1099853515625,417.0700073242188,424.8200073242188,30867300.0,429.8900146484375,73.31999969482422,18.020000457763672,715.1699829101562
2026-04-28,424.5700073242188,429.9200134277344,421.8999938964844,429.25,30438100.0,421.9100036621094,73.31999969482422,17.829999923706055,711.6900024414062
2026-04-29,424.5799865722656,426.8200073242188,420.2900085449219,424.4599914550781,38288300.0,417.4100036621094,73.31999969482422,18.809999465942383,711.5800170898438
2026-04-30,410.80999755859375,414.4200134277344,398.010009765625,407.7799987792969,70909400.0,423.6600036621094,73.31999969482422,18.809999465942383,711.5800170898438
