date,Close,High,Low,Open,Volume
2019-01-09,151.3751678466797,152.0348620934993,149.56335150333197,150.42744307572806,779900
2019-01-10,151.08712768554688,151.49595066566602,149.1359322540766,149.86065874518945,1028100
2019-01-11,150.5389404296875,151.79326820401073,149.47042323950046,150.0557847073636,639600
2019-01-14,147.4449462890625,148.98731913570566,147.0454094824511,148.75503458088076,680200
2019-01-15,147.9466552734375,149.48902791766577,147.0639769164469,147.65862473165848,482700
2019-01-16,146.1348876953125,148.09537030355216,146.05126864118796,147.89095871956306,537600
2019-01-17,146.37643432617188,147.3892057981521,144.22084094877582,144.7411561027154,953000
2019-01-18,151.17076110839844,152.38792971133182,147.60287432326805,147.900191133268,1664700
2019-01-22,148.197509765625,149.59121675401647,146.77592977166736,149.4982972837821,968500
2019-01-23,150.63185119628906,152.42509494637497,149.275317627125,151.75611443808106,1458900
2019-01-24,156.93142700195312,157.52607484758573,155.43551402156936,155.65851228025272,1385700
2019-01-25,164.14149475097656,164.30873275751182,160.39707037779695,160.93597202805228,1352900
2019-01-28,161.80938720703125,162.99868278763796,159.10560623187536,159.5701752610974,2261100
2019-01-29,162.23678588867188,162.39473764653363,160.1183523940826,162.07883413081012,966800
2019-01-30,164.63400268554688,165.00565230076592,161.42847867732945,162.73855278636722,687600
2019-01-31,162.6270294189453,164.00214974346696,161.91158916102634,162.3297126195315,562100
2019-02-01,165.76754760742188,165.97195914308702,163.6955592393182,164.26233410138548,795000
2019-02-04,166.83602905273438,166.98469454606905,165.2564971742382,165.7860985001506,543000
2019-02-05,168.74075317382812,169.22390890475577,166.8360174335071,167.0683019340945,650800
2019-02-06,173.61874389648438,173.79528240181708,170.9799951260433,171.00786813451455,1554900
2019-02-07,168.26690673828125,170.9706876922758,167.53287973844323,170.55257840475264,1474500
2019-02-08,168.23902893066406,168.7035979429948,165.23790290319226,165.4887741395568,633100
2019-02-11,165.86973571777344,167.14265036366214,165.45162641297634,166.70595432736766,653300
2019-02-12,169.837158203125,170.2738542729764,167.54219998888385,167.54219998888385,901600
2019-02-13,169.3911590576172,170.58975510580328,169.18674754827572,169.67918959054697,653800
2019-02-14,171.26800537109375,171.76973364164687,169.71634664745966,170.19948818872697,1060100
2019-02-15,171.30516052246094,171.98344143859703,170.496815037021,171.97414098541816,824400
2019-02-19,169.53050231933594,170.58971892604094,168.1089083322267,168.11820878455632,900500
2019-02-20,170.82208251953125,171.2123189051272,168.92663244375052,168.9823784734749,600400
2019-02-21,169.59559631347656,170.3017362490696,168.3040947688574,168.9266156681678,712700
2019-02-22,171.788330078125,172.01132830959418,170.32029028704227,171.2494283185487,495600
2019-02-25,173.7395477294922,174.92884342699656,173.0891396826344,174.4921473624026,737200
2019-02-26,172.22503662109375,173.2563804662478,171.60251580321116,172.17857688117252,660600
2019-02-27,171.0728759765625,172.01131438603514,169.35397926392545,172.01131438603514,387900
2019-02-28,169.9114990234375,170.8313509503605,169.6327689039371,170.32962255773586,318500
2019-03-01,171.9927520751953,172.14141757191382,170.18093563869508,171.34235824895447,389800
2019-03-04,172.50381469726562,173.49798527435098,170.55261865827774,172.2250703806209,558300
2019-03-05,171.45384216308594,172.61526471834313,171.1007651694809,171.5653341915838,258700
2019-03-06,168.3226776123047,171.31450371313954,168.21117138898117,171.2401709567651,499300
2019-03-07,164.9405975341797,167.3842210676116,164.39239528673562,167.36564851364693,648300
2019-03-08,166.1670684814453,166.2878609814877,163.12879684481553,163.49116016741925,415700
2019-03-11,168.257568359375,169.1960066531513,165.67456629351958,165.70243929457052,609900
2019-03-12,169.57696533203125,170.52469002851714,167.9974336229016,169.10311007254845,509000
2019-03-13,169.59559631347656,170.95214433799816,169.46551753119564,170.7291460637206,418500
2019-03-14,170.3017120361328,171.22156383703182,169.78139698098582,170.26455275113173,524100
2019-03-15,179.1470947265625,179.2864739324642,174.31557998323868,174.34345298891486,1445100
2019-03-18,177.130859375,177.8648721221737,175.9601506542794,177.02865363273327,589500
2019-03-19,177.288818359375,178.9055235727753,175.9694441092523,178.01354486046324,683400
2019-03-20,177.595458984375,179.03562590015989,175.04032916452277,176.9915248797826,584100
2019-03-21,180.58729553222656,181.60935319161644,176.48050651658218,176.48979279438632,770100
2019-03-22,174.44566345214844,178.29229429219484,174.1669192103292,177.79985227524,937000
2019-03-25,173.1263427734375,174.62225601764976,172.05782521184275,173.1263427734375,1028700
2019-03-26,174.0182647705078,174.63149930593218,172.88472935619274,172.99622138898917,414800
2019-03-27,171.01715087890625,174.64079785806146,170.12518627120656,173.869611558735,786700
2019-03-28,171.147216796875,171.86265702671616,169.8185562618336,170.589742503282,312100
2019-03-29,174.72439575195312,175.06817225943857,172.35509112470783,173.07981759739178,687400
2019-04-01,178.84048461914062,179.32364036599847,177.24236606820563,177.6883625318535,647500
2019-04-02,180.10414123535156,180.42004481364205,178.72902069998088,180.23422001332548,498300
2019-04-03,183.727783203125,184.6104616116492,182.6499795446527,183.18888137388885,691700
2019-04-04,184.3224029541016,184.91705071337972,183.439710502616,184.20161047599916,437500
2019-04-05,187.1191253662109,187.425742647026,186.29219300674825,186.35723948034047,503300
2019-04-08,189.1353454589844,189.2468374918732,187.3421157682534,187.68589232134187,503600
2019-04-09,187.286376953125,188.62432393180188,186.8218078948626,187.77881902068137,708300
2019-04-10,185.6324920654297,186.4965978581941,184.51752919712385,185.91123632688667,611600
2019-04-11,183.8857269287109,185.1307685946973,183.3096516592443,183.7091884192384,453300
2019-04-12,188.44778442382807,188.503530437927,186.45012912764943,187.52793265863244,430900
2019-04-15,185.678955078125,187.43502552547855,184.90776875142697,187.0169162146844,389400
2019-04-16,189.19110107421875,189.9715878766051,186.83109646736256,187.10984074124892,755200
2019-04-17,188.9495086669922,194.09692706929104,186.36650610077243,193.6137855058044,1280500
2019-04-18,191.31881713867188,192.35944720622808,190.0830618446882,191.4488958971164,1007900
2019-04-22,190.94712829589844,191.2816185132544,189.2932639371719,190.1201961165352,357500
2019-04-23,190.74278259277344,191.50468275295287,189.5720735170977,189.64640627742185,438200
2019-04-24,190.85423278808597,193.08415823301743,190.65910757733232,190.9935978118241,485700
2019-04-25,191.5975799560547,192.6196233921711,189.5627651836876,192.20151406932695,756700
2019-04-26,194.77105712890625,194.827455720048,190.9921937440505,192.58082099748307,637900
2019-04-29,194.0284576416016,194.8274616127548,192.759431928581,193.55845024322173,365800
2019-04-30,196.29391479492188,196.47250557419943,193.91566394441347,194.24467489092936,337500
2019-05-01,194.00962829589844,198.2208900258147,193.99082398621312,197.32787895281817,391200
2019-05-02,193.5772399902344,195.0342657922413,191.8476162086137,194.1506495893408,405500
2019-05-03,196.1622314453125,196.17164077073977,193.84980366066011,194.36681453722352,345200
2019-05-06,192.86282348632807,193.21062435201893,188.9899673273279,190.108587168696,413200
2019-05-07,188.6515350341797,190.8229664958996,186.50830286337936,190.8229664958996,623100
2019-05-08,189.34719848632807,191.35884418525615,188.8489917261136,189.5916115454073,573400
2019-05-09,187.05355834960935,187.9465695797441,183.05849527588555,186.48014872293533,688000
2019-05-10,186.8185577392578,188.00297129475896,183.7070965157993,186.22634378976304,780200
2019-05-13,179.0164031982422,182.3440489517881,178.52759153414698,181.7988387001985,994000
2019-05-14,186.16049194335935,187.0347130122356,183.04904579748495,183.6224552983868,1036700
2019-05-15,188.59518432617188,189.9770073059407,183.26530183712995,183.43449762559715,711300
2019-05-16,190.01458740234372,191.45280887089035,188.05935493515588,188.5105580142032,708600
2019-05-17,189.1309967041016,192.19545448536272,188.7079928640133,189.7514099860919,700300
2019-05-20,179.0540008544922,183.556679420919,177.54057657305756,182.24065019944007,1287300
2019-05-21,182.1278839111328,183.4533083410008,181.49807565960072,182.83289507465977,736600
2019-05-22,180.04103088378906,182.2124627453195,179.99402727577365,179.99402727577365,505300
2019-05-23,179.1855926513672,179.9752158789438,177.47477340250342,178.1985887179963,835500
2019-05-24,178.414794921875,181.10323756764865,178.29258841959424,180.45462512244484,432200
2019-05-28,179.53343200683594,181.7800668074888,179.43942478934082,181.065646378896,665700
2019-05-29,177.2491912841797,178.678017819662,175.68876324829031,177.2491912841797,1154100
2019-05-30,178.49942016601562,179.77784094200945,177.48420240183037,177.80380400995674,465300
2019-05-31,176.76974487304688,178.49936826011347,176.42192972441455,177.30554572574846,777300
2019-06-03,175.763916015625,178.4617675196018,175.13410799023214,177.2679450285072,527300
2019-06-04,179.03518676757812,179.12917962135114,176.82614672338687,177.63455985195424,922600
2019-06-05,178.038818359375,180.68027230712417,177.48421300446768,180.3230620511212,356400
2019-06-06,181.1972503662109,181.51686630399203,178.80961905000655,179.23262284756987,399300
2019-06-07,184.82569885253903,186.5553369244473,183.26528524074985,183.89509341326777,482300
2019-06-10,186.3673095703125,187.4671250499352,184.39328730309973,184.49668949401223,755900
2019-06-11,188.0969696044922,190.5034052280737,187.1193461677324,190.22139791579733,520400
2019-06-12,185.0137176513672,187.5799540090985,184.92910541930885,187.5799540090985,464500
2019-06-13,186.0570831298828,186.2544925072672,185.19227141800047,185.8972823688976,268300
2019-06-14,180.50164794921875,181.5544599471842,179.07282142091728,180.05983984075374,482300
2019-06-17,178.2643585205078,180.886992801407,178.17035132820277,180.48279343015955,476400
2019-06-18,183.03965759277344,184.05487515705312,178.12338488745758,178.12338488745758,1358900
2019-06-19,185.0137176513672,186.32973261854036,183.6036954679014,184.68470673783025,358200
2019-06-20,189.56336975097656,191.39639556571507,188.46355426213344,190.926388210988,431100
2019-06-21,190.13677978515625,190.63498643496592,188.38835184734748,189.2249643671681,562900
2019-06-24,190.63499450683597,191.63140784864544,189.7701826565204,191.18959976788284,476800
2019-06-25,187.1004943847656,190.9075562758619,186.2356826984263,190.63495836069964,535400
2019-06-26,192.129638671875,192.6748490175981,190.89822148734908,192.129638671875,784500
2019-06-27,192.693603515625,193.2012051029748,191.84758174539544,192.4115962588818,345100
2019-06-28,195.4572296142578,197.18686738568744,195.16582738214024,196.71686008395335,405000
2019-07-01,202.074951171875,203.5977703203396,200.1949218652332,203.0149658251959,634200
2019-07-02,201.55795288085935,202.35697112367205,200.5615395808251,201.65196008947956,572400
2019-07-03,201.00338745117188,201.9057937213048,200.5897786009072,201.00338745117188,297100
2019-07-05,197.1680908203125,197.7603046937409,194.76165539179,196.961286430972,428600
2019-07-08,195.55126953125,196.942487360983,194.4138597030957,196.05888553440747,425300
2019-07-09,194.2164459228516,194.87445337187543,192.9850289089312,193.5396341628594,530000
2019-07-10,195.63584899902344,196.75446875396017,194.5548378633287,195.05304449214304,986500
2019-07-11,196.2186737060547,197.1680833897113,194.86505024265267,197.0364819054076,269600
2019-07-12,195.6922607421875,196.51947829930376,194.94026042861265,195.56065925296323,427400
2019-07-15,194.3574676513672,196.6417112240289,193.69006513187963,195.82390288422445,681300
2019-07-16,192.7030334472656,194.51725512118784,192.10142455073077,193.0790336287921,639200
2019-07-17,204.6129913330078,206.40842279369937,202.3005632790208,204.594187023447,2050400
2019-07-18,213.05438232421875,213.37399830773717,208.2791190084664,208.3919162123612,1750500
2019-07-19,210.20611572265625,211.4375328785946,209.72671331382563,209.8019162228852,790500
2019-07-22,214.07894897460935,214.43614480041975,211.77590152749775,211.77590152749775,787500
2019-07-23,216.4007873535156,217.4535992127877,215.5641748560257,217.02118614573763,831100
2019-07-24,220.01986694335935,220.4334757599993,216.21280404554452,216.382014172119,786500
2019-07-25,216.25038146972656,218.9952226327291,215.94017490200383,218.79781323745615,521700
2019-07-26,217.0024261474609,218.46884696638503,216.9836218349525,218.2902418562747,399700
2019-07-29,217.115234375,217.3878323745373,215.63000916804955,216.77682845008104,325900
2019-07-30,214.6429443359375,215.6487669084818,213.6935346916035,214.0037412510755,462000
2019-07-31,209.4447021484375,213.72177249712905,207.94068702530168,213.43976517920103,519500
2019-08-01,208.15684509277344,216.1751688597878,206.0324028171921,212.4245052660244,834200
2019-08-02,206.71864318847656,209.19087218044749,205.101816701708,209.19087218044749,555700
2019-08-05,199.4053497314453,203.4380070259164,197.68512087776557,203.40041274399184,693900
2019-08-06,201.99974060058597,203.55075898221867,199.8001098378572,202.6483529816819,481400
2019-08-07,202.76116943359372,203.268785407732,199.65911803175996,200.7589478612307,428700
2019-08-08,206.83148193359372,207.32029370872252,203.6730312250889,203.8892306407559,627600
2019-08-09,203.0337677001953,204.3215831698896,200.4299231255389,203.8233765570815,415100
2019-08-12,201.5861358642578,203.61657092088487,200.88112488710829,203.09016501957083,292000
2019-08-13,206.0512542724609,207.5552837846093,198.7097405169061,199.9599620008881,587600
2019-08-14,196.19989013671875,199.51814123211065,194.64887145464152,198.17392695344208,914100
2019-08-15,197.271484375,198.6533071234884,195.1282520188723,196.7826727176505,671500
2019-08-16,200.08213806152344,200.53334110908037,196.54767354911655,196.73567362364145,574500
2019-08-19,202.75180053710935,204.3874171579231,202.22539452841124,203.81402188261748,329200
2019-08-20,201.81179809570312,203.2500197232724,201.23838844171556,202.7048093683753,275200
2019-08-21,204.0113525390625,205.4965772194324,203.52254096671052,205.4965772194324,298100
2019-08-22,202.34754943847656,203.83277431435133,200.84353459681432,203.33456769476183,376100
2019-08-23,197.8730926513672,203.5131808029501,197.0270851660241,200.8153432270251,591500
2019-08-26,201.1537322998047,201.57673600716865,199.57450029056537,201.03152581013865,296800
2019-08-27,201.2289886474609,202.7330038224681,200.3171730826898,202.394597897981,359700
2019-08-28,202.8081970214844,202.98680213189587,199.6121523770809,200.39235205389772,317500
2019-08-29,206.558837890625,208.56105947276225,206.3614284900551,206.8502401562632,370300
2019-08-30,209.25668334960935,210.57269825767636,206.91604146652597,209.87709652490668,357600
2019-09-03,206.82205200195312,208.28847273607352,205.76922571468472,207.4142515485867,598700
2019-09-04,213.6371612548828,213.806357028974,210.73250470826736,211.25892502913203,432700
2019-09-05,222.8680877685547,223.75170390525332,221.56146787418805,222.1724860516964,982300
2019-09-06,224.2499084472656,225.7069341263688,222.94328856522165,223.90210759211655,872100
2019-09-09,226.85372924804688,227.7843488825569,224.56009128754644,224.7386963597389,536700
2019-09-10,227.17335510253903,227.17335510253903,223.82690500252613,225.66934016032937,735500
2019-09-11,230.5292053222656,230.5292053222656,226.76914660168805,227.1827410124236,782500
2019-09-12,232.02381896972656,233.3210437832895,229.9275903056603,230.39759763306884,828000
2019-09-13,234.0542907714844,236.1599147486528,233.4714718405288,235.34210646062664,934000
2019-09-16,231.4410400390625,232.49385197883797,230.6702210520934,231.3188335305218,398900
2019-09-17,233.21766662597656,233.51846388918665,230.49161522836133,230.92402832711645,730000
2019-09-18,234.8062896728516,235.5113007701252,231.8170495052852,233.79108631504647,519400
2019-09-19,234.6182861328125,236.98712740100075,234.6182861328125,235.4078951077128,394700
2019-09-20,231.0462188720703,235.8309048460789,229.99340694298536,235.6616947326264,819500
2019-09-23,233.5748443603516,234.29865968226616,231.09320617155865,231.42221704792505,296100
2019-09-24,231.61024475097656,234.94730014170312,230.4352262573044,233.81928525647533,605600
2019-09-25,232.68185424804688,233.1518616317893,226.7033597531037,228.113381904331,518300
2019-09-26,233.1612548828125,234.66528423700424,231.6854391674437,234.59008133494595,615100
2019-09-27,229.0909576416016,233.17061744143788,226.8443233883752,232.2494071771003,564500
2019-09-30,233.5184783935547,234.44909822315356,230.13443366894452,230.2848251381473,495000
2019-10-01,230.67022705078125,235.1634965665127,230.00281024364696,234.2234817834143,655300
2019-10-02,225.8761444091797,228.9124024655953,223.9961148555544,228.88420316976996,710100
2019-10-03,229.692626953125,230.1908336601348,224.23112880161423,226.45897367808877,531000
2019-10-04,231.28121948242188,231.58203108300808,229.53279149860268,229.80540380456972,518000
2019-10-07,232.5784454345703,234.46786989981797,232.3528367331357,232.56905045081805,515900
2019-10-08,227.5587615966797,230.86761737575085,227.02294632974667,229.4105917137333,576700
2019-10-09,231.4974365234375,233.07665441873277,230.15320797218055,230.8300197397319,431300
2019-10-10,236.40431213378903,238.98935266887145,233.48086571855643,234.195271757324,835700
2019-10-11,244.40386962890625,246.7162982091953,242.2794268130683,242.89984007840977,1034300
2019-10-14,245.94549560546875,246.2838871768793,243.54844056007292,244.23466171806805,731800
2019-10-15,251.4916229248047,253.2306564245955,247.2333560919341,247.6375556599395,1265400
2019-10-16,239.2055511474609,245.0618532832355,238.32193500018263,244.6482445042128,1720200
2019-10-17,238.53811645507807,241.7435842517185,238.06810912212825,240.8223595518271,1543900
2019-10-18,239.1585693359375,239.98578696936556,237.19394180003383,238.75436984727747,1640900
2019-10-21,244.80799865722656,245.3438138712433,241.67776261975652,242.31696567140668,790400
2019-10-22,239.97637939453125,244.65764922697463,239.7695893281513,243.2852356089293,797300
2019-10-23,242.2042388916016,242.476851240808,238.37837142193263,239.56279935774603,917100
2019-10-24,249.07569885253903,249.5551155344632,245.01482842052505,245.1558248896285,642300
2019-10-25,248.1544647216797,248.8218957951409,246.1710475283887,246.70686277768417,550500
2019-10-28,250.52330017089844,252.26230423094196,249.93108638311324,251.3505176086321,683000
2019-10-29,248.72796630859372,253.10843950258763,248.3895460028318,252.75122922477564,501900
2019-10-30,249.71495056152344,250.06275148198,245.41907561609517,247.37432265803503,494700
2019-10-31,246.2556610107422,249.38589745265952,245.64465717104355,249.38589745265952,630600
2019-11-01,254.36795043945312,254.5935447582504,250.19428341989425,251.1812872516005,617600
2019-11-04,257.9082946777344,259.6265573539009,256.8697826860106,257.36073134293866,664600
2019-11-05,256.6054077148437,258.61633779555086,255.8501420673044,256.6243080835317,382700
2019-11-06,253.71658325195312,255.02889172887225,252.83858007891297,254.48129941060745,909500
2019-11-07,252.6874847412109,255.6330619373452,252.26265849842952,254.0375361541815,560900
2019-11-08,252.3476409912109,253.20677253405,249.8929835561776,250.93149579540875,743400
2019-11-11,251.8094787597656,252.5364228633052,250.30836842967503,251.27133671363535,451700
2019-11-12,252.6308441162109,254.1036327310332,251.705618935496,253.2067581117053,336100
2019-11-13,254.83058166503903,255.3686948613423,252.36647441474005,253.046225158456,422800
2019-11-14,254.65122985839844,255.3404020549221,253.15954084072217,253.6315892214849,539200
2019-11-15,259.5982666015625,260.1175082536441,258.28595837999933,258.975159332138,667900
2019-11-18,258.18212890625,260.7878450502888,256.6149249074111,257.80449598387145,430700
2019-11-19,256.36944580078125,257.9649715189986,255.283740364695,257.6912042219763,465200
2019-11-20,253.8392791748047,256.794306502865,252.07382292744472,256.1334272776881,408800
2019-11-21,252.1021423339844,254.4435125377939,251.6867374782836,254.3868690403388,652100
2019-11-22,251.3374481201172,255.12328546069097,250.0062681913004,254.78339563491664,616000
2019-11-25,255.9917907714844,256.5582545014132,253.14062937328345,253.35775315481763,409800
2019-11-26,256.2939147949219,258.53141921123864,256.04844044999504,258.41813222482403,445600
2019-11-27,256.30340576171875,256.46388608082606,254.98164721246096,256.0390598141767,383300
2019-11-29,255.491455078125,258.1443646116582,255.3120743926651,258.1443646116582,267600
2019-12-02,250.74270629882807,255.1044296119953,249.1660805217313,255.01001415438145,764600
2019-12-03,250.0345916748047,250.1856506193568,246.51310025808075,248.42964441059027,929800
2019-12-04,254.6795654296875,255.2932225956715,253.15013320286488,253.92427069255095,447100
2019-12-05,258.531494140625,259.7965805414821,256.2278953774072,257.5590754766762,639200
2019-12-06,264.4320373535156,266.20694373323846,263.0253425109147,265.1023379334171,724600
2019-12-09,262.0057067871094,266.70731874276635,261.9207415411785,266.3485573855838,427200
2019-12-10,263.5068359375,264.6114418367061,261.7319582096303,262.3550655359072,380000
2019-12-11,268.1612243652344,268.4633134007783,262.87427728737566,262.87427728737566,465600
2019-12-12,271.1824035644531,271.2201755103656,265.574465275899,265.9521271119178,856800
2019-12-13,273.6842041015625,275.51572517894823,271.05958763653183,272.400217617369,723000
2019-12-16,276.59197998046875,277.51720501368607,274.94926112847986,274.94926112847986,552800
2019-12-17,278.3574523925781,280.4816698517506,276.6769615106723,280.37783304995406,401100
2019-12-18,275.82733154296875,279.13167042679794,275.59130733698095,278.34805392845124,478500
2019-12-19,275.50640869140625,275.5158300700706,272.97623550625025,274.40180246323325,410100
2019-12-20,277.1773681640625,277.90431230721094,275.96892544692577,276.38433033202404,824600
2019-12-23,279.5848999023437,280.7933429120116,278.93347066627126,278.98066399173285,424900
2019-12-24,278.44244384765625,278.68791821907587,275.015368081034,277.5549906095732,219500
2019-12-26,279.7735595703125,279.9718117724876,277.78152974058014,278.5462456176521,191300
2019-12-27,280.08526611328125,281.8129509242761,279.594317240116,280.8216606114755,317000
2019-12-30,278.4047241210937,280.1135370544883,277.23402447647027,279.84919109826006,338900
2019-12-31,279.39599609375,279.9152377845935,276.96021033038903,278.48967127581284,298900
2020-01-02,285.9007873535156,286.3634143224916,283.8048915536678,284.4279988251409,573600
2020-01-03,281.29364013671875,283.9370995304216,281.0198440100881,281.37860538742206,410800
2020-01-06,279.05615234375,279.1883397408665,276.0822528356914,276.7809041418551,617600
2020-01-07,282.08660888671875,284.3807565286324,280.7837510718425,281.973321913519,477700
2020-01-08,285.01336669921875,286.2406808850602,283.1723666089118,283.852117385628,536900
2020-01-09,284.53179931640625,286.92036223789654,283.4838372505779,286.3255768507423,579700
2020-01-10,279.6226501464844,283.7106064020815,279.03731460042127,283.2763010259565,447700
2020-01-13,284.59796142578125,284.7584417301392,280.8687679402757,281.98279513027643,405700
2020-01-14,285.6363830566406,288.7991120774088,281.7844820338613,282.42646073573474,609600
2020-01-15,283.3045959472656,286.01417835595373,282.9930566353921,284.7396417297308,505300
2020-01-16,284.24859619140625,286.0046308774582,282.80412952279454,285.6364193680365,547500
2020-01-17,283.266845703125,284.2203639929267,282.53987264108304,284.0787552183573,743900
2020-01-21,281.71844482421875,284.40912613670054,280.8404418226172,281.4446487185477,573000
2020-01-22,279.68865966796875,284.7962264968436,279.4620856697046,283.7577143188896,1108600
2020-01-23,277.8665466308594,280.49113429468844,275.2608305288044,280.3306251792025,713000
2020-01-24,279.2921142578125,282.5964527098698,278.0270281364102,280.2928832670568,977800
2020-01-27,268.3878479003906,272.4852247191036,267.90634929341144,271.10685140313353,889100
2020-01-28,273.9579772949219,274.03352116643583,269.2186221672758,270.2288125650722,1636100
2020-01-29,279.5848999023437,281.6147026936107,277.29072229151905,279.5188061974543,965500
2020-01-30,277.9231872558594,278.22530511039065,274.2978594361176,274.53388360780554,794100
2020-01-31,264.9701843261719,272.13587485009515,264.50758616103866,271.89985067416274,1272600
2020-02-03,272.0509033203125,272.7023323357629,267.4814788371906,267.7741465036632,823200
2020-02-04,282.5020751953125,282.5303969447813,277.7815915402118,278.4235704025345,795300
2020-02-05,289.1957397460937,290.1681583011803,286.1085247594374,290.1681583011803,1042000
2020-02-06,292.2451171875,292.30176068365137,289.47892081644767,290.3380522568019,698000
2020-02-07,287.921142578125,288.5442497943746,286.2501019605977,287.63792512143965,1775900
2020-02-10,292.36798095703125,292.3868813382948,287.0055163815186,287.04328833248894,373000
2020-02-11,298.3440246582031,298.58947022256183,295.5117343942383,295.5400561444161,789900
2020-02-12,299.694091796875,299.9489875618234,297.62651749098285,297.9852788863867,656100
2020-02-13,299.5146789550781,300.57206265233793,296.4652362329617,297.3432680633157,742200
2020-02-14,298.6178894042969,301.3746655044369,296.9279764064016,299.62808017614884,661400
2020-02-18,291.89581298828125,292.8682314441387,289.7338522733208,290.2153220020943,757100
2020-02-19,299.6468811035156,299.8734551036632,293.6140890456717,293.75569779576387,1093900
2020-02-20,295.9460144042969,298.88214151715147,293.0854023556452,298.19296931732924,1118400
2020-02-21,288.8936462402344,293.45362150870886,287.69465357080725,292.85886467403424,1134600
2020-02-24,274.1657409667969,278.7257452441776,272.15480990883225,272.89120435708884,1347400
2020-02-25,268.6804504394531,279.38650252579816,268.53884171044234,279.0277412046095,1166700
2020-02-26,270.3137512207031,275.9688807562224,269.62455031577565,273.26877825188814,861100
2020-02-27,261.7318725585937,270.81407591409624,260.4478863881458,263.2707255901162,1373900
2020-02-28,261.2409973144531,261.9490698598482,251.11085787105716,252.83854220474095,1647400
2020-03-02,271.4183959960937,271.4183959960937,260.0703621556049,263.9883583469126,1081300
2020-03-03,268.40673828125,280.25517171332194,266.4430293980222,276.5542991725778,1916300
2020-03-04,284.7489624023437,285.1077237210798,273.7691431188202,276.04441938784555,1289500
2020-03-05,272.13580322265625,279.3959072683675,270.0493581238084,274.76984040000366,1453900
2020-03-06,272.003662109375,272.12639927925807,265.5649450873196,268.55771522451033,1148400
2020-03-09,249.15658569335935,260.9200235533749,249.10936356723656,250.6105028077807,1759600
2020-03-10,264.1205444335937,264.6775581186735,250.18566568373947,262.44947456680507,1699200
2020-03-11,249.3737030029297,258.9940213614452,245.9938208608909,257.275787354926,1175900
2020-03-12,227.29132080078125,240.612528174516,224.27021370659875,231.7002514423464,2779800
2020-03-13,242.58563232421875,243.444734874042,220.7675449675185,242.68946912043452,2637200
2020-03-16,216.53802490234372,234.33425388817585,197.90155040950995,208.3149361087966,1496800
2020-03-17,225.0160217285156,226.56433986213145,212.4406601858844,218.60561096958065,1642500
2020-03-18,185.9776306152344,213.63965485422915,180.55850989048204,201.4324903552283,3131900
2020-03-19,202.0650329589844,206.9837835283365,189.3763699127728,194.30455626385984,1634600
2020-03-20,204.01931762695312,224.05305222581825,203.53781905487048,212.56338186529143,2316700
2020-03-23,220.1161193847656,222.14593574457484,210.2219909219572,212.73329136793848,1731500
2020-03-24,245.66342163085935,245.9655395233158,236.7794816417008,240.11214221182556,1427600
2020-03-25,247.41946411132807,257.1153282208305,237.8651943587901,246.0977343065177,1211300
2020-03-26,260.4763488769531,261.64704871437897,246.98519507649945,248.19366686004943,1018600
2020-03-27,238.49771118164065,248.9677404537603,237.73299513571672,247.55159535959825,1518300
2020-03-30,253.04624938964844,255.0288583162991,246.11658273928825,248.83558597451812,1142400
2020-03-31,247.0135498046875,253.5750065852803,244.5211199264704,253.1312798483956,881800
2020-04-01,235.08953857421875,243.27485608733056,233.5506705888138,238.97922717939937,715700
2020-04-02,233.45623779296875,237.87461797187345,228.7074324026632,230.23686449247452,788600
2020-04-03,230.935546875,234.13603483951883,228.924615836893,232.3044845201243,571700
2020-04-06,255.97300720214844,257.53076138627443,244.9176401343709,245.46520368088383,807600
2020-04-07,257.35137939453125,265.5555840435736,255.85026872911567,264.7814176440857,768200
2020-04-08,263.0064392089844,265.61215525330886,259.0695722062357,262.4871975620271,891700
2020-04-09,261.3354797363281,269.1903734347547,259.7399535534742,266.4430477970279,728900
2020-04-13,258.7769470214844,260.7123339995329,256.8037881029794,259.4850196444117,789400
2020-04-14,272.7778625488281,278.2819626447128,269.11476260959734,270.9463125792127,1700600
2020-04-15,266.6979064941406,268.63332229858696,259.6738237158869,261.43930900429865,1487600
2020-04-16,276.0538330078125,276.19544173187745,270.17212977983263,273.6274978931821,1212000
2020-04-17,279.1222229003906,284.57910144239986,277.1962572939318,284.40917092724,899100
2020-04-20,275.2797241210937,281.35028826223555,275.1475655550093,275.3458178099094,510100
2020-04-21,265.3761291503906,271.47498556302685,262.9970159173965,270.07774093272366,663700
2020-04-22,278.480224609375,278.9522729930359,272.11702161732103,273.78806252332373,596100
2020-04-23,273.2216186523437,280.5478193214441,272.1925565582024,274.67553584742325,730500
2020-04-24,276.9203796386719,277.50867899921224,271.3504738796042,275.0700860651117,464200
2020-04-27,276.02838134765625,279.6910625256912,275.4400820962592,278.77065045118565,689100
2020-04-28,276.5218505859375,282.3764076300202,276.2087048436969,282.3764076300202,532000
2020-04-29,288.1834716796875,289.1798100635875,280.2508725898055,281.1522885096016,968000
2020-04-30,273.68463134765625,286.11492789147945,272.3846742762118,285.9536060335757,846300
2020-05-01,264.7937316894531,269.34833174278805,263.97771100418566,269.34833174278805,862800
2020-05-04,268.7030029296875,268.750464157857,261.8521092954747,265.3060357452258,1036900
2020-05-05,273.6087341308594,278.0210071213325,269.7942294253114,269.7942294253114,821600
2020-05-06,276.9772644042969,280.6589127797259,275.9240245528646,278.86554982913054,552400
2020-05-07,284.27410888671875,284.77701263029286,279.4917598249924,282.70846734219066,570800
2020-05-08,288.83819580078125,288.9425873441097,284.1317732915901,284.8718963029445,680600
2020-05-11,288.8287658691406,290.1666573361585,283.09753905513446,283.33475837243265,513600
2020-05-12,281.46551513671875,290.2615984394705,281.09543904149467,289.7681926032794,481700
2020-05-13,279.1881408691406,286.0580023311647,275.8860378844037,283.2303379326434,1142300
2020-05-14,287.0827331542969,288.2308952071891,268.82634840730424,271.54015176445193,1296800
2020-05-15,277.5845947265625,281.07645650842403,275.2693316205058,277.7838508667528,957200
2020-05-18,289.3031616210937,290.887770209599,282.4427695570512,282.47123471261017,997000
2020-05-19,290.5935974121094,296.040142428656,288.202437663793,288.28783312365107,687400
2020-05-20,308.9924011230469,309.580700383969,301.3159586995936,301.9706863176999,1084900
2020-05-21,302.68231201171875,307.87267116679084,301.0787073158647,306.1077735720255,639200
2020-05-22,303.0334167480469,303.16627345914696,298.25109638226974,299.8167380124028,365400
2020-05-26,303.50787353515625,308.7456946648008,303.05243097253435,305.97496025995906,540400
2020-05-27,302.2458190917969,303.2611245304749,295.2051383247348,302.6822944462317,808100
2020-05-28,303.6122741699219,312.25653256817947,303.08090519268774,304.8363340084322,797900
2020-05-29,312.66455078125,313.11052424543186,307.6639491591059,308.81211147680034,649500
2020-06-01,310.0266418457031,310.43465207068454,306.9617582245351,307.3223361749587,526100
2020-06-02,317.61773681640625,317.89289040810246,311.9624067647233,314.7331414641835,717200
2020-06-03,328.5960998535156,329.69680066963235,321.52698344165503,323.1021227669206,693900
2020-06-04,335.05792236328125,335.32363570559403,329.26029815980144,330.0668493502372,884600
2020-06-05,338.9579162597656,345.543126377727,337.952108739264,340.6469165260263,899200
2020-06-08,331.3953552246094,333.5967572327216,325.5692354379143,333.0274251330465,1001700
2020-06-09,331.4712829589844,335.08653198730445,327.53344809219413,328.899833673348,737200
2020-06-10,330.13336181640625,335.3521863160419,329.9340767588862,333.06538883312777,997900
2020-06-11,315.8717956542969,327.191895515572,315.78637121005795,324.13650928337546,919300
2020-06-12,325.5312805175781,329.51654704723416,320.0088087292352,328.55820084706,845000
2020-06-15,332.1164855957031,332.1164855957031,319.4205052667158,320.255521754337,598200
2020-06-16,334.0522766113281,336.8514765203181,329.29842053515705,333.29318627538515,863900
2020-06-17,343.8825988769531,347.05184533623185,341.9848444253538,342.90525649267687,710400
2020-06-18,340.5330810546875,343.303786481275,338.2937156280212,341.1972777726662,494700
2020-06-19,342.2315673828125,349.3196815340739,341.20676374597923,346.0840066661419,786900
2020-06-22,345.6664428710937,346.27370915020947,341.42496112482905,343.8540841561533,554500
2020-06-23,347.8963623046875,352.79254334017435,347.8109378712488,351.66337711728977,604100
2020-06-24,343.09503173828125,348.769328257288,341.1498449109923,346.900038870591,613500
2020-06-25,347.8109436035156,348.1715215908749,340.2483907801348,343.9395371737031,465100
2020-06-26,343.26580810546875,349.3765792868459,342.5446522028737,348.6459253463433,493000
2020-06-29,346.159912109375,346.43509462381525,339.8024228622631,344.3760182211735,612800
2020-06-30,349.2152709960937,350.0502875562887,343.673831682676,343.70229684007205,678600
2020-07-01,348.7977294921875,351.264815742104,346.59632767180466,349.2152377325163,516600
2020-07-02,354.1398620605469,356.66387826251594,353.3712740354369,354.4624767537784,449400
2020-07-06,365.7541809082031,369.57815469344246,363.8943897881623,366.5322671268952,752900
2020-07-07,362.4900207519531,368.7431173908093,362.347694977876,365.6972299958352,410900
2020-07-08,371.8934326171875,372.1021867586827,367.1111123969165,368.95190751700375,599300
2020-07-09,374.5408630371094,375.4517771711316,366.3615450380656,375.23355391672106,644200
2020-07-10,375.6130676269531,378.7823141875047,371.9124521195687,378.6779226314648,667200
2020-07-13,368.7526245117188,382.2741235733083,368.040966666372,377.5202399000134,1083600
2020-07-14,376.5429382324219,377.2261309959433,365.7067764879485,366.86440786620886,880100
2020-07-15,356.2370300292969,367.8702760465061,353.4663242787079,367.3768702305294,1640300
2020-07-16,365.5264892578125,373.72477350211074,353.760417347119,354.9749790484015,2240900
2020-07-17,363.9798583984375,367.26296591401984,360.6777548031369,365.7257892436443,1048700
2020-07-20,371.4664916992188,372.4058709493961,362.5470220124236,364.2834836682847,972600
2020-07-21,364.1980590820313,372.2350502397037,363.5717966461488,372.09272444914734,823700
2020-07-22,372.5292053222656,374.3794985415006,369.8248994323,372.5481724421398,710100
2020-07-23,364.5870971679688,374.05687309607566,362.3667279937202,370.1095404671558,990800
2020-07-24,348.88311767578125,355.9807286558284,348.019636058458,352.04289456699433,1628900
2020-07-27,362.2622985839844,364.1695508240173,357.0245074093684,358.6660462618976,1080300
2020-07-28,357.11944580078125,362.2244102947106,356.95815287636503,361.6266129640735,502000
2020-07-29,345.9796447753906,347.44092396045534,343.19944116961886,346.3402227912126,1446700
2020-07-30,344.1862487792969,344.2716442552825,336.71856063940106,337.65796879011305,1010400
2020-07-31,335.6368408203125,343.6453666208702,332.80917636930815,343.44611051904263,954900
2020-08-03,347.8678283691406,348.3802301239445,341.4249735495121,342.5636087233263,862400
2020-08-04,351.3977355957031,352.8590148199227,349.3766511684117,349.59487442572333,833400
2020-08-05,349.670654296875,354.13035858979134,347.96265841151063,352.0428466731368,591300
2020-08-06,350.3539428710937,350.66705960929966,345.5620955834234,349.2342457550104,402100
2020-08-07,347.3554077148437,352.1946861697593,343.80658807061087,351.78664705519753,572500
2020-08-10,346.7292175292969,348.0291746466193,341.15931305627856,346.1124531471831,547900
2020-08-11,342.8388366699219,350.48678498362045,342.22207224928854,347.32703648433665,627000
2020-08-12,355.648681640625,356.8063130500572,346.947493428178,347.8489094459936,565400
2020-08-13,355.6011962890625,358.80840556558775,353.9311633030774,357.3281306278264,470700
2020-08-14,352.1283264160156,355.0223902248634,350.7714390017655,352.1093303397053,543900
2020-08-17,359.1595764160156,361.0478330835016,357.01510433026937,357.4041475201797,428200
2020-08-18,357.9354553222656,364.3498744029396,357.7172031435528,363.9987655178536,466500
2020-08-19,355.7720031738281,360.98132949369335,354.84209313630737,360.9433952568064,354400
2020-08-20,353.1436462402344,354.29177956357853,349.54739348330656,350.6480945288218,498200
2020-08-21,353.09625244140625,353.10575048175986,346.85265190859934,347.4314532213669,605400
2020-08-24,358.6661071777344,361.3324499687031,355.3829999576421,360.8105790573145,590700
2020-08-25,361.3608703613281,361.3608703613281,357.033992897055,359.90908948788694,378200
2020-08-26,366.1907348632813,366.9023928276042,360.6492660318757,360.6587640711131,417600
2020-08-27,356.98663330078125,367.0257427966768,354.15896840854566,366.94984535090106,636100
2020-08-28,360.0704345703125,360.4689757381602,355.6391652763914,356.8916901382737,490200
2020-08-31,355.05084228515625,359.09306817920265,354.22532380424417,356.7019082044127,533300
2020-09-01,367.1205749511719,367.1205749511719,362.7841992911424,364.473199512328,634500
2020-09-02,378.1180419921875,380.6420586577436,370.527024877408,375.4327324291044,904300
2020-09-03,356.9297180175781,369.407449747986,351.1605273426191,369.20819360667,1258500
2020-09-04,348.6365051269531,352.033473069206,334.8208252033954,346.81464799675143,1206300
2020-09-08,329.5924987792969,335.3237251330855,325.70209649651883,327.7137115124849,1541000
2020-09-09,340.9980163574219,343.05709275328263,335.4376095123408,339.6695939846581,847300
2020-09-10,338.74920654296875,348.05769082633594,336.87991704604474,345.6475343019532,678600
2020-09-11,340.8651123046875,348.38020230707696,339.30894004673473,345.3912453980032,678700
2020-09-14,349.1298217773437,351.0655390545818,346.6817027884249,350.86625402605466,575700
2020-09-15,351.3218078613281,355.6012535988882,350.23060479652764,355.40196852360344,717100
2020-09-16,343.8541259765625,353.91223013506675,343.8351298997159,352.98232005004354,973900
2020-09-17,347.9912109375,348.83572553505985,336.9842587138931,337.33533864054294,901000
2020-09-18,347.61163330078125,351.9480085970866,341.52932761556013,351.3597094283404,912200
2020-09-21,344.08184814453125,344.44242611635497,334.54564379783733,337.1455580784523,657900
2020-09-22,345.9986267089844,346.4351021515064,340.3907584861114,345.3818333084856,971200
2020-09-23,339.280517578125,347.8393792013582,338.68272032961613,346.5394221155192,709800
2020-09-24,341.7476501464844,345.0022923195437,335.59891484832883,336.51932698305745,768400
2020-09-25,342.0512390136719,342.6490072826687,333.14126884343574,334.7828367066903,724100
2020-09-28,352.0904541015625,352.498464443481,345.7234947042133,347.19424312621766,821900
2020-09-29,354.8800354003906,356.66392898158153,350.6765167971694,351.15095534716994,608800
2020-09-30,350.391845703125,354.16838708723026,348.71234361569225,349.9269051780156,867800
2020-10-01,362.4806213378906,363.0878877431417,355.2786462111161,356.3318860991421,891600
2020-10-02,351.0845642089844,356.5121429545125,351.0845642089844,353.36186369885314,711600
2020-10-05,362.5754699707031,362.8506524796706,355.7435711852472,355.9712924575318,649900
2020-10-06,351.18896484375,358.0873213718732,349.7182166065305,355.06989849700125,686600
2020-10-07,356.58807373046875,357.2807645763243,352.6312716503133,355.2881164773377,550900
2020-10-08,361.4178466796875,361.4747769944741,357.195331602604,357.5084483339301,686700
2020-10-09,369.1037292480469,370.0431373581596,366.0483435348343,366.076808692266,539300
2020-10-12,378.6399536132813,380.4997447563783,375.2144919754396,375.2144919754396,840300
2020-10-13,384.4376220703125,388.1951679702094,377.9188398260234,380.9837238481178,1027900
2020-10-14,377.6815185546875,385.2440695512192,375.28086085592906,382.0558566682921,954800
2020-10-15,366.8075256347656,368.08851585397593,361.2565873231466,364.1791168317888,786200
2020-10-16,367.1205749511719,372.32043231942447,366.1432326145999,370.7832559218485,594500
2020-10-19,365.6119079589844,372.2160858193898,364.1696248962908,372.14018837711626,392700
2020-10-20,365.27978515625,369.369443866695,364.6155884427934,367.0447119334426,356800
2020-10-21,363.4200134277344,369.3884598764448,363.4010463060189,365.93453253333166,359100
2020-10-22,356.3033752441406,362.5564722828542,356.20848173621084,361.6170931564453,611700
2020-10-23,359.2070007324219,360.1558780650746,355.0129791382621,359.4726852272671,467600
2020-10-26,348.70294189453125,355.71515968830124,345.391369078266,352.55538177150135,900400
2020-10-27,347.6401062011719,351.59693653716647,345.82774742509923,349.5758236361684,968700
2020-10-28,344.3095397949219,346.4065790912353,339.10971168091146,341.09286139794347,953100
2020-10-29,351.900634765625,354.6903364487618,343.70234964426817,344.76508762690344,808800
2020-10-30,342.74395751953125,347.12776596239013,340.6564448577796,345.21104426290754,821100
2020-11-02,347.8840026855469,350.84647576757175,344.55958166620246,347.1886533432706,893200
2020-11-03,354.408935546875,358.5335303912042,350.40817796652425,350.979718916543,813500
2020-11-04,364.8299560546875,366.6969628338617,354.6566368417119,355.9330619202134,2451500
2020-11-05,379.2993774414063,380.7186807007225,374.7937640121257,378.3563535651934,1115500
2020-11-06,386.9673767089844,388.1676097863589,379.2992919963315,383.0237994215509,710700
2020-11-09,387.0530700683594,400.6937143264826,387.0435642511144,397.25499220555054,1273700
2020-11-10,380.3566284179688,390.65378431651845,379.0992731885365,389.7107606269991,1323100
2020-11-11,398.2171630859375,398.7791983147141,387.9581160898279,388.072418485584,933300
2020-11-12,393.1400451660156,401.19868398389775,392.4637365987271,399.12211290306,800800
2020-11-13,399.6841125488281,401.38920080873936,396.6264071764173,399.6650718394216,582700
2020-11-16,406.27581787109375,406.4091609719629,399.7222094053563,400.0270351641776,547300
2020-11-17,406.2471618652344,407.1711447783025,402.2178289221022,404.7611729223301,524600
2020-11-18,403.7038269042969,407.0853980464144,401.04618047507375,403.9991177220128,543600
2020-11-19,403.2752990722656,403.2943688538498,397.09320146431554,397.5123296821212,914100
2020-11-20,403.4943237304688,408.0761286097838,403.4276376467887,403.92298676008784,484000
2020-11-23,406.8853759765625,409.2572665169459,401.93208899302783,407.6855216646001,596000
2020-11-24,404.14202880859375,407.32357106037176,402.95133055254894,405.2374944599803,610400
2020-11-25,403.3895568847656,404.53260984929847,400.7890612450765,403.1799928141337,308200
2020-11-27,417.0016174316406,417.9065598371363,408.43812390190953,408.9620195662797,432500
2020-11-30,416.9635314941406,420.3546381509518,413.0961454858696,419.6402191237621,508500
2020-12-01,427.9273986816406,430.2992892662048,423.3932396983039,425.88893847719424,685100
2020-12-02,429.60400390625,430.661330184096,423.1837671191623,425.9461817294359,1050700
2020-12-03,431.413818359375,437.43399616583264,430.8518122291528,435.3288496323249,677900
2020-12-04,442.3587646484375,442.4635321557308,431.9568104774507,432.461665443922,660800
2020-12-07,447.4454040527344,448.6646780135079,442.08249397526384,442.5206628332554,632900
2020-12-08,446.3404235839844,448.5122561917385,442.8826309560295,443.8161489190176,738800
2020-12-09,431.404296875,443.8542162198067,429.14670847721766,441.79668606687744,868800
2020-12-10,436.081298828125,437.1100783559842,427.81309747206666,429.7372843753744,539300
2020-12-11,431.15667724609375,435.4622323867172,430.4041476843103,432.2806896088984,512100
2020-12-14,431.49951171875,435.1478274426515,430.718435758323,430.8803544415482,546100
2020-12-15,447.0358276367188,447.34065342566606,439.9773925981637,442.4730919718716,639200
2020-12-16,449.1599731445313,449.83628163756737,442.94930129361006,445.7879074284903,524900
2020-12-17,454.65625,458.4855545291208,453.42747022314217,456.0184310164132,477300
2020-12-18,454.59906005859375,456.70423550917775,451.8176052067229,455.7897583167053,730700
2020-12-21,449.8553466796875,449.8743873871139,437.681648584268,438.4246431508511,622800
2020-12-22,453.58929443359375,455.9135394729423,450.5125491179792,451.01740395448974,431300
2020-12-23,452.1033325195313,457.5996139354392,451.7032742092276,456.21839241561895,389200
2020-12-24,460.1715393066406,461.60991212223024,454.4466527098144,456.22796174418966,271900
2020-12-28,457.4567565917969,465.5344644057073,455.732627761565,464.0294345300102,449300
2020-12-29,461.0478820800781,466.2298030187284,459.61904422721017,466.2298030187284,377200
2020-12-30,466.6679992675781,469.2875354852361,464.8486088062127,464.9724460785763,381900
2020-12-31,464.5818481445313,467.2490004048112,460.5144336801594,466.7536804335533,312700
2021-01-04,476.2793273925781,480.8039810028076,467.4300493500848,476.2697925036997,1527600
2021-01-05,481.385009765625,481.385009765625,470.4591903122028,470.7163706742226,1029900
2021-01-06,466.96331787109375,476.1269277332772,466.5060792389853,468.5159931726498,977900
2021-01-07,477.6414794921875,479.34656762450624,472.0118543516758,472.4405173744219,936200
2021-01-08,484.6046752929688,489.88188739055977,477.9081891877942,488.2720609564618,734500
2021-01-11,483.8521423339844,484.7665904312364,475.7363246278072,476.75556928514425,703000
2021-01-12,489.5484619140625,490.3676484027398,479.6132821328256,483.0424991000656,651700
2021-01-13,489.67230224609375,491.14875654061376,485.2143346957526,486.9575042521789,513700
2021-01-14,518.8110961914062,520.4780738424432,504.7513211009013,505.0084724035846,1450300
2021-01-15,502.4745788574219,511.380977046751,500.4360898351994,507.0563826442648,869200
2021-01-19,523.4310302734375,524.3645192386889,505.4371816304676,507.7138109840622,1504000
2021-01-20,523.3165893554688,531.6800226885622,517.3916452984778,529.2129287506925,1121900
2021-01-21,543.6632690429688,546.5780959421412,538.7766389267736,541.0532678630017,1272100
2021-01-22,542.4345703125,543.6348035922525,536.0904967308281,536.7572994573095,901600
2021-01-25,540.6817626953125,541.2628094767514,527.8317567283688,535.4808300476836,966500
2021-01-26,522.95458984375,536.9095944132526,522.4211594365224,536.4618617085051,887700
2021-01-27,499.7407531738281,513.9243627003965,497.7117989880331,509.59017516407215,1506800
2021-01-28,521.2591552734375,527.5651474933478,511.886010019208,516.3915941637935,968600
2021-01-29,508.8185729980469,517.7154940990166,503.23659468765646,515.2960166759681,867300
2021-02-01,528.0891723632812,529.1178941729089,518.6969550320895,521.4307945783939,849600
2021-02-02,527.2412719726562,530.3751693527806,523.3834206349172,527.5080163315976,721600
2021-02-03,517.1536254882812,525.5456654273905,516.2392063327815,525.1360721573947,635400
2021-02-04,529.089111328125,529.6034720032083,518.458583732827,521.0114336121343,554500
2021-02-05,526.5838623046875,529.7558983902409,524.8788035191338,528.6318863364642,461700
2021-02-08,537.2429809570312,540.0339703175259,531.4990254344933,531.4990254344933,716900
2021-02-09,538.6719970703125,544.7969431283329,538.6719970703125,539.662637284103,483300
2021-02-10,539.9959716796875,545.8732421037981,533.1470728555755,544.3205668973335,458600
2021-02-11,563.4479370117188,563.7146231825186,546.6067082326853,547.3687434715503,975400
2021-02-12,569.6205444335938,572.9259532200969,561.1999584278527,563.8861226892641,732400
2021-02-16,574.5263061523438,579.8320654379222,570.7446176314257,576.8505518591734,621600
2021-02-17,559.704345703125,570.0871985805841,553.874692271858,569.9633613230933,825100
2021-02-18,554.846435546875,561.4953355576444,548.7214893918523,556.6372507560085,716800
2021-02-19,566.200927734375,572.2496523645475,561.4285992337976,563.7623797311135,821500
2021-02-22,551.0551147460938,562.1238403167953,549.1499976683199,559.7424439695778,753400
2021-02-23,548.7404174804688,551.7028606531335,533.5566316851182,544.5967528543553,1004800
2021-02-24,566.7819213867188,567.6868637157631,538.7195231350756,546.1399920936743,1023000
2021-02-25,533.2138061523438,558.5804491771177,533.1089805084754,554.9892842461879,1288900
2021-02-26,540.1864624023438,546.2828023368089,534.0995992163008,545.1873948703998,946500
2021-03-01,555.8655395507812,556.6371096636441,541.8724518909258,545.2159417598518,679500
2021-03-02,536.4240112304688,552.3603023790508,536.2906390363569,551.5601854935373,696100
2021-03-03,517.810791015625,539.1005089364588,515.5246854390005,537.805043295749,1006900
2021-03-04,486.2811584472656,515.6485559504943,478.27013724578416,512.333612534306,1702500
2021-03-05,502.0364685058594,505.66571448164206,484.2141050657279,502.9223410357442,1370100
2021-03-08,478.3653869628906,504.0653983817573,477.3366074360224,501.4649321100555,1180700
2021-03-09,513.9243774414062,517.439320610901,500.0455932029242,502.6079778781336,1240500
2021-03-10,498.5024719238281,516.1152698461399,496.38776175406434,514.4578273058044,876500
2021-03-11,518.5728149414062,522.4687462296833,514.3910696221909,521.0399086331948,1009700
2021-03-12,512.1242065429688,513.5054284693107,503.52257243266666,508.7807157596175,714900
2021-03-15,521.2305908203125,521.811637666505,510.580991665057,513.1147721937659,582400
2021-03-16,523.3165893554688,529.3653125281153,520.0588555896053,520.4589138774519,651600
2021-03-17,533.0230712890625,539.1956306581085,517.1058006766433,522.2114993680652,841400
2021-03-18,513.6099243164062,526.269403494217,513.4480056806283,521.9828910422822,790000
2021-03-19,521.4496459960938,530.6609301096981,515.6295265300923,518.8491794558732,1404600
2021-03-22,548.6642456054688,550.5693628988516,537.0811580431099,540.7104041614216,1216800
2021-03-23,532.3563232421875,544.1776058748738,529.1462059955926,542.5010937416683,866300
2021-03-24,551.1314086914062,566.267521692642,550.5789083866108,559.3233899548266,2121400
2021-03-25,556.2941284179688,558.0468615272644,542.0915076728106,543.8251128691147,1088900
2021-03-26,595.9873657226562,597.5400410031675,560.7617647732011,560.7617647732011,1933600
2021-03-29,579.1555786132812,587.595233124448,572.9067970643518,585.5948834936135,1214900
2021-03-30,572.7639770507812,577.4982238343808,567.2677531049195,571.4589763347627,1071600
2021-03-31,588.0716552734375,591.4818318736146,576.4885664681065,577.4029856577337,1579600
2021-04-01,606.8751831054688,609.1518125717645,590.3483113206951,590.3959276323784,1908300
2021-04-05,610.1043090820312,622.020827655371,607.7610519023319,620.7348966733199,1529800
2021-04-06,598.2068481445312,605.589177878799,589.0432383384508,603.360164996978,1281900
2021-04-07,596.8351440429688,601.4455534797528,592.6724674032272,597.4066559758253,820600
2021-04-08,609.5230712890625,611.1519670770097,602.7313252721295,605.7890586545583,865900
2021-04-09,604.22705078125,608.40879749156,598.7307683937147,604.2461205602032,631100
2021-04-12,600.5215454101562,601.6170111183485,591.1769473377319,601.5979413406027,739500
2021-04-13,599.2737426757812,606.5322355364278,594.1299022855978,605.4749093011964,710500
2021-04-14,601.0549926757812,610.6758702352838,597.2923742588321,605.5129603250297,718000
2021-04-15,611.62841796875,612.3999881607797,597.749631261616,603.7126577988276,980400
2021-04-16,615.0574340820312,617.2006904766665,608.1894671049843,609.8850489597244,605200
2021-04-19,600.216796875,608.9327329382453,592.9202222263791,607.389592371049,1138900
2021-04-20,587.6715698242188,598.0068085182729,583.7089511925869,596.3303540346087,988000
2021-04-21,624.3926391601562,624.7260695601678,605.7605949191608,607.4656539150003,2160900
2021-04-22,616.3912353515625,634.280257522027,610.0947781524923,632.6608961025706,1233400
2021-04-23,639.0811157226562,639.4336159211723,627.136050856068,627.9457024748268,1109600
2021-04-26,638.6334228515625,643.5962743422448,635.3185373582725,635.3185373582725,801000
2021-04-27,640.8909301757812,642.8246519829471,630.3937161130204,638.5286035230823,678200
2021-04-28,633.7753295898438,639.0334132372658,629.9079442124859,632.9275385290546,571300
2021-04-29,631.0510864257812,635.0042283959501,623.0305582290183,634.680332847581,504300
2021-04-30,617.353271484375,629.6889183026694,615.0671654834129,623.2306005359574,575200
2021-05-03,625.1868896484375,628.6738132859657,618.7671997970637,628.320351343377,672000
2021-05-04,600.8931274414062,610.6659811099781,588.388028593275,607.2650620850701,1505800
2021-05-05,613.1975708007812,622.8462285675469,607.4083644791624,613.3122039312848,948200
2021-05-06,615.5477905273438,615.8343734113038,601.7816665384024,609.8063371361391,618200
2021-05-07,629.1419677734375,631.7403972515775,618.767258208644,622.6553982519707,573700
2021-05-10,599.2308349609375,619.655472237246,598.5239112624648,619.3306395150264,882700
2021-05-11,602.4791259765625,605.3450718981304,587.1463269577381,588.588862400845,891200
2021-05-12,574.9849853515625,592.0182677866851,573.4373797471746,587.5187132359727,1107700
2021-05-13,595.247314453125,600.6543722922012,584.4713320805571,593.8620958892596,1436100
2021-05-14,618.8147583007812,622.0437271674605,597.4634363587244,601.9821152611955,1331000
2021-05-17,606.95947265625,607.6568923827865,595.4479364677272,603.6541194702371,929400
2021-05-18,603.9404907226562,614.9934904127313,603.3863917895586,612.7389613853555,644700
2021-05-19,602.5936889648438,602.7847053392957,579.5323683728105,580.8411453999623,1049600
2021-05-20,619.77978515625,623.1042629871278,603.520303782473,604.4183022929499,1086900
2021-05-21,610.6566162109375,618.4328967230351,607.7524786986327,616.9999237774169,847500
2021-05-24,629.5048217773438,632.6669120491493,616.9042147778686,618.5664535245012,794000
2021-05-25,642.2487182617188,649.0792440252382,637.4626389568602,641.1787700965183,1088800
2021-05-26,636.0201416015625,639.6216398159245,630.3741968074706,637.4053018259604,597100
2021-05-27,635.3706665039062,638.0168501854934,629.4858917149356,631.4634013454365,652600
2021-05-28,645.2868041992188,645.7740243363744,637.1379949282519,639.1346295807919,610700
2021-06-01,641.780517578125,657.3426341170747,638.6471151266585,654.1422943200251,1292000
2021-06-02,643.9684448242188,648.4010630107534,638.8861609948435,640.5579625844613,596800
2021-06-03,636.1349487304688,640.4529344382053,630.6131980516132,637.5296718164057,612100
2021-06-04,652.7667236328125,653.4545807484369,643.0129948626457,644.6561086643154,531000
2021-06-07,651.5057373046875,653.8271458727098,646.2515045444928,649.7861818810935,594300
2021-06-08,650.3116455078125,661.1926987607969,646.318435287622,659.807480169849,562800
2021-06-09,652.0885620117188,657.3141076389804,650.3880731401113,654.3908457552183,440700
2021-06-10,668.6632690429688,673.2870198903914,655.8811480418173,658.5560187227277,800100
2021-06-11,665.8832397460938,667.7078657332861,660.4569992571636,667.0009419653917,445100
2021-06-14,677.633544921875,677.9201277347901,664.4597149282271,668.2523454604876,636600
2021-06-15,670.4210815429688,679.2003716334372,665.730451590935,675.9809643021641,510700
2021-06-16,667.8130493164062,678.2450745121126,662.7021365459287,674.5002554201839,590900
2021-06-17,667.602783203125,673.0480902458198,660.2181587650193,660.4665499888453,746700
2021-06-18,641.0833740234375,656.4926127622089,638.6950860392238,654.7252446692036,1669900
2021-06-21,650.2351684570312,651.4770662771052,642.3538198235856,648.1812179142862,565500
2021-06-22,655.1644287109375,656.8457920575295,646.0411841988272,650.0821470706614,542200
2021-06-23,651.1904907226562,658.4317364149028,649.1842942452174,655.8524325704531,523400
2021-06-24,663.9439697265625,666.7717233078621,659.8074391717212,660.7627542360759,469400
2021-06-25,655.546875,664.4790489415399,655.3175503697234,662.921880475695,431200
2021-06-28,672.6468505859375,674.2613353160849,667.4499344996464,667.698325736254,623900
2021-06-29,672.236083984375,673.7550605616198,667.0009761953709,668.6727775244086,400000
2021-06-30,659.9697875976562,665.4437234524049,655.9096991716033,663.5617227325101,767500
2021-07-01,648.9550170898438,660.7722587343453,644.3886418029776,656.5306578884912,997500
2021-07-02,656.817138671875,659.0430385568513,653.1487623689698,657.7246994239289,449700
2021-07-06,655.221923828125,662.5587363608726,646.4617012106638,658.6324055283129,788700
2021-07-07,659.3394165039062,664.6318415506421,653.7890377029782,663.0269190632689,442900
2021-07-08,643.586181640625,645.4108076832712,635.122104511471,640.9972569315994,849400
2021-07-09,660.466552734375,662.0332833005598,648.591994491158,653.4067610152634,583600
2021-07-12,676.1817016601562,676.8504340134233,667.92776370011,668.7206917036044,618500
2021-07-13,674.8536376953125,678.9041641564595,672.1596422717453,674.6912504638636,623300
2021-07-14,684.4927978515625,690.7023456951307,681.0249995450687,687.8077130972295,852000
2021-07-15,672.4845581054688,681.3976649015303,665.7018437719895,680.7289326259369,729400
2021-07-16,656.70263671875,675.3981587139251,656.1772251177129,671.4718279636604,578300
2021-07-19,653.435546875,653.7412547125803,641.5801118042385,643.7390750127229,855300
2021-07-20,653.4832763671875,657.8872649430276,642.8601772194011,646.6145585302679,805600
2021-07-21,688.7822265625,688.8682305818623,669.379778102185,674.3951826645333,1281300
2021-07-22,697.3035278320312,706.9904361948268,691.839153868076,700.2459144399005,946000
2021-07-23,714.7094116210938,722.9633476021603,709.8850823063432,714.375016370727,1069800
2021-07-26,720.3934936523438,725.0840645143901,714.9386241656506,724.3198241975421,691800
2021-07-27,712.2828979492188,718.5402583485928,700.3032678767839,717.604009924008,881200
2021-07-28,725.90576171875,727.0330266078719,712.0919418557355,716.4863682579268,716500
2021-07-29,731.4942016601562,733.5767811696779,725.9055744448493,727.596500496201,634000
2021-07-30,732.4781494140625,734.3505876403552,722.9727543376615,726.7749473528991,488200
2021-08-02,735.2583618164062,741.1717651950039,734.0737219982005,736.3665017851516,499900
2021-08-03,744.6966552734375,745.5755286591364,733.2137514662331,736.0988211354681,533700
2021-08-04,759.9339599609375,762.8859089757678,752.597147734515,756.6190448881279,629700
2021-08-05,759.236572265625,769.6399662808526,755.0045339462516,769.5157706701519,723700
2021-08-06,748.2791748046875,752.0144308672284,745.0502053813037,749.444631138152,556900
2021-08-09,753.4378662109375,756.8483479344451,750.4954795324168,754.9090303962963,477100
2021-08-10,754.0206298828125,761.4243218645563,748.804646784283,760.0391616238943,589500
2021-08-11,753.953857421875,757.8898098105187,746.5024102934996,755.7881046441015,421300
2021-08-12,746.1678466796875,753.4569043315971,743.7413677245302,753.4569043315971,764600
2021-08-13,753.7055053710938,754.3073586150632,741.8404485395356,744.3243030580256,454700
2021-08-16,752.167236328125,755.6254719377597,744.8973032261108,752.6258271740157,426000
2021-08-17,741.859375,748.3841924325751,735.9746605653321,746.8270243999544,483600
2021-08-18,737.9332275390625,750.2854459046678,737.5320114868841,741.5347261431756,452500
2021-08-19,746.5882568359375,748.9765444058556,727.1953734297626,727.8258556927882,514000
2021-08-20,752.9601440429688,755.5395061166269,743.2446071502482,749.9986909670121,507700
2021-08-23,775.3528442382812,776.1935261989737,759.0647332885288,759.5041992295565,724300
2021-08-24,769.611328125,771.6175246747682,765.7614388701523,770.0794231609386,453800
2021-08-25,771.7703857421875,777.0246186599063,769.0286361388387,772.2957973723984,471100
2021-08-26,774.7031860351562,779.3746906057756,768.2261220330258,772.1525111875346,450000
2021-08-27,795.7010498046875,797.4684177533326,777.4068003245899,777.8653329216056,658900
2021-08-30,802.0730590820312,805.3402205144163,799.3695009263838,802.4073960558377,491000
2021-08-31,795.815673828125,806.4387731277598,790.2462287493472,806.075807031156,579300
2021-09-01,804.5376586914062,812.7055907008388,799.3025508800737,801.2418101099711,581900
2021-09-02,822.7938232421875,823.5293762251772,810.9383301134228,814.0812958242508,746800
2021-09-03,819.7653198242188,824.4176990913683,810.6038818593978,810.6038818593978,698000
2021-09-07,823.2619018554688,830.0541781357178,819.4310790242183,826.6245713151499,780900
2021-09-08,819.6506958007812,821.4753800770587,811.94129686408,819.287671441348,714900
2021-09-09,815.3614501953125,824.2076774845015,814.0239857119395,817.2529554634535,641900
2021-09-10,820.4913940429688,836.2445291531448,819.0871089727412,832.0220531553596,1137400
2021-09-13,832.3086547851562,833.2353406813932,822.5644298483021,830.3788997721406,636000
2021-09-14,848.3865356445312,855.8952969895075,840.3714293996516,844.3264471979536,978300
2021-09-15,849.5902709960938,850.2398781729468,840.1421920334419,847.3548083308602,799700
2021-09-16,847.6605834960938,850.0202419585096,836.3209986668734,837.9450458920005,811400
2021-09-17,821.4274291992188,836.1966173889476,814.3198845667779,835.9959802848332,1670500
2021-09-20,803.1715698242188,807.7093163344109,792.6249126102866,801.3946978162058,1122600
2021-09-21,816.5363159179688,823.8349360168837,806.7539003106128,821.5708442850475,905700
2021-09-22,826.0991821289062,832.7004422172427,811.5019975109724,813.7660896659188,669400
2021-09-23,840.4671020507812,849.0075626159293,838.0596894680772,838.1838850891089,744500
2021-09-24,829.9967651367188,834.3338741405644,826.4620880610144,828.6019842797892,510400
2021-09-27,797.9842529296875,809.9925707197949,795.825231476925,805.5981445879783,1063900
2021-09-28,745.3082275390625,763.6216615184524,738.5255130852368,759.3227432091177,2390100
2021-09-29,716.8875122070312,751.0973422309656,715.6456142884994,749.9223233636828,2216000
2021-09-30,711.8147583007812,728.2557507336467,709.1207629559892,720.5463515497611,1078800
2021-10-01,708.6622314453125,711.7096886862273,695.8227952660973,711.7096886862273,1180400
2021-10-04,681.0823364257812,697.5328341387802,677.34708011316,696.3291861148431,1663500
2021-10-05,700.1216430664062,709.4455260456253,690.3296651040895,692.6415108919366,1201500
2021-10-06,699.7683715820312,701.8700766462973,686.8811790919751,692.9665321433606,973000
2021-10-07,713.448486328125,719.9923719568479,709.0635640173626,712.1014592783632,1267500
2021-10-08,697.6380004882812,716.2379581308151,696.7400019313944,715.8749337158305,1039700
2021-10-11,689.6322631835938,702.9493547590099,689.1259183164528,690.4825074089102,702500
2021-10-12,692.6512451171875,701.2013274610057,690.1196949277977,701.2013274610057,868400
2021-10-13,711.15576171875,715.9705878933141,706.9332846420762,709.9425510011788,1170000
2021-10-14,743.5121459960938,743.8465412557966,731.4656369385274,735.2104556925675,1370500
2021-10-15,754.1256713867188,754.3549376535378,741.171602541247,746.0628105927184,877400
2021-10-18,752.9984741210938,753.1036031007717,738.4490431498983,739.499924792014,1014600
2021-10-19,765.1691284179688,765.799610666679,751.1641777735881,752.9601746500118,956600
2021-10-20,733.3953857421875,750.0560827781159,724.3580842527422,747.28564577148,1894900
2021-10-21,752.3679809570312,752.3679809570312,729.7365632098622,730.3671038476213,1083100
2021-10-22,765.1786499023438,772.6587828969172,760.6887159174963,762.522904444863,1294600
2021-10-25,753.2085571289062,767.2994533077529,751.8424636827406,763.9558508246367,786000
2021-10-26,755.8739013671875,762.3318403747514,749.1485044681531,760.8129221116593,741400
2021-10-27,765.2073364257812,782.3552528174824,761.5771509856962,762.3987079148277,949800
2021-10-28,776.8525390625,785.1924196227054,774.4928808993551,777.7409749376598,687500
2021-10-29,776.5565795898438,778.0659938448536,768.789862797793,771.1590256984598,583800
2021-11-01,771.369140625,771.8945522353819,760.8893043172914,770.8532331864628,573600
2021-11-02,777.7422485351562,783.1728846668201,777.0430242462036,778.0295729545361,503800
2021-11-03,794.9822387695312,796.4763838773881,776.267046805459,783.8527605456569,566900
2021-11-04,814.5883178710938,817.1360642206,794.5801318981067,796.5340549394059,1058200
2021-11-05,811.2456665039062,818.5631739130813,806.1119417235291,816.2548742856932,735300
2021-11-08,814.0519409179688,820.7756247200958,812.2034189253151,819.3964090288565,728100
2021-11-09,814.1668090820312,819.3484693706655,806.4566355996843,816.0440926043232,676500
2021-11-10,783.3260498046875,800.1735483239374,780.7017228610341,794.5896339220212,737700
2021-11-11,798.2100219726562,803.6214827695844,794.1968926070119,798.0950922237472,416000
2021-11-12,815.6801147460938,818.9078521298412,799.8478682114186,804.5410477065107,531200
2021-11-15,820.5552978515625,825.2293033575237,816.9827708425286,818.9079321768247,638000
2021-11-16,824.2236328125,826.1966717938653,811.4754895365874,815.5748461639248,690900
2021-11-17,823.1796875,831.3591679459554,821.3981591400883,822.9306535110509,549400
2021-11-18,842.0097045898438,843.9252785939991,833.8110501904059,840.3814549945758,865800
2021-11-19,820.9862670898438,830.9281008346306,818.4002304960029,830.257638242349,778200
2021-11-22,790.8926391601562,823.3711715902239,789.906090460165,818.90790975711,880800
2021-11-23,773.3939819335938,784.7724984342445,759.6401719071137,777.3975253751278,1193000
2021-11-24,768.5186157226562,769.5625706674078,744.6218217776167,748.9893275384711,1246700
2021-11-26,749.0086669921875,762.3218722575915,743.2523573188633,753.7401374803646,786300
2021-11-29,780.6060180664062,781.2955966690697,756.6421678262733,761.4502774322295,1410700
2021-11-30,758.0980224609375,786.6783547366839,753.9220850347552,773.0011863288966,1144500
2021-12-01,770.0607299804688,797.5300534826412,768.5665846337791,778.2593841702719,1201200
2021-12-02,756.0579833984375,762.8295451900926,745.4648604426775,751.3265128003351,957100
2021-12-03,738.951904296875,757.3605438552282,727.7649582534192,752.7918807915114,1115600
2021-12-06,724.4605102539062,729.2590323931346,710.1032927291035,726.8453904886896,1222900
2021-12-07,771.9859008789062,775.232812803893,750.6367914661165,754.7361478419721,983200
2021-12-08,769.9841918945312,771.0186183347664,762.5805162910898,769.3042004645897,551500
2021-12-09,739.995849609375,756.6613679092053,739.7564028433354,752.9738526369854,709100
2021-12-10,748.8363647460938,750.5699572271899,739.8714321904203,744.4688574840748,602700
2021-12-13,732.199462890625,748.8362782954581,732.0750043518908,747.6198699939174,615100
2021-12-14,722.5450439453125,728.2151273622673,711.8752813325905,722.5737471605727,842400
2021-12-15,758.7780151367188,759.1419788859118,728.550258717027,732.2952387524921,910700
2021-12-16,723.129150390625,766.0763431369667,721.8073997171904,765.2717763736548,1006900
2021-12-17,718.2157592773438,726.0025725487898,712.5552636221671,719.4512835074005,1656700
2021-12-20,721.0986938476562,724.7765632551165,713.0245563114929,716.0415503390482,647100
2021-12-21,749.985595703125,751.3361082617287,732.7263117757767,742.9841742847937,838100
2021-12-22,758.6822509765625,758.6822509765625,742.2849418412288,744.9667338103384,534800
2021-12-23,767.580078125,771.7081378866762,760.55954128412,761.0958996826668,496600
2021-12-27,777.1771240234375,779.2459767485211,760.8276923792512,760.8660412740704,527500
2021-12-28,770.7981567382812,782.7991958000339,769.1890818145157,782.7991958000339,548500
2021-12-29,768.1259765625,771.2483714424326,760.865993410047,764.4193456601373,404900
2021-12-30,766.4404296875,774.1697792508717,766.153105225025,769.7639816030822,411900
2021-12-31,762.5325317382812,771.2867186674179,762.2834977728847,767.6758430865236,236400
2022-01-03,763.8256225585938,765.6166797531141,751.8245806328713,762.1494951390073,720600
2022-01-04,746.298095703125,760.1285430782251,731.0692581863855,760.1285430782251,874100
2022-01-05,714.1929931640625,734.1820025404254,713.5895826965956,733.5785920729586,1193200
2022-01-06,730.906494140625,731.519491920635,699.002607869573,708.3123289700819,2041200
2022-01-07,724.1826782226562,731.1362207246495,712.2103415342862,726.3760477175177,1363300
2022-01-10,696.4740600585938,696.943366405039,672.6538985007904,686.2736620659574,1973400
2022-01-11,698.3800659179688,700.5638487218705,671.1310677467009,677.145940765125,2120700
2022-01-12,710.8408813476562,717.8135999441907,703.9735637675001,708.1016240955987,959700
2022-01-13,699.2611694335938,745.0816680941648,697.8819537755913,739.8042522190399,1628700
2022-01-14,713.101318359375,715.0838863815911,697.4318756401777,704.5482273842488,1313600
2022-01-18,685.0379638671875,709.7872051835856,684.0897641091738,709.748914749461,1178500
2022-01-19,669.32080078125,707.6897503880018,669.2154582283601,705.8316410408303,1593200
2022-01-20,676.63818359375,699.1652927011543,676.3987368584258,694.2901899068113,1536500
2022-01-21,665.4033203125,690.7559717059889,665.3842043250767,677.4331222694649,1689600
2022-01-24,658.4019165039062,659.5704470305857,621.249380195276,637.9340131978798,2833100
2022-01-25,621.1920166015625,639.9550340640587,616.6425276558266,625.0902173027409,2095300
2022-01-26,625.6838989257812,650.7012888479161,617.4468962567812,633.7005708490948,1376700
2022-01-27,607.869140625,636.9284272218771,604.746803756246,636.736858108419,1465300
2022-01-28,617.743896484375,617.7534837084334,594.4696824502137,606.85386221031,1339700
2022-01-31,648.6133422851562,648.9485443383478,620.6747129751893,623.2319877950121,1357400
2022-02-01,652.7125854492188,654.848489947356,638.1446843917753,653.7374244277021,945000
2022-02-02,657.76025390625,662.0607083898308,645.634695624498,658.9096100533013,713600
2022-02-03,618.663330078125,636.6122485298021,617.2649400577933,631.2678393312416,1212000
2022-02-04,625.2529907226562,633.2984256986493,616.1444261020217,620.6939148001725,863100
2022-02-07,622.59033203125,633.4898946657224,621.1727674729883,626.5364099236075,520300
2022-02-08,625.8850708007812,627.695302341764,608.7694210225733,609.966654826078,745300
2022-02-09,651.6495971679688,653.4310671237025,635.8556974212826,642.4739804854845,842000
2022-02-10,629.151123046875,649.0156158780521,625.4349048467421,626.9578118835781,961200
2022-02-11,601.7200927734375,632.4459159612815,598.8563190099294,629.7832400532985,1116300
2022-02-14,601.404052734375,608.1469111132485,593.8279827409045,599.7183965983401,890200
2022-02-15,628.700927734375,630.55903681958,615.1961546587241,620.1478969919724,821400
2022-02-16,635.83642578125,637.8861038688085,617.456492011608,623.5192997276191,610000
2022-02-17,622.973388671875,634.2656763073907,622.5615472787167,631.4785418713924,1020600
2022-02-18,620.4832153320312,630.0036211677439,613.9319260365708,624.5921008265125,899400
2022-02-22,613.2422485351562,625.4348572913497,603.2716539845117,611.5469469839614,934000
2022-02-23,605.0629272460938,626.8238841987592,604.3733484788473,623.5961458082248,997000
2022-02-24,629.1127319335938,631.0474215930436,574.3656035767017,574.9498395173737,2047800
2022-02-25,638.9588623046875,638.9780367515712,622.561553450501,629.1798359353635,1295400
2022-02-28,638.3746337890625,644.178820771326,620.3107846860242,620.3107846860242,1979000
2022-03-01,607.4381103515625,637.0241061599163,601.0879779063031,632.3405721890728,1097300
2022-03-02,627.704833984375,630.6260725145239,611.1638345130278,615.464347059713,1035700
2022-03-03,604.16259765625,626.1055362642466,600.7145869438718,624.4964607012238,1020200
2022-03-04,569.2319946289062,583.6945553970178,557.0776748810491,578.2160416461211,2025300
2022-03-07,550.0955200195312,594.4122935161414,549.5303998560253,591.3282468267943,1607200
2022-03-08,548.8502807617188,568.4274507828316,535.1826990442955,549.8464167266496,1441800
2022-03-09,595.1115112304688,600.5325609391324,569.8833712261304,583.4360831858245,1593200
2022-03-10,574.7392578125,582.8612729463784,571.0134523154178,574.2316026372927,735500
2022-03-11,561.1195068359375,589.039022078923,560.1904814791668,588.0812350511524,819000
2022-03-14,553.1699829101562,576.1089979275206,552.940123336693,574.2413012050947,1621700
2022-03-15,571.5115356445312,572.9386289737125,559.2135243896901,566.933285555716,1542500
2022-03-16,623.1649780273438,623.5193545506244,591.0982870715181,595.2071723720492,1815200
2022-03-17,626.488525390625,628.6914825110066,612.4760952918767,615.9816288520296,854900
2022-03-18,651.1610717773438,654.5516752541452,620.0713424075777,621.8336377939855,1689800
2022-03-21,654.082275390625,654.5420528891307,640.759484330621,649.5902521531589,1293000
2022-03-22,659.666259765625,668.6311327450858,656.3714698938551,658.9575066844991,1111100
2022-03-23,637.273193359375,650.6917996159842,635.5970659803147,640.567983231418,999100
2022-03-24,661.3902587890625,661.3998460131014,635.2043931700489,638.0777543649147,1176700
2022-03-25,658.3442993164062,661.5912104924423,643.9200329178492,661.3134733746333,768600
2022-03-28,665.499267578125,665.6620750266052,647.4641190186835,651.4006102092592,687100
2022-03-29,679.2052001953125,684.4538551216447,668.2193510793123,680.0288831222485,1076200
2022-03-30,655.66259765625,673.0847436984384,651.4100214836504,670.4508297245206,1031900
2022-03-31,639.7347412109375,660.0110780830306,639.3228997662054,655.5956935094865,780700
2022-04-01,639.5430908203125,648.6037768290093,633.8921826307125,646.7839581568711,739400
2022-04-04,652.0901489257812,652.7701402919738,641.7077119751359,644.1021795094592,731200
2022-04-05,619.1710205078125,646.6499325615088,618.5292611115574,645.5676285478207,1251500
2022-04-06,601.9788208007812,612.322910497457,591.337819421119,599.6609922284771,1110700
2022-04-07,598.9041748046875,605.4171144453936,586.9127218092101,598.1667185968848,713500
2022-04-08,585.1408081054688,596.13618421902,584.250073205623,595.1879844372062,840800
2022-04-11,572.507568359375,584.8534563090839,571.9233323436101,581.4149753994105,859600
2022-04-12,568.925537109375,596.2224694454309,567.0099629103536,587.190544112087,1067900
2022-04-13,586.8934326171875,591.1555954505159,571.2431710181463,576.0225176639868,934200
2022-04-14,572.6322021484375,590.4853687622291,570.8411448438272,588.5793816756205,814200
2022-04-18,580.0166015625,587.9470466179467,570.6207145043116,571.8466513257372,576800
2022-04-19,591.098388671875,592.9852013791314,570.8411661863171,572.306608649618,1230800
2022-04-20,607.15087890625,625.0040469523124,602.4385820902098,623.2896288510581,1857900
2022-04-21,593.808837890625,621.4218568328549,591.6634041026583,617.8301551453162,940700
2022-04-22,581.9609985351562,594.6612646759836,581.826894312746,589.1156984813465,1093400
2022-04-25,574.4999389648438,575.0458846968543,559.0316519339569,567.7092018337227,2074700
2022-04-26,536.7726440429688,562.6807746903621,536.2650472533262,560.4491727270067,1803100
2022-04-27,533.3724365234375,543.4292001608294,521.036135118209,528.7846577758854,1904400
2022-04-28,565.6115112304688,570.3238653381862,540.7665142309152,550.6796447087241,1513500
2022-04-29,539.9716796875,564.0408754180743,538.7169808606832,552.1164137215297,1225300
2022-05-02,546.9826049804688,547.394446376503,530.1733963196218,535.1539004243662,1146700
2022-05-03,550.3462524414062,554.936659621818,542.9592096713794,546.4405686380491,825300
2022-05-04,571.5240478515625,573.0766688733687,544.540944814125,558.4471976524713,1112800
2022-05-05,544.0682983398438,563.7414587440862,538.2049744394978,561.5716274727554,1231800
2022-05-06,531.3676147460938,541.6670743352691,525.6296042303762,535.3697718677606,1214600
2022-05-09,494.3935852050781,516.7091069993138,492.1755473818421,511.3183150751332,1714700
2022-05-10,504.7220153808594,511.51115486410833,494.07539824249307,510.3443055441156,1232900
2022-05-11,502.7257690429688,524.7905461766043,501.9253259399924,512.3502159211923,1302800
2022-05-12,503.7480163574219,510.1996503910215,491.3944459449754,496.36097220182535,1134800
2022-05-13,528.7830810546875,531.6472301611635,519.0333197251581,521.2995644620578,946800
2022-05-16,515.889404296875,521.7045209684926,509.1870254287094,514.2499646020062,757800
2022-05-17,541.6187744140625,543.306420812909,529.2941056026204,537.1055328221138,895800
2022-05-18,509.476318359375,533.132326885192,508.09727724528847,527.6836164864985,1037900
2022-05-19,507.2583618164063,517.9146331204987,503.70948908596296,505.1078366463289,905500
2022-05-20,513.854736328125,523.0644544648292,495.8499130693135,522.1482915499794,1205700
2022-05-23,534.8489379882812,537.9445851788126,526.2756792677354,529.6702786397494,977000
2022-05-24,526.9603271484375,537.6841094140259,523.2957354580413,535.7746769715445,1085500
2022-05-25,528.5516357421875,532.1969217323489,518.8597343381414,522.3893007007066,832600
2022-05-26,540.1144409179688,542.4385455487534,522.0614130034865,523.0740480818205,933800
2022-05-27,562.5938110351562,563.0566895000957,551.7156962255959,552.2268402476628,843900
2022-05-31,555.7564697265625,563.9729165801016,552.4390363413232,563.760783546259,822300
2022-06-01,543.576416015625,559.0931451580155,537.1537418766964,556.865454256176,542100
2022-06-02,559.85498046875,560.6072168405688,542.7663832534216,544.3093507221897,669200
2022-06-03,543.56689453125,549.5459383683275,540.9052252822576,546.9517820478754,531000
2022-06-06,551.3203125,562.6709585116292,549.1408283653878,558.9581012218162,483300
2022-06-07,556.4508056640625,557.4248281910528,543.07500658451,544.598667880961,479000
2022-06-08,547.2218627929688,557.3573962364565,542.4771810619989,553.1623533547936,605700
2022-06-09,523.0835571289062,544.5215279640922,523.0256973218928,539.4778362009504,658600
2022-06-10,502.9475708007813,516.1208301038138,500.893459395061,513.1023493568326,928900
2022-06-13,475.9934387207031,484.5956267761552,474.1032829243857,480.30417114505497,1395100
2022-06-14,473.6693420410156,480.8538765781186,467.1887783467632,476.1959852182899,965400
2022-06-15,487.3248291015625,493.9500723235116,476.39853555720987,481.5868482038951,841700
2022-06-16,451.4696044921875,466.8030746394952,448.9140310393401,462.6659504089364,1223100
2022-06-17,456.4842529296875,461.56646897877226,445.3940050348911,450.84268615803006,1328700
2022-06-21,476.7360229492188,480.10166276701045,471.06552611874633,471.5573639347216,1081400
2022-06-22,468.201416015625,478.9445069174442,465.2504475502533,469.1079257460567,845800
2022-06-23,468.201416015625,470.0433653857479,459.0977651191114,466.6584188512591,739100
2022-06-24,496.9009399414063,497.18058585146827,480.545215258885,481.2684922411712,907800
2022-06-27,489.938232421875,498.6271806005607,487.64302856818585,496.6212757913625,696500
2022-06-28,472.9364013671875,493.19781189520415,472.0974046973456,489.94786229319857,847200
2022-06-29,467.3527221679688,476.10921333017103,464.84535569036905,473.6018468525713,847400
2022-06-30,458.9240417480469,467.3622726551939,447.59270310130665,457.2556723566712,866400
2022-07-01,433.80224609375,441.642573515654,427.65921812334096,439.0773475465416,1570200
2022-07-05,416.9932861328125,417.6201203018393,397.96629837348826,404.2539757156201,2778300
2022-07-06,413.5987243652344,421.9983730176278,410.1945017959706,417.8130136428259,1464700
2022-07-07,435.7985534667969,436.6664800955073,423.02065811068906,423.12675405509583,1400900
2022-07-08,436.8111877441406,439.0774325817584,424.95907805164944,428.768320013981,739100
2022-07-11,423.4159851074219,434.1301434000217,422.3069662916449,433.541862819692,745600
2022-07-12,419.0088806152344,428.6140217035587,416.4918904309716,424.8722634599409,848000
2022-07-13,431.0827941894531,435.8371284808119,414.0037901619323,415.14176847178805,1052500
2022-07-14,440.6203002929688,442.5297619848788,419.0666418722337,426.4440901094872,1075900
2022-07-15,458.6830139160156,458.8276634372867,444.1017535675316,448.8078808610038,1630500
2022-07-18,456.6096496582031,469.4839580425047,453.7358181534468,466.3786872915359,1039500
2022-07-19,480.6030883789063,483.0622478449437,466.8029655289484,467.5937554480765,1415000
2022-07-20,496.0909118652344,498.34756225807376,473.1196541241079,475.3376920685865,2294900
2022-07-21,522.9486694335938,523.8840795988602,505.9082179293376,511.11583679177073,2281900
2022-07-22,515.2239990234375,527.3653766653003,510.3731927452774,523.083574225064,1459900
2022-07-25,519.7662353515625,524.2987840717965,513.1603273862113,516.3427351734575,1194600
2022-07-26,505.49359130859375,510.76872357123176,500.0641858102144,509.2353500251434,1029500
2022-07-27,526.71923828125,530.2584572729097,513.6134919318183,514.6067617431283,1110900
2022-07-28,540.7316284179688,540.9534145614267,521.4924456587341,528.2815855591763,1216800
2022-07-29,553.9722900390625,556.363907011569,539.5646106809397,541.4451425438708,1210700
2022-08-01,557.5501708984375,562.2755454620277,548.6683078732874,552.8150843631106,895500
2022-08-02,545.4472045898438,552.4388814002604,538.8412990096895,542.0526649773242,876600
2022-08-03,563.056640625,566.7308852726093,548.9672193972755,549.6904963661783,825900
2022-08-04,568.8528442382812,572.9998824591506,561.7380307174315,563.73906648878,680100
2022-08-05,558.0744018554688,560.268785804231,547.1218936065794,552.5836628617129,767900
2022-08-08,553.6664428710938,563.1495794103181,546.1649902240775,558.7415172055735,700600
2022-08-09,523.0805053710938,533.897663232913,515.9560743407252,532.7376347568213,1138500
2022-08-10,547.1895751953125,547.2282801826335,532.1286740085336,540.1037894448268,1074800
2022-08-11,543.6707153320312,555.2225582847763,542.4237188163625,546.8897776882352,833300
2022-08-12,556.7694091796875,558.7317402211019,543.3905230046395,543.8738633303037,811600
2022-08-15,555.783447265625,558.3741446630358,548.9683596006194,550.1476818256631,783100
2022-08-16,547.798583984375,553.2700295074392,540.3841599149305,547.527944082998,697000
2022-08-17,538.7119750976562,547.1317282073885,533.5208442404022,540.4712824627336,667700
2022-08-18,542.5977783203125,547.073513965532,536.7976950480452,538.7117626489121,580600
2022-08-19,527.0922241210938,540.2293792061278,526.289862777682,538.6247155208001,794400
2022-08-22,502.7416076660156,513.162394287357,501.3302326906783,511.6543748485941,795800
2022-08-23,508.23236083984375,511.71238764156857,502.1519606829866,502.6739470027936,592900
2022-08-24,507.93267822265625,512.9014308763442,504.33659555837687,505.4386256491644,485200
2022-08-25,521.7561645507812,522.220152346693,504.37526667808646,504.9552514229762,758300
2022-08-26,492.9491882324219,521.7465867807504,491.8181587649132,521.572591324443,1229700
2022-08-29,483.2243957519531,494.3122255411198,482.76037835466377,489.4498223703257,754100
2022-08-30,476.5929260253906,490.7354699186201,471.21818349122793,489.672115208461,1006400
2022-08-31,473.6155700683594,484.86771868299087,470.4835338716356,484.16206061440494,936000
2022-09-01,454.2626037597656,463.059374456262,445.5334782911359,461.996049295677,1665500
2022-09-02,451.6235961914063,470.6768661144087,450.48291995062414,463.8714251596344,1145400
2022-09-06,454.2626037597656,461.9670500549475,446.8964721061771,453.72123543155857,996900
2022-09-07,460.7974243164063,464.944493457485,450.0866133899804,453.2670016730484,745400
2022-09-08,466.6650695800781,467.2837593376034,448.7041566302216,449.94150664452087,943300
2022-09-09,484.3070068359375,486.4143635779173,478.7969153171439,479.0095862406947,1012800
2022-09-12,488.1060791015625,493.9738380347194,483.0116824293818,489.8847680506773,1041400
2022-09-13,455.4033203125,472.1462384638381,452.9962651153126,467.873496445716,1188200
2022-09-14,462.1701049804688,465.4858131059876,455.403339254549,461.0777509360205,663700
2022-09-15,450.1348876953125,462.421391831962,447.4765156188871,456.7953322580648,853500
2022-09-16,451.68157958984375,456.4569848459424,444.5861464382502,446.6355049042834,914000
2022-09-19,455.4129638671875,457.23032843679545,444.3348104916968,444.3348104916968,646500
2022-09-20,446.56781005859375,450.9855479590122,442.121072917066,443.6581211981184,906700
2022-09-21,439.7624206542969,460.3043866330882,439.70439266848535,446.1714892590453,783900
2022-09-22,426.3448181152344,437.1233008553063,424.4694553998353,435.6829562081985,952900
2022-09-23,421.6081237792969,422.38145651904046,413.11099238534354,419.1527466044437,1362300
2022-09-26,416.4557189941406,426.0838507137066,414.8220262158249,419.6264305785351,1164000
2022-09-27,418.8530883789063,427.7658856047588,412.2893181717176,424.2278307059145,876400
2022-09-28,426.5285339355469,428.64556701894975,409.07028293324765,411.9413257791808,957100
2022-09-29,413.5266418457031,414.425647758215,405.2615341970581,411.4289318824235,1141800
2022-09-30,401.5107727050781,413.7875980007104,400.1574258340064,400.2057480612503,1084700
2022-10-03,417.2966918945313,420.9990952688097,406.9918727246448,409.485925298056,1452400
2022-10-04,449.6128845214844,452.1842589426435,440.5937658024307,445.8428353704452,1954600
2022-10-05,453.653564453125,458.93163247157656,437.95465084582406,441.7150526845724,1193800
2022-10-06,446.7418823242188,458.38069800039335,446.1135161990394,449.78692096623234,926100
2022-10-07,419.790771484375,433.7689661881905,418.3213979354748,431.6229338477081,1412400
2022-10-10,407.83294677734375,419.6071109723169,402.4871740270952,419.45243851563976,1383700
2022-10-11,386.2469482421875,398.9007953963192,380.8818820170552,398.7847984294035,2044200
2022-10-12,385.0578918457031,391.43799006089847,384.26523613016326,390.3553124487688,1277100
2022-10-13,391.892333984375,397.0447584268106,351.0500760659705,352.7514434692028,2782200
2022-10-14,366.4976196289063,392.1049792149466,365.9852800922912,390.9063047143568,1727900
2022-10-17,379.1515502929688,386.285659425036,375.8744881710203,381.31690587749057,1417900
2022-10-18,385.6958618164063,395.53669220056526,380.0891264468807,393.8063257620819,1324800
2022-10-19,409.8919677734375,417.46109469153714,396.7161337136727,402.0328779266,2435200
2022-10-20,422.7004699707031,433.9623240167634,414.4933600562727,416.8810626268847,2090900
2022-10-21,446.8287963867188,447.4571328934832,423.1161218104133,425.80349277072617,2756600
2022-10-24,457.2110595703125,460.2270992127884,444.2865408519959,454.7556818610623,2389300
2022-10-25,469.8165588378906,479.2320206660029,462.4117801524611,462.5471001280394,2047200
2022-10-26,467.9604187011719,479.66693637241366,458.4482849220569,460.0916537795373,1879400
2022-10-27,458.60296630859375,473.2868476013357,458.1969474591565,466.03674279586414,1075700
2022-10-28,472.8808288574219,473.5478408597343,453.266899893184,454.204551794179,1436100
2022-10-31,456.6793212890625,464.85743196600856,455.9349582499967,463.07874297130365,1063600
2022-11-01,459.5406799316406,467.5544712654003,457.1046256657127,467.2741255997212,760700
2022-11-02,431.4586181640625,461.1067305712736,431.39097293025566,454.38828737166216,1887400
2022-11-03,426.5427856445313,433.1747891967896,423.8279111819432,427.396001469195,1615700
2022-11-04,454.5058288574219,455.3299581563104,440.51459770438726,448.2907423169066,1587800
2022-11-07,468.6909484863281,470.6785996457562,455.32994638532494,460.391216269045,1429400
2022-11-08,488.276611328125,490.6036251598241,476.1276302355864,483.09899593597896,2316100
2022-11-09,474.5763549804688,488.8875382361677,474.0430913703115,479.4728109201652,1302600
2022-11-10,543.7372436523438,544.7359513909058,504.5366629719561,515.337927431951,3518000
2022-11-11,558.911376953125,561.0250795119485,541.5071961251697,543.727598734769,1982800
2022-11-14,560.2494506835938,572.3499354600511,556.4292572401166,557.3019133911478,1806400
2022-11-15,579.3018798828125,589.8219845233855,568.704250521233,588.2997185703714,1669400
2022-11-16,559.16357421875,566.1931144082351,556.3517344712823,565.7761970571195,1418900
2022-11-17,571.1184692382812,572.4952725006905,551.6490567257824,551.6587621087627,917900
2022-11-18,575.1229248046875,581.687078844206,567.0171532685097,581.3865078167383,1115300
2022-11-21,562.6443481445312,566.0379191057259,557.612164837764,563.5267097347833,849800
2022-11-22,578.080322265625,578.3905987291096,556.7686552226099,564.0308880078422,1082400
2022-11-23,585.488037109375,591.451050884229,577.0816920218992,577.0816920218992,874700
2022-11-25,573.8431396484375,579.7188625929664,573.8431396484375,578.7783279332688,408900
2022-11-28,565.6015625,579.9418002626984,562.7703125565658,575.7241006793082,1056200
2022-11-29,561.2191772460938,569.1504316970297,559.2315257344382,566.3289453743096,562900
2022-11-30,589.6279907226562,589.9091509591051,559.3961342144268,567.5019051229507,1569700
2022-12-01,592.6727294921875,597.8115545115741,583.0737464116953,593.10905766479,1245900
2022-12-02,587.2913818359375,588.9784618446174,578.846217228155,582.0458578493594,719800
2022-12-05,582.52099609375,588.697290699995,575.3363473894672,586.6999340967394,873900
2022-12-06,575.0162963867188,586.0696644875892,568.9757595526588,585.1485406159874,839200
2022-12-07,583.06396484375,585.6334066073262,572.7281430110108,574.2019413821956,878600
2022-12-08,588.435546875,590.9274047550073,569.7902574227835,573.8819653497691,1019300
2022-12-09,579.5250854492188,592.5854598231498,578.2646278259684,584.6542052513093,870700
2022-12-12,591.4412231445312,591.4509285300612,577.6827147513943,578.7201849570388,819600
2022-12-13,609.1653442382812,623.7964486005949,598.7907020990413,623.4279990517474,1334000
2022-12-14,597.1326904296875,607.7012629281961,591.3830191327348,603.5707930923417,1167500
2022-12-15,568.5103149414062,586.4089364335581,566.4935480200477,584.6636835423998,1420500
2022-12-16,556.85595703125,567.9383839520646,548.5368430060055,559.70655922568,2097300
2022-12-19,551.3194580078125,558.3392916280919,545.5600816146308,556.5940386075586,906800
2022-12-20,546.0352172851562,551.6588962985029,544.0863877445101,545.1432095214637,845700
2022-12-21,563.2940063476562,566.202781401239,550.0493507966686,551.7558416301059,797700
2022-12-22,539.0445556640625,553.685367700287,530.1727673084631,553.685367700287,1351800
2022-12-23,534.6036987304688,535.2824246646862,526.032542399799,530.240536669436,602600
2022-12-27,520.84521484375,529.8818157658135,520.1956050341148,529.4454877047367,802600
2022-12-28,515.4736328125,525.3246562903927,512.9236024650769,520.3797633739392,609900
2022-12-29,534.7007446289062,538.482176200985,523.7250178777223,524.7430773996865,841000
2022-12-30,529.7849731445312,529.8624978780464,520.4477995532718,524.4133967997212,703200
2023-01-03,532.8584594726562,546.995121484846,529.1740232509,544.2123983441045,675100
2023-01-04,553.4720458984375,558.0097279465185,543.9991160654964,553.4429297414719,1087300
2023-01-05,548.129638671875,556.1093601785744,545.4438504720823,548.1878118121975,710900
2023-01-06,577.731201171875,580.475162302434,550.0300178819623,557.8352193716115,1025800
2023-01-09,602.4365844726562,613.1602691011292,594.165936711053,595.3197535018024,1348800
2023-01-10,614.129638671875,614.5077935994588,602.707821200298,603.6968235711555,873900
2023-01-11,625.0762939453125,625.5223273775086,614.0423370084708,616.2239180678419,806500
2023-01-12,632.716796875,636.3333552043847,615.5356592846692,631.6308588375571,1322200
2023-01-13,639.6299438476562,640.6480032855313,629.0031976289854,629.5849881500427,649700
2023-01-17,638.175537109375,642.8198598566114,631.3011062006323,631.3011062006323,902600
2023-01-18,632.4549560546875,655.5506377191842,631.7277622712179,653.0394283272775,1152700
2023-01-19,611.0851440429688,635.7418528685006,607.953381916825,634.7043826902424,1534100
2023-01-20,629.1195678710938,630.816353391938,614.9150845898207,618.68681060773,1033200
2023-01-23,655.47314453125,655.7155424707369,636.8763225361349,638.0398444815088,1780900
2023-01-24,649.6361083984375,652.5739403135193,639.8529026485481,646.4461140074745,1066900
2023-01-25,660.805908203125,662.2505904734803,635.1020208810644,636.9830312842778,1569200
2023-01-26,663.1038208007812,664.1121749152168,647.5127689069717,661.1646373028163,1593300
2023-01-27,647.0958862304688,657.4995873171848,646.407454747296,646.9116614211232,1249700
2023-01-30,630.5352783203125,638.2241346467928,627.9270738571456,630.234707211733,1209900
2023-01-31,640.7449951171875,640.764346709044,627.6166858283715,631.4174686631812,801800
2023-02-01,657.8970336914062,664.2575523839893,635.9454650992664,639.47479281713,1274200
2023-02-02,675.3692016601562,677.3472069392342,664.1219596989943,675.7085943203857,1318600
2023-02-03,658.953857421875,672.2954476905041,657.3152452035499,657.8194517873966,1015800
2023-02-06,643.23388671875,650.3953442984225,640.8240984405804,647.0720996543254,783100
2023-02-07,659.509765625,664.3391276717172,640.5811383444211,640.5811383444211,1236100
2023-02-08,644.030517578125,655.7880774479814,642.6409990976897,652.4648336675078,763900
2023-02-09,645.3326416015625,662.9689524355032,643.2823767277375,654.0681814857229,686500
2023-02-10,637.7728271484375,638.5696252118222,630.2810868159668,634.6051471064997,731800
2023-02-13,649.812255859375,653.9711450138457,638.715499324562,640.4742674763477,596000
2023-02-14,658.3048706054688,661.7058080701079,638.608624532313,642.9812584154205,1013400
2023-02-15,657.6537475585938,658.3047674508144,642.2912319621819,643.0880300173868,683500
2023-02-16,637.7049560546875,649.2875607943713,636.898431418595,640.0564447888909,946300
2023-02-17,633.4779052734375,639.376108405584,629.0664258154285,632.331310858562,1149600
2023-02-21,611.9548950195312,625.7140878742418,611.7119709561473,619.9519362076896,1022700
2023-02-22,606.5426025390625,617.4158871136673,602.8695618529248,614.6562433726825,1017300
2023-02-23,620.0297241210938,624.6841280920756,608.9426360192665,623.9553558600718,1093000
2023-02-24,600.8775634765625,606.9895118603199,595.3777291995322,601.8978327312884,995700
2023-02-27,614.1898193359375,621.2734640747663,608.5345397030621,613.5387401076882,804500
2023-02-28,600.2459716796875,607.5531472633627,592.8708295417391,595.115445754285,1381700
2023-03-01,597.5445556640625,605.483296555068,594.6391936824808,603.4913313212274,794300
2023-03-02,606.5035400390625,607.397543155364,586.1562212687403,589.1587883225413,795800
2023-03-03,619.3397216796875,619.6214922237467,604.171558403467,607.6501880585396,1024100
2023-03-06,603.3942260742188,615.1906334512603,602.3059309571827,609.5645331958165,1403000
2023-03-07,591.8699951171875,604.142525707875,588.1678341107482,601.8201570186075,1033000
2023-03-08,601.8687133789062,602.9861285419908,591.792227468478,594.483785896707,1081800
2023-03-09,587.6235961914062,606.2316035913855,587.448697978722,599.6046278751675,983800
2023-03-10,584.1934814453125,599.8766127091114,582.4638337780896,596.7186001256425,1043500
2023-03-13,587.66259765625,595.620734513125,573.1940235242411,576.3325840267288,966900
2023-03-14,602.7431030273438,602.8888811712119,593.9784441846807,600.0126392496605,844600
2023-03-15,589.5183715820312,591.850466191538,579.7236572527843,583.7173144120072,1047200
2023-03-16,612.7128295898438,613.1598312481016,582.0363696293517,583.7465646429541,1063200
2023-03-17,615.754150390625,620.3308607173155,609.0688759741467,615.7736032925307,1109300
2023-03-20,628.0364379882812,629.9798304391411,621.0110339492336,628.0072586338555,935600
2023-03-21,623.9553833007812,637.2676351856992,617.221534697837,633.2642509597725,848500
2023-03-22,622.2453002929688,642.6801067248491,621.4387755693617,624.8008669037656,955500
2023-03-23,645.36181640625,654.86503509866,636.4028046006918,639.1235424967595,1171500
2023-03-24,629.2025146484375,640.2992694539481,621.6426891945544,637.4910529977287,842700
2023-03-27,625.821044921875,638.8709202560118,624.8493485368375,636.8206551174164,800300
2023-03-28,621.603759765625,626.3747617230077,614.4812104453208,625.8694607512022,793200
2023-03-29,640.4644775390625,646.3432284488305,630.1158879458761,631.1847894888757,1101800
2023-03-30,657.5274047851562,661.3656167959602,654.4471443094678,656.0893133279197,892500
2023-03-31,661.4434204101562,663.8434818422671,654.5637938888698,655.9824918605393,681600
2023-04-03,654.9135131835938,656.6139815357614,648.5003419784707,655.7005847342919,657200
2023-04-04,649.75390625,662.3082064481631,647.2080665652558,656.7501318105194,877900
2023-04-05,645.1091918945312,645.9642893759864,638.7056872357587,644.8759349660694,850300
2023-04-06,638.52099609375,646.3723179208107,636.7719548120006,639.6675904818705,679600
2023-04-10,642.9130249023438,643.2530948159153,627.2201090894924,631.534442166362,688700
2023-04-11,641.095947265625,653.6988170653697,640.3185429487542,650.5602576780639,787400
2023-04-12,636.1307983398438,652.9800415795376,635.1882812117819,650.0746785623284,897300
2023-04-13,646.5764770507812,651.8916872120898,641.1738474255327,643.5836948327749,1118600
2023-04-14,647.3441162109375,653.601843038377,640.7074135755187,646.5764381423168,645900
2023-04-17,620.9527587890625,623.9261469826495,614.3841418671371,620.6612617715801,1536500
2023-04-18,625.121337890625,629.9215195288518,618.7372866892752,626.4428304992338,910300
2023-04-19,605.9498901367188,610.1768053320982,599.4201183780613,607.0770912452115,2266100
2023-04-20,615.6376342773438,621.7690355816364,607.659986272891,607.659986272891,1692900
2023-04-21,616.51220703125,619.1066792074049,610.0310084329238,617.5228092778938,982000
2023-04-24,609.6228637695312,623.1585868738795,609.185588548379,622.6921916020577,1431400
2023-04-25,588.6148681640625,608.7386642720722,588.6148681640625,608.7386642720722,1404900
2023-04-26,591.860107421875,597.7194637352163,589.0130447895624,596.3493389371394,844200
2023-04-27,611.43017578125,613.4318678048144,595.4263660450429,604.1619063708067,1127000
2023-04-28,618.8345947265625,619.3010493576503,608.7872865189863,613.0044159529507,823000
2023-05-01,619.0274658203125,622.9353785020278,617.8872713272258,618.832546035564,469300
2023-05-02,617.9067993164062,621.2884825373005,612.5273813645927,616.7568497674018,738100
2023-05-03,618.5791625976562,628.2368818819284,614.6614949644122,617.799542931846,582900
2023-05-04,618.8812866210938,623.0620990700191,613.8136694145849,616.0356479862053,614000
2023-05-05,633.7625732421875,637.5632418341561,617.7606503357233,620.4698393799413,801400
2023-05-08,638.3135986328125,638.3233535445102,632.6807914202917,635.1561002635641,518900
2023-05-09,626.6775512695312,627.476680717816,622.0290387639192,624.1924876878501,746100
2023-05-10,640.4088745117188,643.5858826657848,635.3022972623577,637.7191360872662,813600
2023-05-11,633.6358642578125,635.6726780628761,628.7242064021011,634.2108687566458,560600
2023-05-12,631.02392578125,634.4250582817818,625.7516350750217,632.807349281835,375300
2023-05-15,638.9957275390625,639.0054824498347,628.4609592355511,630.410037992768,893400
2023-05-16,635.4484252929688,641.1202519298901,634.9904203104896,636.1598795261418,709600
2023-05-17,653.4287109375,654.3058202480042,636.1501452661468,640.2626732553144,1162700
2023-05-18,678.211181640625,679.4975807562753,657.8823045076051,658.0772242792788,1459000
2023-05-19,676.3302612304688,682.050802053277,676.174361117168,680.2284183557164,949700
2023-05-22,680.8522338867188,681.7877536609043,671.2920045666835,673.270288656818,856000
2023-05-23,664.0999755859375,675.7262250580994,661.5758920278303,673.2606114926308,958600
2023-05-24,649.813232421875,653.7601653500757,644.3460795922493,651.0509167363304,1159300
2023-05-25,690.4417724609375,692.8878762877891,676.0965786050513,683.171745368896,1929800
2023-05-26,717.1928100585938,723.4103765059878,697.4194260379908,698.4037203991452,2349100
2023-05-30,709.718017578125,728.1075698626026,707.076994596998,724.2094125667954,1411100
2023-05-31,704.5238037109375,711.4527649865258,695.1195336235746,708.5584113452679,1347600
2023-06-01,708.2660522460938,714.0645143652094,700.2553070692838,705.7614787319827,992100
2023-06-02,706.2000732421875,713.8988996119309,701.4345608064787,711.413835780439,813800
2023-06-05,703.8124389648438,708.1296418131376,700.1092007601908,706.1903177246603,663700
2023-06-06,698.38427734375,699.3685717990058,685.0525835354429,689.7303614448391,845400
2023-06-07,692.1275634765625,701.8144862992124,687.6056869417897,695.1973265199326,921200
2023-06-08,701.7171630859375,702.0777379465583,690.334548733793,692.9950225651766,762400
2023-06-09,697.6337890625,707.1355486000426,694.466535883319,702.2141363255488,864500
2023-06-12,711.5794677734375,712.1642271438251,701.6684180235816,703.6077420508542,1058900
2023-06-13,718.4987182617188,720.57449204561,705.3716409596292,718.4499437043576,876100
2023-06-14,721.36376953125,722.8352739363202,709.6205231718905,716.6859332228972,821400
2023-06-15,719.8825073242188,725.4861088396495,703.9293022031288,704.8551265236503,820400
2023-06-16,703.5006103515625,714.4933854709587,701.6684712514676,712.7782458387518,1337400
2023-06-20,702.0679321289062,706.2877045608178,692.4882522556406,702.2726068246226,799300
2023-06-21,689.291748046875,701.2298564298852,686.9138693856247,700.3235418699765,820300
2023-06-22,699.1443481445312,699.4757177422752,682.5187068530247,684.1072109774813,699800
2023-06-23,680.1213989257812,683.7661672084357,678.2015251438888,680.3260141567417,916900
2023-06-26,682.4114990234375,695.9381114286537,682.4017441118925,685.1792172496682,714000
2023-06-27,706.6190795898438,708.158809091198,686.5825509187981,688.9019595634635,1115800
2023-06-28,705.7517700195312,711.413842192529,699.0566883453363,701.1129524356446,866400
2023-06-29,704.9329833984375,710.809483966206,703.2178441835745,709.0942852701842,768100
2023-06-30,706.2974853515625,708.9287538334455,697.4388953414959,704.1340362654345,963600
2023-07-03,715.1949462890625,718.401159352374,707.6617761122214,715.3021313425862,531900
2023-07-05,697.4486694335938,704.2119759634309,696.2500048789192,702.8379014359627,954800
2023-07-06,681.5051879882812,685.7639206737056,675.5799714115817,683.863556828813,1218700
2023-07-07,679.000732421875,687.7715890935887,675.9991337061585,680.1312317023559,1352000
2023-07-10,691.75732421875,694.6809424409893,685.5202482188403,685.7931478038752,930900
2023-07-11,687.0503540039062,691.7086814089658,677.9773935522646,690.8705322253419,623200
2023-07-12,706.4046630859375,711.9010799499432,703.841619531731,710.9460503071876,1311700
2023-07-13,731.6256103515625,732.3662697221589,721.3539877423286,722.2992622940085,1209100
2023-07-14,734.8223266601562,752.3250188181491,732.824473008225,741.2835286011673,1843900
2023-07-17,735.2802734375,737.6483972061726,716.7542686403041,725.5446336725677,1355200
2023-07-18,737.755615234375,740.6499687983243,723.5468136519121,729.735115256642,1220600
2023-07-19,697.5558471679688,723.9171263019267,694.9732939400126,720.3795434865169,2406200
2023-07-20,658.9152221679688,680.0432257876843,656.1962790971763,679.2538513812507,2918800
2023-07-21,675.7066650390625,680.0920926047072,671.7208319610751,677.6070288804088,2524100
2023-07-24,667.052734375,671.2140368022884,663.5151514624706,667.5595139158876,1145300
2023-07-25,669.8008422851562,677.616666426845,667.4716791060067,667.4814340158944,1061900
2023-07-26,666.8772583007812,672.5977994666731,660.1919327055139,662.6185261445278,752200
2023-07-27,690.0907592773438,702.07758068287,685.6566173912178,696.737124392155,1488800
2023-07-28,700.0799560546875,703.1302695361866,691.6209600883755,696.2402679346609,949800
2023-07-31,698.1697998046875,704.3094460882052,694.0572717670746,702.9255572058925,789100
2023-08-01,692.2048950195312,695.9066083595537,689.1086781348531,694.8810737015554,555100
2023-08-02,667.1524047851562,679.7324508454232,666.1952468067856,679.4003427800579,1025400
2023-08-03,665.1500854492188,666.9472006238191,657.0628883223602,658.1079764310949,920200
2023-08-04,662.249267578125,673.1005747588157,659.5242646800024,669.3890243565687,891600
2023-08-07,677.27099609375,677.2807727429707,668.4805961700814,674.3604160843018,663500
2023-08-08,663.5482788085938,664.8473213878875,654.8458083038953,659.5828337472362,746700
2023-08-09,656.8285522460938,668.0607318480496,655.0216602425734,663.919485602568,685200
2023-08-10,662.024658203125,679.1268819413034,660.374013785568,672.1629258731834,913900
2023-08-11,646.3680419921875,654.4063570299982,645.8699096838521,651.2710922511227,806000
2023-08-14,651.02685546875,651.2124329861537,633.6023605885919,637.7436066467355,957400
2023-08-15,636.5228271484375,643.5258311488867,635.5949394017468,642.5784497116616,633100
2023-08-16,631.3851318359375,643.6428443340455,631.2288842884952,640.3220623308887,665300
2023-08-17,629.3341674804688,640.4979701702157,627.9081475618414,640.4686402174559,797100
2023-08-18,640.068115234375,642.9982485956244,627.9764267945217,629.9982259674297,937600
2023-08-21,647.0907592773438,649.1613823673686,634.7743850541502,638.6324064313926,1104300
2023-08-22,651.9742431640625,664.6812647099583,648.2529760828663,663.4017158797068,760200
2023-08-23,661.350830078125,665.0916514980318,650.9977129007857,652.6776279238607,908100
2023-08-24,632.7330932617188,662.3762560473612,631.8052056454129,662.220008476379,1336800
2023-08-25,635.8488159179688,637.6850378818779,621.0613929248024,628.68950558891,986200
2023-08-28,643.6430053710938,644.4439158346939,637.2943815726895,641.7579596122921,535800
2023-08-29,651.964599609375,652.9705812958483,637.1673988832696,637.3041527789004,757900
2023-08-30,653.9669189453125,655.5882337293787,648.0773798751276,651.8474717813641,564100
2023-08-31,645.1471557617188,653.7324267895709,641.3281811230612,644.6294701483739,1100100
2023-09-01,647.0907592773438,658.8307880167358,642.1876497043501,658.3033854003527,592800
2023-09-05,648.1065673828125,651.8864354586713,645.7722129981411,649.6400113236906,592100
2023-09-06,650.5286865234375,654.1913534127256,641.7773925887453,650.6361700586164,870800
2023-09-07,622.9366455078125,624.7728674234653,614.2146212153235,622.7803979381441,1236200
2023-09-08,613.2379150390625,618.2777785049753,610.6593830152804,613.7360473179436,873200
2023-09-11,613.091552734375,616.8225975478733,603.9788184073457,616.1388876246302,1066300
2023-09-12,604.3889770507812,608.4814000297052,595.9892832085353,596.7706403730207,1311300
2023-09-13,602.6795654296875,605.5218280818149,599.5150310401257,600.0619868653127,1077000
2023-09-14,607.416748046875,610.249174893505,601.0290183419501,606.3521065581464,1237000
2023-09-15,582.7645263671875,591.1349491943475,580.1860538932136,588.58574705965,2841400
2023-09-18,583.8096313476562,584.4249642411035,574.3160260437173,574.4820502743171,1071700
2023-09-19,579.9419555664062,584.2199563302946,575.4100002965932,582.159049939609,893500
2023-09-20,576.1425170898438,586.8375186883076,576.0155398405768,581.7488309067716,1094500
2023-09-21,568.563232421875,577.2168810732682,568.563232421875,573.3198121458707,1313800
2023-09-22,573.4270629882812,580.9184800474662,572.3917516067869,580.0491928611387,837300
2023-09-25,572.479736328125,574.296404839831,567.0101774927564,570.0379583455997,607300
2023-09-26,559.372314453125,565.2911821695568,554.6938294713493,562.9763813051028,1471000
2023-09-27,561.1498413085938,568.621645247795,551.1385528117117,564.5390001168583,1477600
2023-09-28,567.12744140625,574.5992470990313,550.8651743808977,553.0432215081742,1112500
2023-09-29,574.9507446289062,586.8666322769902,573.0950292595828,586.4466536468741,1017400
2023-10-02,568.6217041015625,573.935015272446,562.9274612655427,569.7742161331873,811300
2023-10-03,557.3113403320312,566.1798939792377,554.3519366423134,561.5600694654415,1101300
2023-10-04,577.099609375,578.056826961395,566.9418478878856,570.5654085636925,1325900
2023-10-05,568.1431274414062,572.9387530947254,561.999635593525,570.1063264471258,865500
2023-10-06,583.4483032226562,586.505414650836,564.1484765651477,570.194322470372,1042100
2023-10-09,577.5977783203125,577.9298864047768,568.8464232839755,573.9644407629752,738500
2023-10-10,588.1265869140625,592.6682575616269,584.4150372058868,586.2024351323281,1087000
2023-10-11,592.0725708007812,592.0725708007812,584.0733036059767,587.3452623141336,981800
2023-10-12,602.3965454101562,609.6535041128034,595.4423648633974,595.4423648633974,1618400
2023-10-13,585.7825927734375,597.942660186019,583.4287448082556,597.1027027887943,1098500
2023-10-16,589.7382202148438,591.9358204505337,584.0733070855874,587.0424877208687,1154100
2023-10-17,594.455810546875,596.1357253887992,573.2709398066419,577.1289614114968,1535700
2023-10-18,569.6668701171875,578.0079632225564,560.4955366321811,568.2311331097067,2401700
2023-10-19,574.0425415039062,590.4610568798165,571.2393847041457,586.4565641983671,1475500
2023-10-20,566.590087890625,578.4961986393577,564.8320198252194,575.2340169339178,1035000
2023-10-23,574.1011962890625,579.6880167292128,560.4956130732631,564.1582809760218,905100
2023-10-24,586.7592163085938,588.7224152346874,575.8981932202603,576.8651277089411,1333900
2023-10-25,569.7546997070312,584.2588362159406,568.0259019217341,583.536079514253,1322700
2023-10-26,574.5015258789062,585.0499946612399,571.932770715887,579.2873748750154,1093000
2023-10-27,576.2597045898438,582.0906428166113,573.6519019405783,581.0162841620208,819400
2023-10-30,575.1657104492188,580.6059991214062,568.9147347691409,578.9651314184732,746700
2023-10-31,584.8643188476562,588.1070065618981,579.7365860334596,585.6847823279597,1020300
2023-11-01,595.6260375976562,596.1449895197374,584.3748873920116,587.204768142745,1005800
2023-11-02,618.2655639648438,624.2387418078785,614.0549582913567,623.7295317137973,1527400
2023-11-03,629.0563354492188,633.5509504054301,625.6193472667414,629.7319949585465,906900
2023-11-06,624.1895751953125,625.5212906126261,618.0498901854484,623.6412182725114,651300
2023-11-07,623.0831909179688,628.0576110440114,620.3610091169467,620.6449594481794,529000
2023-11-08,626.0011596679688,629.3011032365265,623.9056889276275,626.2557646522491,727000
2023-11-09,621.0757446289062,635.8814427363161,620.6742337665601,632.9536049684363,1221600
2023-11-10,647.5341186523438,649.4337348407669,627.4699904432024,631.0637458361638,1246700
2023-11-13,640.992919921875,644.0774653271628,634.7945435610458,640.5425201122596,641200
2023-11-14,661.370361328125,664.3863547196985,655.5832376114876,660.6262094996868,1166800
2023-11-15,663.9066772460938,668.0193854301102,660.9788387778015,666.1393124592383,918500
2023-11-16,666.7169189453125,670.3498216089157,660.968941964653,662.6434181335462,854700
2023-11-17,671.8284912109375,673.297311186991,665.08169711032,666.9030195366812,627600
2023-11-20,679.8775634765625,682.4822444789621,671.0744457370557,671.0744457370557,674700
2023-11-21,670.1931762695312,680.1420172559372,665.7867162471493,679.446754269821,705400
2023-11-22,670.5651245117188,679.6228457621587,669.6936105015183,675.1380329922067,522300
2023-11-24,676.812744140625,677.6548533623611,673.6009551081995,675.7258315567717,352100
2023-11-27,674.07080078125,675.9606751228025,670.810004025905,673.3657361847066,545500
2023-11-28,661.938232421875,668.6556197259072,658.6676942432244,665.8648863880558,644300
2023-11-29,673.3168334960938,678.7025065711221,670.4379440435121,672.2397227876625,795500
2023-11-30,669.546875,670.105033735824,662.3202762867094,668.910362467981,753600
2023-12-01,677.8115234375,681.121269491304,668.8516969737422,673.8652647708711,857600
2023-12-04,675.9705200195312,676.3621694724799,665.0033193075631,672.4649197352794,748500
2023-12-05,680.0929565429688,682.9326388965501,673.630113714595,675.9704475516825,610000
2023-12-06,677.6939697265625,688.6513691435465,676.8518008507506,684.8911637059123,657100
2023-12-07,685.1065063476562,685.9290119269102,677.7036573022316,680.9154453652695,780600
2023-12-08,681.9534301757812,688.2204184564117,679.6033543953671,680.8861212750251,920600
2023-12-11,695.476318359375,698.6587610065739,687.9951157617099,690.0710427994917,1585000
2023-12-12,705.5819091796875,705.993162017168,696.5241864612107,700.0591320106395,880100
2023-12-13,720.0056762695312,723.3252234719291,705.7581356887451,709.5868928973443,1037200
2023-12-14,738.0426635742188,740.2752381714618,728.8282356273486,728.8282356273486,1446600
2023-12-15,737.3084106445312,744.5252073239556,734.0378121792052,738.0428205625169,1507000
2023-12-18,726.6350708007812,732.2557459807846,721.014395620778,731.8346914037448,808900
2023-12-19,729.2396850585938,729.5922472618195,725.1368387919321,727.5554669051949,571000
2023-12-20,714.4437255859375,734.2727928048354,714.4437255859375,724.2260558512983,1007600
2023-12-21,739.5704345703125,740.2068873437072,728.0940238275188,728.701131281002,868200
2023-12-22,736.8873291015625,740.1089189743777,733.5383769665547,737.190882799205,597300
2023-12-26,746.8262939453125,749.8814342569414,734.4098781113481,734.5077755218581,509000
2023-12-27,748.1482543945312,748.5888525004864,742.586271087912,745.0049586557224,486900
2023-12-28,742.0966796875,747.2278069208352,742.0575326764714,746.228990358531,468000
2023-12-29,741.1860961914062,744.5447905563682,736.6915407234299,742.2730683503394,517900
2024-01-02,702.0175170898438,715.5796558948966,699.2953354472588,714.8256425986783,1368700
2024-01-03,688.7492065429688,691.9512529384127,685.0575535312885,686.0367667637611,952000
2024-01-04,685.7332763671875,694.7616542827346,683.0110944081151,683.4908993736987,752100
2024-01-05,688.7198486328125,695.035726053643,685.0575410065186,686.1934618046213,579200
2024-01-08,705.8561401367188,705.8561401367188,697.1117127897621,697.836380834201,835300
2024-01-09,701.067626953125,704.1227670266187,695.8973531263363,695.8973531263363,587000
2024-01-10,702.8695068359375,705.033589787174,693.3221769742362,701.5769380826885,506400
2024-01-11,703.5941162109375,709.1364368378166,693.8998812533599,705.5133359058718,603900
2024-01-12,698.394287109375,700.6758701991051,694.8691441153092,697.796981506264,580500
2024-01-16,691.8141479492188,696.5143595064153,687.8972950238162,693.273166101302,913100
2024-01-17,697.4642333984375,698.3454894543481,681.6107686563084,691.275598551277,835100
2024-01-18,729.0537109375,732.7159591369664,709.6162909659771,709.6162909659771,2230400
2024-01-19,742.0770874023438,743.6829514792142,729.2983682784558,732.941012357398,1796100
2024-01-22,750.7432250976562,760.388511698186,749.6171656933784,750.4690764597165,1418600
2024-01-23,762.2097778320312,762.4839264497534,746.6892127371027,750.1262606350689,1800700
2024-01-24,829.6972045898438,846.6180388112721,809.319778557298,809.6722809953022,7754300
2024-01-25,851.0145263671875,864.9193641555884,845.0510923702527,850.9361725856304,3449500
2024-01-26,849.71240234375,855.0491271668434,835.474661451051,845.5996942339148,1614800
2024-01-29,864.2732543945312,865.056613096045,847.2153751208367,849.5459076001855,1034500
2024-01-30,849.986572265625,859.4848937170206,844.6791930055584,855.881395848423,895600
2024-01-31,851.7391967773438,865.6244321941887,841.5945627982867,843.3179277536067,1251200
2024-02-01,872.0284423828125,875.2011431391204,858.4369593086487,863.9793391134044,1040200
2024-02-02,872.1461181640625,874.4864523666098,860.8166725309027,860.9635186705334,896400
2024-02-05,881.402099609375,884.7176375634473,864.2947308278601,868.7089022005683,950100
2024-02-06,887.6309814453125,888.4843830822194,873.8587290711727,881.6571101159352,1409500
2024-02-07,904.6402587890624,910.0942103378034,887.7977595077524,888.0233535517247,1492200
2024-02-08,905.3367309570312,910.0353495423782,893.536150888836,900.0887956688648,1150800
2024-02-09,931.4881591796876,936.1181652750944,913.9394224616152,918.8244192590556,1588800
2024-02-12,911.4871215820312,928.4276887167116,909.6625520154652,921.7377599620436,1033600
2024-02-13,886.0908813476562,898.4211394822642,872.0538200117325,873.8586919531829,1297200
2024-02-14,906.8079833984376,908.0929951257838,895.978572960443,897.3322567490699,1206400
2024-02-15,912.1051635742188,916.9214886718624,901.8054303503036,911.3596494948372,884300
2024-02-16,911.2222290039062,930.4287943037652,908.073432128556,914.9399203691996,1161300
2024-02-20,892.2216796875,902.4331022824896,881.3726306647669,901.079418382839,1044100
2024-02-21,890.8876953125,891.3388833963455,875.604836521807,880.3329116504383,867500
2024-02-22,933.6952514648438,941.1601507209818,923.2484158392632,928.8592890031124,1780800
2024-02-23,915.4501342773438,936.35368651572,914.99888629809,934.1172040604952,879000
2024-02-26,929.5166015625,933.5677748137176,918.3438291527948,923.552548899823,671300
2024-02-27,923.4151000976562,939.4925054703492,922.424354403974,934.8232841046912,807500
2024-02-28,921.5809326171876,925.5046406858078,917.2648297932916,921.129684635724,519700
2024-02-29,933.5285034179688,934.2838362884112,920.5214031667516,921.5808209808353,777600
2024-03-01,972.039794921875,972.540077266684,932.145510959106,933.4305229225612,1698200
2024-03-04,979.0042724609376,988.4604222497064,968.9105561027912,973.6680276715642,1433000
2024-03-05,950.361328125,973.1187863193107,940.4048952617152,970.8332695474732,1259500
2024-03-06,984.781982421875,990.3732779923042,962.7503416452912,968.1160431767074,1304500
2024-03-07,1027.4130859375,1036.1923341868471,995.4642881964652,996.2980521502036,1580300
2024-03-08,975.3650512695312,1020.3699219000928,974.2859957679468,1019.0653322435692,1638500
2024-03-11,944.3088989257812,962.3187626334428,939.2375235260868,960.8179157115428,1432100
2024-03-12,965.5165405273438,966.2032013483898,932.3514036197884,948.3601382049362,1165200
2024-03-13,950.302490234375,964.4081654491874,940.767848636994,964.4081654491874,851100
2024-03-14,941.47412109375,952.941099958844,932.4299432485265,950.116085351322,876600
2024-03-15,922.2772216796876,936.5693325493842,914.0177747956704,936.5693325493842,1727400
2024-03-18,923.3858032226562,939.93403611113,921.8261030259196,931.2527966644052,821400
2024-03-19,933.7540893554688,938.3448798863792,910.3001537628688,920.6391016281146,817600
2024-03-20,952.401611328125,955.7171493264664,928.82996701607,937.8348695521048,838600
2024-03-21,971.8925170898438,986.4788949338456,969.2342435756062,985.8413283876042,1112400
2024-03-22,961.2691040039062,972.1770058602586,954.0200401641596,955.1383111497952,692800
2024-03-25,960.2587890625,973.3541994550972,957.8359282919156,960.4549864220236,860900
2024-03-26,952.7742919921876,970.5192860681192,952.3132850843788,967.9198058183486,706000
2024-03-27,955.4326782226562,960.5236915416756,945.6822618420096,960.11171898222,572100
2024-03-28,951.9600830078124,953.333404591847,943.3083605898822,951.057647039718,685700
2024-04-01,974.011474609375,1003.1547774016284,961.073045111298,961.073045111298,1108500
2024-04-02,948.2719116210938,955.2659255512438,938.8647958448696,949.66481112361,964000
2024-04-03,961.5733642578124,967.6550639811448,943.7498769154564,947.4578098477798,892100
2024-04-04,935.2255249023438,977.7879590787626,935.2059470758984,973.0697029054209,1269700
2024-04-05,960.8668823242188,967.7824046308612,948.4777714399128,957.8750674109648,878400
2024-04-08,963.966796875,977.1994925688956,961.435988442837,970.970570175912,929000
2024-04-09,970.950927734375,981.1231352910188,950.8713221820286,974.7863257184256,717500
2024-04-10,956.021240234375,964.722057853997,944.4463137159328,944.4463137159328,722800
2024-04-11,973.2560424804688,973.265861328813,944.9563254213656,962.8287847649678,964700
2024-04-12,943.4948120117188,953.6081665579924,938.256635710604,951.3225899810294,1031000
2024-04-15,936.6087036132812,969.862092219825,932.9596241249324,966.6250451690684,1077500
2024-04-16,958.287109375,959.944878263694,938.9432592617454,940.0222549247178,1506500
2024-04-17,890.299072265625,924.8473497061952,878.7536030676212,924.827712008961,3774100
2024-04-18,872.0734252929688,886.3654767962081,869.4935828904512,883.9327973694479,1653700
2024-04-19,843.1458740234375,879.1165060395376,839.271260720629,870.5137580907468,2486800
2024-04-22,855.4172973632812,863.2156782489401,846.0102418519572,853.4064091779295,1143900
2024-04-23,884.3743896484375,890.740596493965,858.3111512760231,862.529125530944,991300
2024-04-24,875.30078125,897.5481982583722,865.1481509536384,895.6353786485331,860600
2024-04-25,885.29638671875,893.6833001243646,854.3873691021757,858.3110768822087,1114200
2024-04-26,903.3170776367188,910.6107353473046,896.0234799216721,896.731247298589,865100
2024-04-29,894.273681640625,897.6943867408327,885.7316981613866,896.31820928909,650800
2024-04-30,857.609130859375,891.7279346871901,856.3804221936655,880.8366442755901,1093000
2024-05-01,838.3134765625,865.5908067089096,834.6764872105383,856.2722401538207,1458200
2024-05-02,855.4564208984375,863.0448961992804,847.6614409647123,860.0959956427907,876800
2024-05-03,886.2723999023438,889.5456962899403,873.5331280122228,879.3523349225135,1038000
2024-05-06,901.3020629882812,902.7175378337834,889.6146312382684,893.7135867301326,642000
2024-05-07,892.7501831054688,910.6008958866096,892.1801054913259,909.0773091668495,655000
2024-05-08,895.9448852539062,901.1153011725588,887.933740357158,889.0346585760866,555700
2024-05-09,897.9795532226562,902.5306947337968,891.9245035639273,899.1198284152626,756000
2024-05-10,914.4442138671876,923.0058767719528,909.2443408030418,909.2443408030418,814100
2024-05-13,901.6165161132812,913.1762160252222,898.6872940591561,911.878692566174,745700
2024-05-14,899.4442749023438,900.7712562834492,890.4501033331667,897.3505505042145,592000
2024-05-15,921.4528198242188,921.4528198242188,895.1388365589751,903.0025718035652,883000
2024-05-16,903.8773193359376,922.8191098112392,903.2875632217472,920.5484587783026,811100
2024-05-17,909.21484375,915.1126450141352,900.6041043006136,905.1158886701764,703700
2024-05-20,923.4384155273438,930.5943832732564,910.0111142372662,910.0111142372662,669300
2024-05-21,909.5098266601562,917.6782794139716,899.7489722861413,905.2535630725664,746400
2024-05-22,906.619873046875,917.5995964650656,897.9304192972033,915.3486238739522,668600
2024-05-23,918.3367919921876,952.9765346538647,911.6132722495151,951.0990943430912,1357200
2024-05-24,939.9325561523438,942.2425643052712,917.8256407390488,922.278509479414,684900
2024-05-28,974.9557495117188,975.968234272391,948.8088525285732,956.2302410335732,1184000
2024-05-29,941.5642700195312,949.05447244937,939.657311973359,945.1717414796002,902000
2024-05-30,949.6639404296876,952.6423588210164,936.5708146212982,940.6992874430392,846500
2024-05-31,943.9921875,963.3075100413909,917.0392533545304,955.257009164795,1040400
2024-06-03,949.0348510742188,955.6993953674256,932.2359805691366,952.829148855495,752800
2024-06-04,934.61474609375,947.2950429704237,926.9377770842102,945.8500504447336,765400
2024-06-05,1023.602783203125,1023.819127128114,991.7153925331374,1001.98734929554,2586500
2024-06-06,1034.6806640625,1036.4794501012216,1015.3948603372252,1030.1492015348288,1370700
2024-06-07,1010.90283203125,1025.9618316893736,1009.0351709793166,1022.5312869110392,936200
2024-06-10,1023.9664306640624,1028.301348373803,996.6498015869224,998.8320193445052,1039500
2024-06-11,1018.3634033203124,1021.2140309244654,1002.3213785867256,1009.9885073208404,789500
2024-06-12,1050.654052734375,1058.8716421387817,1037.6494190240796,1041.1094819293212,978400
2024-06-13,1034.7789306640625,1042.92776374684,1021.0469134114526,1035.7815759880066,1106300
2024-06-14,1010.3916625976562,1013.4388358751088,999.284089047989,1004.061353599352,1047200
2024-06-17,1034.5433349609375,1036.4208356831891,1015.0806587514444,1026.4043387322463,844400
2024-06-18,1043.30126953125,1051.204360716686,1024.2513688314602,1024.4479141879788,1025300
2024-06-20,1032.842529296875,1045.0411809232874,1027.2199879798725,1040.2049410542834,1150300
2024-06-21,1018.9435424804688,1021.3026872191344,1005.7816602793296,1020.4967070955588,1626000
2024-06-24,984.9427490234376,1017.0857211357544,984.9427490234376,1015.5720335869564,1027000
2024-06-25,1005.9093017578124,1006.0567107849258,985.5618763868572,988.03891200038,621600
2024-06-26,999.2841796875,1006.1649483534452,986.800547390004,996.728489609794,885100
2024-06-27,1010.4998779296876,1023.9664773356392,1007.1872840617368,1011.9054534927394,784300
2024-06-28,1005.3096313476562,1030.9454826730912,998.1536641332632,1010.489885660459,837600
2024-07-01,1015.886474609375,1020.427776989331,998.4977873595296,1017.9114440643948,791000
2024-07-02,1030.0411376953125,1030.1394103812254,1008.3863493843204,1009.280882807374,748700
2024-07-03,1053.16064453125,1056.0014333914958,1037.433173465141,1040.3623957526306,779800
2024-07-05,1056.17822265625,1064.3467349368484,1051.1257585485005,1061.3584772566671,771100
2024-07-08,1059.03857421875,1069.2614525428107,1057.505088474164,1064.7004723677355,881900
2024-07-09,1041.9154052734375,1063.0983901494374,1041.3059705897706,1061.309323180846,925400
2024-07-10,1080.2314453125,1081.833686186663,1046.8597664807426,1050.978340266766,925400
2024-07-11,1044.4022216796875,1091.1815779454707,1043.4782904863357,1091.0734659967422,1151400
2024-07-12,1066.774658203125,1081.8730152567096,1048.1376443385727,1054.487572060129,1053800
2024-07-15,1045.512939453125,1080.0150487214976,1042.3084582171148,1078.7469832043046,1365600
2024-07-16,1049.995361328125,1058.704553704146,1042.67230587762,1056.2176186350462,1197600
2024-07-17,916.1841430664062,963.2977402402612,912.8813886213056,961.9117832841074,5188400
2024-07-18,908.408935546875,940.9058206824088,895.482896089193,937.2589916806209,2242200
2024-07-19,880.1190795898438,904.6637945910974,876.4722507463052,899.6407880719303,2133600
2024-07-22,925.2274780273438,926.5151623279456,906.3053642997444,912.3800928320492,1926800
2024-07-23,916.92138671875,924.3919114467492,913.3532119354012,919.4476189480008,1056200
2024-07-24,857.8843994140625,904.0051915760762,855.9283047969824,902.520901893014,1912000
2024-07-25,847.936767578125,871.2723928957336,835.6988173012013,858.1301298420118,2075900
2024-07-26,873.2579956054688,880.315690884716,867.2028857866761,878.6937714700831,1681600
2024-07-29,857.3073120117188,884.3397587521528,855.8006173976132,873.4972316029415,1231500
2024-07-30,847.1541137695312,880.3414850837754,842.978621801976,878.9233878017099,1682100
2024-07-31,922.451171875,927.9068771775376,903.0902010926628,911.4412463802528,2406800
2024-08-01,870.2671508789062,913.6470565263083,858.5481479427417,908.9988252391236,1808500
2024-08-02,797.038330078125,815.9857061170045,783.783118967783,811.662471360772,3624100
2024-08-05,807.8709716796875,826.1191257832178,755.7362822350804,763.2108510816544,2815600
2024-08-06,830.186279296875,846.9276780757231,822.8200830683257,827.5765666210219,1995700
2024-08-07,823.6275634765625,865.0280966890472,821.9337566722119,863.6592267045802,1521600
2024-08-08,863.3145751953125,865.2644365421098,836.3412127333495,847.8730437614367,1447700
2024-08-09,847.45947265625,852.1372166016554,835.6321567687951,842.2203922245918,950500
2024-08-12,839.8863525390625,853.7816980059018,839.8469826540355,848.6411330485704,1151200
2024-08-13,856.2635498046875,859.3951693143996,843.2939050196134,847.7057372687615,1526600
2024-08-14,866.2000732421875,876.8456319123151,857.2188091331948,874.0882368098534,887700
2024-08-15,914.1295776367188,916.6506328341206,882.6655850007893,886.6933948816538,1459000
2024-08-16,904.6854248046876,908.427667733356,899.1411230060479,902.2234545130354,804200
2024-08-19,918.9551391601562,919.5066181516614,895.6156466391275,903.18867035321,1024600
2024-08-20,912.0911254882812,922.1359771234668,903.3954288750468,921.7420378018118,921300
2024-08-21,929.2559814453124,930.6740788613482,917.4976079018038,919.5164116958272,646500
2024-08-22,893.902099609375,929.6301834884454,890.8295652993936,928.6552528082956,1092600
2024-08-23,893.4588623046875,908.1026565608796,889.3916826382282,899.022879012406,1395900
2024-08-26,869.8732299804688,890.8787783301581,869.0263265857748,889.7954752866825,1251500
2024-08-27,876.3433227539062,882.1338821422945,861.1775605258989,866.6136105901085,661600
2024-08-28,874.6199340820312,883.808024662509,867.0271955500351,877.15084692603,727300
2024-08-29,874.2062377929688,900.6182609989063,869.5580068548783,892.2770748045051,1173800
2024-08-30,890.1204833984375,893.1339328112597,875.4176031507327,886.3585853551483,991200
2024-09-03,832.530029296875,879.1498644598058,828.8469314066201,879.0218371978069,1870800
2024-09-04,799.1358642578125,810.2048733848251,787.0722094877917,792.754456315651,2350900
2024-09-05,783.4974365234375,795.758061144134,778.4750409471037,783.5860939048384,1672000
2024-09-06,741.338623046875,780.8778898851729,739.4478466969845,780.7400051235411,3286800
2024-09-09,738.4138793945312,752.6539380975025,726.9214181785287,752.4569684404148,2539900
2024-09-10,739.9502563476562,740.5608203005376,723.0808275341352,738.5025862546119,1524000
2024-09-11,787.9684448242188,789.406197128022,747.1883317998465,758.3164865459227,2559100
2024-09-12,787.9979248046875,796.3883391582765,781.6460291541902,789.1993976148334,1318700
2024-09-13,803.9415893554688,806.1672200521435,791.6415957494206,791.8877927715007,1069200
2024-09-16,790.8242797851562,796.9201210340794,780.090124668766,796.6542690975797,1150100
2024-09-17,793.4340209960938,799.4215501856104,784.4231847674414,796.3982431464747,734600
2024-09-18,775.85546875,798.5744769014118,774.4077990143891,787.9191227510819,1249000
2024-09-19,815.5621337890625,826.8774002044912,809.712489731247,820.0035379949389,1644300
2024-09-20,783.182373046875,797.8655383713246,777.6478081742467,797.2451170090675,2748600
2024-09-23,791.27734375,795.324808954525,785.8708659779157,795.324808954525,965600
2024-09-24,801.6176147460938,804.0795853073532,788.8153678275444,797.2352951257112,881200
2024-09-25,805.7340087890625,814.6266751583036,801.6176012925268,803.9318295385897,878200
2024-09-26,839.4728393554688,848.8874119608829,826.9266475475041,847.2428325286074,1566400
2024-09-27,828.7385864257812,841.1568105032513,825.4494277109159,839.4826586505204,1038400
2024-09-30,820.57470703125,829.3491427981028,807.2308399283489,823.8244958298363,994700
2024-10-01,809.840576171875,828.4728127435994,799.5495872629626,826.9069730123535,1244100
2024-10-02,819.5308837890625,826.5032009832838,804.079554729911,808.3141319129047,898400
2024-10-03,819.7474365234375,824.7698919014335,811.2585679032485,813.3463138683667,651900
2024-10-04,820.3285522460938,826.5721357413495,813.3956651116217,823.3321441675515,862500
2024-10-07,804.8181762695312,810.4807085589773,798.6731073672744,799.372268538203,898200
2024-10-08,811.7214965820312,818.1915619917145,807.5952317964963,809.9882598071957,1265900
2024-10-09,833.0322875976562,833.2489121309817,813.7993469279899,817.2067354323424,1004900
2024-10-10,821.2837524414062,822.9185344457575,809.0034729449367,812.4502315028275,876300
2024-10-11,827.9014892578125,832.145923457214,815.8082628444046,817.2953024548725,964700
2024-10-14,859.001220703125,859.96629390302,839.2069418593151,839.5516537926359,1769200
2024-10-15,719.3187866210938,860.3601738626268,706.5854833123248,854.0279332924986,9350700
2024-10-16,673.1224365234375,706.5658046725772,666.967510393905,700.154823998984,10296200
2024-10-17,689.9426879882812,693.1728225995101,666.8198769648106,682.1038112585078,7209100
2024-10-18,712.2579345703125,715.4092688821853,702.3312525252592,706.7529419970898,4537800
2024-10-21,703.2371826171875,713.8236550602537,698.0079600286479,712.9866091888298,2184800
2024-10-22,709.9436645507812,713.0949989441141,706.7234478744608,712.0018984219383,2067000
2024-10-23,697.840576171875,705.4135994727297,689.4501618741527,703.187968629873,1681400
2024-10-24,699.9971923828125,709.047396979077,695.7035309044899,709.0375394814926,1854700
2024-10-25,700.873779296875,712.2480710721236,700.4108975838664,705.0984990686238,1380100
2024-10-28,697.8701171875,700.676739254273,693.28097094177,697.614062662198,1182800
2024-10-29,705.8960571289062,706.6857042151282,694.594048703333,698.5916860273783,1445500
2024-10-30,674.9908447265625,686.6284257468452,673.7964634723778,684.5851752935955,3085200
2024-10-31,663.8565673828125,674.1715021219144,658.5954464050739,674.1517413642941,2398300
2024-11-01,666.0083618164062,673.9345942533198,664.7548189147398,669.7789913923474,1801700
2024-11-04,662.4844970703125,669.6605436546852,662.1489256797308,667.3113029357734,1232500
2024-11-05,667.716064453125,676.6589520108226,664.7646627422265,664.8041842577168,1282000
2024-11-06,652.8803100585938,664.3402240631577,646.3064241149079,659.9082717041184,3208600
2024-11-07,668.456298828125,671.0523078546064,661.1519282923007,665.3963337674608,1758300
2024-11-08,660.8163452148438,662.5634853238632,653.3343683134946,661.3395233081791,1726800
2024-11-11,662.632568359375,663.3037713726732,653.383690862247,663.0866440358159,1520100
2024-11-12,660.5301513671875,667.7950013201705,654.2622557623208,663.9454489886747,1711000
2024-11-13,664.7053833007812,664.9719125224678,648.2904003923616,656.0290257372187,2453700
2024-11-14,684.0028076171875,702.7966745282956,682.5912990537902,696.5583597383302,3925300
2024-11-15,650.1165161132812,671.0918374089839,649.020878495279,669.5914657363386,3063200
2024-11-18,656.6311645507812,660.2142477002308,639.6239001872443,642.6542243513187,2010600
2024-11-19,653.6008911132812,662.7313255822917,645.023215672546,654.2523936889509,1640700
2024-11-20,649.9191284179688,649.9684700688643,637.106927140731,648.0437239604248,1677800
2024-11-21,663.4716186523438,664.3600093311744,640.6307725848219,645.4673989300819,2859000
2024-11-22,664.1823120117188,666.0774770917283,657.608365888424,659.1679595695191,1275600
2024-11-25,675.62255859375,677.83365511351,669.2362182901987,676.1457367681212,1511300
2024-11-26,663.2839965820312,673.0362911943407,658.2104826997128,670.8055548647883,1424100
2024-11-27,661.8133544921875,663.9948097150601,651.0838649602404,661.1026901322492,1231800
2024-11-29,677.7348022460938,690.6062845779151,669.7691085703697,670.094859829301,1706500
2024-12-02,702.2734985351562,704.4549537286102,671.9012730124433,672.9376886464843,2325900
2024-12-03,708.7783203125,712.0060714177401,691.5637481615745,693.5675372044349,1647200
2024-12-04,710.6142578125,715.569388296562,707.6629163555257,714.4342291610122,1529800
2024-12-05,702.3031005859375,719.7940216921871,698.8483418339335,719.7249795338132,1801100
2024-12-06,699.815673828125,707.9393334508998,697.940269460037,702.5400075852306,1215400
2024-12-09,697.3875122070312,713.8617789787837,696.528762683118,704.030500666746,1267500
2024-12-10,696.1536254882812,709.0151670173279,691.5143661306544,707.3568901025993,1214700
2024-12-11,705.1951904296875,708.71905143867,697.3578213507263,702.6880444433169,1217600
2024-12-12,703.8823852539062,710.5747753211677,701.4443416000773,704.1193336005136,868700
2024-12-13,709.2916259765625,715.6088631989376,706.9620856342145,709.2916259765625,1455700
2024-12-16,713.04248046875,721.5510530461222,704.1094733250138,710.7425813103475,1542800
2024-12-17,725.6869506835938,735.4885884660287,723.209385255672,730.4347743067389,1753300
2024-12-18,710.1898193359375,747.40251891714,706.231643197786,738.8347243488761,2257000
2024-12-19,701.0791625976562,711.5125416160804,699.618312411209,708.4723369411098,1620800
2024-12-20,696.5584106445312,711.0881720359174,687.2799506920242,691.099922458276,2701800
2024-12-23,711.7196655273438,712.7166196969816,697.9401539440963,697.9598544525246,1232600
2024-12-24,710.406982421875,710.8906389963165,705.7578426369873,707.1298898251204,586800
2024-12-26,706.606689453125,711.1867266906252,701.9180885485026,704.9780537076653,734000
2024-12-27,704.3660278320312,708.2254599276275,699.4306587733022,708.2155795501174,942300
2024-12-30,687.1515502929688,693.72543625243,685.4932130501915,690.9517608793201,1202600
2024-12-31,684.1212158203125,693.8932115731145,678.544224021021,692.3237977633323,965000
2025-01-02,691.3663330078125,702.7572051760484,687.3391145885971,696.2227803161474,1115100
2025-01-03,705.1261596679688,708.294688858353,693.4984594163814,694.0709189521947,1062900
2025-01-06,758.576171875,770.993578395243,739.9599725961252,741.3517202855942,2761100
2025-01-07,747.78759765625,768.328606830899,743.7504381647032,764.9824112439134,1490200
2025-01-08,734.3631591796875,743.5923355174514,727.4734032149985,743.2665842888655,1185400
2025-01-10,729.45751953125,741.5886365235124,725.89419707919,741.2925263917726,1515800
2025-01-13,718.0073852539062,719.5768592329931,708.3143727593655,711.8776950106061,1321800
2025-01-14,726.772705078125,729.9609951151535,718.6491052105313,728.0065475973205,1022600
2025-01-15,716.9118041992188,734.8469211609752,715.8161665640847,729.9017312343993,1864400
2025-01-16,740.5818481445312,761.586749792373,738.7853663841548,748.9916769588008,2407600
2025-01-17,746.5536499023438,759.2572866903312,741.7860659032477,757.9839227501669,1933600
2025-01-21,753.1373901367188,757.8062304324358,745.7244554646558,753.1373901367188,1332000
2025-01-22,756.7994995117188,774.6753945143223,755.990091632886,767.6967743695816,1699900
2025-01-23,736.5941162109375,738.0846076390786,726.4864877597618,730.4446642686086,1751100
2025-01-24,722.784912109375,740.3054750181376,719.8730318583943,739.6737332203642,1505700
2025-01-27,681.2291259765625,681.6732610670579,663.2544872551068,664.0934760329471,4947800
2025-01-28,674.5169067382812,684.4863889992004,657.9834193723402,670.0257326672225,2811900
2025-01-29,703.4383544921875,719.0439930049857,695.4923600948761,717.7607485272105,4971500
2025-01-30,727.463623046875,735.952495191159,721.1365055159151,730.5334085818873,2745600
2025-01-31,729.7536010742188,744.8459392850455,728.2335289600308,738.4201388162894,2125700
2025-02-03,721.6102294921875,725.9434982916189,708.6400642285222,709.8344453139256,1647200
2025-02-04,721.9557495117188,733.0899728673666,719.8533373715869,727.3748362410283,1497000
2025-02-05,732.9911499023438,733.6031308305088,713.06212773553,719.8136786998676,1249700
2025-02-06,729.5759887695312,732.8135600653353,725.5092488300205,728.1545998419012,1120200
2025-02-07,718.293701171875,732.7247170131276,714.3947471519933,729.4969660270006,1312400
2025-02-10,734.4619140625,735.9227640556292,726.3678965877841,727.197004869104,985700
2025-02-11,744.8184814453125,745.322963249621,735.8171398785845,736.59855538758,1096700
2025-02-12,747.973876953125,748.5871519600355,725.6089606201913,730.3470202054767,1077800
2025-02-13,768.5682373046875,768.5682373046875,744.5909830274518,746.5891076750879,1674100
2025-02-14,743.404052734375,769.9234608410619,740.5651650541149,769.7849637899259,2047300
2025-02-18,736.1533813476562,750.703961607735,730.5943012751796,749.2301213556736,1715400
2025-02-19,736.7271728515625,744.7097101478919,733.6508963300552,735.8963113394342,1457900
2025-02-20,735.0357055664062,747.3210688084903,732.3946021141891,743.2061250628628,1185900
2025-02-21,729.2194213867188,737.6272901039688,725.2528760144522,736.084201319041,1472300
2025-02-24,727.9830322265625,742.7412990826766,726.7366795682264,738.0427838103285,1471200
2025-02-25,722.2755126953125,730.9702166286079,718.3386710185266,724.253834804025,1691200
2025-02-26,738.8341064453125,745.5999950551917,730.9010149613063,735.7578298587367,1401400
2025-02-27,690.1376342773438,736.7270927217762,689.3561584567318,735.3620457267178,2342800
2025-02-28,701.3944702148438,705.7665459988309,689.9498674027974,699.1589561486786,1773400
2025-03-03,692.2742309570312,724.4120634864978,684.9742176520245,714.2237168493309,2284100
2025-03-04,700.5436401367188,713.4818841346569,685.1819997603947,690.7015355626163,2044700
2025-03-05,731.73193359375,732.5232504097019,711.5035767512129,723.6900489124022,1754300
2025-03-06,707.0919189453125,723.2448755918438,703.2935139091828,711.058404083494,1427900
2025-03-07,724.283447265625,726.0441828464046,707.7447041234367,718.2891339475318,1426400
2025-03-10,675.705810546875,691.423594590243,668.6728897610934,690.4146309695719,2321500
2025-03-11,682.7288208007812,694.3910070044385,673.875817967245,691.2454823371986,1616800
2025-03-12,695.7462158203125,700.6227726424801,689.1880731072182,696.5078891624995,1306300
2025-03-13,687.0614013671875,697.6552775902875,680.7999950062072,690.2761747847562,1399500
2025-03-14,706.260986328125,712.2256564104757,697.7146204072637,700.0094812771393,1367500
2025-03-17,722.4140014648438,726.5882320871268,709.4362134101037,710.2670748770383,1423300
2025-03-18,723.185546875,726.2321799235583,712.1860804319264,721.9887006004103,1007300
2025-03-19,726.9443359375,738.6560295795159,717.2011235400929,721.2072138018938,1080500
2025-03-20,726.1035766601562,727.4290790656988,716.3801063834692,717.1516810016807,1282400
2025-03-21,708.4569091796875,713.5412115447772,703.5012629565696,704.074932905427,1967200
2025-03-24,719.9510498046875,724.0164874824189,718.4673081377546,720.1389928307765,1104400
2025-03-25,718.8629150390625,727.033395235774,717.5572151660518,724.1252592398869,1244300
2025-03-26,698.1103515625,712.1860947759269,694.628485151163,708.1404596631565,1266500
2025-03-27,683.144287109375,694.8658211676764,681.5319498002789,690.9190783169977,1285500
2025-03-28,667.2682495117188,679.9888455817037,664.7656431827882,677.703886068748,1393000
2025-03-31,655.4478149414062,657.9503610935503,645.8034943573891,653.103507998564,1685000
2025-04-01,660.1067504882812,663.3709698232611,649.2358200191262,657.3667551066487,1212600
2025-04-02,661.7586059570312,669.058618919344,653.6672762745948,657.1886869967016,1119000
2025-04-03,616.4649047851562,643.9141232183972,616.0692765994663,642.4897893015964,2877100
2025-04-04,598.9864501953125,619.5906913738606,591.2116589819913,615.208715251743,4017000
2025-04-07,609.1650390625,645.7738431040539,572.2396358293722,580.1430238863072,4179100
2025-04-08,588.9168701171875,630.9859228825657,576.5721582622791,625.1696504800941,2585200
2025-04-09,679.8109130859375,684.7863623601626,600.2922324052686,611.3214035634147,3866700
2025-04-10,642.509521484375,654.4882468167434,620.8271290661966,649.05776253573,2989900
2025-04-11,661.5608520507812,664.7162784661824,644.3296820939605,648.9490476602399,2163600
2025-04-14,665.5768432617188,672.6592707462917,655.5467349357275,669.1081557329502,1574000
2025-04-15,675.7552490234375,680.0779384366955,669.3554058892737,672.0162515786062,2105600
2025-04-16,628.048095703125,646.050841108533,617.4047118324585,639.9872782941878,4028300
2025-04-17,633.2213134765625,640.6400213781919,630.026342593146,637.3758019761949,1439900
2025-04-21,617.9190673828125,626.7918137204587,607.4042797636872,625.1498328125836,1555100
2025-04-22,631.7672729492188,638.6122505052996,624.1606220656772,631.8859674452387,1967000
2025-04-23,650.84814453125,659.265914418343,647.6927184823294,657.0502034072382,1849700
2025-04-24,667.6837158203125,670.9677377859199,655.3785498130652,659.3055506174211,1770700
2025-04-25,669.9291381835938,674.3605604641581,657.3865830423817,659.6715427024978,1280900
2025-04-28,667.5289306640625,669.1958604727745,655.9397563554638,666.9434915919164,1007600
2025-04-29,660.9306030273438,668.3921501484897,657.8447995729344,660.4344908104713,1104000
2025-04-30,662.8853149414062,664.294256676725,646.394549739998,652.4768903479929,1042100
2025-05-01,661.535888671875,669.9003944888156,657.3090631785044,669.9003944888156,1066300
2025-05-02,684.9622802734375,689.5959512189127,680.2690177263999,680.9834507788717,1215500
2025-05-05,678.0465087890625,685.0516112230323,677.4214025193542,679.6737714772105,903700
2025-05-06,674.7026977539062,681.0330946243557,670.2476196387455,671.0513190252158,765100
2025-05-07,694.944091796875,696.5018914388236,678.1457392531081,680.4477072269099,1041400
2025-05-08,702.5247192382812,711.2364185769526,700.2128192705801,705.5906589308769,1040500
2025-05-09,700.7189331054688,704.985486630494,698.4268967786369,703.6956068058,884000
2025-05-12,744.3668212890625,744.6843403917577,723.7087002293858,724.740591892713,2571500
2025-05-13,757.9603271484375,758.9227558537239,738.7508146155091,739.46524775396,1815600
2025-05-14,762.9312744140625,767.6840682834162,758.3273989968588,759.0517034652263,1156100
2025-05-15,752.4633178710938,761.0361516365834,749.3378471961538,757.7320272676933,1511000
2025-05-16,742.2830810546875,747.5915181572959,736.4389251156216,747.0259429579205,1095100
2025-05-19,743.3051147460938,744.1683451816585,731.5373471821591,733.978180595587,977900
2025-05-20,742.9379272460938,743.1561875379138,735.5359116612732,739.8322601303583,777200
2025-05-21,731.4381103515625,749.9133255109009,729.771180475597,743.1860749600608,1058700
2025-05-22,734.9406127929688,741.4000032176841,728.4415551947283,730.5946651494432,863500
2025-05-23,726.7944946289062,730.2672802848402,716.9020457009364,718.9658290014197,1525200
2025-05-27,750.905517578125,755.2911932382657,744.1187362733482,745.5276780313803,1385100
2025-05-28,740.7055053710938,750.5086880666481,739.0187116449903,746.2917340316775,1244000
2025-05-29,741.2611694335938,753.644111896922,739.048528163199,751.9375148145998,1166000
2025-05-30,731.0411987304688,740.1597434907128,717.3782492105203,739.2171181880728,1785400
2025-06-02,740.725341796875,741.1420591055777,726.9631330698353,727.5882393131762,812600
2025-06-03,741.439697265625,742.7295768985026,726.5067318684085,726.9631163424854,1085100
2025-06-04,737.0045166015625,746.9168293094169,734.6528889056347,745.3391657646558,1160000
2025-06-05,741.9457397460938,750.5781042861138,738.2149662484798,748.266204437542,1506500
2025-06-06,747.1648559570312,756.1742101331923,746.9465350920146,750.181196407484,1345100
2025-06-09,764.2113037109375,776.1179974257984,751.1734595586265,751.1734595586265,1769400
2025-06-10,778.8663940429688,782.1605864698386,770.4523501231306,773.0519733259216,1715500
2025-06-11,777.9933471679688,791.0509951480287,774.619759590331,783.906966522817,1365900
2025-06-12,780.0968627929688,783.4307226504247,776.2569587398924,779.3328305320848,999600
2025-06-13,755.0828247070312,766.9200554144729,753.9616062065755,760.9270413933756,1742900
2025-06-16,769.2022094726562,773.1314404462644,760.0241324930741,760.4111145975633,1454500
2025-06-17,753.95166015625,767.19789297237,752.3145261411619,760.8178969913278,1422800
2025-06-18,755.7178344726562,762.0283673552794,748.375349417139,758.7837740680161,1372500
2025-06-20,750.6476440429688,763.0305866543496,730.5253017388965,762.3955484279766,2303900
2025-06-23,773.6571655273438,774.6791857091686,753.9020047420771,755.3407422070933,1302800
2025-06-24,807.0357055664062,807.1349643528487,779.9975879152422,779.9975879152422,2039600
2025-06-25,808.9010620117188,813.1676150930634,799.9511779707053,810.3993306414396,1400100
2025-06-26,791.8844604492188,794.6527449415751,780.3845521002864,793.5414583708429,1705800
2025-06-27,789.7611083984375,799.2269083926864,782.3194245965059,796.6967480121452,1201000
2025-06-30,795.1588134765625,796.2006370984705,787.865927002051,790.2869572254431,1080400
2025-07-01,784.3236083984375,789.3145263013221,776.455276013199,781.9224422584158,1065800
2025-07-02,793.372802734375,794.2757003692154,766.8506010649018,770.2043246695829,1383000
2025-07-03,788.3223266601562,792.32102026849,780.4936612038455,780.8508474718219,910700
2025-07-07,778.9855346679688,787.3201838675226,777.7055263447587,779.3526528764896,1363700
2025-07-08,787.9254150390625,792.1820967073372,772.6749300193111,776.5743648579542,1327800
2025-07-09,793.6109008789062,794.6725883104557,786.3080828817439,786.7446640633102,1334300
2025-07-10,795.8533325195312,804.7932239068926,791.7951078888368,802.6401138160854,1498900
2025-07-11,795.694580078125,796.944792628485,790.3266722198488,790.8723835786598,932400
2025-07-14,800.4572143554688,806.4502888160928,783.7283245964145,791.4180641145248,1456900
2025-07-15,816.62060546875,820.133058302743,807.879110280608,816.5808777310459,2099600
2025-07-16,748.583740234375,754.9835999790547,724.9191510241282,748.4944133881985,10789600
2025-07-17,739.117919921875,750.9650827825097,736.2305732958994,741.013102616115,4078500
2025-07-18,728.8682250976562,746.242084231307,728.6201689948014,746.2321522975013,2567200
2025-07-21,714.0841064453125,727.2013455614235,713.7269201670777,725.3160948253351,2650300
2025-07-22,699.9945068359375,713.4689322325486,695.7378856181501,712.7247638724796,3425100
2025-07-23,711.3555297851562,714.3718705747294,702.6239659748511,709.6489326512158,3379400
2025-07-24,719.442138671875,720.9800744946886,712.774358714104,717.3882267431204,2037100
2025-07-25,705.7196655273438,707.6049162746,701.1057974441294,703.6260863968379,2312100
2025-07-28,724.3139038085938,729.691743275914,722.8255671598076,729.4338157943392,2253900
2025-07-29,714.7117309570312,723.0973935816384,711.9364243384874,718.9294247326433,2292900
2025-07-30,717.6561279296875,720.2126203738521,711.7374050114223,713.1201099992725,1407000
2025-07-31,691.0567626953125,703.8192500875333,687.5751680832676,702.6852911281102,2892200
2025-08-01,686.1924438476562,689.7834453325968,679.8857573557855,686.3714899941258,1627100
2025-08-04,695.6822509765625,695.7718044065165,689.2562611281992,691.9221604880988,1025600
2025-08-05,686.00341796875,691.9718655111564,680.6417480217498,691.0666169672794,1261200
2025-08-06,687.3265380859375,688.7887787978997,681.8355461414992,684.0339464877637,1218700
2025-08-07,709.369873046875,713.1300241025148,702.9040549428026,710.2651644546523,1723800
2025-08-08,718.5215454101562,719.6953328622245,706.7139709983563,708.6636250955381,1042900
2025-08-11,717.516845703125,728.0113542903326,715.7362806306809,720.192702232529,1179700
2025-08-12,737.88916015625,739.4409542252636,719.6754485651294,721.7147168929212,1461800
2025-08-13,751.5967407226562,752.2234326399786,743.6089384158755,746.6827159491323,2011900
2025-08-14,751.2385864257812,753.0191514657981,740.644567472852,743.3502953348344,1577400
2025-08-15,738.2572021484375,743.2210124078517,732.7861248083158,734.6164755781649,1635100
2025-08-18,743.6188354492188,744.0664811703009,735.5514981993795,735.7802692663857,1086400
2025-08-19,739.6995239257812,751.7160151865168,737.8095519854651,747.5878147268214,1121300
2025-08-20,745.548583984375,749.4778239289301,734.2980632642257,746.8516925482761,1368400
2025-08-21,731.5328369140625,737.6007350611189,728.2600989088302,735.4719739313427,952700
2025-08-22,750.9202880859375,757.5651528042047,736.4766247206226,737.7797334185819,1456000
2025-08-25,750.4925537109375,754.2725585617695,748.1350216535994,750.7810068349245,731100
2025-08-26,759.1866455078125,759.4850557837487,751.9349418744811,754.7799484095973,860100
2025-08-27,765.9508056640625,766.5277726215492,753.804992459995,756.0033926034903,1140700
2025-08-28,759.4451904296875,769.104089286226,756.8687838309672,765.9507764662017,985400
2025-08-29,738.7147827148438,749.6370228100703,735.8996478230431,749.0402023130272,1317800
2025-09-02,722.032958984375,723.3758961877257,712.4337417261006,713.4384401682114,1867400
2025-09-03,732.9453125,734.4175102367324,725.7234807452637,728.3694659632006,1330300
2025-09-04,749.4678955078125,752.9196792296136,731.5625529407747,733.1740289146732,1532700
2025-09-05,777.5892944335938,778.9818958395513,762.2105719186685,770.8051514113896,1887300
2025-09-08,792.062744140625,794.4998724192802,782.6127019813334,785.497475978793,1284500
2025-09-09,800.8960571289062,801.6023452996695,788.949204559713,791.018283436309,1324100
2025-09-10,788.9691162109375,805.3425188811863,786.8602695469341,802.5771696842795,1634300
2025-09-11,799.9312133789062,804.8950239391984,794.3109609264474,795.4847484866823,1297800
2025-09-12,809.5901489257812,811.4901389306516,802.0599495158607,804.2683069149515,1019700
2025-09-15,862.7391357421875,864.1516514183313,829.534665583078,830.5393640317703,2702300
2025-09-16,873.8006591796875,876.8247116698689,863.0077400709183,875.3126854247781,1832400
2025-09-17,867.6830444335938,873.0148434222401,856.6513363049863,863.6642505797543,1553300
2025-09-18,922.9209594726562,933.7437495972808,911.2128957400748,923.7863795404028,3176100
2025-09-19,927.2481689453124,933.71398768724,921.0011641564528,921.200124568274,2410200
2025-09-22,952.7632446289062,959.4677915555224,948.575422438789,955.8668327568698,1885000
2025-09-23,958.4431762695312,972.33968274833,950.9726595747106,959.3384069891528,1664800
2025-09-24,941.9603271484376,948.5852774788156,936.0018364877402,944.7256763854742,1400700
2025-09-25,944.556640625,947.650271664786,932.1920128794736,933.2663505418556,1272600
2025-09-26,946.5162963867188,950.1967907621708,937.7923954329088,941.2640329846796,955200
2025-09-29,957.5479125976562,966.9581871957704,957.3091843988358,958.6620180016124,1213800
2025-09-30,962.9991455078124,970.5094302866358,958.0055246823516,962.9493598707528,1303600
2025-10-01,997.9940795898438,1000.073054815468,959.7462661440646,960.5320898793972,1963800
2025-10-02,1024.752685546875,1034.7597198509816,1016.51619846569,1033.5362074843292,1689100
2025-10-03,1026.7918701171875,1034.3817513488882,1020.0674089884918,1025.5783148331363,1352300
2025-10-06,1037.8135986328125,1053.4309877456997,1034.6303537637132,1034.9685317900507,1385400
2025-10-07,997.0291748046876,1039.355404210904,995.7360232809268,1037.3460073927254,1667800
2025-10-08,982.6154174804688,986.3755687998696,972.2800406300264,972.807282670614,1947000
2025-10-09,975.3836059570312,982.336898597701,966.4011236491584,980.1683091496376,1496000
2025-10-10,931.2669067382812,971.066517859779,930.4909793425904,965.585483307872,2933900
2025-10-13,979.48193359375,979.9992184939867,961.884957714602,966.619935977474,2223900
2025-10-14,978.009765625,988.2555890982036,960.9201169996736,962.3724611868238,2422100
2025-10-15,1004.4996948242188,1027.5677476576072,988.3152346847494,1024.7128450260905,2900300
2025-10-16,1014.228271484375,1043.8615918645412,1005.7828671580232,1031.7158398952668,1938400
2025-10-17,1023.857421875,1027.3390165086362,1009.6624437544624,1015.2230744692856,1663700
2025-10-20,1036.669677734375,1046.6370050625044,1026.0657013981397,1026.3243438523195,1271700
2025-10-21,1019.6297607421876,1032.0241986531369,1018.7643406564506,1030.8604290303358,1072200
2025-10-22,1006.2504272460938,1027.746832094003,992.4234993971954,1021.0521213905338,1328600
2025-10-23,1030.9598388671875,1035.0282966821671,999.2176107806216,999.2375250346632,1318200
2025-10-24,1027.667236328125,1037.913120524609,1026.7521520252888,1032.471914631551,1032700
2025-10-27,1054.4058837890625,1055.1519397782447,1043.84173583938,1044.4883419823475,1265600
2025-10-28,1046.9454345703125,1055.0625585906257,1046.1993785022646,1051.2427855221708,856900
2025-10-29,1067.0986328125,1073.9944992993178,1061.1195957936768,1066.9193298224743,1530000
2025-10-30,1071.6925048828125,1082.315294646034,1066.8694491117226,1068.9322849907144,1283100
2025-10-31,1055.5291748046875,1069.5301346707909,1047.72657555282,1067.935749182207,1179400
2025-11-03,1063.0926513671875,1069.6497397722576,1059.2760765543894,1059.306000933798,868100
2025-11-04,1026.5408935546875,1059.5451734570925,1025.2354120664295,1046.2816177774732,1735100
2025-11-05,1040.103271484375,1046.96921330609,1027.1985657795317,1027.4974446317535,1169400
2025-11-06,1025.6041259765625,1037.891125197865,1022.8537591502354,1036.2468656493704,1073000
2025-11-07,1013.4069213867188,1031.7824973196452,993.33727282574,1027.497472195187,1841900
2025-11-10,1035.16064453125,1039.1466690621185,1017.5025242321104,1033.1476826801509,992900
2025-11-11,1018.8478393554688,1033.3569670148972,1014.2240968693864,1028.1652087032203,1026000
2025-11-12,1033.7056884765625,1035.0708970464643,1021.6479883006392,1026.560817179961,961900
2025-11-13,1016.2967529296876,1038.219888345914,1005.9829385512718,1037.3529328565703,1406300
2025-11-14,1003.4617309570312,1014.51301078443,977.5725209657202,985.8435097432504,1307800
2025-11-17,1016.436279296875,1021.418810077742,1000.7612569232782,1001.2096360360292,1691500
2025-11-18,1000.5519409179688,1014.1641878712196,990.5171169056543,1007.5474334028332,1414000
2025-11-19,1035.69873046875,1041.0798882017332,1001.488716896297,1002.2560461225028,1587800
2025-11-20,977.6123657226562,1047.2780834958087,973.5865027963353,1038.5885791136775,2055100
2025-11-21,963.1929321289062,975.1210812455514,942.8043949242192,959.9841507803836,2481800
2025-11-24,984.3687133789062,991.6631457028512,974.1744749171926,974.20433847433,1628100
2025-11-25,999.71484375,1003.3620902212812,970.3378627002568,990.3576974775408,1193000
2025-11-26,1037.3330078125,1051.3140186964108,1033.6759079881322,1037.0341289451346,1572400
2025-11-28,1056.296630859375,1056.575681805442,1031.8223788345758,1036.765132579798,939700
2025-12-01,1084.188720703125,1087.4872144617275,1050.7858149597544,1052.3404229489468,2103100
2025-12-02,1104.9061279296875,1109.320582092557,1084.8763784669172,1085.803061074047,1426000
2025-12-03,1136.933837890625,1137.7309698225404,1101.7571222172785,1106.3609757541626,2059500
2025-12-04,1106.2015380859375,1125.5936310942916,1098.3192617744064,1118.6081130309876,1511800
2025-12-05,1095.628662109375,1125.43419714457,1094.42292851184,1118.0102744793592,1054400
2025-12-08,1115.77783203125,1130.217317013055,1110.137695213593,1114.9108766091856,1118800
2025-12-09,1107.556640625,1111.8416653547897,1101.7470540676272,1104.0290918786432,904700
2025-12-10,1115.4091796875,1120.0329826938794,1095.040652929452,1105.523916802798,1093600
2025-12-11,1118.9168701171875,1123.809749105949,1091.6425031513904,1110.855169865535,1403600
2025-12-12,1077.07373046875,1110.66603807828,1073.426483619878,1105.5140570960475,1623000
2025-12-15,1084.019287109375,1093.8747477168713,1075.8180608024916,1085.5439707422804,1283400
2025-12-16,1072.29052734375,1084.258576338321,1062.21574278265,1077.7513617659674,956300
2025-12-17,1011.8822631835938,1061.3986577067783,1006.4812167174624,1057.063880152008,2140900
2025-12-18,1032.6893310546875,1048.1351761457488,1031.5333498779269,1044.3085050041582,1645400
2025-12-19,1052.3304443359375,1058.9672093574131,1038.9175104784988,1038.9175104784988,2319600
2025-12-22,1053.287109375,1063.4315960678514,1046.3315155252817,1062.2756148094766,703700
2025-12-23,1058.130126953125,1061.029994103644,1052.0015893923924,1054.2437283796976,543600
2025-12-24,1061.7972412109375,1063.0727982639987,1053.7453937518271,1056.1170832295627,229800
2025-12-26,1069.001953125,1072.3302495456803,1059.3656950365882,1062.5246632668668,363800
2025-12-29,1062.275634765625,1069.8989317078583,1057.3628055581064,1060.860552135792,424300
2025-12-30,1068.3941650390625,1082.2655750462116,1066.680203580531,1080.7906436988235,807300
2025-12-31,1066.1220703125,1076.7648096702223,1065.185412907116,1076.4558343702645,561300
2026-01-02,1159.7139892578125,1168.672570068307,1129.5198034008845,1129.7988543252966,2697900
2026-01-05,1223.89892578125,1233.535184797811,1206.9882442865674,1206.9882442865674,3290600
2026-01-06,1237.8499755859375,1242.0253998099452,1218.1491502341771,1218.5476553982803,1895800
2026-01-07,1224.177978515625,1231.4425478544451,1217.7306124055087,1223.1615226985589,1351200
2026-01-08,1190.147216796875,1220.2617262441995,1171.8912769580213,1213.007132001847,1682300
2026-01-09,1269.4293212890625,1277.5209467569025,1216.7240938415912,1228.542642761132,2394500
2026-01-12,1276.7535400390625,1279.0754771932125,1250.8643300304996,1251.6715583915086,1488600
2026-01-13,1265.7222900390625,1286.9677477092291,1263.6893785598218,1277.8397172825453,1374200
2026-01-14,1259.3046875,1268.821369624142,1245.2539755063235,1262.6928326441027,1536500
2026-01-15,1326.9476318359375,1353.2554198495534,1325.353246244408,1348.910667414011,2858400
2026-01-16,1353.8233642578125,1370.564716947318,1333.5644371585122,1350.9733711448655,2469100
2026-01-20,1321.4368896484375,1346.5389434455751,1306.7285704212084,1314.5112203913432,2970800
2026-01-21,1355.3380126953125,1366.2099288296376,1318.048830491334,1327.346189059867,2387200
2026-01-22,1390.1260986328125,1393.912870713139,1368.4820139475407,1388.7808396403186,1844200
2026-01-23,1384.18701171875,1388.491864981784,1358.507027467922,1371.511360398625,1556300
2026-01-26,1408.4119873046875,1414.988903773872,1380.3205364370283,1381.028016899876,2001300
2026-01-27,1449.5078125,1468.441428903691,1412.049181264755,1412.676984990209,3473900
2026-01-28,1417.9486083984375,1488.2620207562263,1403.1305664620502,1487.783717255887,5036800
2026-01-29,1450.075927734375,1462.362804809723,1394.2017596122516,1454.2213057475196,2818900
2026-01-30,1418.0281982421875,1461.3065122360613,1411.0626302465578,1435.00870132706,2358800
2026-02-02,1436.35400390625,1448.0829006711476,1390.5246961259645,1392.3582333686245,1766600
2026-02-03,1391.0030517578125,1440.758658861144,1367.1168278116563,1431.0227740170574,2205100
2026-02-04,1334.4512939453125,1401.1872820378842,1311.4619504428626,1390.883442442061,2479400
2026-02-05,1345.4427490234375,1364.077364975892,1314.9197614302143,1324.4762211458667,1790200
2026-02-06,1408.0731201171875,1411.0227393016842,1363.73857264028,1367.5750968674265,1971000
2026-02-09,1424.49560546875,1432.0690280864646,1403.678576830447,1410.893271821639,1125100
2026-02-10,1410.5390625,1436.7518274930378,1407.7252621798193,1436.1331836323309,1200600
2026-02-11,1432.5010986328125,1448.3265176914426,1406.268357806805,1437.26072207045,1139300
2026-02-12,1403.8038330078125,1436.1132682257537,1389.1657612653646,1432.10201000977,1518100
2026-02-13,1403.5443115234375,1433.5288669673369,1397.9465530047908,1411.7663428902738,1248900
2026-02-17,1416.6856689453125,1425.386634780744,1379.736345287416,1389.5348893509054,1097200
2026-02-18,1465.5189208984375,1473.2819937558563,1424.2690548195014,1433.3392092163335,1334400
2026-02-19,1455.7503662109375,1456.608477254225,1424.4685950062456,1435.9037011602354,1135200
2026-02-20,1466.3870849609375,1483.7691629928868,1445.1634221278275,1446.26112218896,1102500
2026-02-23,1482.7513427734375,1489.756062492051,1458.813637629454,1468.1931751187046,1284200
2026-02-24,1494.53564453125,1504.0647575482917,1470.7176732570902,1496.750776883683,1538900
2026-02-25,1523.18310546875,1543.8479307323337,1513.1749358042075,1519.0820774956774,1306900
2026-02-26,1460.6097412109375,1511.0295200439057,1423.4807564455737,1509.522801298568,2177900
2026-02-27,1447.398681640625,1458.5342716347366,1421.3954188121709,1427.2226569048432,1358300
2026-03-02,1420.4375,1439.5456660255334,1408.13429470469,1414.6600800573506,1492400
2026-03-03,1357.973876953125,1370.5065618603585,1326.1335100552103,1354.6212144325052,2012500
2026-03-04,1396.3201904296875,1402.4867752533096,1369.7182594660856,1388.0981585343718,1486700
2026-03-05,1365.377685546875,1404.3126621085316,1336.530659925031,1378.1098852515224,1804500
2026-03-06,1289.982421875,1335.0838608285185,1283.8657771920082,1291.0400482919986,1900100
2026-03-09,1354.461669921875,1356.0381826054622,1273.3288192353316,1281.9899555554916,1808900
2026-03-10,1380.385009765625,1404.4724130966604,1366.9244199342036,1371.5941520214087,1650900
2026-03-11,1383.6578369140625,1401.7183642869154,1369.0097778256663,1380.9436724800764,1164700
2026-03-12,1348.63427734375,1369.548679243302,1330.6635191977668,1369.548679243302,1780200
2026-03-13,1342.757080078125,1383.7676022063956,1339.574090983475,1364.5595565814929,1179000
2026-03-16,1372.5621337890625,1387.130289878146,1365.2180671416106,1376.513464303597,1310400
2026-03-17,1386.1324462890625,1388.0283297180936,1366.3257324902731,1382.0314183949383,1135600
2026-03-18,1352.216552734375,1378.279621286256,1351.0690347120487,1370.3768384811872,1391400
2026-03-19,1363.4119873046875,1369.4687042332964,1307.514062598614,1312.3734436316329,1619100
2026-03-20,1314.379150390625,1367.0141856406576,1288.2861180337834,1354.3019612791145,2645100
2026-03-23,1366.635009765625,1397.3379683179935,1345.1718794733513,1356.7665496717043,1983200
2026-03-24,1396.3701171875,1410.1998957827925,1345.7407108014672,1346.1796933897608,1801000
2026-03-25,1390.85205078125,1402.7659692515529,1363.7112597197413,1391.0515661623317,1610000
2026-03-26,1326.6024169921875,1356.457251602465,1323.9581681822713,1353.8529545917866,1721100
2026-03-27,1299.63134765625,1330.873168627696,1295.6900050685902,1315.5566470141705,1759700
2026-03-30,1251.22705078125,1320.0368405443826,1245.3898247712086,1315.8958607922098,2144500
2026-03-31,1317.9512939453125,1319.5279283938517,1273.2290297844718,1281.530843297226,1731500
2026-04-01,1356.7965087890625,1382.699891823817,1341.629684838034,1342.707287204718,1745000
2026-04-02,1314.359130859375,1353.2441680832828,1295.350722648515,1302.6946672088832,1883400
2026-04-06,1301.16796875,1317.1231093990611,1277.569488679081,1312.2437523545482,1299200
2026-04-07,1303.6026611328125,1306.1471523591167,1269.4372938742697,1287.6275437419702,1368900
2026-04-08,1417.9530029296875,1426.175034874712,1381.2131804714238,1417.9030631783105,2427300
2026-04-09,1445.4827880859375,1450.382121132025,1409.0423618108182,1409.0423618108182,1579700
2026-04-10,1475.0582275390625,1499.2254126111577,1470.5081072550386,1479.119303681841,1519600
2026-04-13,1496.9302978515625,1497.5290876079605,1457.8457459734186,1461.966749599987,1709400
2026-04-14,1514.990966796875,1528.6410835033466,1493.7173647833106,1523.0633008186835,1769200
2026-04-15,1478.54052734375,1482.9309619805308,1412.1654870471698,1470.318496025898,4251700
2026-04-16,1407.755126953125,1450.7513022813846,1403.4346078081292,1449.8332635230795,2626700
2026-04-17,1456.6185302734375,1469.2708270076114,1442.5391747128242,1460.5698607897996,1876500
2026-04-20,1473.2821044921875,1476.0760508722626,1448.8354999814808,1458.3048076578168,1091900
2026-04-21,1455.790283203125,1476.944152884416,1443.0980344769132,1472.8729669050213,1274600
2026-04-22,1440.513671875,1473.7809754277337,1375.2961343222796,1473.7809754277337,2621800
2026-04-23,1414.7100830078125,1446.8398573246232,1393.1870246439776,1435.8138910695095,1800500
2026-04-24,1454.52294921875,1469.44043934131,1438.5478326643472,1456.3490387576403,1751800
2026-04-27,1432.43994140625,1458.300048828125,1415.68994140625,1457.8399658203125,1326200
2026-04-28,1384.56005859375,1398.6300048828125,1364.81005859375,1389.72998046875,1926900
2026-04-29,1394.0799560546875,1399.699951171875,1374.9200439453125,1386.7099609375,1256500
2026-04-30,1438.989990234375,1446.6500244140625,1395.0,1414.3399658203125,1414400
2026-05-01,1427.02001953125,1444.1500244140625,1414.0,1428.2900390625,707100
2026-05-04,1386.2099609375,1417.0699462890625,1366.7900390625,1401.77001953125,1755700
2026-05-05,1442.9200439453125,1454.800048828125,1414.3900146484375,1432.4200439453125,1621400
2026-05-06,1544.739990234375,1545.52001953125,1496.0,1503.0899658203125,2312400
2026-05-07,1516.5999755859375,1550.0,1497.81005859375,1548.739990234375,1726700
2026-05-08,1592.02001953125,1595.31005859375,1531.1600341796875,1538.530029296875,2288300
2026-05-11,1565.81005859375,1567.989990234375,1521.3599853515625,1559.300048828125,2191300
2026-05-12,1520.93994140625,1535.1099853515625,1475.0,1526.1400146484375,1846800
2026-05-13,1581.5799560546875,1602.5999755859375,1521.0799560546875,1539.3900146484375,1691200
2026-05-14,1584.510009765625,1603.489990234375,1563.280029296875,1573.739990234375,1412600
2026-05-15,1501.81005859375,1527.25,1486.6400146484375,1511.739990234375,1807400
2026-05-18,1472.3900146484375,1522.489990234375,1453.3399658203125,1521.25,1664400
2026-05-19,1459.43994140625,1485.760009765625,1441.31005859375,1449.9300537109375,1395400
2026-05-20,1550.1300048828125,1555.800048828125,1492.3199462890625,1502.3800048828125,1744500
2026-05-21,1592.0,1601.7900390625,1545.93994140625,1548.6800537109375,1358400
2026-05-22,1632.9000244140625,1653.530029296875,1615.8499755859375,1620.030029296875,1666700
2026-05-26,1632.030029296875,1648.010009765625,1604.25,1641.8499755859375,1651000
2026-05-27,1597.8699951171875,1639.1300048828125,1583.0,1637.3499755859375,1361600
2026-05-28,1605.77001953125,1627.530029296875,1580.0,1617.0899658203125,971600
2026-05-29,1612.760009765625,1654.199951171875,1604.8599853515625,1633.469970703125,1069400
2026-06-01,1628.5699462890625,1646.530029296875,1585.6099853515625,1594.469970703125,1058900
2026-06-02,1705.3699951171875,1708.3199462890625,1647.5899658203125,1659.68994140625,1484000
2026-06-03,1726.3599853515625,1743.27001953125,1690.0,1709.31005859375,1826900
2026-06-04,1757.469970703125,1779.2900390625,1672.4300537109375,1679.800048828125,2248200
2026-06-05,1641.739990234375,1705.47998046875,1638.3800048828125,1685.3599853515625,2744600
2026-06-08,1749.0400390625,1769.489990234375,1719.02001953125,1732.7900390625,2060800
