date,Close,High,Low,Open,Volume
2019-01-11,145.41506958007812,145.88812014378263,143.50313746101438,144.43938869430673,5185200
2019-01-14,143.936767578125,144.60692126305213,142.6062950639826,143.64110534853717,5815500
2019-01-15,147.03135681152344,147.6916607074226,143.69040767489477,144.2324526754114,5350400
2019-01-16,146.39073181152344,147.62264525595126,145.66144867674598,146.99190617392446,3936800
2019-01-17,147.65223693847656,148.53920867489705,145.55305144747237,146.39074363453457,3743200
2019-01-18,150.30328369140625,151.0522966579358,148.06613979928574,149.63313002451693,6151200
2019-01-22,146.79481506347656,149.1896628155177,145.2672392595665,148.1647023244524,5203300
2019-01-23,147.583251953125,148.61806240346974,145.51363105243556,147.56353712452574,3335400
2019-01-24,144.74490356445312,148.32238517519298,144.39997680777986,147.7803402284132,6734700
2019-01-25,147.57339477539062,147.7212183875702,145.41507980952488,146.3808958311152,4600800
2019-01-28,145.19825744628906,146.05566444712017,143.98605874890598,146.02609972557474,4054700
2019-01-29,143.07936096191406,145.85856516505936,142.54718092195395,144.9420286967927,3915100
2019-01-30,147.0017852783203,147.52411542607535,143.96634845404148,145.0602882996809,4653400
2019-01-31,149.7711181640625,151.16072021310674,146.55829314217914,146.86380528671936,8615900
2019-02-01,153.61465454101562,153.69349879600438,148.88411954572274,150.19486205064916,5959200
2019-02-04,155.4379119873047,156.60083106075237,153.16133834778805,153.76251271026695,5264700
2019-02-05,156.68955993652344,157.5666818177085,155.53649061213463,156.04895584208,4575600
2019-02-06,155.8419647216797,156.79793064433193,152.83609326581458,156.69937156525276,4205100
2019-02-07,152.68826293945312,154.787448126209,151.14098757230818,153.7033733874844,4545500
2019-02-08,154.40309143066406,154.43265614832998,150.50039831871462,150.69750144915565,3018700
2019-02-11,157.59622192382812,159.16321216825182,155.2900836352794,155.9109577665007,7125500
2019-02-12,160.4345703125,161.02589487403625,157.7145104130516,158.9168593269692,5631700
2019-02-13,158.0791473388672,161.20329346590762,157.95103855014875,161.07516963918133,5296000
2019-02-14,157.16259765625,158.1185637339354,154.44253806578828,157.16259765625,5061100
2019-02-15,156.74868774414062,158.88728792561108,155.80257149304393,158.66062003635128,5282000
2019-02-19,158.2860870361328,159.1434939368042,156.8373556976159,157.34983587454835,3883200
2019-02-20,156.2460479736328,159.153375893035,154.93530523000564,158.01015654451126,7047200
2019-02-21,157.3203125,158.15800479608612,155.0240235507126,155.41822992086972,4463000
2019-02-22,158.97596740722656,159.37018874126534,157.8820276420291,158.1481251627545,4175000
2019-02-25,159.02523803710938,160.70063725831656,158.60145200653037,160.15859235315986,5076700
2019-02-26,160.64151000976562,161.01601650170477,157.55679399312183,158.48319529128358,4496300
2019-02-27,160.75978088378906,161.1638521249321,158.17769497425314,159.94178850708727,4278300
2019-02-28,161.2821044921875,162.21837075407436,159.8235231632573,160.6415155069023,6908100
2019-03-01,162.14938354492188,163.74593865065734,159.409609086385,162.7604078371403,6919900
2019-03-04,156.20663452148438,163.39114756193246,153.17119780003918,163.16447968462523,17886300
2019-03-05,154.69879150390625,158.5522210547776,152.560191187343,157.6061047439159,16042900
2019-03-06,154.52139282226562,157.9313365654575,154.01877744563137,154.85648477803085,7436300
2019-03-07,153.34860229492188,155.30979901119278,152.57002452234633,153.83150277456312,6916500
2019-03-08,152.81642150878906,153.16136334477278,148.07602020643156,149.82041413930608,4800700
2019-03-11,155.368896484375,155.48717038481294,151.2099560580666,153.64421789652687,5699500
2019-03-12,155.9898223876953,157.06404740956862,154.88603264323888,155.7138749515812,4082100
2019-03-13,157.49766540527344,159.65598013540708,156.31503152298268,156.55156431464312,5230600
2019-03-14,158.34523010253906,159.25191662407858,157.42869368678947,158.6211775204856,3247200
2019-03-15,159.17308044433594,159.83338430211717,156.88665671688526,158.31567342629282,6743700
2019-03-18,159.6067352294922,160.9667727601928,158.55222492691234,159.0646901963862,3575500
2019-03-19,161.5580596923828,162.23807836252988,159.26178612108438,160.1684726686115,4379000
2019-03-20,161.14410400390625,162.5632704828957,159.17304279153285,161.4693309085083,4391000
2019-03-21,164.53436279296875,164.57379244595063,160.39513647225382,160.80905760052465,4277800
2019-03-22,159.16322326660156,164.0810273434439,159.0153996626711,163.5586972255476,5614300
2019-03-25,158.5522003173828,159.26178369821895,156.91621557612132,157.91159627295778,3795400
2019-03-26,157.0935821533203,159.72496226512035,155.11267092823954,159.09420820236338,6910300
2019-03-27,152.8755340576172,156.99506065301037,150.1653243368082,156.69939840313896,8218700
2019-03-28,152.93467712402344,154.21587029559558,151.28884233332994,153.43730750498318,4424800
2019-03-29,156.0784912109375,156.20661501333083,153.18102856423087,154.60019516980188,4913100
2019-04-01,158.84783935546875,159.34060473136435,156.21647405274683,157.78347937697936,4601100
2019-04-02,158.18756103515625,158.66062669957563,156.61072060111653,158.53250286904435,3158400
2019-04-03,160.26699829101562,160.77947846779685,158.32550160086873,159.4391561086803,3819100
2019-04-04,156.22634887695312,160.4444195586704,153.57526858068545,160.35572539451442,6295200
2019-04-05,156.26576232910156,157.92146190438413,155.73358231012196,157.32028751068134,4315300
2019-04-08,156.17706298828125,156.4924250162575,154.18628661378398,156.10806861584524,2848400
2019-04-09,154.69879150390625,156.05882900139227,154.38341438761614,154.76777084933934,5642900
2019-04-10,157.92144775390625,158.05942145298283,155.36891176398137,155.91095666678416,3414700
2019-04-11,158.4043426513672,158.50290173498323,156.7190936027685,157.84259798116923,2578400
2019-04-12,158.38465881347656,160.14875229900122,157.19215994886582,159.65598690731198,2844200
2019-04-15,157.7736358642578,159.6855681883749,157.18232635571127,158.67047257926248,2608400
2019-04-16,156.39389038085938,157.9411659697566,155.46748899124876,157.7243479833368,3004800
2019-04-17,153.09234619140625,156.74867196455975,152.82626371089026,156.74867196455975,4765500
2019-04-18,153.73294067382812,153.9497586327967,150.95373685687025,152.65870077239106,4391500
2019-04-22,156.46282958984375,156.83733602269854,153.03318737939455,153.20072577356558,2943300
2019-04-23,158.89712524414062,159.0646636740729,156.11793623290177,157.44839377813088,3418400
2019-04-24,157.25128173828125,160.13889461283847,157.09359321149196,159.5377202627092,3384900
2019-04-25,160.73020935058594,161.51863697261948,158.67045365450298,159.65598442254338,5498400
2019-04-26,163.5587158203125,163.65725988813398,158.94642335923228,160.06992799085302,3342900
2019-04-29,162.9673614501953,165.1355260397585,162.93779673145622,164.29783394547556,4509700
2019-04-30,162.95750427246094,164.03172910664438,161.2525253653572,162.79981575423085,3581800
2019-05-01,159.80381774902344,163.81493543732788,159.79396785442572,163.60796734671956,2707700
2019-05-02,159.4884490966797,160.34585606937918,157.3202843724472,159.35047538799233,3181100
2019-05-03,160.97659301757812,161.13428155054112,158.5324809086765,160.2275950430132,3131000
2019-05-06,160.14874267578125,160.48381951287388,155.5758807172053,156.32487865388393,2520600
2019-05-07,154.62979125976562,159.3307778349815,152.51090585278158,158.9957009401296,6541900
2019-05-08,154.5903778076172,155.6448880524362,152.79670434868032,154.83676053298709,4061300
2019-05-09,154.04832458496094,154.82690237687342,150.18504546184678,152.41233976667067,5809300
2019-05-10,157.62579345703125,158.2860972671019,152.1462447924402,154.01874723664005,4462200
2019-05-13,150.93402099609375,154.62976112859366,150.56937944851538,152.67841454927512,5694600
2019-05-14,155.78286743164062,156.2953326421761,150.7073745719349,152.80656007780595,4954000
2019-05-15,152.81642150878906,154.11732953683335,149.50503702777715,151.59437279663538,7783800
2019-05-16,156.18690490722656,157.14287091241448,153.6442338350984,154.4917908591411,5048100
2019-05-17,152.33349609375,154.88601714133793,150.95374401326572,153.92018617359716,5314000
2019-05-20,153.72308349609375,153.8314924810461,149.50501305286656,150.26387594753302,5437600
2019-05-21,153.5260009765625,155.55619220567178,152.9346764268378,155.08314158869678,3803100
2019-05-22,155.3590545654297,155.9010994427453,153.58509634785344,153.61466106497932,3170100
2019-05-23,151.48594665527344,154.07788244661313,149.94850596752752,153.77237030314018,4508200
2019-05-24,152.27435302734375,154.659335673157,151.9294262825313,152.64885953006026,3151700
2019-05-28,152.9445343017578,155.52662030451057,152.1561066178464,153.10222284614156,4934100
2019-05-29,150.67779541015625,151.8308645803726,149.0122460405085,151.53520234846962,4359500
2019-05-30,153.40773010253906,153.6146831521766,151.673186245731,152.0871224210197,4418100
2019-05-31,149.21920776367188,152.24477921049973,149.07136913500932,150.45112114583415,5326900
2019-06-03,143.00054931640625,148.51951370839564,141.31528474623593,148.51951370839564,8835200
2019-06-04,148.6278839111328,148.7362928907108,140.4479760137176,143.93676314704177,12375100
2019-06-05,156.14749145507812,156.20662089286836,152.31377751228757,154.87614839056602,12072400
2019-06-06,157.0049285888672,157.6849473303105,155.05358157629695,156.20665094908884,5601200
2019-06-07,158.93653869628906,160.63165268729568,157.19214516314756,157.52722198885692,7175300
2019-06-10,150.57923889160156,155.17181586330426,148.64760701446022,151.25925752518918,29856300
2019-06-11,147.97744750976562,153.45701153429107,146.63712498487567,153.062790181084,15214300
2019-06-12,149.09109497070312,150.1160554016422,147.9774403788192,148.92355654291634,7161300
2019-06-13,149.1502227783203,150.0372094920761,148.07599785062197,149.9583652260974,5173800
2019-06-14,147.8394775390625,149.78097451849737,147.31714739109344,148.85457311251233,6248200
2019-06-17,148.1154327392578,149.0911137465426,147.70151156471496,148.02673856714324,4491800
2019-06-18,148.41107177734375,150.7369249448515,148.32237761911816,149.68241486393373,7317800
2019-06-19,151.9097137451172,152.23494070690117,148.33223220349953,149.49516634303075,8095300
2019-06-20,154.92544555664062,155.99967056669843,153.17120185863573,154.02860888013046,10153600
2019-06-21,154.57066345214844,155.50691480381872,153.68369165330463,154.40312500294496,9706900
2019-06-24,150.3525848388672,155.44777755486464,150.30330528851368,155.11270067327274,6378200
2019-06-25,147.17916870117188,150.75665038146295,146.4400205879221,150.61867666850992,7362500
2019-06-26,146.8834991455078,149.18965257307482,146.76524026542967,149.09109348100563,5844900
2019-06-27,148.50962829589844,148.578607627322,146.32174886951606,147.72120070330925,6832800
2019-06-28,149.53456115722656,149.57399080446768,147.4353911007683,148.24351841315956,6936600
2019-07-01,151.83084106445312,152.50100968883626,149.65282687071573,152.33347129224134,6476400
2019-07-02,151.88999938964844,152.12653219113523,150.37228860129213,152.0575378181159,4736300
2019-07-03,153.3387451171875,153.49643366619117,151.9294431852376,152.30393469161163,3885400
2019-07-05,152.34336853027344,152.57003642693425,150.3624568323075,151.72247925028057,3940900
2019-07-08,150.59896850585938,151.4662404759467,149.84010553203296,151.2987020340903,4717400
2019-07-09,151.7224578857422,151.95899068243443,149.48529884413014,149.87952017195056,4979100
2019-07-10,154.00889587402344,154.13700464681148,152.33349659182014,152.33349659182014,4966300
2019-07-11,156.600830078125,156.9950514007229,154.35382117233735,154.55093935263923,7083200
2019-07-12,155.79270935058594,157.31042015302353,155.12254059249202,157.0936021758172,4348000
2019-07-15,157.33998107910156,157.52723433108244,155.20138111733195,156.462859297196,3603700
2019-07-16,154.8564453125,159.27161868374307,154.53121837355948,157.64549902704573,6913100
2019-07-17,155.9503936767578,157.6060781438155,155.37878402846235,155.3984838163992,4160500
2019-07-18,155.69415283203125,156.28547733201432,153.94977412929398,154.7283368508652,3724000
2019-07-19,154.48194885253906,158.414222055195,154.02859807969406,157.41882634895038,5218800
2019-07-22,155.41819763183594,156.74867017121866,154.8761527069761,155.36891808630213,2909500
2019-07-23,153.98919677734375,156.15736166036726,153.0332306407094,155.6941609534204,4865800
2019-07-24,157.4385528564453,157.93131828009615,153.447149917272,153.72309735147587,4110500
2019-07-25,157.04432678222656,158.79857026676254,156.37415807058062,157.80317461184796,6934500
2019-07-26,157.6553497314453,158.49305685466234,156.43328623077696,157.25127852904626,4979100
2019-07-29,153.94976806640625,158.86755698016518,153.2697494296084,158.07912935724005,8880500
2019-07-30,154.68893432617188,155.9306978275878,152.38278062638815,153.09236406662808,4241600
2019-07-31,152.26451110839844,155.6054599739168,150.0963463202815,155.11269456579902,7454200
2019-08-01,148.6278839111328,155.4970341601979,148.23367764248843,152.49116248826755,26124700
2019-08-02,143.5918426513672,147.73106923722946,143.2074862192087,147.63252517447526,13138900
2019-08-05,140.75347900390625,141.67001518827433,137.77717256113618,139.2948829766929,13070100
2019-08-06,140.73377990722656,142.86252972155202,139.90593776987922,141.7094456269558,6694000
2019-08-07,139.590576171875,141.0294576974451,137.0479050078441,138.89084271591832,7635500
2019-08-08,141.73904418945312,142.86254867865168,140.2607480174547,141.44338194745217,8670300
2019-08-09,141.29554748535156,142.37963739207456,139.63986294200015,141.5320802935475,5286700
2019-08-12,138.68389892578125,139.91581245728656,138.02359507745524,139.50189131526162,4389500
2019-08-13,141.79818725585938,142.9019770248544,138.39809370313768,138.8908591411544,5205800
2019-08-14,137.6983642578125,140.30016496222265,135.87512626686316,139.24563979043953,8607800
2019-08-15,140.07351684570312,141.22658623708412,137.72794840418817,139.05842118394014,6647700
2019-08-16,141.8080291748047,143.23704585707523,140.45785676274306,140.99003678914477,5341100
2019-08-19,141.59121704101562,144.02547947151203,140.8126542772976,143.49329942312357,4632100
2019-08-20,143.4341583251953,144.38027459111655,140.99004594207662,142.07413593031887,6259200
2019-08-21,145.24752807617188,146.24290872909748,144.04517934712996,144.77446248447913,6142400
2019-08-22,146.0950927734375,147.73106249010817,143.36516821750067,147.32700628665725,11744500
2019-08-23,149.37692260742188,156.1278001084403,148.470220964936,155.4182166722387,26531900
2019-08-26,152.89524841308594,152.96424278764616,149.32763171285362,151.28882838954178,8975400
2019-08-27,151.34796142578125,153.64423479325822,150.3230010452884,152.0279649975631,6516500
2019-08-28,149.6331329345703,150.56938412293516,148.68701681455596,150.2934367208488,5326800
2019-08-29,153.67379760742188,153.74279197591005,150.45112298759838,151.18040609444273,5979900
2019-08-30,153.8118133544922,155.93069875463425,151.47609491731268,154.15674014348778,7591000
2019-09-03,150.52012634277344,153.07266273815802,149.56416019088968,151.97872286528113,4953800
2019-09-04,150.25404357910156,152.6784411064428,150.11606985834237,151.86044867693911,3604500
2019-09-05,151.5450897216797,152.501055891526,149.7514162770582,152.40249678696136,5065400
2019-09-06,148.88414001464844,151.8210174862288,148.58847777729332,151.7421732204004,4722300
2019-09-09,147.37625122070312,149.94848689615458,145.94723474278672,149.4655864874407,6265500
2019-09-10,147.4846649169922,149.4655912708425,145.60231268746995,146.6174081169732,6249700
2019-09-11,151.86044311523438,152.41233797805867,146.88350937911068,147.9183197659098,6242400
2019-09-12,152.51087951660156,154.53122050810595,152.17580267961208,152.7966768097972,4993500
2019-09-13,150.7664794921875,152.66856152783745,150.5299617528769,152.08710203469246,3763500
2019-09-16,150.7960662841797,151.87030631348765,149.16994643635738,149.45574375919628,2592300
2019-09-17,150.60882568359375,151.2296998683837,149.5345856712298,150.7862140112461,3028500
2019-09-18,150.55953979492188,150.69751350106543,148.39137511066335,150.1456186764912,2951200
2019-09-19,151.37753295898438,152.0181219471247,150.55954061169356,151.29868869247375,2947000
2019-09-20,152.9543914794922,154.61009119834344,151.3972508650755,152.45177613809506,11733000
2019-09-23,152.41233825683594,152.95438322596095,150.7468037706259,151.91957283726904,3642200
2019-09-24,149.8499755859375,154.00891716570013,148.90385931005446,152.04770527105117,4120800
2019-09-25,150.77635192871094,150.99316989254166,146.7455198105891,149.849950635617,3445000
2019-09-26,150.13575744628906,151.1804176811345,149.64299204962563,150.214601714316,3837300
2019-09-27,146.1147918701172,150.93403690948307,144.62664576687973,150.90447218834638,5858200
2019-09-30,146.2921905517578,146.81452065912697,145.27709505720975,145.80927505864025,3671200
2019-10-01,145.55303955078125,147.98730171764737,145.1194036126828,147.32699791663595,3172900
2019-10-02,142.13323974609375,144.38024855468947,141.1279942144572,143.94661263759113,4432400
2019-10-03,144.87303161621094,144.93216105976907,140.02422175035164,141.91643913424744,3660900
2019-10-04,145.88812255859375,146.76524436569238,144.09446432927132,146.13450525764398,3259000
2019-10-07,146.64700317382812,147.16933335578813,144.87304451905436,145.14899197224045,2704700
2019-10-08,143.79879760742188,146.19363014941385,143.70023851566657,145.4052025293896,2613200
2019-10-09,144.92230224609375,145.71072986702916,144.48866630267898,145.13912021780115,2273000
2019-10-10,144.29153442382812,145.42488856460608,143.40454788765126,144.71530535086583,2687400
2019-10-11,147.20875549316406,148.52937841571864,145.94727706046254,145.99655661633554,4663900
2019-10-14,147.20875549316406,148.10559228082175,146.64701066263734,147.23832021908603,1556900
2019-10-15,150.5299835205078,150.75665139945974,147.45511712278082,147.49454677703758,3942600
2019-10-16,144.8434600830078,148.6673243253547,143.71010570008852,145.12925739276793,8988600
2019-10-17,144.05503845214844,145.8979762771898,143.40458450048433,145.44464052033806,5024400
2019-10-18,142.00509643554688,144.32109929372797,140.33954736366385,144.18312561524078,6080000
2019-10-21,142.45848083496094,143.089219948484,140.9309050799891,142.01499498042244,3358000
2019-10-22,140.2705841064453,143.84806530275526,140.08333087034023,142.95122877088616,4460500
2019-10-23,143.03009033203125,143.4637262916763,139.442758808613,140.0537830946547,4761400
2019-10-24,145.97679138183594,146.63709509611138,144.28167750357505,144.46893072843002,5280100
2019-10-25,148.31253051757812,148.4800689433826,144.18315419837785,144.92230227351854,4991400
2019-10-28,152.55030822753906,152.67843204564318,147.2678624579508,149.01225621103308,7576700
2019-10-29,152.84596252441406,153.87092293988712,152.18565871733338,152.5404503937654,5477300
2019-10-30,155.9898223876953,156.12779610575237,152.767132284068,153.4865806349438,4724500
2019-10-31,154.22572326660156,155.9898168157468,152.9642450214235,154.29470260416244,4578300
2019-11-01,157.42869567871094,157.77362243650518,154.48195316791802,155.62517250702228,4771100
2019-11-04,155.3196563720703,158.91683769064048,154.4228197564466,158.61132555604487,5748100
2019-11-05,155.8616943359375,156.81766044154276,153.22047893678564,155.3097994786823,4015000
2019-11-06,156.63040161132812,157.68492677739505,155.46748249458793,156.64026654357585,4207400
2019-11-07,157.19216918945312,158.79858927295592,155.79271719934923,156.63040939166115,3802300
2019-11-08,158.77886962890625,158.87742872525064,156.6107048513903,156.94578171815044,3265300
2019-11-11,159.43917846679688,159.8826643382375,157.9313174810944,158.88728360118122,3541200
2019-11-12,160.50355529785156,161.99170147198336,159.2519269040808,159.65599816287406,3710600
2019-11-13,160.24732971191406,162.04098812294947,159.67571998764774,160.69081560753213,5389700
2019-11-14,160.6907958984375,161.21312600623506,160.04034197770636,160.67108107229245,3820700
2019-11-15,160.84849548339844,161.5580638553064,158.66061580916113,161.35111079958534,3693000
2019-11-18,160.4148406982422,161.62703928221728,159.54756884602952,161.62703928221728,5556700
2019-11-19,161.587646484375,162.07054698163563,159.49831083452756,161.2722693908103,4952900
2019-11-20,161.82415771484375,163.93319306914583,159.90237562251352,161.07515970496314,8450300
2019-11-21,160.5232696533203,163.50942692565243,159.86296578840933,162.927967333299,5724200
2019-11-22,160.4542694091797,161.12443818241275,159.04496756350906,160.62180784298627,3761900
2019-11-25,159.3701934814453,162.26764142327693,159.1139458471969,161.4102344330007,5509300
2019-11-26,160.1881561279297,160.25715049636375,158.9759575566349,159.22234023589024,5881400
2019-11-27,159.17308044433594,160.47398837047726,158.7788741238122,159.57715169757745,4012800
2019-11-29,160.5330810546875,161.04556118442258,158.9858058110309,159.27160307226555,2432500
2019-12-02,158.67044067382812,160.8484701097376,155.81240769552633,160.74006113260174,5117400
2019-12-03,159.23220825195312,159.5081556550242,153.9300480795056,154.6889109569539,6216400
2019-12-04,154.16656494140625,158.3649354773203,152.2644978499377,158.0594233569709,17803300
2019-12-05,155.93067932128906,156.62054785131124,153.0036517371893,153.48656722720787,7126600
2019-12-06,155.72372436523438,157.19217074702402,155.30980321234227,155.81243357071705,4751200
2019-12-09,155.20138549804688,156.6008374233968,154.7874643684087,155.10284144127962,3709000
2019-12-10,154.1370086669922,155.3886369738385,153.91034079721896,154.73818304700438,4074700
2019-12-11,154.12716674804688,154.6100822710797,153.23033007870325,154.57065261637936,4867500
2019-12-12,156.2953338623047,156.68955522503325,153.06279387796727,153.51614468560328,5353900
2019-12-13,158.798583984375,159.15337567695215,156.25591269390648,156.56142483845773,5742300
2019-12-16,159.61659240722656,160.38530531209275,158.4930877741138,158.52265249830037,5370000
2019-12-17,159.2913818359375,160.02066515845027,157.42872882999063,159.6560234971939,4789600
2019-12-18,159.14352416992188,160.91748278245916,159.14352416992188,159.4589012734876,4144800
2019-12-19,160.96676635742188,160.9766162529015,158.50293906677013,159.25193714944524,4185400
2019-12-20,162.16909790039062,162.7801221908327,161.26241135915157,162.34648622806475,8586700
2019-12-23,161.37081909179688,162.48445867330713,160.9864626801593,161.6664663022822,4368600
2019-12-24,160.88792419433594,161.46938383345068,160.52328256268916,160.94705364400747,1238000
2019-12-26,162.12966918945312,162.1493840164227,160.9076206014628,161.03572938174793,2155500
2019-12-27,162.59288024902344,163.06594589843195,161.52850509486595,162.4746213556752,3409900
2019-12-30,160.08961486816406,162.55344170364307,158.8675513440845,162.47459744034705,3197100
2019-12-31,160.28672790527344,160.89775218604183,159.4588856465537,159.69540341304133,3273500
2020-01-02,164.5738067626953,164.65265103751148,161.21314285894422,161.5482197484071,5189300
2020-01-03,163.76564025878906,164.35696471437168,162.61257110460798,162.6717005425651,3205400
2020-01-06,170.9403076171875,171.15712558781203,162.07053076147633,162.61257568803768,8836200
2020-01-07,173.45339965820312,174.31080653753386,169.59997109076622,170.72347546430484,8272700
2020-01-08,174.76417541503906,176.26218641465016,172.22150419235936,172.69455475718158,7225100
2020-01-09,177.0013427734375,177.2969899915145,174.72475392819578,176.25232971962382,5952900
2020-01-10,177.59263610839844,178.06568665233888,176.10449010662455,177.2378444409417,5111800
2020-01-13,181.1898498535156,181.7811593311356,178.5092047818854,178.6373135644658,6202600
2020-01-14,179.48486328125,181.18984238119103,179.4060190132175,180.8449005882996,4342300
2020-01-15,178.44021606445312,180.44084251796383,178.0065800776416,179.05124038877435,3886600
2020-01-16,180.04661560058594,180.46053671212184,178.34165160921054,179.5932648376623,3485300
2020-01-17,179.59326171875,180.6872014366705,178.73585479103048,180.57879245424576,4577000
2020-01-21,182.58932495117188,183.30875834046776,178.87386902577902,178.88371892168396,6302400
2020-01-22,180.1057586669922,183.7423698253644,180.04662922344255,182.7075594492249,4781800
2020-01-23,181.3179473876953,181.63332445326665,178.67673213456345,180.55909951992595,4369000
2020-01-24,179.47503662109375,183.43687513407363,178.50922052917622,182.32322038120407,4653600
2020-01-27,178.09527587890625,179.10050645847772,174.73461227208648,176.18334373806437,4239400
2020-01-28,180.20431518554688,181.19969589306783,177.7404881528651,178.51905087846956,3445300
2020-01-29,179.13995361328125,181.43624238548344,178.99211495736654,181.3376832815403,2785500
2020-01-30,182.9835205078125,183.24961806161383,177.92774217562794,178.28253390136032,3715700
2020-01-31,179.672119140625,183.33829494820583,178.1741081023215,182.18522570779027,4193300
2020-02-03,182.7371063232422,183.18059214455656,179.2187694336088,180.60835633532648,4755200
2020-02-04,185.6148834228516,186.9453561338876,183.9493338197647,185.2798065308008,3983200
2020-02-05,182.8060913085937,187.79287414499643,180.21414080715724,187.6450355201437,6162700
2020-02-06,184.0281524658203,184.84614479167627,181.57419052625823,184.12671155587748,4102700
2020-02-07,183.0328063964844,185.9204048169264,182.96381201281088,184.146461164864,3713100
2020-02-10,186.3835601806641,186.5313988076809,182.8750733134028,183.476247638726,3873500
2020-02-11,186.37371826171875,189.8132259472748,185.92036750601,188.7094212960731,4299200
2020-02-12,186.7187042236328,187.7633646459232,184.0676235078153,186.9650869661733,4535400
2020-02-13,185.91053771972656,188.28567066172684,185.693719731112,185.77256400315432,3132100
2020-02-14,187.2015838623047,187.4972461279266,185.3783607939835,186.61027436906843,3599400
2020-02-18,188.3250732421875,188.72914447132595,186.1864732530001,188.18709953443368,4957000
2020-02-19,190.0792999267578,191.1141101619,189.0247899051213,189.2218930360996,3903200
2020-02-20,190.56222534179688,192.88807850013885,187.02417357846485,191.1929644167029,5451200
2020-02-21,186.758056640625,189.26129785433687,184.0182826591749,189.0641947335571,5242100
2020-02-24,183.2496032714844,184.44208714366687,176.20304887819708,176.20304887819708,8463300
2020-02-25,178.64715576171875,187.23111981249343,176.83376782897875,185.74297385616305,11361100
2020-02-26,176.2819061279297,180.0269265312508,171.72875821161222,173.9856173412565,13923100
2020-02-27,169.6591339111328,175.74972253104065,167.58952809893714,169.71827839548789,9927300
2020-02-28,167.93441772460938,169.28460494882995,160.75975575378925,162.60270830588487,12640800
2020-03-02,174.2024383544922,174.2320030787713,166.15065261896498,169.70841980796615,7761000
2020-03-03,166.91934204101562,175.83839853519217,164.67233308390234,175.8285486411544,8323500
2020-03-04,173.1479034423828,173.2661623226584,167.17558938036663,169.7576751864249,5846300
2020-03-05,167.1460418701172,171.23598897282622,165.6677455624381,170.07306976236237,5797500
2020-03-06,161.7058868408203,165.1453945629894,156.24603807884424,163.27287712009272,9757700
2020-03-09,149.02210998535156,155.4280598027981,148.4603502446558,149.5050104241893,9657100
2020-03-10,159.00550842285156,159.13363221706416,148.81512530573852,154.95497692724803,11443900
2020-03-11,152.33349609375,157.31041437855075,147.97743692105564,155.3984823068265,10341300
2020-03-12,138.55577087402344,149.0418179323699,138.07287040874849,142.2515113556494,13213000
2020-03-13,145.6417236328125,147.33683761645693,133.3620197015798,147.30727289890538,13765400
2020-03-16,122.50148010253906,139.50188621587515,121.60464347526472,132.07097564418262,13845300
2020-03-17,133.4605712890625,136.0130923019503,121.1414370129564,125.16240424523812,12191500
2020-03-18,130.3266143798828,131.48953364817925,113.62186076097056,123.72355269914016,12988200
2020-03-19,137.44212341308594,141.9164263493212,126.99549156939196,129.68598627495626,10444000
2020-03-20,137.33370971679688,144.08458602126987,132.65243886941562,138.38821975107587,12450100
2020-03-23,138.4867706298828,141.64046569046852,132.14980075435827,136.7522270680575,11898300
2020-03-24,151.4169464111328,151.90971179453769,141.10828797357993,142.53731961585896,11834400
2020-03-25,144.93214416503906,155.73356739008094,144.8336001165984,150.460972063336,10639300
2020-03-26,152.4911651611328,152.8361069307467,145.592450072899,146.15420980546924,8573100
2020-03-27,143.8874969482422,149.25863680617456,142.81327198425703,148.4505093691054,8273500
2020-03-30,147.68182373046875,150.78624030988018,144.43941837702985,145.58263792575644,7650400
2020-03-31,141.89671325683594,149.75139454194195,140.7140793637497,146.87364655482995,10429700
2020-04-01,132.1202392578125,137.0478926094421,131.1741382355822,136.3186095377239,8737600
2020-04-02,132.3765106201172,133.43102080690494,128.15842475894425,132.07098342554528,8150500
2020-04-03,132.36663818359375,134.2194408835422,129.75498760165064,132.50461189286608,6004400
2020-04-06,145.41506958007812,147.6817933814218,136.29890986611397,136.98877840443433,12296800
2020-04-07,142.97097778320312,148.61806574418284,142.4190678360739,148.15486500874036,7859500
2020-04-08,148.93341064453125,149.95837110442645,142.9019669217876,144.18315997765325,7665500
2020-04-09,152.3137969970703,153.84137283342417,149.48531321089024,150.18504673626782,7094600
2020-04-13,150.29345703125,153.0627963580069,147.8296298668033,151.89001222164904,5138600
2020-04-14,155.42807006835938,156.49243010564945,152.90509857246707,153.4570084558854,7334300
2020-04-15,153.378173828125,154.9944438504316,151.77175370081753,152.83612884302056,4042600
2020-04-16,154.7874755859375,155.7138770071244,152.01813625537304,154.7283461399907,4391500
2020-04-17,160.26699829101562,160.897737340129,155.3492097018052,157.68491265839603,7312900
2020-04-20,160.40499877929688,161.93257463341547,158.1974192576874,158.42408714685104,4686000
2020-04-21,148.38153076171875,157.77363909035407,145.8585740491127,157.68494491795968,13737900
2020-04-22,151.9097137451172,153.4471393550006,148.48992073733532,151.77174003751242,6660900
2020-04-23,149.52471923828125,154.20599007052087,149.30790128090553,151.27896268395378,6281400
2020-04-24,151.7520294189453,152.2645096491182,149.11081407499023,151.36767300581732,6710500
2020-04-27,155.34922790527344,156.1475054630661,151.96884937429138,153.28945706343,5036400
2020-04-28,152.22508239746094,158.48319347829414,151.94911995950093,157.1921506346484,4731800
2020-04-29,158.10870361328125,159.54758523975332,154.25528950235943,155.59561203076916,5256700
2020-04-30,159.6067352294922,162.90826994549394,157.6948027698142,159.29137314350896,6830700
2020-05-01,154.10745239257812,157.85247258619998,153.0135125604045,156.19678799588704,4276900
2020-05-04,159.13368225097656,159.67572727614422,152.83614013932225,153.3289056098367,5974200
2020-05-05,160.88792419433594,161.76504611981687,157.93133140669116,160.17834072226051,5264800
2020-05-06,161.3018035888672,163.31229458485862,160.56265558345953,162.06066641839368,4112600
2020-05-07,167.44168090820312,168.79186836232958,163.61783153862223,164.09088212329064,6460900
2020-05-08,173.35487365722656,173.53227703322156,168.6736020344634,170.44756060437516,5403400
2020-05-11,180.02688598632812,180.6477751216312,171.6400253842411,173.01976230935375,8696000
2020-05-12,174.97113037109375,180.3718499440551,174.44880025384847,180.35213511755344,5904600
2020-05-13,167.18545532226562,172.67486945807286,163.86422111967235,172.6354398021921,12534900
2020-05-14,164.5836639404297,166.13095470589815,162.18883101870222,166.00283087390156,7442300
2020-05-15,168.8509979248047,169.2353543447453,163.77550515706818,164.84974518439546,5673800
2020-05-18,170.00405883789062,174.43894732931386,169.63941726298003,171.48235500169835,6398300
2020-05-19,173.49282836914062,175.62157841980638,170.25043878554806,170.25043878554806,5264000
2020-05-20,174.36996459960938,176.547994376438,172.36933819404632,175.98624961644603,4951200
2020-05-21,172.72412109375,175.71027818876678,172.3988941280147,174.36995571089076,4429700
2020-05-22,175.27664184570312,176.05520448569212,172.91135913162535,174.04472846483088,4965100
2020-05-26,173.9658966064453,179.36660104258016,173.6702343663563,179.36660104258016,8353600
2020-05-27,174.0447540283203,174.0546039231322,168.89041685832422,173.7392268330642,6340200
2020-05-28,178.47962951660156,182.12609037954243,174.5375064133128,177.39553964799467,10275200
2020-05-29,172.26092529296875,172.46789338174986,168.2202579565433,171.77802481582424,19588900
2020-06-01,173.80819702148438,174.95141625686531,170.181436180484,170.59537231309162,5711600
2020-06-02,171.70901489257812,172.36931867717638,168.74257280869546,172.3200541710764,8571800
2020-06-03,172.45803833007812,173.38442464061464,170.33913810909007,172.3003497945801,6004000
2020-06-04,168.9593963623047,172.89165448112905,167.54022965794465,172.4678834714136,7301600
2020-06-05,171.3640899658203,171.6696020892864,164.5836336591958,167.64863486359087,8232200
2020-06-08,173.99546813964844,174.0151829665613,170.1617538764637,171.11771996864664,4592600
2020-06-09,172.03424072265625,173.45340737086235,171.01914528028766,173.45340737086235,4025600
2020-06-10,179.46519470214844,179.8594010728579,173.50272935761078,173.6998325429655,8127200
2020-06-11,169.56056213378906,175.84823785519964,169.51128259055122,174.08414449612494,6521200
2020-06-12,172.57630920410156,175.11898062315998,169.37333391452137,173.35487196546086,5443800
2020-06-15,176.02565002441406,176.31144732870726,168.79185783954838,169.51129108525691,6000000
2020-06-16,177.86862182617188,179.8593985578381,175.43435917415658,177.40542107616028,5824100
2020-06-17,178.77529907226562,180.1057718011849,178.0657156219098,178.3515280039185,5038600
2020-06-18,184.9447021484375,186.2653097299944,178.992088061709,179.2779003973927,8677800
2020-06-19,184.24497985839844,188.4827653015376,182.8061133131972,186.7580864033536,11841000
2020-06-22,188.87698364257807,189.7146908902837,184.2942711505613,184.32383587337367,6252200
2020-06-23,186.324462890625,191.281681937465,185.86126218113432,189.2219260391812,6950800
2020-06-24,182.8652191162109,186.5609591345741,181.37705817782705,184.79685081119283,4903100
2020-06-25,185.6148834228516,186.03866952351052,181.7713189834264,183.4467184816885,4022400
2020-06-26,180.5196685791016,185.4966019543257,180.3718449794241,185.27978398279475,7595700
2020-06-29,180.6773681640625,181.05187469016468,177.39554870839632,180.66751826948345,3972100
2020-06-30,184.61947631835932,185.17137112963675,180.4802501957734,180.7956122145009,4478900
2020-07-01,189.11349487304688,190.0300462896172,184.74760087208944,185.37833995009248,4754600
2020-07-02,189.7442169189453,192.56283521032617,189.507684146674,190.3651060474048,4200300
2020-07-06,194.8591461181641,196.5641101489909,191.0352818973905,191.6266063778422,5794200
2020-07-07,193.5385589599609,197.3229939287368,193.3710205149796,194.8000372828862,5431500
2020-07-08,197.3821258544922,198.28881247060693,194.4945275590623,195.13511662368435,4233700
2020-07-09,197.83546447753903,199.8853704110868,192.80925122299348,199.0969427384904,6062800
2020-07-10,196.0023651123047,197.8255880210942,194.2284067118019,197.1652842071861,3783200
2020-07-13,185.6148834228516,197.362409777052,185.30937125433417,197.1061771604263,5555400
2020-07-14,186.8172149658203,187.21143630635348,180.6477976070396,183.29887784985,5854700
2020-07-15,185.36846923828125,189.32045704389068,184.0478616845788,188.26593195682617,7681800
2020-07-16,182.8258056640625,184.1562782037377,179.29760374275162,183.72264226375447,7350000
2020-07-17,185.06298828125,185.674012617454,180.70694357648853,184.4322491167146,4324300
2020-07-20,192.26719665527344,192.48401463035847,184.56035375963577,185.1812279264645,5729000
2020-07-21,188.03927612304688,193.65679857015232,186.73836827318755,193.16403317938853,5376800
2020-07-22,188.5419006347656,189.09379549334847,186.13720300407692,188.01957049803488,2833000
2020-07-23,185.8119506835937,191.7547146114877,184.79685527042892,188.7094133339884,3639500
2020-07-24,185.76271057128903,186.2061964348263,181.71217828003583,183.3678628473768,3908400
2020-07-27,188.1969757080078,188.7882851888418,185.9203868370743,187.1523003863208,3015700
2020-07-28,186.758056640625,190.17784917106889,186.31457085936947,188.2363526034796,3114200
2020-07-29,190.80862426757807,191.7448755468563,187.00447466884188,187.3986809849568,3747800
2020-07-30,188.9262542724609,189.14307225485263,184.6589040379436,187.3395490584164,3587400
2020-07-31,192.0306701660156,192.1686438677087,187.9111438645981,190.2074322869232,3734000
2020-08-03,200.2499847412109,201.82682483370004,193.7257763388513,194.9379748855908,6557500
2020-08-04,198.49575805664065,200.447104790868,196.022066173922,200.06274838809583,4480300
2020-08-05,199.70797729492188,200.94974079235985,198.6633169662507,199.8656658451385,3559100
2020-08-06,204.7834625244141,206.91221291319275,199.47145148595783,200.0332113266112,5113300
2020-08-07,198.14096069335932,203.9457362210066,195.7066985329261,203.6303591621299,5423400
2020-08-10,194.3072662353516,198.56475169285144,192.8880994035158,197.50037656897464,5528200
2020-08-11,189.21206665039065,193.00635126663715,188.9459691196075,190.81847165354665,5015400
2020-08-12,189.8329467773437,192.5924361542247,189.3401813542581,190.20745331105115,3980300
2020-08-13,192.3164978027344,195.20411113815123,190.43413018852823,190.52283939775864,4711600
2020-08-14,190.66079711914065,192.65155852797383,189.73439575166043,192.39532593105653,2833000
2020-08-17,193.89334106445312,194.2185680431766,191.60690231876345,192.5135888785348,3574500
2020-08-18,201.0581512451172,201.83672906868804,196.1206469050596,196.4458739029807,7284800
2020-08-19,202.1422271728516,204.1034389191212,197.13572880068136,201.04828736069223,7080700
2020-08-20,206.47854614257807,207.0698706195903,200.56536152448083,200.90045341505768,5175100
2020-08-21,204.52719116210932,206.96145326787192,203.26571303094565,206.902323830162,5727800
2020-08-24,205.4437561035156,206.26173342976497,202.18163654075792,205.85767723277644,5699000
2020-08-25,212.9239196777344,215.1906433904561,207.74988328561125,210.134865875134,27096500
2020-08-26,268.3797302246094,273.94797272213486,245.8603474809427,248.3143243630656,63253400
2020-08-27,272.3218688964844,274.2535007795197,257.065841788072,263.1367149250524,22817100
2020-08-28,267.1774597167969,271.7601728447594,263.53098299182665,267.3548480782877,28068000
2020-08-31,268.7049560546875,270.73514701689544,262.0624883478136,266.0933055524309,16010100
2020-09-01,277.1805419921875,277.85069572880536,266.6649149523179,267.07885112847225,13293600
2020-09-02,272.6865539550781,280.38354807072744,264.6840476588601,279.3684524213504,12963800
2020-09-03,261.1755065917969,267.81797404215274,253.68546707992363,266.66488986250994,14000600
2020-09-04,251.01467895507807,261.82596752094025,239.681075332892,259.1748873980175,14374300
2020-09-08,237.779037475586,250.0094641567757,236.6653827791056,237.089168873433,15229600
2020-09-09,246.80645751953125,249.78276458329785,239.44455668136965,242.83476981591824,9988600
2020-09-10,244.21453857421875,252.79851857587008,243.3965461945155,251.1231041626428,5945000
2020-09-11,239.58251953125,247.6638682753215,235.98532344825125,247.09225866393527,5455200
2020-09-14,243.0713348388672,245.2690644833664,240.5089485441271,242.7461078449804,4255200
2020-09-15,248.03836059570312,248.29460820330527,244.91423006567132,247.73284848325915,4133600
2020-09-16,246.9739990234375,251.7340990630568,246.60934243920204,250.9851011459874,5441200
2020-09-17,240.9918212890625,245.21975642073312,237.81841122647697,242.5588114956794,5279500
2020-09-18,239.26715087890625,244.52003150625612,235.2560486032185,241.5831541236685,6595600
2020-09-21,241.5043182373047,241.5831625034789,233.3736893834175,235.51228935012165,5561600
2020-09-22,244.1948089599609,244.973386676703,237.76914423490007,243.1698635927885,3600800
2020-09-23,232.575424194336,245.1705069017016,231.9446850695135,244.8945594744672,7507900
2020-09-24,234.1128387451172,236.4879715233712,230.2495599094293,232.4275745021636,4166800
2020-09-25,239.22772216796875,240.4202058669493,231.64898884881035,233.95512702598333,5117800
2020-09-28,243.1008758544922,244.9832432546252,238.70541699414693,243.97799764773643,4088300
2020-09-29,243.86959838867188,244.31308425004727,240.96228547742496,241.7112834869034,3983700
2020-09-30,247.68359375,251.71441088301967,242.6573809414189,243.08115194301004,8188500
2020-10-01,249.7827606201172,250.98510931428336,247.18096009329977,249.5166631122593,4318000
2020-10-02,244.2638397216797,251.2611000929276,243.63310054683467,246.13634241756097,4494500
2020-10-05,247.8905792236328,249.6152582509722,245.39718731857704,246.3827181913424,3403500
2020-10-06,246.52066040039065,253.5672142627386,245.3971559505709,249.0731814254539,4448100
2020-10-07,256.2182922363281,256.96727514594056,248.55084925542192,248.55084925542192,4963200
2020-10-08,256.45489501953125,260.7912256917168,253.36031303794925,260.377319486856,4150400
2020-10-09,262.1314392089844,262.20040349305947,257.7162513038353,259.0959881254422,4225000
2020-10-12,263.20574951171875,266.0933478834694,261.4515056805647,266.0933478834694,4317000
2020-10-13,262.9691772460937,264.90083932109104,260.4068211575709,262.56513607405265,3713200
2020-10-14,258.0415344238281,266.25102341238875,255.00611257808453,266.0933348640882,5129500
2020-10-15,253.9910125732422,256.75048693053054,250.34455142567623,254.3753539662862,5256800
2020-10-16,254.8089904785156,258.72154917511807,254.74986103330875,255.48900917440983,3092300
2020-10-19,251.3202209472656,257.6966218969736,250.8176056188438,256.00150760291376,3242300
2020-10-20,252.26629638671875,255.4298415363216,250.3740792329926,252.41411997763285,2989300
2020-10-21,250.551498413086,254.57246599943807,248.20594526621912,252.73939309422587,2794000
2020-10-22,246.05747985839844,251.52717895775865,242.568707346324,250.2164211528304,3685700
2020-10-23,246.8951873779297,246.9444669269584,243.23886138730177,246.4812662345013,3159600
2020-10-26,238.478744506836,244.5200532682425,233.94531174064764,241.75071405974344,5864100
2020-10-27,246.6783599853516,248.10737662464496,242.2139067053349,244.41163615853804,4285600
2020-10-28,234.9801177978516,241.8985487065308,234.56619663757263,241.06085649096903,4425400
2020-10-29,233.70877075195312,239.01093121006983,233.69892085774333,239.01093121006983,4589000
2020-10-30,228.9092559814453,234.3099608580896,225.35148899213235,232.4078935255188,5741200
2020-11-02,229.0866241455078,235.04908830293184,225.6766961075537,231.71798949301763,3953400
2020-11-03,233.6989288330078,237.4537988619599,229.9046291498581,231.6983024656764,4151400
2020-11-04,247.11199951171875,249.2210348333452,239.7205184726533,242.46029290809304,6505400
2020-11-05,256.45489501953125,257.14477879566084,251.7440577303624,254.37540883218367,8961700
2020-11-06,256.3858642578125,257.96271975384167,250.80777064827777,256.2380406341885,3798600
2020-11-09,255.5284423828125,267.0000361286925,253.52781592278893,257.1742921666618,8777500
2020-11-10,244.0765686035156,255.2524845899541,239.38543223537576,254.3260832050523,6863200
2020-11-11,250.50222778320312,253.02518438886045,247.57521495220777,249.84192390891056,4163400
2020-11-12,245.81109619140625,251.2807952694014,242.79537427759456,243.8203197173057,5607000
2020-11-13,245.8997802734375,250.1178508219936,243.9779982540263,249.1815995856657,5160000
2020-11-16,246.27427673339844,249.82219342292024,244.58901254637416,245.9096351706997,5712600
2020-11-17,252.46343994140625,254.53303057430173,246.8360524194155,250.06859226178275,5090700
2020-11-18,253.4391021728516,258.8595215308408,252.1480592409388,252.69008914633253,5880500
2020-11-19,260.8207397460937,263.2254374843403,251.9608268146127,253.12374602749813,8084600
2020-11-20,254.30636596679688,261.18535142930904,254.08954799635595,259.776049659449,7286100
2020-11-23,253.91213989257807,257.9527916366531,250.9259680847369,257.4501914394396,5383600
2020-11-24,257.0658264160156,258.51455776066376,254.08953450347784,256.23798422993247,5797300
2020-11-25,243.24874877929688,262.24978370500224,241.50435484106737,259.91408023785334,26394900
2020-11-27,244.0469970703125,248.19607332134964,243.4556725744941,247.3682310576092,7395000
2020-11-30,242.2434539794922,244.04697700162225,232.65424428469632,241.92807693085496,18966400
2020-12-01,237.8578643798828,243.13044513230588,235.24619873944303,241.45504578142385,18872000
2020-12-02,217.58551025390625,222.72998273969563,212.51003214915625,222.21750246257264,52225500
2020-12-03,217.7727508544922,222.8383787690984,216.94490855825472,222.8383787690984,21395300
2020-12-04,222.5919952392578,225.29235514380812,218.61045727820508,220.58151895037133,20504800
2020-12-07,224.4053649902344,226.5439650677785,222.9763483070283,224.8094362360671,12864100
2020-12-08,224.5630798339844,226.17934996862328,222.3949147808847,225.3416426572397,12116800
2020-12-09,217.3785552978516,225.52888491849944,216.8857898535944,224.7503221332966,15651800
2020-12-10,219.6945343017578,221.0644215756537,216.97447458152047,217.3785458373477,9258600
2020-12-11,219.20176696777344,219.51714405386664,216.7970693193377,218.7090015492581,8214400
2020-12-14,218.0684051513672,220.23656991196577,217.2602626740677,219.8620633943873,8508500
2020-12-15,216.964599609375,218.9258113150988,215.04281755693577,218.85683197886075,10766800
2020-12-16,220.3844146728516,220.75892122638035,217.0631803576352,218.2753791519413,8821400
2020-12-17,222.651123046875,223.449400612154,221.25167107448365,221.64587739081668,9946900
2020-12-18,224.1392517089844,224.52362313874977,221.1530947334666,223.73519552954903,11845400
2020-12-21,223.1931915283203,224.14915773606592,221.45866250047692,221.64590074576,9219000
2020-12-22,227.8251495361328,228.51501807734184,223.32128167294863,223.715487971352,10339600
2020-12-23,224.1392517089844,229.806053532981,223.8238896881076,229.1358998398642,7090500
2020-12-24,222.51315307617188,225.8738168681801,221.5769017806232,224.9966950172755,6146300
2020-12-28,221.3896331787109,224.5433286580076,218.83711207499948,223.9323043883331,6422500
2020-12-29,219.2411956787109,222.0400996347068,217.66434033104755,221.7148726553259,6122400
2020-12-30,219.1820526123047,220.4041162665364,218.37392514396345,219.90150095225115,4724000
2020-12-31,219.31016540527344,219.5663979968855,216.9843121403117,219.05393281366136,6011100
2021-01-04,217.12225341796875,220.5124812338571,212.59867137853823,219.41854161928853,10319900
2021-01-05,218.31480407714844,219.77338556442265,214.8358812844832,216.3141775999389,8657200
2021-01-06,213.02249145507807,217.270142135105,212.6578498454779,214.8457295790946,9789800
2021-01-07,214.82598876953125,217.4672190004644,213.36740746952668,213.88973756421765,8443100
2021-01-08,218.8272399902344,219.10320243378348,216.04805110926048,216.8167638872749,7301700
2021-01-11,215.09210205078125,217.38839067219573,213.10132557831764,216.45213939824737,7199000
2021-01-12,212.401596069336,215.14137041087216,210.9922792464272,214.84570817184172,10736000
2021-01-13,215.0230865478516,215.73266987350445,212.41143613954952,213.8601675095904,6839200
2021-01-14,212.4804534912109,216.3240177225593,212.43117394198708,215.07238935470704,6548000
2021-01-15,210.0560302734375,214.71758666164413,209.9082066713404,213.0421873398496,8525600
2021-01-19,213.62364196777344,214.13612217324047,210.60792025045868,212.2340550260737,7753800
2021-01-20,220.20700073242188,221.38963466534875,216.7872077096875,218.77798410355163,9857700
2021-01-21,218.9553680419922,221.48818932381545,217.62491053334315,220.4533790139732,6785900
2021-01-22,222.5032958984375,224.49405731366176,220.5125194452065,221.6458738651412,10186100
2021-01-25,222.651123046875,226.96775288935456,218.1176902570172,226.3665784822421,8213500
2021-01-26,222.98617553710932,224.612310249689,221.2910614938172,224.5039012688504,5021000
2021-01-27,221.5276031494141,224.5137601507865,218.37390772331185,220.46322812347844,7641100
2021-01-28,223.2227325439453,226.2778841259748,221.74443630193244,221.74443630193244,7246000
2021-01-29,222.2963256835937,225.4795859690046,219.7930840588387,221.40935397543808,6473000
2021-02-01,225.1543731689453,226.5735248889204,221.49804728447864,223.92245966903164,5696700
2021-02-02,230.811279296875,232.53595796482048,228.03209063457663,228.12078478552127,7134900
2021-02-03,231.4223480224609,232.58526713991745,228.8993765605432,231.5997363469517,5357600
2021-02-04,234.5366058349609,234.78298852473068,232.06292904335496,232.1122085889101,4770700
2021-02-05,235.43345642089844,235.89665710822268,232.9893442038305,235.68968901979844,5020000
2021-02-08,235.47286987304688,237.6213348646139,233.69892644049528,236.04447954900496,4336400
2021-02-09,233.275146484375,236.606245530939,232.82181071991204,236.0937652842352,5157200
2021-02-10,233.2948608398437,234.7731570947238,230.57480114454705,234.01429413991005,5535600
2021-02-11,237.7494506835937,239.37557045472585,235.127935200745,235.47286195080008,6091600
2021-02-12,236.89205932617188,238.06484351169576,235.45319262309832,237.4636690568477,4314400
2021-02-16,244.9930877685547,247.5948883707718,240.27240204970843,241.4550359528969,10837600
2021-02-17,244.0765686035156,245.889941718894,241.94781840476344,244.9931050558076,5879200
2021-02-18,243.4359436035156,244.42147434727983,239.0601997331273,242.41099824672327,4152800
2021-02-19,242.99249267578125,245.7815468857676,242.4208829577409,244.41165955670792,4647700
2021-02-22,237.4636383056641,240.9819904066145,236.90189358112949,240.72574277962832,5055000
2021-02-23,232.23046875,235.5024381064497,225.6963949690697,231.8559622473204,8641600
2021-02-24,236.9905548095703,238.00565016832448,228.1601936358788,232.12203102944608,6128300
2021-02-25,227.7364654541016,236.8723404369057,226.44542247598287,235.0786671123695,8828900
2021-02-26,213.367416381836,227.1648474642641,213.2097278460581,226.07090768406565,20372900
2021-03-01,214.39236450195312,217.01388004991665,211.91868759740493,216.7182178010925,14027700
2021-03-02,210.3812713623047,215.4370494255891,210.25314753988,215.23993122554884,10211500
2021-03-03,203.01934814453125,210.23344093761904,202.4280236395872,209.7505254239812,11459000
2021-03-04,202.35903930664065,206.0646296705252,198.5943044633162,203.8471853887365,12800500
2021-03-05,207.71047973632807,209.2774852408853,200.27958362942704,206.97133158742648,11406000
2021-03-08,204.71446228027344,211.7905663201398,204.56663867309223,210.52908807883767,9576400
2021-03-09,208.4693145751953,212.66767008060413,208.11452291009,209.10990353591072,9732200
2021-03-10,208.89312744140625,213.0224891077222,208.70587417215896,211.61318719792607,7186400
2021-03-11,212.82537841796875,215.01325805011217,211.24853812250052,211.88912714284592,6431000
2021-03-12,209.1394805908203,210.7557503691951,206.2715825881048,210.36152905861263,6114600
2021-03-15,209.720947265625,209.85892096953768,206.4686927728195,208.78469605778852,5733700
2021-03-16,211.3766326904297,213.5546622815619,210.3911019327783,211.7314243647044,5311000
2021-03-17,210.03634643554688,211.701896108936,207.8090519533036,210.4305678293124,5805100
2021-03-18,206.4489898681641,208.32150742996816,205.3846147888032,207.65133865940464,5580100
2021-03-19,209.129623413086,209.67166833648065,206.04492237268704,206.77420550779448,7088400
2021-03-22,212.05667114257807,213.84047957459856,208.31165090581308,208.42005990080915,5002500
2021-03-23,211.8891143798828,214.28394691951488,211.22881057219,211.6525815827068,4578000
2021-03-24,206.49826049804688,212.16506241081,206.3800016181164,212.01723881089688,4617700
2021-03-25,202.46746826171875,205.1579633783053,201.41294299214348,203.18690160011573,7977200
2021-03-26,206.0646209716797,206.37999803001927,201.8071359501349,202.6645428907364,7333200
2021-03-29,207.7203521728516,208.5876091397125,203.00951567005475,205.9858081631134,5686900
2021-03-30,206.96145629882807,208.2327843422269,204.3596557354488,205.6211338850869,4717900
2021-03-31,208.80441284179688,210.5783713493612,207.0698839888491,207.3951109684032,6838000
2021-04-01,215.5552978515625,215.76225089834844,210.282702054586,210.5093849660269,7763500
2021-04-05,217.1025390625,218.6301145690921,215.7622167844456,216.43238544247487,5553200
2021-04-06,217.89100646972656,218.3443572659072,215.0921025361103,216.6393931494588,5448500
2021-04-07,217.5953521728516,219.4580048985304,216.2156149827219,218.74843651361195,4403400
2021-04-08,221.2023468017578,222.4441250193519,219.23128554259668,219.7733303964668,6169100
2021-04-09,227.93356323242188,227.96312795351253,220.3942585941686,221.0841271496286,7319300
2021-04-12,225.45001220703125,226.5242521689049,223.86330707513267,226.1990252121548,6205700
2021-04-13,228.6431427001953,230.11158898725387,225.1937849439424,225.6865503376928,5397100
2021-04-14,224.7207489013672,229.7666620473511,224.3659571934148,229.4808647172262,4617600
2021-04-15,229.6286773681641,229.70752163705728,226.1793195536208,226.5439611389961,5073900
2021-04-16,228.554443359375,230.61419904945595,226.5636670030927,230.61419904945595,5088700
2021-04-19,227.1648406982422,228.8402399864632,225.55842074361547,227.49006765434487,4257700
2021-04-20,224.66159057617188,228.1010831803906,223.6070654827029,226.6720666374512,4081200
2021-04-21,227.22396850585932,227.4506363689068,223.39025446976925,223.82389040812487,4024000
2021-04-22,228.00254821777344,230.50578974107464,225.69639480162272,226.672075671456,4975400
2021-04-23,230.1312866210937,232.0826483894409,228.39675786501363,229.5695418972408,5447100
2021-04-26,232.0531005859375,232.38817746585647,229.0570783802891,230.65363354532087,3459600
2021-04-27,230.82118225097656,232.4867167213173,228.55445833496483,232.0530957881561,3445200
2021-04-28,233.45252990722656,234.8815464934613,230.1509958648861,231.59972727684988,4274500
2021-04-29,230.9690093994141,234.2311140897701,228.8106944431221,233.8861873168787,4140800
2021-04-30,226.9874420166016,231.1069531964883,226.19901443519583,229.4315539847545,5024800
2021-05-03,220.5223999023437,228.1110002458247,219.8423961789438,227.4309814844159,5835700
2021-05-04,214.03756713867188,218.7878327066724,211.2583781645936,218.46260574538547,6727500
2021-05-05,212.28330993652344,216.3929862503706,211.7314151423584,215.65383821432692,4205800
2021-05-06,214.8949584960937,215.1216263320582,210.4107910882515,212.6873644546011,5200000
2021-05-07,213.367416381836,218.04868764194552,211.9778143565556,217.3193894424777,5774700
2021-05-10,210.795166015625,212.8352218331359,210.14471212847613,212.3818710832428,5263700
2021-05-11,212.4410095214844,213.43640521950857,205.88723594252133,205.97593010234343,6097900
2021-05-12,207.4936370849609,210.2826909066004,205.9759263496336,210.25312618719835,5482500
2021-05-13,208.79454040527344,212.5198453499635,207.4246532963848,209.8884801136669,5337000
2021-05-14,214.51063537597656,215.1118097594401,211.0514126785032,211.09084233138967,4429000
2021-05-17,211.94825744628903,214.56977305767663,209.74067801607384,213.45611840996537,3816100
2021-05-18,211.2288360595703,214.2051435383044,210.69664096120988,212.32277594174693,3540600
2021-05-19,218.13739013671875,218.39363777664784,211.40621276839133,212.72683550846955,8092100
2021-05-20,220.5421142578125,223.54798665568865,219.14266211673765,219.753686492106,6705500
2021-05-21,219.3594512939453,222.51314690421628,219.22147758093365,221.9514021576713,4913600
2021-05-24,223.7056427001953,224.30681709238817,220.9658682670558,221.7444309857941,5288300
2021-05-25,224.4152374267578,226.39614903001848,223.005920485487,224.70103475775272,6256300
2021-05-26,226.35671997070312,226.9086298824353,224.98683268127672,225.1740859501492,5807100
2021-05-27,222.5624084472656,226.1990192778764,222.1287725163085,226.1990192778764,15344100
2021-05-28,234.65489196777344,239.9767523286476,234.3887944383277,235.758681663242,17810800
2021-06-01,232.7823638916016,234.95052856892093,229.0964884515604,234.55632227777417,8103900
2021-06-02,231.2252197265625,234.8421157740908,230.51563638360267,231.00840175854668,5543900
2021-06-03,227.4999389648437,229.8060775564804,226.11033685013675,229.52028022524644,5109000
2021-06-04,234.04383850097656,234.4479097179461,228.17008364719985,228.27849263131347,6177600
2021-06-07,234.69430541992188,236.00506319579583,232.4275815596737,233.17659459617693,3510800
2021-06-08,232.9991912841797,238.29148689874344,232.2600431798884,235.34475941395965,5827300
2021-06-09,232.6739654541016,235.4137399043956,232.1023557794206,235.4137399043956,3350900
2021-06-10,236.7146453857422,236.8131894429914,231.74756172977973,232.5852689254341,4659500
2021-06-11,236.8329315185547,236.89206096730868,234.9604287973059,235.571453151775,4624200
2021-06-14,242.69679260253903,243.0712990927897,237.0004261757015,237.2172441397408,6764700
2021-06-15,239.070068359375,241.80984283867588,238.5083085731696,241.66201923073072,5135300
2021-06-16,238.8828125,241.4648984107472,236.01491423299052,238.4984560855147,5099300
2021-06-17,240.893295288086,243.6035050900432,237.7100348949745,238.49846257223624,5170200
2021-06-18,239.26715087890625,242.4504109454897,237.5720368099751,238.3506145126848,7822200
2021-06-21,240.9425811767578,241.17911399756167,235.4334672616831,239.9274855909036,5895100
2021-06-22,239.5923767089844,241.17908178803745,237.40449728226503,240.2723953197222,4457200
2021-06-23,238.3407592773437,240.9622747508301,237.3650934333515,240.22312666877235,4482400
2021-06-24,240.24285888671875,244.10613800405235,239.1883336617336,239.8289377353624,4987300
2021-06-25,238.3703155517578,240.66660398321696,237.5030587253825,240.65675408948744,15409300
2021-06-28,241.03125,244.00754188024936,240.07528402001105,240.6764583472412,4274900
2021-06-29,242.2532958984375,243.20926186839293,238.92219736238647,240.90312366866752,3871900
2021-06-30,240.7356109619141,243.0614642343845,239.9767480408351,241.9280947998888,4168800
2021-07-01,241.4353179931641,243.0220230960645,239.10946483061443,240.9622674456302,3899600
2021-07-02,244.60873413085932,245.3577471404582,242.2828809119065,243.3472559481737,4056200
2021-07-06,246.6291046142578,249.26047027950733,244.78616666666548,245.397191004796,5590200
2021-07-07,244.84527587890625,249.8320593518,244.27366620679496,249.33929394873925,5101400
2021-07-08,242.2434539794922,243.0121667380387,238.2422016624409,241.29733787158585,5159600
2021-07-09,241.51417541503903,244.41163837279765,240.5582093361049,242.0365055359404,4213500
2021-07-12,239.39529418945312,243.68234421742685,238.3506339302872,243.64292960149905,5604500
2021-07-13,240.4892120361328,243.58377791511435,238.18305870776643,238.78423305231408,6699800
2021-07-14,238.92222595214844,242.588401751542,236.3992694962232,240.9622819377171,6375700
2021-07-15,234.1424102783203,238.5280193496323,232.4078814765224,237.7297418042708,7912600
2021-07-16,234.9801177978516,237.39468045649,234.3296788534176,234.85200901077013,7288100
2021-07-19,234.1128387451172,235.04908997431087,230.9197136185764,233.0878783172371,8843000
2021-07-20,236.6357879638672,239.6613595335607,232.85135350930355,235.2461860032365,8487000
2021-07-21,238.6068725585937,239.4642795782544,234.8224377376004,237.9465686995668,15323100
2021-07-22,244.6875762939453,245.10149740926832,239.81905192542231,239.97674045640423,7868700
2021-07-23,244.6580352783203,246.9346091521703,243.1107446144092,246.3827142782682,5877300
2021-07-26,244.01742553710932,244.8846823919569,242.2631819632961,244.60873497841368,3960700
2021-07-27,239.9866180419922,244.5397809119392,237.7001942309519,243.6330943111812,6352500
2021-07-28,240.4301147460937,242.51943535299296,239.48399850564448,240.29214102748736,4100200
2021-07-29,240.50894165039065,242.5982772750484,239.9669117141233,239.9669117141233,3271100
2021-07-30,238.4294586181641,240.70604739228813,238.1338114093228,239.48398378972,3748400
2021-08-02,237.3749542236328,238.96165944747145,235.4236074080696,238.80397090693927,3525700
2021-08-03,237.6410369873047,239.5332542420741,235.58126626987848,237.8874196773216,3077900
2021-08-04,240.63702392578125,241.1100744407433,236.20213587325009,238.12391768841263,4121600
2021-08-05,246.9346160888672,247.26969298057656,240.0161850669441,241.1396896740933,5235200
2021-08-06,246.96414184570312,248.4325880460393,245.6139695587264,245.6238194523374,4045400
2021-08-09,245.7125244140625,248.76766059945385,244.26379306391053,247.782129887133,3312200
2021-08-10,239.86834716796875,247.61462006279683,239.52340536362377,247.2401135367088,4430600
2021-08-11,238.7743682861328,242.58836714708968,236.62591865491817,241.129785973696,3999200
2021-08-12,244.7960205078125,244.8354351272272,238.4294842547658,238.99124408797945,4467400
2021-08-13,247.92013549804688,250.0981652693579,245.26905513457143,248.06797414672812,5986400
2021-08-16,245.5942840576172,247.3682425897668,240.9327273620856,246.55025018221983,4047500
2021-08-17,243.416244506836,245.59425903545292,242.3814342153455,244.6678577276045,3472600
2021-08-18,247.5850372314453,253.08428560550948,244.1356795923265,244.4116270004156,8306700
2021-08-19,249.4082794189453,251.743982533901,244.7861376971758,245.56470038949232,6600800
2021-08-20,252.4239959716797,254.13880985345665,248.95492351881143,249.3392799100379,5510700
2021-08-23,256.7504577636719,258.0710653472113,252.85762938315176,253.28140038344944,7603900
2021-08-24,255.90286254882807,258.70176566153134,255.31153821211504,258.1301711841785,6685200
2021-08-25,257.07568359375,258.11047877614084,255.0060631529589,257.08551844885204,9701000
2021-08-26,263.9153137207031,271.23780068960133,263.49151259907325,265.8962102698416,18987000
2021-08-27,262.67352294921875,266.99015266584524,261.5894330538995,263.984265679914,7992500
2021-08-30,261.1361389160156,263.7083602776584,260.9193209024044,261.9639813108898,5730000
2021-08-31,261.4317626953125,262.9100589982643,258.8989712206934,260.9389972609952,5901500
2021-09-01,264.4376525878906,269.3061775346921,261.74714246170595,262.41729624097024,7189000
2021-09-02,260.3280029296875,265.3640818881966,260.1013500524363,265.1078342085018,4498300
2021-09-03,263.2155456542969,263.54078765199694,258.0119443752074,259.78591781245,7356700
2021-09-07,261.37261962890625,264.02369993346406,260.24913013673694,262.6833924584531,4672500
2021-09-08,258.820068359375,260.5151823712458,257.7951080071714,259.8055990621834,3851500
2021-09-09,256.96728515625,259.8943127668164,256.681502885665,258.03167523791734,4126500
2021-09-10,253.478515625,257.80497988741934,252.78863208403487,257.22352036621095,5280900
2021-09-13,250.4332275390625,253.9614295421058,248.5410102427611,253.2814108966525,5258200
2021-09-14,250.689453125,251.4187512967648,249.3392808039547,250.433220542599,4097500
2021-09-15,252.4535522460937,253.0350117603946,249.2899920256679,250.8569822576334,4764600
2021-09-16,256.5927734375,257.44034552798496,251.31034301684724,251.83267311497903,5122600
2021-09-17,256.7603454589844,257.91342976138446,254.9371074116749,255.518566991171,7049400
2021-09-20,254.4837646484375,255.45943051714613,251.25122482405607,252.87734463057484,5985500
2021-09-21,254.2373504638672,258.75106774022873,254.040232297664,255.71564648236253,6040600
2021-09-22,255.4199981689453,256.592752001788,252.5028057174092,255.153885638158,4355600
2021-09-23,273.8395690917969,275.3474600636616,262.5453947331405,266.0933115692666,15617200
2021-09-24,281.4971618652344,282.21658008691065,274.18451023479344,274.4703225826442,13368300
2021-09-27,275.6332092285156,279.6541911851496,275.0024852423041,278.35328348882626,5941100
2021-09-28,268.3403015136719,272.6963605015159,266.1327223393856,271.1293401998993,7127100
2021-09-29,266.5860900878906,270.7056017479,265.3443116150975,269.5328176515986,4361900
2021-09-30,267.295654296875,270.29167623266784,266.52694150606106,266.7338945446616,5224200
2021-10-01,271.2771911621094,272.3415510888073,264.8810764425294,267.5715860913643,4756000
2021-10-04,266.9408569335937,271.3166160733496,262.2891804500471,271.23778684312555,6393800
2021-10-05,267.83770751953125,269.5919512245286,267.1084243169188,268.1727843984617,4050400
2021-10-06,271.2870483398437,271.5038663155685,263.6294849683156,265.76810000505554,4745500
2021-10-07,270.6070556640625,275.4558808247282,270.11429022430445,272.8934945227834,5374200
2021-10-08,268.5374450683594,272.91320425669977,268.33046194419853,271.5531669311327,2683300
2021-10-11,269.7890625,272.2725893438679,267.58148308322853,267.8475655777813,2693000
2021-10-12,274.9631042480469,276.68778321734464,272.0262115186775,272.42044791532845,5970100
2021-10-13,280.2947998046875,280.9748184175647,274.5688686433965,275.9486056564766,6573500
2021-10-14,285.8236083984375,286.4346627082833,280.5411781792082,281.86178573401554,5433900
2021-10-15,287.4399108886719,288.6323947111251,285.13377247271575,288.25788820258293,5119300
2021-10-18,287.4793395996094,289.00690027312027,284.5325821255283,286.5726380515815,5163300
2021-10-19,288.1100769042969,291.25392263266644,287.14424587133857,287.87355913133314,3631200
2021-10-20,285.892578125,291.13560831826874,283.78355820690064,288.8688698135357,4487900
2021-10-21,285.61669921875,287.35124317542954,284.09897325665537,285.2816223318488,2828500
2021-10-22,288.3269348144531,288.7605708422772,284.01030440403366,284.818447008253,2927000
2021-10-25,289.667236328125,290.8597202174853,287.49905646018425,289.0561819464222,2993500
2021-10-26,290.8399963378906,294.04297161835126,289.3715649874811,291.5003152445398,3601400
2021-10-27,290.87939453125,294.8609471782072,290.8202650923952,292.23943177693417,3742700
2021-10-28,294.0627136230469,294.4864846901729,289.2828827612293,290.8006087626759,3450400
2021-10-29,295.35369873046875,296.42792358740775,291.9831704934225,293.6881494366432,4251900
2021-11-01,298.3793029785156,300.44889351687306,295.38328104224763,297.1375245946916,3825100
2021-11-02,298.5665588378906,299.0494592909249,295.0777714903867,297.3543451632801,4177500
2021-11-03,298.5074157714844,299.5520759340426,293.8754093329632,299.5520759340426,3260200
2021-11-04,303.5829162597656,303.94755784385154,298.0245081074988,299.1085980034387,3833800
2021-11-05,302.8043212890625,306.8942678640949,298.95089246841883,304.0362347198561,4681800
2021-11-08,305.47515869140625,306.88449077930943,301.4739055210341,302.75511377585366,3893000
2021-11-09,305.228759765625,307.23925117777594,302.77479750403927,305.5145721414933,3126500
2021-11-10,295.333984375,304.1249009678229,293.5797410135796,302.13413987371933,4350900
2021-11-11,298.5961608886719,301.3260706358319,297.13756433917683,297.13756433917683,2681900
2021-11-12,302.2130432128906,302.7748030417982,297.2656889428326,300.0941578019064,3803700
2021-11-15,301.06982421875,303.3069986044712,298.84254484234395,302.45942639318906,3595300
2021-11-16,302.6466369628906,303.12953741014286,298.3398723612009,299.6801797560283,2989400
2021-11-17,303.5632019042969,305.41600471637975,302.8043539763756,303.3266841243764,3864700
2021-11-18,298.60595703125,302.54808009347084,295.24529351158526,301.7301027915054,4443100
2021-11-19,296.81231689453125,301.57241730681096,296.7433225220024,301.28660496062884,4758900
2021-11-22,292.54498291015625,301.06981900986943,292.4267240166783,297.47263731184194,4474700
2021-11-23,287.2033996582031,292.18031817973326,284.1383832233259,289.40111409882513,6431100
2021-11-24,284.9859924316406,285.26193988916464,279.1023715729883,281.90127580673675,5091400
2021-11-26,280.09771728515625,283.40911661411667,278.9446630215829,280.383529655826,4195300
2021-11-29,292.4464111328125,294.07256107570686,280.58064150252585,285.3308772821122,8215600
2021-11-30,280.8368530273437,294.93979660431245,279.299427359801,291.9043749231677,13597600
2021-12-01,247.8610076904297,272.9329148108032,247.8215930733254,267.3351068255412,30723100
2021-12-02,257.4206848144531,258.78069220160233,248.4917621694196,249.1619310056201,12200800
2021-12-03,254.5823516845703,257.962715484906,248.058126839775,257.76559727265806,8944000
2021-12-06,255.006103515625,255.4791691437148,247.08244222021045,252.394452818494,7123000
2021-12-07,263.1268920898437,266.3200327391229,259.78595789300783,261.6288959109342,7401200
2021-12-08,262.4566955566406,264.6150103375418,260.74188165028545,264.4277570861568,4586500
2021-12-09,260.4954833984375,262.8213214278471,258.83979903078887,262.1905974156045,3967000
2021-12-10,262.1807861328125,266.6551048743797,260.613795598928,262.24978051458504,3480100
2021-12-13,261.9146728515625,266.6452086217697,260.7812883801888,261.95407242850496,3625700
2021-12-14,251.89181518554688,258.3568948691134,249.63495625573125,258.20907126336374,7227300
2021-12-15,256.2774353027344,256.42525890617594,248.25520022782712,251.1625280915667,6484900
2021-12-16,249.45755004882807,257.56847932003745,248.570578348422,256.2380067314217,6556700
2021-12-17,249.27029418945312,250.2262602537812,243.2191357721016,247.60475979501143,12119400
2021-12-20,243.63308715820312,247.9004224897201,242.93335364052749,246.27430260834345,5580100
2021-12-21,248.8957977294922,249.3491334601473,241.7014201367799,244.4116297407601,5428200
2021-12-22,249.1421813964844,250.58104789785827,245.89977674537727,249.7532056610673,4982400
2021-12-23,249.477294921875,250.6303642864788,245.73227444177235,247.5949272673644,3769500
2021-12-27,254.56260681152344,254.6907306343302,249.57583814899115,249.7236617614548,3531800
2021-12-28,251.7538299560547,257.00671071812684,251.25121468149467,255.9719154492095,3293700
2021-12-29,250.8569793701172,252.71963180354285,249.45752757170257,252.2958608180675,2592700
2021-12-30,251.63560485839844,254.16841143509515,250.77819779315985,251.6060401346321,2950600
2021-12-31,250.45294189453125,252.7787800984828,249.96017650460809,250.7880187505576,3169300
2022-01-03,251.76370239257807,252.985765986649,245.052225076422,251.3202015063868,4316800
2022-01-04,244.6383209228516,253.15330694322785,239.8782050692443,253.1336071534129,7240700
2022-01-05,224.37579345703125,234.7534314866721,224.021001770633,232.75280518331724,18882500
2022-01-06,225.8343811035156,231.0872621720641,222.7792445881656,224.7404412931724,9376100
2022-01-07,225.0065155029297,228.919073650908,222.7792214970752,225.19376874516624,6286700
2022-01-10,226.30746459960932,226.5045677713288,215.72285735638687,222.23721718446745,7803800
2022-01-11,231.4420623779297,232.93022359329703,223.2818681016108,225.48946263048248,7635300
2022-01-12,234.38877868652344,235.81779525794448,232.3487228278835,233.5707863643156,6718900
2022-01-13,225.3219146728516,235.33489630780144,224.62218117863617,234.06356817527765,6680300
2022-01-14,227.88429260253903,229.91448373291576,224.316675763256,224.73059691273025,5805100
2022-01-18,222.78909301757807,227.39152010635755,222.04009501392892,225.1445110574033,6032000
2022-01-19,222.99606323242188,228.85011871928864,222.89750413505092,224.17869721083773,5332600
2022-01-20,219.71421813964844,228.0517994963596,219.27073232927103,225.75552618338256,5663700
2022-01-21,215.4665985107422,221.51775687784144,215.0920920034539,219.8324926330504,9128400
2022-01-24,219.8029327392578,220.14787453386143,204.50749053917747,209.31688564698777,11664300
2022-01-25,212.27346801757807,220.6603293012753,211.56388467327875,217.8022961364072,9092700
2022-01-26,207.94699096679688,218.2556493632005,206.04492381268943,216.43241143667788,10029600
2022-01-27,209.6618194580078,219.9211832486468,208.9916507209271,210.9824270683063,9462100
2022-01-28,218.9159240722656,219.0735975444838,207.82870446358524,211.1992174200636,8254900
2022-01-31,229.2640380859375,229.5399855108325,219.04407331833536,219.72409198611487,7084200
2022-02-01,228.7613983154297,229.4118522350122,223.0453318599652,229.0077810087861,6387100
2022-02-02,221.75425720214844,231.09709905745785,219.7930607351624,230.35795103309505,9378900
2022-02-03,209.6913909912109,217.59533712197083,207.35567278646937,214.91470720056537,12826600
2022-02-04,216.05789184570312,218.46258916752305,210.105293015268,211.87925128857816,6176500
2022-02-07,213.8306121826172,218.2359359236985,213.52510005026585,215.83123844092407,3922300
2022-02-08,214.2839508056641,214.78658112902772,209.0803494774705,212.48044270726143,5628700
2022-02-09,218.8272399902344,218.9750786247792,212.4508699054239,217.9402683349888,6107700
2022-02-10,214.52047729492188,218.7779773679897,212.68738949201864,214.55004201448435,5312600
2022-02-11,204.891845703125,216.74777993140472,203.1277522016381,214.4712062072821,8165600
2022-02-14,203.4135284423828,206.862885858088,201.6691499480897,202.82221905106488,7005900
2022-02-15,211.1499786376953,211.4653557190148,205.50289123763017,206.7150899381872,6353000
2022-02-16,208.67630004882807,209.3464537843579,205.1973774771352,207.94700183251032,7072700
2022-02-17,197.1357269287109,206.7150876150321,196.6133968019018,205.31563566792025,8820100
2022-02-18,193.99188232421875,199.6685494519776,192.95707195922049,197.50036962512144,6691800
2022-02-22,192.306640625,198.54505274419864,190.72978524116823,192.70084695195425,8434800
2022-02-23,187.7830352783203,196.1206326079229,187.37897907218417,193.5089819577437,7784300
2022-02-24,201.3340606689453,201.9352349992053,181.77128524013304,182.0669474585897,11792600
2022-02-25,205.07911682128903,205.4536233671416,198.69288094163824,201.757882574148,5853600
2022-02-28,207.4837951660156,208.60729966049465,203.9555931477028,204.78343539879128,7904700
2022-03-01,205.8675079345703,211.2879268007128,205.4437369505508,210.3122459911253,12587300
2022-03-02,207.3458251953125,214.16569655256583,198.23951515516148,212.97321270133585,16670100
2022-03-03,201.7874298095703,208.56788647565105,201.2650996924688,207.345822878995,6559900
2022-03-04,200.07260131835932,203.3938503240028,196.37686083638727,201.73815076831585,6813600
2022-03-07,193.3907012939453,201.9648160965153,193.2034480391364,200.5062347486452,7043500
2022-03-08,189.30075073242188,194.34666342604217,186.46241732325743,191.46891540308647,8229000
2022-03-09,200.220443725586,202.2604846902341,194.36638828597563,195.48004291764755,6881300
2022-03-10,197.25396728515625,198.2887775471434,194.67188161494505,196.2191720611744,5604200
2022-03-11,195.03651428222656,201.8071202354236,194.77043182772888,201.8071202354236,5196900
2022-03-14,190.32571411132807,197.26385975931785,189.0445360288481,195.37164232023176,5665500
2022-03-15,193.301986694336,197.06672110473767,189.95118840238013,195.6574044146119,5276300
2022-03-16,202.59556579589844,202.9207777136456,194.4747869100176,195.7855446269599,6043400
2022-03-17,207.3655242919922,207.63160676145048,199.62910205436447,201.6592929499648,5842600
2022-03-18,215.63414001464844,216.40285282836064,205.29591660643263,206.20260312932385,12220600
2022-03-21,210.62762451171875,215.92978454286177,207.5626234025718,215.03294798777893,6448700
2022-03-22,215.0526733398437,218.6400046977761,209.5435449732284,210.6276348223313,7018800
2022-03-23,208.055419921875,210.8346091201747,205.2959305133593,210.7754796748077,8404700
2022-03-24,210.8838806152344,211.0120044339737,206.8333483442387,209.27747560476644,4150300
2022-03-25,207.97657775878903,212.7366936532217,205.46347103914343,211.169703183069,3656500
2022-03-28,212.16506958007807,212.26362867535468,206.2715996023,207.33597467165905,4290900
2022-03-29,218.08810424804688,218.94552627041327,213.6335158566997,215.4567388150057,5370400
2022-03-30,211.82997131347656,216.66893066529488,210.31224561240683,216.53095696865265,4951200
2022-03-31,209.24790954589844,213.6532184473895,208.72556437976385,211.39635950113995,7141300
2022-04-01,209.17889404296875,210.9331375108187,207.0008645483432,209.40556189654345,6007900
2022-04-04,215.68344116210932,217.80232655913304,211.0021694374221,211.52449960576763,7843600
2022-04-05,207.09945678710932,215.11182758656392,205.65072520260267,214.84573004055045,7304600
2022-04-06,197.9143218994141,202.49703455400189,195.213961828693,202.2408019345352,7171300
2022-04-07,197.26382446289065,199.78678059690603,195.32232782079183,196.2388641346939,5246000
2022-04-08,194.3170928955078,197.24412037667983,193.775047984549,195.7658242766134,3897700
2022-04-11,192.6219940185547,194.24812887964555,189.37960426681485,191.39994543713613,5173800
2022-04-12,191.99124145507807,198.2099380314104,191.7645735950454,196.85976572694685,4832200
2022-04-13,192.8880920410156,194.2481293759471,186.5807008491724,189.21206631692604,8733000
2022-04-14,186.66940307617188,193.6075336868813,186.4821498074185,193.47942490142435,5126700
2022-04-18,184.3041076660156,186.61026114402355,182.84552630712665,185.5754508066876,4899500
2022-04-19,188.6207275390625,189.41900503158587,182.8356669131909,184.5307809873416,6120400
2022-04-20,183.535400390625,190.50311050598992,183.3875767828337,190.0990392606844,6015400
2022-04-21,174.6656036376953,187.41837343957528,174.1827032138006,186.04848635329324,9119500
2022-04-22,168.94952392578125,176.45927822977612,168.6243120219832,175.12880574403536,8843900
2022-04-25,172.0441131591797,172.23135137292553,166.78136743617463,167.23471820557435,7988900
2022-04-26,167.61907958984375,171.20641108579778,165.1256878789804,170.1223211949848,8073300
2022-04-27,172.1525115966797,174.66561812487896,168.16112391789986,168.5257654989226,9644600
2022-04-28,183.0525054931641,184.22527457274097,176.39030732282183,178.78515510809197,10614800
2022-04-29,173.39427185058594,182.67796913757496,172.76353281106668,179.9283451316407,7110800
2022-05-02,175.00071716308594,175.20767021664804,170.61509292760874,172.556589870872,6278400
2022-05-03,175.77928161621094,177.7799080228352,173.58155204874822,174.389679519588,5047700
2022-05-04,182.79623413085932,183.2889994919266,172.21164379945864,177.1097326915074,7563100
2022-05-05,169.8069610595703,179.60313968756995,167.3628488687677,177.87846077526035,8379400
2022-05-06,167.24456787109375,169.93506264983824,163.18418593004282,167.03761483165513,7232700
2022-05-09,161.23284912109375,167.82603771397478,159.78411760408218,164.30770048552307,9997800
2022-05-10,164.73146057128906,168.7819925977,160.91746134103565,164.99755808721554,8598700
2022-05-11,158.93653869628906,167.52050259081204,158.50290278630993,163.1053293072158,7220100
2022-05-12,158.09886169433594,164.4358330616496,152.4024944207301,154.6593535153424,10187500
2022-05-13,164.4949493408203,166.23932802843436,159.6658394008435,161.18356525323867,6499700
2022-05-16,161.7453155517578,163.7065273237404,159.53773610945316,162.3563548942589,5065800
2022-05-17,161.36094665527344,166.65325704693902,155.97995714259292,164.90886339616625,7317700
2022-05-18,155.05357360839844,162.13954297100156,153.930069017925,160.4641434993142,7454400
2022-05-19,153.34860229492188,156.94578378885132,152.4911802518319,152.9839456640418,8382200
2022-05-20,157.33998107910156,158.40435611298798,152.31378318564495,156.4431595092025,9068700
2022-05-23,158.0002899169922,158.40434607734534,153.6540958968088,157.5272243510095,6148800
2022-05-24,154.6593475341797,156.09822917759334,152.31379436035104,155.4872048688323,6928400
2022-05-25,157.33998107910156,159.5475754128667,153.07264608756518,153.07264608756518,7436800
2022-05-26,160.10931396484375,161.3215124381752,155.29006974959478,157.3793898886708,6697700
2022-05-27,162.71112060546875,162.8392293674919,157.93129081217603,158.34521189149137,7883600
2022-05-31,157.92144775390625,164.8595773957659,157.04432601591824,164.54421538559313,18114600
2022-06-01,173.5224151611328,181.7515883177071,171.84700077085412,175.4343322810628,37037400
2022-06-02,185.6739959716797,187.37897507631249,172.17222707259157,172.4678893190255,19231200
2022-06-03,182.23448181152344,186.89603772146705,181.14054215422115,182.323175963682,9224000
2022-06-06,180.2240295410156,187.664790788714,179.07096020108477,186.1963443448663,5811700
2022-06-07,184.44204711914065,185.8710785299592,179.0807732479869,179.0807732479869,6331100
2022-06-08,186.4525604248047,187.8027327070224,182.7075406590708,184.29424572916832,6226200
2022-06-09,184.4026641845703,189.892062789678,183.9098987963413,185.8021160825799,8467700
2022-06-10,175.86795043945312,181.28836929044107,174.6360370642286,180.9730072861462,7855800
2022-06-13,163.627685546875,170.1814596731341,162.67171942094447,168.08228919201454,10726200
2022-06-14,162.07054138183594,167.17559888197223,159.80381747368295,166.28861211547394,8576200
2022-06-15,166.11123657226562,169.01854972613395,162.2972217549324,164.3175631120301,7740700
2022-06-16,157.537109375,164.48508970422256,156.3248956253168,161.36095877402855,8090900
2022-06-17,160.89776611328125,163.82479403097997,155.88141754138974,156.26577398320836,13074600
2022-06-21,164.41610717773438,166.89964903472523,162.5140248907274,162.66186353533794,6736800
2022-06-22,165.02713012695312,167.98372253903833,161.8340199462254,162.31692041587505,5864500
2022-06-23,170.5460968017578,170.88117364273768,164.70189171993567,166.6433884720919,7258000
2022-06-24,183.22987365722656,183.7127891342492,173.99545542142718,175.14852458443477,12107100
2022-06-27,178.68655395507812,183.8803045229157,177.8587118450254,183.41710392938543,6170600
2022-06-28,168.9791259765625,179.69184149241516,168.95941114894157,177.68135013928648,6668600
2022-06-29,168.1414031982422,171.26553389606474,165.6282967581245,170.0040557290577,5430400
2022-06-30,162.65199279785156,165.07640512567374,158.77886406299666,162.66185772994424,9539400
2022-07-01,165.76629638671875,166.70254774549406,161.6763491172227,162.37606764344085,4561600
2022-07-05,169.70840454101562,169.85624318711996,162.22822921114772,163.69667554961208,4614200
2022-07-06,170.23074340820312,172.52703214584986,168.3582407655251,171.00932121881695,4085100
2022-07-07,174.0841522216797,174.37981445622245,170.66435929368166,171.64989005015357,4000100
2022-07-08,172.9606475830078,174.05458732308725,170.33913216436616,171.5316309951938,2869200
2022-07-11,171.837158203125,173.76880527006122,168.78200657789128,171.48236649850438,3689300
2022-07-12,163.92333984375,170.87133499453827,161.9719930694968,169.71826576257016,7073000
2022-07-13,161.12442016601562,163.4404082969711,158.83798171512643,160.0600452014298,6225900
2022-07-14,158.7098846435547,159.3702035597162,155.36893559671222,158.70003474854022,6096100
2022-07-15,164.95814514160156,165.18481300812422,159.87280275783613,161.3412490192353,6037700
2022-07-18,165.46075439453125,170.14202538286435,164.6920416247507,166.50541456689942,3818200
2022-07-19,171.2950897216797,171.5809020478993,165.38190548160972,168.4469065808995,4373400
2022-07-20,179.81008911132812,180.8448994454565,173.0690621362157,173.5519776356107,5654000
2022-07-21,182.66815185546875,182.84554019293725,177.30686154342018,178.04600969222085,3886000
2022-07-22,179.82980346679688,184.84615155122785,178.31207763724794,182.392189521928,3804700
2022-07-25,174.7247314453125,179.35673777258364,172.54671701636636,179.19904925122864,4407900
2022-07-26,167.99359130859375,174.56708011704933,167.30370769961073,174.54736528987658,3886500
2022-07-27,177.69122314453125,179.5932905511586,171.8273173345248,172.3299326766369,4960900
2022-07-28,178.66685485839844,179.24832940312064,173.3844096790932,175.8285366543873,4562100
2022-07-29,181.3573608398437,181.75156709858857,177.6123412297487,179.1891963407376,4751400
2022-08-01,180.3324279785156,182.5005928079245,177.15901748675995,178.67674339395117,3997100
2022-08-02,181.13067626953125,182.4611486969233,176.83376192197446,178.19379906659708,4317900
2022-08-03,186.9058990478516,187.9209945082171,182.68782867868072,182.84551720638945,5786300
2022-08-04,188.5024871826172,188.80799933564785,184.5406490118804,185.83169200075548,3759700
2022-08-05,187.4183959960937,189.0248160599522,183.58468167178688,184.2942650718957,4090300
2022-08-08,187.0044708251953,191.5576183461684,186.34416698837072,188.3250784988445,3396800
2022-08-09,179.60313415527344,184.42237905170305,177.2181514802762,183.6043867025005,5851700
2022-08-10,185.8809509277344,186.82706704190213,183.51568319932323,185.437465108408,4179200
2022-08-11,184.0281524658203,189.7146690955868,183.62409628779983,189.35002753078567,4175100
2022-08-12,187.14242553710932,187.27054934130865,182.82579622398825,183.9296008427712,3846200
2022-08-15,188.29551696777344,189.3303273413465,186.16676677722432,186.31460542373875,2768500
2022-08-16,186.84678649902344,188.08856496947,183.6635261279401,186.8073718825364,3835900
2022-08-17,185.2403717041016,186.68908811322203,183.77192543076728,185.0038389036297,3181300
2022-08-18,185.21080017089844,185.84155433350148,183.90990730554705,185.6937156873888,2791600
2022-08-19,181.1109771728516,182.7568116029696,178.95266257877907,182.5399936504506,4346100
2022-08-22,174.4192352294922,177.977001987521,173.5125487060785,177.39554242978934,5182900
2022-08-23,173.45339965820312,175.532869994262,172.37917482625926,173.3351407887795,5076800
2022-08-24,177.40538024902344,178.60772893558425,173.5125368960463,174.1137112393267,11438800
2022-08-25,171.3936767578125,171.62034464667124,163.16448799985994,166.1407954300354,24025600
2022-08-26,162.83926391601562,173.74909803108264,162.24795440782722,171.44295936933133,11074700
2022-08-29,157.89187622070312,163.42070391465407,157.73418770341996,161.902978252312,9329900
2022-08-30,157.3596954345703,161.4792218518131,156.088367364511,159.79395762703055,8079400
2022-08-31,153.86106872558594,158.87743209084806,153.71324511594466,157.47796507554426,9166100
2022-09-01,151.30853271484375,153.08249104747705,148.68701734761927,152.62914029213525,9924000
2022-09-02,151.4662322998047,156.37417151339824,150.7467990205486,154.19615684882652,7315700
2022-09-06,149.52471923828125,152.1954990181288,148.63774762211156,150.66793846117045,6373700
2022-09-07,151.06216430664062,151.83087715042646,148.3026749770983,149.1009525427215,6211400
2022-09-08,154.62979125976562,154.75791508815348,149.58387789444038,150.11607299850678,6659200
2022-09-09,160.23744201660156,160.92731053823346,156.17706011384877,156.3051839242968,5642300
2022-09-12,163.2334747314453,163.26303945304147,160.38529125962907,161.3215425321902,6353400
2022-09-13,155.8124237060547,158.9266895694095,155.52661135605288,155.96024730915462,5463200
2022-09-14,157.9608612060547,159.31103346839052,155.72370228073487,156.2953118978565,6037300
2022-09-15,152.54046630859375,157.52725008683137,152.07726559831403,154.53124286949753,7012200
2022-09-16,149.31777954101562,150.00766319354784,147.3959973155523,149.72185081452554,9882300
2022-09-19,150.61866760253906,151.31838601968118,148.2238200399958,148.52934720700802,4874800
2022-09-20,147.6325225830078,149.38676627211825,146.6962712942365,148.8151565813509,5505700
2022-09-21,145.49391174316406,151.08186937976558,145.37563782544348,149.0319635826797,6164400
2022-09-22,147.97744750976562,150.648242664968,146.99191668375852,147.34670838264137,12405100
2022-09-23,144.88287353515625,147.67192742750157,142.69499401590312,145.92754878653432,9175800
2022-09-26,144.202880859375,149.00241127570027,143.24691473402785,144.87303461759382,7862400
2022-09-27,146.73565673828125,148.43077064616716,144.14370633673394,146.223176593617,7046600
2022-09-28,147.9971466064453,148.6968800352594,143.56225836079355,143.88748530336863,7908400
2022-09-29,144.68577575683594,146.82437580918904,142.91181729188665,146.30204568312158,8602500
2022-09-30,141.7587432861328,146.47944412696765,141.67004912536711,143.89734326662978,7575600
2022-10-03,145.75999450683594,146.80466975237405,141.81787143659824,142.88224647012316,6819900
2022-10-04,153.47669982910156,155.14224920639657,149.0319615503722,149.50501210078542,8017900
2022-10-05,153.96946716308594,154.688915448703,149.741546799118,149.99777938426556,4256200
2022-10-06,153.21060180664062,155.9602257095371,152.20535633076258,153.46683436252923,3853900
2022-10-07,148.1154327392578,150.95376655098943,147.110202045943,149.6035940265515,5956700
2022-10-10,143.53269958496094,148.7757304573653,142.48803938325784,148.44063856938018,5497800
2022-10-11,140.50714111328125,142.87240914835598,137.50126900011853,142.41905833866284,7415000
2022-10-12,140.2311553955078,141.36452471287865,137.56037564437406,140.25087021996777,5707100
2022-10-13,143.33560180664062,144.2225735105009,135.59917901961185,136.94936644002982,6548600
2022-10-14,140.16220092773438,145.56290586131473,139.94538293423227,145.19826425315557,5736300
2022-10-17,145.05043029785156,146.84410374981806,143.828381609091,143.95650543794807,6288200
2022-10-18,151.30853271484375,156.66982232546636,149.7021128027917,154.18628065977973,16354800
2022-10-19,151.44650268554688,153.6935115055262,148.46034583167946,149.66269450317782,6220500
2022-10-20,155.22113037109375,158.96615112733156,151.37756553901332,152.75730290488593,9203400
2022-10-21,157.8524932861328,158.1087259240421,152.5799116319375,155.22112740703184,8335500
2022-10-24,158.32550048828125,159.23220196313997,156.10805641960502,158.84783055475123,6259200
2022-10-25,162.878662109375,163.62766002359928,159.35046041809892,159.36031031136326,5804500
2022-10-26,157.59622192382812,161.74529785690012,156.4037231292507,157.4878129425029,6617500
2022-10-27,157.4385528564453,162.27751292581837,157.0147818103491,159.45889410101523,4987700
2022-10-28,160.66122436523438,160.73020369680765,155.88139429316934,157.20200186676885,5055400
2022-10-31,160.23744201660156,161.62704399174962,158.67045172360784,159.7742413582189,4878100
2022-11-01,157.50755310058594,163.30246447271438,157.3301497217002,162.61259586150956,4545900
2022-11-02,147.8394775390625,157.45826826877214,147.79021302692033,157.20202062319743,7238200
2022-11-03,144.21270751953125,148.24352442824122,144.01560438934098,146.84407265448388,5999400
2022-11-04,137.7476348876953,144.82373833884697,134.07159442288827,144.38025251619356,14265300
2022-11-07,142.4978790283203,142.83295585419967,136.76209822542634,138.58532098130286,7379900
2022-11-08,144.97158813476562,149.3670471251287,142.98081168835543,142.99066158277083,9101800
2022-11-09,140.0045166015625,144.21273773577676,139.88625770627107,143.73968711660297,5588500
2022-11-10,154.03846740722656,154.10744674362417,147.5635228178667,148.81515114743064,8777900
2022-11-11,155.44775390625,157.6060685565202,153.32886890546703,154.22570545623776,7382500
2022-11-14,156.3643341064453,157.84263043662295,152.412345626112,153.56542999709754,6580100
2022-11-15,159.72496032714844,162.85894058892313,158.42405264550314,160.32611958966118,8116100
2022-11-16,152.8755340576172,158.49307169115397,151.60420593257882,157.68492921070586,6454700
2022-11-17,147.5241241455078,149.5641653069755,146.1936514034141,148.01688959991168,7357900
2022-11-18,145.89797973632812,150.11606558960784,143.54256161734185,149.6429999564505,7555700
2022-11-21,142.754150390625,145.20811259574313,141.32511862018205,143.9072196866457,8015900
2022-11-22,147.09046936035156,147.2185931743015,140.85205769950252,143.09906668166536,7017700
2022-11-23,150.03720092773438,150.69750469985803,145.41505948486355,145.48403881490367,5558900
2022-11-25,151.1311492919922,151.81115289000502,149.18965247594045,149.86967111195938,3023700
2022-11-28,151.4662322998047,153.07265232913628,149.80068282806943,149.80068282806943,7931700
2022-11-29,149.4853057861328,151.791459306462,149.07138465120366,150.5102662480584,6398100
2022-11-30,157.93128967285156,157.93128967285156,147.95772411690533,148.56874831939078,14591500
2022-12-01,144.87303161621094,145.45449119520873,140.02422175035164,145.41507657883898,33721500
2022-12-02,142.46832275390625,143.1089267639399,140.71407922268563,142.20222524087671,15086700
2022-12-05,131.99212646484375,142.30078475277583,130.95733120511747,140.73379446541318,20294600
2022-12-06,131.3417205810547,132.60319905801788,129.015866819527,130.7898256271345,16981800
2022-12-07,128.59207153320312,131.8147618848815,128.13873572669692,130.58284822240597,12915900
2022-12-08,128.2471466064453,129.55790456705336,125.18213724884826,126.57173197056468,15156900
2022-12-09,129.2129364013672,131.44023046833232,126.50272685633188,127.8627640947296,10287500
2022-12-12,131.1840057373047,132.14982171322333,129.05525559453952,129.20309423773543,11852400
2022-12-13,133.65768432617188,137.8560552226486,132.10054383381743,135.40207807946862,12579800
2022-12-14,132.80027770996094,135.28381958167228,131.3022666561343,133.0565103089285,9611800
2022-12-15,128.55264282226562,132.17938902882727,127.80362977325322,129.76484152263183,10807300
2022-12-16,126.41403198242188,128.00073707222904,125.0539947517284,127.0546209469628,15464700
2022-12-19,127.14332580566406,127.7050855918868,125.3595174257052,125.92126969292448,9441400
2022-12-20,126.59143829345705,128.10916426712464,125.34967480064444,125.65518696679618,8455500
2022-12-21,128.4146728515625,130.2477608353527,124.76820419263416,126.10852675108298,9313200
2022-12-22,127.32072448730467,127.66565123916168,124.51195573557852,126.80824426859544,9968600
2022-12-23,127.56710052490234,127.9810216283292,125.7438626530884,126.86736708753432,5821300
2022-12-27,128.7694549560547,129.84367989406437,125.80300521140832,126.69983430876464,8300800
2022-12-28,126.61114501953124,129.24251049129978,126.3154827673985,127.83320864394344,6249800
2022-12-29,130.6222381591797,131.02630937323633,127.62623131491878,127.82333445606656,7628800
2022-12-30,130.67153930664062,130.7208188595759,128.47380959540232,128.72019232207057,5630200
2023-01-03,132.829833984375,134.9684339186234,131.10515516275476,133.23390520313316,8196400
2023-01-04,137.57022094726562,139.7975298587683,135.62872434787823,139.17664073203906,14322600
2023-01-05,134.3672637939453,136.58470806310257,132.29765816553572,135.64845682372635,8493500
2023-01-06,138.47691345214844,139.60041785032254,133.5886895940596,135.58931571503624,9145700
2023-01-09,144.97158813476562,147.04119381251277,140.52683455830515,140.52683455830515,13679700
2023-01-10,145.30665588378906,147.12002885089518,143.49328291668294,143.70023595246914,6527700
2023-01-11,142.80340576171875,144.91244105531658,141.48279810941122,143.1779122748831,13595000
2023-01-12,147.43539428710938,147.65221223760844,141.8572870842784,145.70085068311693,11678000
2023-01-13,147.34669494628906,147.7901958079556,143.97618163325828,144.08459061575363,8378100
2023-01-17,146.32179260253906,148.3125694852839,143.98608888357268,147.43544747384846,9407600
2023-01-18,143.34544372558594,147.3762608599416,143.18775519740433,146.7061071721784,7812600
2023-01-19,144.29153442382812,144.5576168504784,141.08856006997388,141.44335167684403,7070100
2023-01-20,149.06150817871094,149.33745555279484,142.21207328983544,142.21207328983544,10127100
2023-01-23,153.61465454101562,155.58571580172233,151.01285427840293,155.07325070130148,19922900
2023-01-24,152.61929321289062,157.8918887636143,152.2645015398213,153.64423858064322,6390200
2023-01-25,153.91033935546875,154.13700722311864,147.6522279558726,149.02211513185406,9390500
2023-01-26,162.70126342773438,162.78010769012377,155.81241329927076,155.90110745520678,13354600
2023-01-27,162.13954162597656,164.82018677364218,161.23285503750253,162.66187177979305,9872300
2023-01-30,162.36618041992188,164.03172968433145,161.0357079794277,161.69602677209107,8169800
2023-01-31,165.53961181640625,165.57902643219225,161.90300071137108,161.90300071137108,6421300
2023-02-01,169.33392333984375,170.5756868373076,164.58365727102316,165.30309060414052,8853900
2023-02-02,172.1130828857422,176.25230886718433,170.3982540337424,173.16760796547905,10667100
2023-02-03,168.56517028808594,172.5467228785425,167.4022512390948,167.55993976580717,6481700
2023-02-06,166.60397338867188,168.69329373006153,164.9285741505006,165.5691631116231,4310600
2023-02-07,168.8017120361328,169.2451978827914,164.1992850642635,165.1454012367407,6179200
2023-02-08,167.17559814453125,169.9547872427496,166.78137679293533,167.5402397365014,7694500
2023-02-09,171.14727783203125,172.8423919664515,169.52114303203186,170.82205087203138,11512300
2023-02-10,164.61318969726562,167.28398447982522,162.93779053441506,165.23407884318274,11273700
2023-02-13,168.60462951660156,168.68347379378918,164.53438205508934,165.845139967068,8820300
2023-02-14,167.50083923339844,170.2898784611491,165.42136842229243,165.78601004498606,8393100
2023-02-15,168.62432861328125,169.1269439157006,165.8057098783273,166.40688427753796,4997000
2023-02-16,165.67759704589844,167.90489142380622,165.52977342891637,166.54486903354754,7483500
2023-02-17,162.7801055908203,164.69203757459104,160.3852731833997,162.6421318929196,8084500
2023-02-21,159.281494140625,162.12967774881608,159.11395569755584,161.37082980750415,5210800
2023-02-22,160.99630737304688,162.61257723617712,159.76439390913646,160.7499246802648,4343700
2023-02-23,161.7453155517578,163.07578819193805,159.23222395720617,162.89838482217738,4679400
2023-02-24,159.85311889648438,160.04037218519082,157.34987687180035,158.26641344745735,6569900
2023-02-27,160.7794952392578,162.38591526669805,159.87280870145307,161.46936379649983,6891200
2023-02-28,161.24269104003906,162.07053328366712,159.19278521914606,160.1783159962289,6912600
2023-03-01,164.9285888671875,165.54946305841332,160.6218089546791,160.63167388721098,15841200
2023-03-02,183.8901824951172,191.1042749391655,182.52029532834925,190.32569721072548,37712500
2023-03-03,183.7325134277344,187.02419797230743,181.62347796111976,185.34879849587657,12087200
2023-03-06,181.1405487060547,186.2653054244164,180.973010288805,182.3921769266909,10770300
2023-03-07,180.66751098632807,183.4664148106637,180.38169863698027,181.79101548133644,9024300
2023-03-08,180.3028717041016,182.2246539147991,179.1695172059488,180.6478135277173,6749100
2023-03-09,176.13406372070312,181.17997654557348,175.9566603590129,180.45069338642023,7102400
2023-03-10,170.67422485351562,176.76481330732187,169.22550834349167,175.9172561774397,14109000
2023-03-13,172.97052001953125,174.53752555381757,167.54025026292743,168.525781146827,9154800
2023-03-14,180.2437438964844,182.6287268460662,176.5184383347896,177.39556022549536,10138100
2023-03-15,180.2634429931641,181.19969424948948,175.63145122133835,176.56770247766377,7716900
2023-03-16,184.5899200439453,184.93484679777103,180.33241981130283,180.6477968824644,8369500
2023-03-17,182.1753387451172,184.94467734510133,181.51502000488983,183.34810753569127,10493300
2023-03-20,182.569580078125,182.83567760386043,180.00719399165044,181.5446346663391,5513200
2023-03-21,185.949951171875,186.54127568948445,182.2147959150633,183.18061192501872,6982000
2023-03-22,183.8113555908203,188.67003055847013,183.7128115274608,187.25086371162712,6575600
2023-03-23,184.7279052734375,187.8027567189904,182.89481728751,184.6884756180801,8685000
2023-03-24,187.3099975585937,187.56624521296624,183.3974387429057,183.8015100147948,6102700
2023-03-27,188.4926147460937,189.33032193841552,186.1766263968624,186.1864762911461,7776500
2023-03-28,189.517578125,190.03990825223624,188.4137733898913,188.4137733898913,4899000
2023-03-29,193.79476928710932,194.5733319757773,190.08917901943852,190.3454116049989,8085200
2023-03-30,193.75534057617188,195.30261594695213,192.6614009036309,194.9084096843088,6932500
2023-03-31,196.8893280029297,197.1061459665333,194.13970388341892,194.6324692483353,6634300
2023-04-03,193.6469573974609,196.05163998076443,192.7008411878608,195.35192151564965,5340800
2023-04-04,194.34664916992188,195.82494520575497,193.7750395648392,195.2829003183485,4659100
2023-04-05,192.48403930664065,195.42091720292527,190.9268986668633,195.1351198562232,3953700
2023-04-06,189.7639312744141,191.2619420857593,186.85661883985915,191.1929477214321,6304700
2023-04-10,188.7192840576172,189.7639442206656,186.54125453733272,187.8322973817796,5263800
2023-04-11,186.15692138671875,187.70421203723257,184.59978084140172,186.32445982641644,4907700
2023-04-12,187.56622314453125,189.1134986318523,186.78764541586148,187.54650831851265,5033400
2023-04-13,191.2126922607422,191.56748395440772,187.6943400453912,187.6943400453912,4716400
2023-04-14,191.83355712890625,192.34603733664497,188.42362910796712,189.0740830210964,5073800
2023-04-17,194.2284393310547,194.6620753504488,192.20809789779173,192.3362217320696,5413500
2023-04-18,195.6278839111328,197.22443915910137,194.2087170071572,196.1994936384568,4679000
2023-04-19,196.0417938232422,196.1896324727516,192.8979480225668,193.45970782228943,3665100
2023-04-20,194.6521759033203,197.18499718659635,193.9721723076684,194.32694894644013,3620000
2023-04-21,196.15017700195312,196.2388711571812,193.62722077765272,194.17911557196777,4860100
2023-04-24,192.09967041015625,195.8939701767785,191.25211328234488,195.5785930882872,4449700
2023-04-25,187.91116333007807,191.31124171815773,187.87174871322816,191.16341810746144,5010000
2023-04-26,188.7488555908203,191.55760923736463,187.8126043753056,189.8329304053089,4007600
2023-04-27,193.1049194335937,194.6521950665868,190.47355383760623,191.36052559786896,4794400
2023-04-28,195.49972534179688,195.7756727420892,192.44458911341664,193.31184592661856,4094600
2023-05-01,194.9281311035156,196.16990954086123,194.26782726940635,194.8985663824366,2882900
2023-05-02,191.0352783203125,195.53916109786985,190.13844172235605,195.15480470417504,6051000
2023-05-03,189.8230743408203,192.957054841237,189.7737947967623,191.3999295226436,3779900
2023-05-04,189.596420288086,191.74487021579097,187.9998501647937,189.12335467629225,4386500
2023-05-05,194.73101806640625,195.24349826910856,190.45381820332872,191.1436867235016,4284400
2023-05-08,195.03651428222656,197.5989000486832,193.24285627611067,195.8446566527876,4169400
2023-05-09,198.2690887451172,200.85118979223668,193.93275902993545,193.93275902993545,6996800
2023-05-10,201.88601684570312,203.29531885610248,200.1021932320664,201.974711020202,6535600
2023-05-11,200.5259704589844,200.8511974557332,195.6771603072901,199.97407556923173,5366300
2023-05-12,198.88998413085932,201.00888454187287,197.23429947366552,200.48653934144028,4733600
2023-05-15,200.38796997070312,202.4280108112652,199.5502628147876,200.80189108273007,4518200
2023-05-16,201.6001739501953,202.69411371751272,198.8308348644835,199.00822318664004,4423200
2023-05-17,206.35044860839844,206.4588576004889,201.8367156328244,203.512115024944,5772200
2023-05-18,210.23342895507807,210.78532377463296,206.30115580874093,206.4686942333911,5165500
2023-05-19,207.31625366210932,210.1545870957512,206.8924676106669,209.87863968281445,6091600
2023-05-22,207.2177124023437,209.74068402603748,206.01536355478896,206.14348737825205,3890800
2023-05-23,203.6501007080078,206.6066933518744,203.48256226274964,204.7341906926287,4256800
2023-05-24,206.03504943847656,207.16841878664684,202.4477182275305,203.0587424603493,4894000
2023-05-25,206.872802734375,209.2577857989632,205.4240710529668,208.95227361436844,6496700
2023-05-26,212.32278442382807,213.0225029577634,209.47460065832607,209.72098338903743,6933300
2023-05-30,215.703125,218.92581498066875,212.6085588376413,216.0973463494129,10421000
2023-05-31,220.1478881835937,221.7444433636496,213.91932593398008,216.37330318755383,19624000
2023-06-01,209.81951904296875,212.24393163265185,203.07849141020293,205.20724172728936,20907400
2023-06-02,209.94764709472656,213.01264880503933,207.38526073133667,209.81952326515463,11026900
2023-06-05,206.823486328125,209.24789861952337,204.0639971867465,207.42466069450384,7804400
2023-06-06,209.770248413086,210.3122783527004,205.35505935719104,205.5324627307797,6796000
2023-06-07,202.7532501220703,213.5251097371799,201.8169988565172,211.77086609157303,9323900
2023-06-08,206.49826049804688,207.3359676655708,201.8859837246844,202.4083138283856,5548600
2023-06-09,212.1946258544922,215.4961599207508,207.64147854848105,207.64147854848105,7676700
2023-06-12,210.5980529785156,217.20110551322043,209.0704774200828,213.02245002500493,11568300
2023-06-13,205.95623779296875,213.1013366279108,204.91157747283776,212.38190330068977,11698900
2023-06-14,206.37013244628903,208.64672110422177,202.0535179994428,204.694733183668,8963400
2023-06-15,208.85369873046875,210.2433008567404,204.3695302951852,204.9411400004176,7905400
2023-06-16,208.6959991455078,210.5586517769724,207.55279483351336,210.4502427862308,13672700
2023-06-20,213.8306121826172,213.90945644870885,205.59157435111464,205.6309889651574,9522900
2023-06-21,206.55740356445312,214.6486183156056,205.05940752649147,213.38714005310783,7971600
2023-06-22,210.203842163086,210.86416098367724,206.06461611693305,206.5968111308416,5689800
2023-06-23,207.05015563964844,207.94699224851468,205.05939431373324,207.45422686403955,14037600
2023-06-26,204.3596649169922,208.6861444772433,204.3498150227889,205.99564963512069,4771500
2023-06-27,205.79855346679688,207.4345232024198,204.51736039060475,205.1283846880781,4014800
2023-06-28,209.10006713867188,209.1296318595051,204.59619922166488,205.3944767601756,4775900
2023-06-29,207.38522338867188,209.5731028027438,206.6855049947152,208.8339547584764,3838300
2023-06-30,208.20323181152344,210.7557680175233,207.90758460133628,208.794556307911,5984200
2023-07-03,208.5876007080078,208.89312790683323,206.8826365291808,207.5232406116124,2400000
2023-07-05,210.7262115478516,211.5146241898978,207.05017068517893,207.44439204420925,5069300
2023-07-06,207.09945678710932,209.4253102459494,204.82288287945812,208.1441171050785,4250900
2023-07-07,206.55740356445312,209.0409454728737,206.2518914124742,206.73480693405813,3022200
2023-07-10,209.7307891845703,209.78991862142647,205.3057658957692,205.9759195641469,3820100
2023-07-11,217.9698486328125,219.13278281472327,214.0967197466163,218.8469704569796,10028100
2023-07-12,223.991439819336,224.7897173641002,218.40348196797947,218.68927928427524,8923500
2023-07-13,227.03672790527344,227.618202512104,224.30681838872505,224.95725729449072,5800300
2023-07-14,226.01177978515625,228.840248364196,224.8488456233656,226.3764213683756,4278700
2023-07-17,224.7010040283203,226.9480128655631,224.5137507855492,225.9230675340861,3557900
2023-07-18,224.3363800048828,226.29757666546624,222.2076298754596,223.7647703383892,5092700
2023-07-19,230.97886657714844,234.77316646464257,227.88430022828075,230.59451013706004,8516300
2023-07-20,224.85870361328125,230.121434304748,224.0308613773664,227.75616647698945,5303000
2023-07-21,224.76014709472656,227.47035673748385,224.0012841841128,226.67207921242544,3529700
2023-07-24,222.39486694335932,224.2969340237744,220.3055315811664,223.97170708006504,5363200
2023-07-25,222.7595367431641,224.227983122824,221.9316944385805,222.6117131309196,3203700
2023-07-26,222.3160400390625,224.21810726798924,219.8916276502992,221.2122503533851,4856700
2023-07-27,221.89224243164065,226.810046289692,220.76873797773385,224.740425698703,4299600
2023-07-28,222.33575439453125,224.02100364048448,220.73918427340968,222.7299606991501,4238700
2023-07-31,221.75425720214844,222.11891378667752,218.5414325366,219.13275697129225,5571900
2023-08-01,221.0250396728516,221.55721979153373,218.42323845682955,220.65053308392103,4212600
2023-08-02,217.30953979492188,219.62554317301817,215.6341404548979,218.7681211575068,5127000
2023-08-03,212.4410095214844,215.0526750742938,211.49490840736945,213.0717486102297,5515200
2023-08-04,211.48504638671875,214.1065618695945,209.9870504290808,213.27871962384629,4800400
2023-08-07,212.9337921142578,213.7517845207435,211.26824257895612,212.1946439799884,3615200
2023-08-08,208.5186004638672,211.09083635464344,208.0849645224328,210.4600972683768,4843800
2023-08-09,202.88137817382807,208.59746002102628,201.94512688873692,208.5875950883576,7847500
2023-08-10,205.2368011474609,207.29655703124763,203.4529927008319,205.16780676916773,4004700
2023-08-11,205.68028259277344,206.4687102696624,202.5265869232249,203.14747616245108,2930800
2023-08-14,208.9916839599609,209.03111361794583,204.1231588214065,204.89187173401947,3304700
2023-08-15,205.75912475585932,209.29717681391105,204.83272337285825,207.2867005445524,4076400
2023-08-16,203.9950256347656,206.65595578623925,203.95559598149563,204.9904063287372,2759600
2023-08-17,200.8905792236328,203.9358655524688,200.4470934053178,203.5810889282211,4062700
2023-08-18,201.8662872314453,202.52659110103377,197.3032745516538,198.06213752213915,4267200
2023-08-21,206.00552368164065,206.3898801327205,201.2651224389858,203.0193662452488,4023300
2023-08-22,203.768310546875,207.069844219592,203.0193126710904,206.81361166582457,3153200
2023-08-23,206.10403442382807,207.9371220768364,204.1428229711888,204.990379951354,3833200
2023-08-24,202.53640747070312,208.9226571939395,202.4674281418992,207.9568262866445,3960300
2023-08-25,206.4391326904297,207.74002549396985,202.50685948358048,202.53642420379688,3068800
2023-08-28,208.65658569335932,210.39111451689087,206.60667979027284,207.4049573456369,4086900
2023-08-29,208.89312744140625,209.3858928707908,203.5318371636216,203.75850505049632,5850400
2023-08-30,211.9285430908203,212.470588054984,206.39971453236487,208.7058681037152,9946000
2023-08-31,218.2556610107422,225.4795886546924,217.9994133743956,224.701025927194,19268400
2023-09-01,218.3246307373047,220.729328227277,217.32925007117944,220.2661275613558,5600900
2023-09-05,215.52572631835932,217.13214628428705,214.4613512830828,216.15646540911524,5807300
2023-09-06,218.4133453369141,218.9948199757445,215.85097411250445,216.29445999384384,5066700
2023-09-07,219.31016540527344,219.5072685555909,216.1367550597408,216.5901058396768,4201900
2023-09-08,221.50787353515625,222.20760694514087,219.63537123036005,220.0887219666608,4578900
2023-09-11,222.04995727539065,223.5479684041271,219.5664152794868,222.73982587480623,4418000
2023-09-12,218.4527587890625,221.5374599397101,218.058537449774,220.21685228860824,4002300
2023-09-13,215.63414001464844,218.6498618281358,215.1413746192941,217.9796930706906,4173600
2023-09-14,215.61444091796875,217.37854958331823,215.18080493234075,216.24518006851648,4297200
2023-09-15,211.5047607421875,216.0184935073012,210.3714063633647,215.7031164402859,9939000
2023-09-18,211.8891143798828,213.24915164713423,211.0809719347027,211.4554784373965,4279400
2023-09-19,212.5789794921875,212.9337711632484,209.1887513104957,211.28793661743987,4001500
2023-09-20,209.94764709472656,214.0375943275904,209.83923809385988,212.08624734999827,2990900
2023-09-21,205.5915679931641,208.824107612925,205.05938801101072,206.76435197824912,4957300
2023-09-22,203.443099975586,206.6855044762552,202.90107010822047,206.28143327061463,3848300
2023-09-25,203.3544158935547,203.5416691463232,200.92015368357607,202.03380826814293,4067300
2023-09-26,199.56011962890625,203.45296294038337,198.36762084861823,202.496996945063,5404500
2023-09-27,199.7966461181641,200.9792800187391,198.0325526801905,200.05289373925936,4123800
2023-09-28,200.2598419189453,202.1816238405113,196.6626607590398,197.8551445245732,4344000
2023-09-29,199.845932006836,204.7834358415089,199.1757782891745,202.1126558270554,4405100
2023-10-02,200.76248168945312,202.14221876541856,197.618636097068,197.89458351226108,3745700
2023-10-03,196.9385986328125,200.62448880923088,194.56346607230225,199.81634642910512,4622400
2023-10-04,198.9491271972656,199.8065493458748,196.62327356388195,197.97346118534352,3656400
2023-10-05,199.0870513916016,199.2250250881495,195.61799415325265,199.07720149827853,3592600
2023-10-06,204.3596649169922,205.2565015437019,196.9977487234204,197.57920827954828,4989200
2023-10-09,204.2217254638672,205.26638586888737,201.72833335361813,201.9254365367903,2781100
2023-10-10,203.8865966796875,206.1927349159356,203.27555741789143,204.63559460039912,4503500
2023-10-11,203.85704040527344,206.1730286307981,201.4523429839072,204.2315318621379,3971000
2023-10-12,202.7039337158203,205.5619815790972,200.32881631520567,204.8228336031124,3548500
2023-10-13,201.62973022460932,204.14283661593413,200.2697080310264,202.14221041938285,3677500
2023-10-16,205.51272583007807,206.4588419655836,202.0732181033208,202.8616457099077,3623200
2023-10-17,206.8037872314453,208.87340800439307,203.0193524264049,203.502267950228,4006100
2023-10-18,201.8662872314453,206.5968383523556,201.2355480845244,205.8576902096511,3380800
2023-10-19,205.3057861328125,207.8977219445318,202.55614674392285,203.46283328710305,4995900
2023-10-20,200.7821807861328,205.09881039722413,199.19547563523443,204.35966231521567,5539100
2023-10-23,199.0771942138672,200.6244845752568,194.9872479717049,197.0075738033727,4564100
2023-10-24,201.2650909423828,201.67901205276937,198.0226863540129,200.78217546126228,3959600
2023-10-25,194.2086944580078,200.7920479341809,192.60227446321883,200.259852887978,4490000
2023-10-26,193.410400390625,196.7710636957056,190.87757926663016,194.56346950813844,5149100
2023-10-27,193.72579956054688,195.4406135546567,192.5825802058025,194.4452328449952,3168600
2023-10-30,196.3867034912109,197.67774628038052,194.2283888884902,196.12060599605235,3438300
2023-10-31,197.92417907714844,198.98855428933976,195.7855787571189,197.52010778550004,3425400
2023-11-01,200.9595642089844,201.531173806924,197.58905109396508,198.01282206736587,3593600
2023-11-02,205.09881591796875,205.246639523147,202.97006577536231,203.32485746579675,4963600
2023-11-03,204.4680633544922,207.1388432323869,204.20196584467053,206.3602805663232,3861900
2023-11-06,204.41880798339844,205.4634682828193,201.7283129619456,205.1973857795379,3729700
2023-11-07,208.7748413085937,210.2531375103336,205.9365228270977,206.46870284300115,5467100
2023-11-08,208.41018676757807,209.44499705206377,206.6165136027356,209.3464379628725,3433500
2023-11-09,206.97129821777344,210.48965005753053,206.0449119857696,210.47980016414937,4731400
2023-11-10,210.5389709472656,211.16971012164973,205.81826951569627,206.3701644135313,4112600
2023-11-13,212.16506958007807,213.01262667023403,208.6959969508345,209.4942895313588,3306600
2023-11-14,217.97967529296875,218.04866966093448,214.7964153092381,215.8312255626877,4743800
2023-11-15,216.24514770507807,218.16692959194336,214.5106190601648,217.5559053607363,4800700
2023-11-16,218.24578857421875,219.5466964241529,215.7721117261247,216.81677194852293,3712300
2023-11-17,218.0191192626953,219.56639475978253,217.19127702076304,217.96983971634089,3634900
2023-11-20,221.87255859375,222.82852469337536,217.4278049657168,218.22608252482505,4599300
2023-11-21,221.07427978515625,222.70039961577828,220.305551913982,220.7589027059045,3852300
2023-11-22,220.6012115478516,222.4244495503684,219.9803373672053,221.05456233439315,3893600
2023-11-24,221.1333923339844,221.2418013169441,218.9060832364487,221.1136775085356,1869100
2023-11-27,221.53746032714844,222.9467771808089,221.00528031568635,222.2371938068552,4885500
2023-11-28,221.66558837890625,222.26676277560665,219.014508089162,220.3745454215677,5535300
2023-11-29,227.0170288085937,228.1503832284351,223.97172716728585,225.30219978014892,12327400
2023-11-30,248.2552032470703,248.84652774404097,240.12457412276004,245.4464494814762,24425700
2023-12-01,256.2380065917969,259.6183699989763,246.08703639998205,246.38269864595853,14538200
2023-12-04,247.0331573486328,251.42861635605013,246.2348797956897,249.1421926882382,11429200
2023-12-05,247.387939453125,248.0285284419366,245.04237139549608,246.37284395749705,5771500
2023-12-06,245.5253143310547,250.30513010320288,245.24936688613928,247.8807325460164,5374800
2023-12-07,245.2493438720703,247.10213153720807,243.3176969009193,245.15078477756012,6568200
2023-12-08,247.1809844970703,248.44246275352512,244.411645277228,244.95369024008133,4605800
2023-12-11,248.4523468017578,249.85179888024683,246.0969285437785,246.38272588908623,4766000
2023-12-12,252.7393951416016,252.8674888865405,247.3879548777209,248.1566677274264,5827600
2023-12-13,253.5967712402344,255.3707144998953,251.4680212830348,253.7840244824888,6567600
2023-12-14,253.48838806152344,255.02581382119465,249.556129492674,252.78866956121533,6613200
2023-12-15,257.8148498535156,258.51456826375073,250.8274254169338,251.3201907912425,13739500
2023-12-18,259.77606201171875,261.74712362726444,255.9226329442054,256.06062169378004,7498500
2023-12-19,260.51519775390625,262.72277703422486,259.9238732821032,261.6288523259994,4665500
2023-12-20,256.4843444824219,261.0867857225239,256.3167910431686,257.8739462691421,4510500
2023-12-21,263.3830871582031,264.477011830214,260.416630041471,260.91926033726577,5160700
2023-12-22,262.4862670898437,264.27007541427685,261.4613066466073,263.39296865040154,3110600
2023-12-26,262.3680114746094,262.6735236173383,260.7911561752263,261.6879928147255,3218800
2023-12-27,262.8607482910156,263.14656061397625,261.5598405547914,262.0920355516122,3387000
2023-12-28,261.7372436523437,263.0578813257517,261.4612962450671,262.64394517683087,2958700
2023-12-29,259.3325500488281,261.8062115321844,258.8496195779508,261.1754875548057,3706600
2024-01-02,252.4239959716797,256.78988997873915,250.09814279866663,256.7701901910907,4741400
2024-01-03,248.196044921875,250.48248333687684,248.12706559345943,249.83202947350512,5097100
2024-01-04,247.6047515869141,248.9844886247388,246.22499951108347,248.1862111215684,4489800
2024-01-05,247.48648071289065,250.2361199665048,246.5502294944294,247.57518991056008,3676000
2024-01-08,257.09539794921875,257.77541656224315,247.75257079489737,248.56071321559463,6626000
2024-01-09,257.5586242675781,260.11114551573297,255.03566774137047,255.74525114411728,4571800
2024-01-10,260.3082580566406,262.604531614016,258.9482207245929,259.46068591921386,5128300
2024-01-11,267.45330810546875,269.0104332728043,261.2641769307289,264.1222097524003,9012600
2024-01-12,267.9953918457031,271.2574964925461,267.1379848342871,267.3055383091222,4847600
2024-01-16,265.2950439453125,267.64061210998915,263.8463124363072,265.79767428803285,5858700
2024-01-17,267.512451171875,267.9657868650642,260.3082242805864,264.4080355336277,4706500
2024-01-18,270.48876953125,271.70098321834496,268.20236097879626,269.0499030133413,4752400
2024-01-19,276.8158874511719,277.919677101256,271.5432918172044,272.50912279903423,7413600
2024-01-22,276.2442321777344,281.5858215924416,276.1161384556844,279.68375463543686,6735900
2024-01-23,272.7653503417969,277.63387492938483,271.7206900935465,276.7666030079664,6573800
2024-01-24,272.873779296875,276.8947318243998,272.6865260342781,275.9289308657567,7037800
2024-01-25,274.99267578125,275.8008183079806,272.8540605729049,274.5787395849198,4178000
2024-01-26,275.8894958496094,279.24029457009294,274.6575823438424,275.23904190944285,4877400
2024-01-29,283.69488525390625,283.9806976108192,276.934158316544,277.3283646263471,5762300
2024-01-30,283.5668029785156,285.1042287021247,282.37428899242263,283.4682438780761,4810900
2024-01-31,277.0228881835937,281.4972070703485,276.7568056572867,279.9400513433201,4557300
2024-02-01,279.693603515625,280.92551690333653,277.28890617673125,277.9295251991496,3218300
2024-02-02,281.5267333984375,283.99056041122645,279.06290638564855,281.0733976493681,3629600
2024-02-05,283.9412536621094,284.86765498531463,277.2889210125466,282.1081808796045,5274800
2024-02-06,281.6942138671875,284.46358267748843,277.83095054239953,283.77369918862905,4207200
2024-02-07,284.6607360839844,285.6068373085433,281.0734193163566,283.19230469549007,3621400
2024-02-08,287.72576904296875,288.8689584628163,284.79874095749165,285.1140879995096,4488400
2024-02-09,287.0851135253906,290.9681073310249,286.8387308223733,289.00691063933124,4376300
2024-02-12,283.1626892089844,286.7894349829664,282.8473121653311,286.61204667441524,3750000
2024-02-13,277.0820007324219,279.32900993444827,272.4204589214373,276.3527175059795,4956600
2024-02-14,284.9662170410156,285.271729174611,280.5214937057992,280.8762703476471,3850700
2024-02-15,287.7158508300781,287.774980269258,283.84272218373815,287.1245263622677,3986500
2024-02-16,285.5279846191406,287.8439880146685,283.7146115560075,287.7749936404157,4159400
2024-02-20,282.2461853027344,286.6416443281612,280.03857581951326,285.3111717091335,4295500
2024-02-21,279.447265625,279.46699549101214,274.33235801337634,276.0176374525924,3797200
2024-02-22,289.4011535644531,290.3669847098444,287.18370895674246,287.77503353400215,5264300
2024-02-23,288.5633850097656,293.6881568236703,286.86827095525973,293.6881568236703,4416800
2024-02-26,296.0435791015625,299.43377701320355,290.7315542334896,291.3130137328354,8719300
2024-02-27,295.16650390625,297.38394842641384,292.30847031768656,297.2163949403321,6178800
2024-02-28,295.4325561523437,296.5265109764036,292.318275225092,295.24530289485614,12490800
2024-02-29,304.3515930175781,306.04670699691167,290.52459872562247,295.6592051674138,21737800
2024-03-01,312.29498291015625,314.0984909147805,302.18342798387164,302.55793447388385,9450200
2024-03-04,310.08740234375,313.05382937998803,309.0033125289737,310.01840797462535,9350000
2024-03-05,294.42730712890625,308.0276192437032,291.8550863466253,306.8055707564289,9015300
2024-03-06,299.3747253417969,301.4640762160762,298.3596296680748,300.2419973884755,8270000
2024-03-07,298.0442199707031,302.33125463387745,297.3839011406905,301.5724067905594,6788900
2024-03-08,300.8628234863281,304.40087523830096,297.8274020367174,297.8274020367174,4851600
2024-03-11,301.5724182128906,303.15910832974697,295.90561623666804,298.2610492337057,4895500
2024-03-12,302.1834411621094,304.56843886903255,299.47323153315745,302.2721353226627,4832000
2024-03-13,300.66375732421875,303.6735708571097,299.1144455463743,300.9795463710344,5548800
2024-03-14,299.3217163085937,305.4103679954856,298.0191090018402,300.979563727024,4828800
2024-03-15,290.4501647949219,296.09476566121,289.89754905545027,295.01913752133487,11885100
2024-03-18,296.5487365722656,297.0026644961436,292.1179025304531,295.6704539495643,5240500
2024-03-19,297.4763488769531,297.7921078031773,292.71000025954714,294.2494341928545,3329900
2024-03-20,302.0452880859375,302.9728995622566,296.726353882444,297.9894799181317,4946600
2024-03-21,304.3248291015625,307.6898521086576,302.311711872372,303.880748938479,6083900
2024-03-22,303.7130126953125,306.14060703940856,302.6077811802607,305.24259890460394,3779000
2024-03-25,302.0255126953125,303.65375636160354,298.55192419953863,299.6966366858868,4141200
2024-03-26,301.798583984375,303.9202671161322,300.87100262201125,303.4268580371747,3893900
2024-03-27,297.4072570800781,305.2228399165923,294.6935071838691,303.38737262395483,3859900
2024-03-28,297.2098693847656,298.80850989506524,295.6803133694292,296.0454312495225,4892300
2024-04-01,298.275634765625,299.50915733364894,296.03553850830343,297.7131412469348,2918100
2024-04-02,299.99273681640625,300.4466647621992,291.0028373493911,293.57841843052915,4746100
2024-04-03,300.72296142578125,303.11107466329474,299.1045952765141,299.9828477935144,3047400
2024-04-04,290.2626953125,307.19646769425174,288.24957792207186,304.1965623023851,8351000
2024-04-05,297.9302673339844,299.4203723576426,289.43374751507235,289.67060434633896,4918200
2024-04-08,297.75262451171875,299.49928163891315,295.57173491298147,297.13092431458085,3142900
2024-04-09,298.3842163085937,301.5716499573926,295.30534832247685,299.32170565097624,2997700
2024-04-10,295.67047119140625,296.9533529506377,294.2198471988144,294.5159107349304,3036400
2024-04-11,295.2066650390625,297.12109479864773,292.5027927481296,295.5224540977224,3468600
2024-04-12,290.4403381347656,293.92380515556147,289.6311399878768,292.95671248376976,3820000
2024-04-15,269.3026733398437,282.70368099132395,268.0790284424417,279.21033622725275,18365100
2024-04-16,273.7532653808594,276.8617369705959,268.8487772760558,271.15792846029734,7624300
2024-04-17,272.6776123046875,275.29267451213565,271.217110526895,274.07887728439107,4199400
2024-04-18,268.33563232421875,272.6874743139041,266.19422346672803,272.6776266097906,5918200
2024-04-19,266.8060607910156,269.5494144793069,265.1876944278224,268.8981107829824,4913600
2024-04-22,270.20068359375,276.01305713224525,266.0067063266208,275.707145905514,6747200
2024-04-23,273.0328063964844,273.05256203095246,266.8454681653315,271.32563047159766,6285200
2024-04-24,272.5492553710937,275.26300476696304,270.49665714528965,274.3353934733333,3938800
2024-04-25,269.5395202636719,269.97369253766385,265.7303865967594,268.0198119011514,4811900
2024-04-26,270.6743469238281,273.24992772701745,269.85527103068534,271.3749793473139,3754600
2024-04-29,272.105224609375,273.63481079736863,269.618453735134,271.2664532816201,3576400
2024-04-30,265.3949279785156,270.99017112724795,264.82255647413547,270.8915133850429,5218000
2024-05-01,265.148193359375,270.3881957659061,263.0363878860041,265.47383012544026,3761000
2024-05-02,268.5428161621094,269.4802752941813,264.4080458863146,266.8652133348036,3859900
2024-05-03,270.0527038574219,274.00985493982404,269.74679258881423,273.1710533485139,4041600
2024-05-06,271.9967041015625,273.4769313951251,270.44739230662793,272.5295943595294,3744800
2024-05-07,273.5263061523437,275.2039094126449,270.4573155041052,271.9572685717429,3507700
2024-05-08,275.292724609375,276.2499396423653,272.09544269581465,272.09544269581465,3283300
2024-05-09,271.54278564453125,271.7204056982879,267.4968248778048,268.5823309540439,4709700
2024-05-10,273.02301025390625,275.95386157273174,271.3454072333198,272.4605166406776,2912300
2024-05-13,273.8617553710937,274.13806324164585,271.5624823892103,273.48678978022247,2998700
2024-05-14,273.1512451171875,275.18408804667894,271.41446569455263,273.3091396311178,3056800
2024-05-15,283.74969482421875,284.0062470607831,276.04264760305733,276.0524953059986,5828500
2024-05-16,280.9273681640625,286.1969731795363,280.8286803314652,285.6049064145492,3559200
2024-05-17,281.8451538085937,283.5523602703427,280.51297322608343,283.2563268331857,3478900
2024-05-20,283.2859191894531,283.927345021951,281.3517337573667,282.2300164457073,2799300
2024-05-21,280.0195617675781,283.43394454748704,279.5557559763385,283.0096199193092,3492100
2024-05-22,280.0787353515625,283.30561986966666,279.10176490189974,279.674136295084,3309200
2024-05-23,274.89794921875,283.2168192965478,273.80256537266393,282.9010302494508,5456600
2024-05-24,268.7007141113281,271.335501625045,264.99026834621174,267.3586258092502,8325100
2024-05-28,266.2731018066406,269.62830727676453,263.63831447151387,269.5000161115155,9294100
2024-05-29,268.03955078125,269.2730735133744,264.2402947432467,264.467273767466,13397900
2024-05-30,215.1362152099609,222.1228893808322,209.2054436663985,220.45516433106008,66763300
2024-05-31,231.3496551513672,231.52727519503773,213.21193229247976,216.2217307350947,36807400
2024-06-03,233.5009307861328,237.81333680165244,227.17543721251343,231.5272942752328,19962700
2024-06-04,231.76412963867188,237.4185938691717,229.1391895382617,232.61279391708825,11197500
2024-06-05,233.412109375,233.7969678735524,228.4977589186421,232.5338417727829,10772100
2024-06-06,239.55995178222656,243.4973613438596,236.2935863452572,236.7179259498156,11693800
2024-06-07,238.66197204589844,240.71454051659524,237.1225231064012,239.1356405347016,6883800
2024-06-10,238.652099609375,240.42837530450484,237.26068239338576,238.6027556899672,7656900
2024-06-11,237.8133087158203,240.53692135844813,233.1456480772849,237.9810659925164,7264400
2024-06-12,232.6917266845703,239.0073569274452,231.7937185391716,237.3889757366053,10260100
2024-06-13,226.010986328125,232.54371843264164,225.64586838803925,232.41544229722467,13566700
2024-06-14,228.8826141357422,232.14897994594887,226.17872686567063,226.32675862923824,8833700
2024-06-17,227.4418487548828,228.7839220751713,224.767579932952,227.2444881314155,10563700
2024-06-18,228.7543334960937,229.2280020345113,226.2083406334156,227.4418634317489,7119800
2024-06-20,238.61264038085932,240.55667341184684,229.780620627892,229.780620627892,14809600
2024-06-21,241.82965087890625,242.13556209295544,237.02385135754685,237.3988470690393,15719600
2024-06-24,236.77716064453125,241.18823919061128,236.6488694604475,239.9843197854196,7545700
2024-06-25,238.5731506347656,239.89549840019777,236.7080649326998,238.5928912139169,6037800
2024-06-26,239.94482421875,240.3987671875716,236.7376652704223,238.28697697467092,4524700
2024-06-27,249.5169677734375,255.19117196590207,241.22768652724733,241.77043950501297,12869000
2024-06-28,253.7109375,256.7503239729132,249.8425973282668,250.158386345408,12619300
2024-07-01,252.83267211914065,256.0595867732972,251.17482483946952,254.7471017570824,5871700
2024-07-02,252.8129425048828,254.33265087763013,250.7110150415082,251.68797042398865,5130600
2024-07-03,257.5101928710937,257.7766229141342,253.5530426896184,253.59252384553847,4755700
2024-07-05,259.7206726074219,262.30613135491205,257.8753274761354,259.25686686998887,6562100
2024-07-08,253.97738647460932,259.3752830453209,253.79976643246468,257.9345369557576,6539300
2024-07-09,249.49024963378903,254.007035678354,248.1658585925149,253.1076297146619,7014900
2024-07-10,249.64840698242188,251.83267660329537,243.2438753933363,248.2745951198647,8947700
2024-07-11,248.19552612304688,252.44545261441883,247.99785827995527,249.6583013403217,5341800
2024-07-12,251.0123291015625,252.3169488643161,246.7821741345216,248.68969059067103,4705500
2024-07-15,249.915267944336,253.40417248457976,249.183880335944,253.03845605874923,4404300
2024-07-16,253.04835510253903,253.7896208418344,249.7274839872526,250.8245578846532,4780400
2024-07-17,248.2943572998047,252.59370434412605,246.7031063450356,251.041980923902,5625300
2024-07-18,244.4694366455078,249.5100344136185,242.85841434675012,249.20364700047577,6351600
2024-07-19,244.7461853027344,246.0903477823598,242.31482703771704,245.75429585163587,4468900
2024-07-22,251.12106323242188,252.60359468760936,245.11186725766447,245.85313298525824,5647600
2024-07-23,253.07801818847656,254.33321738306248,250.79492200116465,253.60184479937104,3905500
2024-07-24,246.87112426757807,252.9297406683365,246.0013676984269,250.6762941765257,5204100
2024-07-25,253.5326385498047,261.00459477368474,248.78854989286435,251.7733841530432,7155800
2024-07-26,259.6505126953125,261.40978189204765,254.0762109222432,255.1634065297032,6127300
2024-07-29,255.57850646972656,262.98126970374227,255.509314437478,259.6505209081252,5101400
2024-07-30,254.9262237548828,257.7133901897218,252.14895051518948,256.59654497675706,3944300
2024-07-31,255.7861328125,258.78084574426003,252.3763278811138,253.2262982741864,4647700
2024-08-01,250.1129302978516,260.2929672605684,246.8316019486012,256.8732699161284,5527400
2024-08-02,241.12879943847656,245.11186605538944,238.3119836550009,244.90430501700172,6504500
2024-08-05,236.2265472412109,239.00383539153933,229.50575030997865,229.61446988227684,6899300
2024-08-06,235.64341735839844,241.010188752628,235.2579598059689,238.28232138366025,5673900
2024-08-07,237.2445678710937,243.65899293263487,236.86900347904063,239.78464575025376,4035500
2024-08-08,246.2187957763672,246.52518316825305,240.24914298832263,240.40728328126,4474300
2024-08-09,249.589096069336,250.0042030421493,245.5566089434632,245.8036975045013,2975300
2024-08-12,248.3832855224609,251.1309089248653,246.11996109541963,249.65827085472984,3679700
2024-08-13,251.634994506836,252.8012452663414,250.0536216968708,250.0536216968708,4031600
2024-08-14,252.3466186523437,254.7087696657944,250.90361478705617,252.4157956088572,4145200
2024-08-15,259.7296447753906,259.82848624156856,253.25590576799672,254.89657758757167,5167900
2024-08-16,259.84820556640625,260.53017237534624,256.65581065154475,258.7017110783647,3494900
2024-08-19,262.2894592285156,262.299352423046,258.5831307410274,260.0360127146099,4501300
2024-08-20,258.7906799316406,262.4080602001894,257.9901153812923,261.8644774134221,5731300
2024-08-21,258.0494384765625,259.0872286608945,256.1616780130875,258.0593316721466,4648200
2024-08-22,255.57850646972656,260.19413381013743,254.27387169950867,258.45462078318025,5111400
2024-08-23,260.9255065917969,262.5068793308491,257.66394982426993,258.93890501471293,4711300
2024-08-26,262.19061279296875,264.1870775086156,260.17436168863674,260.8662217247067,3818300
2024-08-27,261.1231689453125,261.3801205046365,256.379051101505,256.62613962996875,5276400
2024-08-28,255.88491821289065,262.0917819127791,254.3628441694202,258.78078902742,10981900
2024-08-29,254.01695251464844,268.7829684149171,253.29544300527803,267.8539129445092,14301700
2024-08-30,249.95477294921875,256.1122305179848,248.0769059881185,254.4419094949711,10507700
2024-09-03,245.17117309570312,250.735612808832,243.76771175449332,249.6780664350449,6190400
2024-09-04,244.79559326171875,246.5746340722729,242.30495120803323,243.59969296760332,4706500
2024-09-05,243.2537384033203,245.60602629803864,242.146786491024,243.1153694142833,4083600
2024-09-06,241.12879943847656,247.0885746526104,238.6282642694793,244.85489936694304,6259400
2024-09-09,242.8979339599609,246.4560152764173,241.9194729087521,243.6293215308684,4588800
2024-09-10,243.29327392578125,244.45952464494084,240.47645841831743,244.25197870797976,3544800
2024-09-11,246.66358947753903,247.1083458955776,239.19161831391563,241.95901336550693,4822200
2024-09-12,250.41932678222656,251.1803638238854,246.6635924678465,248.4623894704794,5219700
2024-09-13,251.60536193847656,253.8390221510643,249.51004056276727,249.59898883049965,4998900
2024-09-16,253.9180908203125,254.80760360178363,251.60534552361645,251.60534552361645,5367000
2024-09-17,252.21812438964844,256.34943793078173,251.7931242184333,255.7070136983761,5423400
2024-09-18,249.8819274902344,253.5346825084804,248.42677978114872,253.4158986395178,4436700
2024-09-19,263.3051147460937,266.81929953848254,255.4452578692369,258.0883204572078,11022800
2024-09-20,264.1069030761719,267.59139145586204,258.6822376461174,263.32489910373585,11463200
2024-09-23,261.54302978515625,265.3541735479613,259.5929139507565,264.55235218448274,6034000
2024-09-24,267.71014404296875,269.70974301107066,263.60204075286475,267.1062857575011,7154500
2024-09-25,271.32330322265625,274.25341621413,266.6608549143755,267.7200614726534,7920000
2024-09-26,272.9764404296875,275.82737404402286,269.95720953262565,273.342700752031,5253400
2024-09-27,273.8475952148437,275.03546422351263,272.2835269038948,273.4714261220957,5220100
2024-09-30,270.9471435546875,272.9566513835614,266.4232964152831,271.18474152029273,5059700
2024-10-01,268.13580322265625,271.92715969348814,266.9677215243472,271.37281481261164,4369900
2024-10-02,276.658935546875,279.15348775349554,268.11604206330475,270.95706740656146,8512300
2024-10-03,278.0744934082031,278.28236520603747,274.9265996314357,276.1738606279751,3868400
2024-10-04,284.845458984375,284.98406032859293,278.62885034941365,280.9947100426196,6129900
2024-10-07,281.697509765625,285.26117680150486,280.5195194091879,283.6871999447811,4794700
2024-10-08,288.6268615722656,289.67615937699827,281.2322635199527,283.1130786297831,5211200
2024-10-09,285.01373291015625,288.6268835666576,284.1821853321619,287.88445410808066,4851000
2024-10-10,287.24102783203125,287.3004197733084,281.74703158763606,285.0137394055412,3965500
2024-10-11,285.19189453125,287.3102774386329,283.410045793658,286.29067557466414,3597000
2024-10-14,288.6961364746094,289.4979577404661,285.34034137640924,286.9934973228895,3642500
2024-10-15,285.4393615722656,290.61654990046526,285.09288847838945,290.49776603045734,3850800
2024-10-16,287.92401123046875,287.98343337634066,281.36096058846954,284.6474251676542,3497000
2024-10-17,288.1715087890625,290.379009949733,287.17172431446323,289.01293489484925,2830000
2024-10-18,289.9830627441406,291.7351854686931,287.22121657702115,289.09215339622466,3087900
2024-10-21,288.3497009277344,289.9632523942525,285.1325067208462,286.0828079355968,2712600
2024-10-22,285.4195556640625,288.9931316821507,284.7464269004413,286.82523533824155,3100100
2024-10-23,281.5589294433594,285.3898604640144,279.767202171216,284.8256370571383,3227100
2024-10-24,283.86541748046875,285.9937090630532,282.30134928559966,283.66742422228566,3210700
2024-10-25,287.5281066894531,291.40855174981186,285.9145549727372,287.0727583590019,3351200
2024-10-28,290.8046569824219,293.0814587690766,289.5375785881955,290.6363898900384,3867800
2024-10-29,295.8729858398437,297.56571645237256,289.8543411138054,291.0323315391788,4280700
2024-10-30,293.4081115722656,296.51643069264003,293.3586283595846,294.071361837474,2826500
2024-10-31,288.4288635253906,293.1012203594508,286.62722762282914,289.6464585998858,4301800
2024-11-01,291.7450866699219,293.9921623308558,287.072729315441,287.3004185623987,3527500
2024-11-04,295.0018920898437,297.1499711587387,289.96327425419105,294.9820746360537,5107900
2024-11-05,294.48712158203125,295.793804731505,291.76488012539414,294.43763836663294,4456100
2024-11-06,303.8021545410156,305.44540217582954,300.01082773861134,301.92133912607164,5874900
2024-11-07,307.6429748535156,309.0387458904855,302.9112255452103,304.3960844939613,5722600
2024-11-08,318.70025634765625,319.55156102728444,306.3165223266973,306.9005632554145,8485000
2024-11-11,338.2805480957031,341.39874558361265,321.96688827698347,321.96688827698347,13954200
2024-11-12,337.7064208984375,345.33858758767985,335.0930848057752,335.86521026605425,7659700
2024-11-13,338.2706604003906,344.6753530666096,335.35042578170595,342.0125036604215,6902900
2024-11-14,328.3022766113281,342.50743192527966,327.4806680292496,338.9833694355276,7630600
2024-11-15,321.976806640625,326.9263362011854,320.9076913382066,323.6299325965148,7093000
2024-11-18,318.9971923828125,323.6992456452434,316.9777757861732,323.6992456452434,4250400
2024-11-19,320.165283203125,321.42248312924244,312.81028903712854,315.78000697102533,5469900
2024-11-20,322.4123840332031,323.95663491776395,318.7596286152331,322.00651896348063,3763500
2024-11-21,332.3906555175781,339.4783865301721,325.28313725922294,328.005378923397,8364200
2024-11-22,338.5675964355469,339.3496305353347,332.39059344362767,335.5286083590469,5649400
2024-11-25,335.6869812011719,344.3387794630753,334.8752813080213,341.5175415561401,7117200
2024-11-26,339.7159118652344,340.3395574384377,335.7167136346685,338.5280428677568,4492800
2024-11-27,326.6788635253906,333.9744653490456,325.5602649981596,333.06373860710886,7471500
2024-11-29,326.6590270996094,328.638838831884,323.94669469344257,326.01559432852605,3517600
2024-12-02,327.6687316894531,331.12349329776805,326.777792293227,328.64872877386847,6063400
2024-12-03,328.0845031738281,329.4406694149828,320.38303652745986,324.09518362968487,12632400
2024-12-04,364.15667724609375,365.2752757424614,353.0499318809905,363.1073794127559,24733100
2024-12-05,357.732177734375,361.7611017584359,353.06972968088684,357.13822818773593,10942100
2024-12-06,358.3360595703125,363.44397810267714,357.4451502214249,361.3057775396268,5738900
2024-12-09,348.021240234375,358.04899228788133,347.2491148058772,358.04899228788133,6475000
2024-12-10,345.29901123046875,351.9016672004297,343.92302741754713,347.8034721517528,6033000
2024-12-11,351.26812744140625,356.5641302410619,348.3281056030221,349.92183965945185,7546600
2024-12-12,354.4160461425781,356.3661621829048,349.3576409521693,351.4166321525867,5422000
2024-12-13,350.73358154296875,361.1176854931957,348.9418541554156,360.32577280162064,5538000
2024-12-16,353.62408447265625,354.45560177750644,347.0213990339651,347.23917953353515,5482300
2024-12-17,347.4272766113281,353.624097242342,345.58603591946905,353.29741137642515,6911000
2024-12-18,334.2068786621094,351.5896177937052,332.234697651179,351.3220491236796,8400000
2024-12-19,333.21588134765625,340.45042849330093,332.4230347910353,338.6368468122872,7423400
2024-12-20,340.5693359375,343.3442534220702,328.17150267467565,329.7571352441413,14932300
2024-12-23,339.8260192871094,340.76751497779475,333.6617781310404,339.1818523511663,5330300
2024-12-24,341.34234619140625,341.85770400180843,337.7746123824806,339.9251727008062,1811000
2024-12-26,338.6566162109375,341.7882916867694,337.97279936922735,341.7882916867694,3483300
2024-12-27,335.4159545898437,339.20168696064553,332.26443892564566,337.29891586482915,3220400
2024-12-30,332.730224609375,335.0789737325117,328.6372434564992,330.4805850777464,3411100
2024-12-31,331.3328552246094,334.1275823385823,329.43008417458566,333.25546633898784,3026000
2025-01-02,327.69580078125,335.8817636574054,324.87134356846485,333.2951452856116,4807100
2025-01-03,329.9156799316406,330.4508475181026,326.31821657620225,329.1228637060676,4101200
2025-01-06,327.5669250488281,333.5825171026854,324.3460600431088,331.02562886919753,5785300
2025-01-07,322.0171203613281,328.52823009876863,320.0152397716431,327.5371947138553,4643100
2025-01-08,323.969482421875,325.8524437272939,320.21344959961186,324.80194857024964,3788200
2025-01-10,315.0006103515625,319.87648762026936,313.1869986190309,319.87648762026936,6540000
2025-01-13,316.2096862792969,317.67639937980897,310.9869101348471,311.7797566362065,4583000
2025-01-14,320.6395874023437,326.9822076290517,318.617866808706,322.08649055312424,5935200
2025-01-15,318.28094482421875,328.55797747487685,317.9043465188251,326.9227750513529,6042700
2025-01-16,317.1313171386719,324.7821113744023,316.6853391263459,320.0449635344034,5047700
2025-01-17,321.6504821777344,326.61557975275986,320.17384894834106,325.7731935218428,6303600
2025-01-21,323.9100341796875,326.56600202003773,319.5594041288754,326.44708260091795,6397200
2025-01-22,329.63818359375,332.2248016650757,324.3460582884166,328.2804699608011,7259300
2025-01-23,331.659912109375,332.45272833539906,326.64527538197194,329.3507826801793,4355900
2025-01-24,330.8869323730469,335.6141607458301,328.8156718399153,333.2852213086717,3299100
2025-01-27,343.9884033203125,349.98415556581966,327.53720915653935,329.3805205366387,15661100
2025-01-28,356.7231750488281,363.799151497173,347.31822930883783,351.5895891127373,12099300
2025-01-29,350.8265380859375,356.9511297126064,348.3489495401329,355.5438763552298,6266700
2025-01-30,340.49005126953125,344.8803309829668,336.95204751209394,337.8439733537669,7591100
2025-01-31,338.6368103027344,346.36687437136203,337.05114760445167,344.8803212624721,5778000
2025-02-03,336.19879150390625,338.3988909881149,328.2903494951531,332.95811709559723,4549400
2025-02-04,341.0549621582031,343.81992935189027,335.63399691172333,342.52167530192185,4965600
2025-02-05,344.8109436035156,344.91997322570484,335.83216519122925,342.62076381153867,4521000
2025-02-06,327.84442138671875,334.4546408752332,326.1497593048479,334.4546408752332,13240600
2025-02-07,322.9090576171875,330.8274511895444,320.8179873979399,329.02375946643923,7626100
2025-02-10,324.26678466796875,328.77598349700463,323.72169706889895,324.9803313430425,5981900
2025-02-11,321.4919128417969,323.5136337470378,318.38007707263534,321.11531450960456,5455900
2025-02-12,323.1964416503906,324.06855759243143,314.1284742986681,316.68533217965273,5643400
2025-02-13,326.8930358886719,327.3885535934466,320.3224662843192,323.27576269261664,4312100
2025-02-14,323.6127319335937,325.5551529930244,319.7278595707299,325.0893651107933,5879700
2025-02-18,326.0110168457031,326.2092360355426,320.1044539653139,325.6443385641021,5262100
2025-02-19,321.6207275390625,326.78401367149206,319.9756050926528,326.78401367149206,5012000
2025-02-20,315.5754089355469,321.541461660073,315.35737992827177,319.3512515548093,6393100
2025-02-21,307.02276611328125,316.11057437284904,304.10911951061075,316.11057437284904,7353200
2025-02-24,305.5560302734375,309.9264998520415,300.7990423862771,308.71743549983813,6652900
2025-02-25,303.1379089355469,305.6551472861904,297.92505312320634,303.5045871896013,7360100
2025-02-26,304.57489013671875,310.88781091453103,303.7028044069673,309.8571256506433,12638500
2025-02-27,292.2563171386719,302.1865106499292,290.046327675882,293.68341045473284,16691400
2025-02-28,295.1799011230469,299.27288218050774,289.5309872227836,293.30682969241207,10863100
2025-03-03,290.4328308105469,300.35310480526164,288.4507600180125,298.3016542764285,6298200
2025-03-04,284.7641296386719,289.0354901146235,279.70984266947545,287.40028763035474,9096300
2025-03-05,289.35260009765625,290.0562267466786,283.059519407838,284.6451820590992,6612600
2025-03-06,283.4856872558594,295.4078428830933,282.27662275922205,285.64616758998363,10396800
2025-03-07,280.3540344238281,285.72542965408707,272.7032395003285,280.64141293013955,8248100
2025-03-10,270.4535522460937,275.85470722646096,268.29310235154685,274.4870735473808,10040200
2025-03-11,274.5663146972656,277.93585887478594,269.56159858582606,271.26618049252573,8313400
2025-03-12,282.0288391113281,283.3667429420005,276.58806447646066,279.3233318419241,7463900
2025-03-13,269.3039245605469,280.02693383743974,267.3317739783226,279.5214961529511,9494500
2025-03-14,276.895263671875,277.3808915468957,270.23550508014324,272.53471429200255,6976900
2025-03-17,278.23321533203125,280.19547650075367,273.6050662611771,274.88351051855705,4484300
2025-03-18,276.2312927246094,277.98541439821315,273.4662956424894,277.5097065445586,5881700
2025-03-19,276.8854064941406,279.69002348598525,274.80422601836824,275.012334992745,5245400
2025-03-20,276.5285949707031,280.344087151083,274.5762541040048,274.5762541040048,5504700
2025-03-21,278.1043395996094,279.32332398776816,271.5932299856867,273.7338700057708,9804100
2025-03-24,283.3964538574219,284.18930026602726,280.6810267374437,281.1963542200387,6763800
2025-03-25,286.0227355957031,287.846267495092,283.0496291533121,283.0496291533121,4301700
2025-03-26,278.4710388183594,286.44889226280054,277.0736752176212,285.7551553566747,5070300
2025-03-27,275.31951904296875,278.38181454373864,273.5356675696651,278.025056346677,3757200
2025-03-28,267.54986572265625,274.72495334825066,266.7768592118547,274.2294355786598,4973400
2025-03-31,265.9542541503906,266.0434739540373,256.8664761709444,262.17841157206,7585800
2025-04-01,267.7778015136719,268.39223867847284,263.4370612281385,266.44978734225964,4598200
2025-04-02,269.10577392578125,271.1770343821094,263.3676702155123,263.5757791912003,5396900
2025-04-03,252.94195556640625,260.2161667415152,252.16894918049,257.80795802893,8872600
2025-04-04,238.6016845703125,248.0462510039967,237.38271522614767,245.4794728707878,9705000
2025-04-07,242.0207672119141,250.68240712753988,227.9381472027918,227.9381472027918,11965200
2025-04-08,241.802734375,255.0826179007452,238.11608145154835,251.6734385594671,9340300
2025-04-09,262.7928771972656,265.7659834750109,238.74042805414567,238.74042805414567,12491100
2025-04-10,253.230209350586,259.3048709781,246.29199704152617,258.07406589557706,9692300
2025-04-11,253.11111450195312,254.5106737112408,245.84532935687287,252.38652614046657,6089000
2025-04-14,252.66444396972656,258.074070495185,251.264884798597,258.074070495185,6038100
2025-04-15,253.0416259765625,254.81837522432568,251.92000663001824,252.48577654008724,5227700
2025-04-16,247.98931884765625,254.7091595005357,244.8626583761,250.0638336404224,7190900
2025-04-17,245.42843627929688,249.69658740942216,244.97185217337696,247.91985335245417,5566900
2025-04-21,234.5099334716797,240.68386095147,231.04579482481108,238.64904299471868,9240000
2025-04-22,241.5871124267578,242.4109661026536,233.8548227330972,236.46533097326105,7145300
2025-04-23,248.62457275390625,255.88043687298872,247.65183631500483,250.73879969013248,5818900
2025-04-24,262.7392578125,263.0171825124178,255.0962831274809,256.2874062937116,7857600
2025-04-25,265.8659362792969,267.03718828751244,262.2429793161094,262.7591165676478,5651700
2025-04-28,263.6722717285156,267.5036640277227,261.3793553115105,266.1636581681672,4977700
2025-04-29,265.7765808105469,266.59048364915094,263.2057698384419,263.43404672971883,3139800
2025-04-30,266.71954345703125,266.878361904675,261.0518483118115,262.8385028376411,4624100
2025-05-01,267.3349609375,272.56594350820075,267.0074186963658,271.37482023012063,5208900
2025-05-02,273.0423583984375,274.27319381760145,270.2333346757163,272.4269558346166,4323400
2025-05-05,270.6105041503906,274.1242901602972,270.2928672733496,271.3450129234681,4219600
2025-05-06,271.3351135253906,272.7644493713569,266.5508399517086,267.82135733795377,4681600
2025-05-07,276.1690673828125,276.7249168504714,271.6825291618916,271.6825291618916,4267600
2025-05-08,277.6678466796875,280.953325791343,276.3179352717122,277.14177380870854,4789900
2025-05-09,273.3798522949219,280.38755324501017,271.8512512927506,279.533907904024,4324200
2025-05-12,286.6806030273437,286.82948585957183,281.1320140084806,282.8888920118165,5937400
2025-05-13,287.02801513671875,290.57154769304395,286.7897723147605,288.8444462643381,6711600
2025-05-14,288.5863647460937,293.85702906375394,287.1173470749179,291.3259300335637,7926200
2025-05-15,288.6062316894531,289.8072602439233,285.8170489297744,287.42504408187136,4635600
2025-05-16,288.9932861328125,290.0057498196927,287.5738861974417,288.93373300905694,3846000
2025-05-19,285.4993896484375,287.75256375027027,284.7847218266968,285.96590934167824,5781200
2025-05-20,285.9262390136719,286.30342907084844,283.0973438763716,285.9560155817898,4032300
2025-05-21,280.18902587890625,285.4994021190672,279.02767925853004,282.3032528727188,5689800
2025-05-22,281.32061767578125,284.2289068236345,278.94830674042794,280.4074191241686,6642700
2025-05-23,271.1068115234375,278.660426386394,269.63776362555006,276.9333250204136,8887800
2025-05-27,275.13677978515625,276.51646792090696,268.28789604297566,271.14656793677915,10958000
2025-05-28,273.9853210449219,276.7447271291104,271.55345717477724,275.6528692630961,12758600
2025-05-29,264.9428100585937,265.8063607085615,252.6147975718107,261.637459987625,28053100
2025-05-30,263.4042663574219,267.74189072720026,258.76887635484,266.09418354547665,12388500
2025-06-02,259.6820983886719,261.8360378847461,257.2204878691875,261.1610518244282,9213500
2025-06-03,262.5109558105469,262.78888051595675,259.4239771943492,260.05925097329805,7838500
2025-06-04,261.2206115722656,263.53333903477164,259.6820748455483,262.23304513366577,7372500
2025-06-05,265.16119384765625,266.7592533463778,261.6871198505871,261.75657830897234,8642900
2025-06-06,272.4765930175781,272.86368836393075,266.2232417220396,267.9702143188662,7507000
2025-06-09,270.2333068847656,272.16887436749,267.66249595654665,270.8288684403361,5728300
2025-06-10,266.2331848144531,271.72222060720446,264.86340219817333,270.05467233152547,6309700
2025-06-11,263.9402770996094,267.513616182142,263.4439808462443,266.51108805705826,6568100
2025-06-12,264.9328918457031,267.02724767078183,261.4488821613344,262.73927070331484,8054000
2025-06-13,256.48590087890625,263.73184444329814,256.08886992956747,261.5282878392201,7659300
2025-06-16,261.9253234863281,262.0245887983231,258.03434741337384,258.4611852258004,7177000
2025-06-17,260.8136291503906,268.4962858241233,260.1585144298484,261.8955513991357,9110100
2025-06-18,257.9862365722656,263.5336729341253,255.9680795575562,263.2553074955294,7628000
2025-06-20,259.109619140625,261.33654238673626,257.74761589315324,259.16926670332055,12859200
2025-06-23,261.8733825683594,263.1956105688436,257.2405633708664,259.11955248369054,9283800
2025-06-24,269.588134765625,271.78523416718275,263.89154997564634,264.15996400005474,9713900
2025-06-25,266.1980285644531,272.40161774158986,265.422579917311,270.4132847653739,6074300
2025-06-26,269.16064453125,269.4290889195517,263.6132084802752,267.2120865702784,6708000
2025-06-27,271.8250427246094,272.5706676680349,267.8582973946872,270.2741149298922,21741400
2025-06-30,271.0992736816406,274.7677506070595,268.82262383127994,272.85893751872624,8541900
2025-07-01,270.3238220214844,272.4016264069809,269.0612414636624,270.4928133396885,6256800
2025-07-02,267.6395568847656,270.1249731525477,264.1003265466084,269.9360790890319,6115200
2025-07-03,270.5624389648437,273.1274058289055,267.74896078589074,268.12674895498185,5031800
2025-07-07,268.22613525390625,272.4016470896432,266.6454140082569,269.9261819762093,6283500
2025-07-08,272.0536804199219,275.1852991005459,268.1565643896741,269.2103785445564,6661200
2025-07-09,269.3396301269531,273.9525474001687,267.7986536846053,272.75953533767733,6373600
2025-07-10,262.43017578125,269.90629818002583,261.67459940716924,269.31974348840583,7244600
2025-07-11,256.5645446777344,261.4160818391642,255.75927227523627,261.048214765082,7011200
2025-07-14,258.1651611328125,260.7003040263811,255.99788534613265,257.09147461358054,6533900
2025-07-15,256.077392578125,260.28272777660254,255.72945857632035,259.4774553423595,5201500
2025-07-16,256.4452819824219,257.4692723483783,253.0352827176153,257.4195458155407,5649500
2025-07-17,258.3640441894531,258.682184811671,255.1528748592832,256.485054582816,5837400
2025-07-18,260.8494567871094,261.445962859441,257.60846372110285,258.7815731149676,6381200
2025-07-21,260.7500305175781,262.7681876249286,260.11377963139154,262.08221020197885,6714700
2025-07-22,262.0523681640625,264.33896952782175,260.4716469246179,261.46581351593323,5001400
2025-07-23,265.6611633300781,266.9138227815191,260.96869641336804,262.3804261395597,5620700
2025-07-24,266.1383972167969,267.7290394230367,264.0904165536856,266.41676263684434,5877100
2025-07-25,267.5401306152344,269.5185425690273,265.4524052496499,266.44657174356774,4015400
2025-07-28,268.6734924316406,268.76296377449773,265.03483945768494,267.9278675682781,4533700
2025-07-29,265.8302307128906,272.40165759779114,265.7506803920527,270.0156637451381,5137100
2025-07-30,263.2652282714844,266.20795261454987,261.7938509301748,265.313208833026,3928200
2025-07-31,256.8230285644531,263.4939078828691,256.35576907773384,263.4541327262501,7340300
2025-08-01,249.2773284912109,254.4967029265144,248.67088628336552,253.5025363674089,7646900
2025-08-04,250.84811401367188,252.02122327444212,249.17790630250352,249.53580687134115,4403500
2025-08-05,246.0462951660156,251.8124492602968,245.5690842799046,251.53408382828783,6761000
2025-08-06,247.7164764404297,248.8001143347968,245.57902443449265,247.9153067156693,5834700
2025-08-07,239.474853515625,251.53408396014552,235.5876585004774,249.22762535517964,10010200
2025-08-08,239.10699462890625,241.53276347002296,236.4426355213045,239.88244333453827,8812000
2025-08-11,231.3226623535156,240.45905524804172,230.2191520613582,237.5262670003088,10740100
2025-08-12,230.3086395263672,232.30690894278337,225.1588486203516,231.64081913731133,13178000
2025-08-13,235.6472930908203,235.96543366420656,228.2705792054236,231.65073936387623,10209200
2025-08-14,232.00863647460932,235.61746580519488,231.511553213417,235.61746580519488,7544800
2025-08-15,241.02574157714844,243.0737222495095,233.2613032240729,234.7724254626479,12942800
2025-08-18,242.5468139648437,243.09360860027977,238.09295207668592,238.37131749658468,8809200
2025-08-19,244.56497192382807,247.05038830516784,242.02984418090608,243.57080537129224,8642200
2025-08-20,245.0123443603516,246.1258212170121,243.02401125104493,244.2667194443616,8195100
2025-08-21,244.39596557617188,244.85327369553588,238.61986032965456,243.6105655041241,5646800
2025-08-22,246.8415985107422,248.0743704563356,242.6859897397356,244.34624600732263,6694300
2025-08-25,246.424072265625,247.9153221775947,245.35037050863332,247.9153221775947,4957700
2025-08-26,242.31817626953125,247.37848070056089,241.4333685887229,245.26090095568475,8862300
2025-08-27,248.70071411132807,248.90948059706,244.1772531598752,244.3164358736224,6506900
2025-08-28,253.04519653320312,254.158658152282,248.82992513704096,251.00715218631447,8461200
2025-08-29,254.75518798828125,256.13709410757554,251.39490006897503,253.9101403211893,7363200
2025-09-02,251.3849639892578,253.50254367552807,247.2989387067492,253.3335371759813,9312500
2025-09-03,254.9540405273437,256.49498664461834,249.088448397557,253.57213436964287,17417900
2025-09-04,242.58657836914065,243.78952658900343,233.2513549188597,238.65962346641524,30967500
2025-09-05,249.2971954345703,249.66504736882345,242.93453566370152,243.40179514981912,13029400
2025-09-08,250.79840087890625,251.46449064985572,245.85739189088432,249.3369748306306,12602200
2025-09-09,250.58963012695312,253.8504953530182,249.7445976209848,249.8539565534957,10901900
2025-09-10,241.1549835205078,252.50836352249323,240.31987210261696,251.2755915587705,11363600
2025-09-11,244.8433380126953,245.72814564007425,242.0795562026904,242.27838647978425,6944900
2025-09-12,241.3438720703125,246.1456984436469,239.84268600452347,244.664399956878,8386400
2025-09-15,241.10528564453125,243.2825129037072,239.43507788511445,241.8310230076638,7244600
2025-09-16,237.9140014648437,241.26433797993545,235.85608453570973,241.1052828564127,8779800
2025-09-17,241.2163848876953,242.0031373722516,238.3979926165659,238.9855686034288,10124000
2025-09-18,243.2779083251953,246.2755551704246,241.9533624551096,243.1584054544548,9344400
2025-09-19,246.0763702392578,246.18591959908863,242.3517223973972,245.0107675538068,11813900
2025-09-22,248.6656951904297,249.45244767459488,242.1624845285308,244.2737827561779,7523800
2025-09-23,243.55674743652344,250.32885506809865,243.12851870500444,248.7155056015298,7669800
2025-09-24,244.8813018798828,247.81919726001365,242.0131114415805,244.66220315494616,6707100
2025-09-25,239.9615478515625,243.6563350060545,238.50754571897124,243.4969877269179,8145500
2025-09-26,242.431381225586,243.5268748256168,239.3640295378869,239.70263112473512,4974600
2025-09-29,244.09454345703125,244.81159104935892,241.8736805437026,243.7160974510268,6373500
2025-09-30,236.0277709960937,244.2040983570095,234.84265022088263,244.0447510670564,10801100
2025-10-01,234.72314453125,241.4753301008956,232.5520795212582,235.5198657752488,10016600
2025-10-02,237.90005493164065,238.417910810692,232.6417161257204,234.46419560147103,7679200
2025-10-03,239.3739776611328,241.8139240468424,237.5216072857734,237.7705817168905,8849800
2025-10-06,244.7717437744141,249.4425065768833,234.4442891386711,238.348206431253,13922600
2025-10-07,238.75653076171875,246.34526671281057,236.5755122696476,245.4688718347781,8387400
2025-10-08,239.4436798095703,240.3300433623641,234.6832899577788,238.7565231524968,7120200
2025-10-09,244.32359313964844,244.95101357545096,236.17714176570945,238.2884552972221,7929100
2025-10-10,240.6885528564453,248.02832936128195,239.73249955836667,245.5087093539508,7988300
2025-10-13,247.7295684814453,248.3271132175665,241.3757358923854,241.8936069839442,8276500
2025-10-14,238.78640747070312,247.26149184186423,238.5673087502845,247.09219104812144,9123900
2025-10-15,235.60948181152344,240.33004242266787,234.93226346740383,239.8818762966772,8389200
2025-10-16,244.9908447265625,255.68677675857293,241.6745034195256,252.15135192862007,24869700
2025-10-17,242.08282470703125,249.7512342735308,241.1666006088499,245.55851329376827,10851200
2025-10-20,253.23687744140625,254.352278053282,243.2978221989444,243.99494758136672,9963900
2025-10-21,262.32940673828125,266.03414725582263,252.95800609378367,253.4559549246769,13354700
2025-10-22,255.58721923828125,261.3235697481392,255.4577476649144,261.12440842882614,9370000
2025-10-23,254.00372314453125,257.4993187621963,253.07753033877435,256.54326543594993,6110100
2025-10-24,253.7846221923828,257.4395650643372,252.9580252469696,256.3640088808192,5490800
2025-10-27,254.4219970703125,257.0412129915265,253.874250273607,256.0253778447331,4942400
2025-10-28,253.21694946289065,257.77816285567604,253.09744659896745,254.42199239349145,6435600
2025-10-29,250.428451538086,252.52979637021275,248.0183656428028,250.9662296295384,7904200
2025-10-30,255.59713745117188,258.21635325290924,248.97442385510325,249.47237270281343,7767800
2025-10-31,259.3417358398437,260.7459553096397,251.59365258697176,253.754748873556,6878300
2025-11-03,260.2679138183594,260.4870125386175,254.05352159632864,258.9334144831098,7054300
2025-11-04,253.396224975586,258.1964594064631,252.42024943924005,257.09099710413506,6792200
2025-11-05,251.6434326171875,255.77640214276323,250.9761829576667,253.65515029867285,5241200
2025-11-06,238.2884521484375,249.5122085317898,233.51809355117896,249.5122085317898,11041800
2025-11-07,238.8959503173828,239.98147518682765,234.8227170869798,235.1812408745993,5741500
2025-11-10,240.71844482421875,240.917621329176,234.1156380713445,239.0154530350192,6486600
2025-11-11,243.4970092773437,244.69208358425132,240.17071431098933,240.907668948882,5762800
2025-11-12,245.01077270507807,247.4108747726069,242.68036038297123,244.73192254622668,4278200
2025-11-13,239.4436798095703,244.8912415146285,238.9258239401404,244.2439140797445,5542100
2025-11-14,242.6604461669922,244.1741997854893,236.4460388194676,237.3323871972668,5512900
2025-11-17,236.05763244628903,241.8338421903309,234.62353731577463,241.07696540308964,5280900
2025-11-18,232.5421142578125,236.81450872851548,229.3253689236556,235.27087944178848,8045100
2025-11-19,226.9451904296875,231.32713457279303,224.13675140259053,231.04828441075148,9710700
2025-11-20,224.44546508789065,230.1220942689338,222.38396470221585,228.3095531179468,7521100
2025-11-21,226.17832946777344,227.7418809700509,221.04946234106984,223.93755962084973,7479300
2025-11-24,225.88954162597656,227.90124419917868,224.11682959808087,226.4073975300238,8563300
2025-11-25,233.1595764160156,233.6674939941859,225.59076263214777,225.86961278651063,10233000
2025-11-26,227.21405029296875,231.86490584512583,225.07287635304297,229.5643694326447,8506600
2025-11-28,229.59425354003903,231.60597118812515,227.692100445126,228.06057773851555,3691500
2025-12-01,231.8748779296875,233.2890509292801,227.66223464809727,227.73193958947053,5634700
2025-12-02,233.74717712402344,235.6792060730336,230.6698414018832,232.0641074264753,7626200
2025-12-03,237.7407073974609,238.27848548550813,232.20351844827792,234.3944904157412,13782000
2025-12-04,246.44485473632807,247.94865481227384,236.62530267865807,242.6903161035208,20912100
2025-12-05,259.5010681152344,260.80569165642515,248.4764734039028,249.8010191538073,15852400
2025-12-08,258.46533203125,263.1958461641941,255.28841589794504,260.8056977333944,10805400
2025-12-09,259.94921875,261.1741839189824,257.93751624410464,258.93341399022086,8045900
2025-12-10,263.1161804199219,264.83906396309857,258.0868788774203,259.6803212512068,8894700
2025-12-11,261.2737731933594,266.8009933881776,259.7002377743795,262.41904949407825,7783800
2025-12-12,261.154296875,263.4050052865042,259.8397044554307,262.4389831832072,6006600
2025-12-15,253.53564453125,261.20405397079736,252.05175145108907,260.13843611139066,10271800
2025-12-16,253.86428833007807,254.8103881132037,251.0757717091347,252.9580177689377,6145300
2025-12-17,257.0810546875,260.8953296218916,255.1987933888909,255.2784518346646,6269000
2025-12-18,257.20672607421875,259.4211888717437,255.52093982359887,257.7753113533743,5654200
2025-12-19,259.2615966796875,261.3862877614952,254.86259481484151,260.029664773634,20732100
2025-12-22,263.9698181152344,263.9698181152344,257.76533426755947,259.9698123375785,5664200
2025-12-23,262.7727966308594,263.5807734355272,259.87005274535335,262.06457643793505,4745100
2025-12-24,264.5982666015625,265.63565019957264,261.8950053106858,262.57333205270294,2076600
2025-12-26,265.4161682128906,267.2416197622822,264.1393627842122,264.1393627842122,2456400
2025-12-29,265.5658264160156,268.4386158867702,264.0495989948868,264.0495989948868,4300100
2025-12-30,265.2566223144531,267.6107202065141,264.668067399992,265.9947664939221,3291800
2025-12-31,264.2491149902344,265.43614865310394,263.73042322787006,264.6281718494961,3367900
2026-01-02,252.98727416992188,264.7179455369111,251.85011880482824,264.3388886749725,9680600
2026-01-05,255.6206970214844,258.9423760046907,251.68053923202604,252.9872686328812,6421500
2026-01-06,262.2441101074219,262.892482396947,254.36382514228285,254.56332313746583,6103300
2026-01-07,265.4560852050781,267.16181061364534,262.84262639015986,262.84262639015986,5976200
2026-01-08,259.8800354003906,264.53839820162807,259.76033964386096,263.7403757556908,5243500
2026-01-09,259.29150390625,260.37878092036664,255.8700683790605,259.3513517828845,5174400
2026-01-12,258.7528686523437,260.9074837526564,255.13193476454603,258.35387262075534,4927700
2026-01-13,240.4586181640625,260.2591038794056,239.760367518588,257.0172117490315,13661000
2026-01-14,238.9723358154297,241.63567295926623,235.8700939340521,238.58329416292764,10149300
2026-01-15,232.9474029541016,238.2441534676664,231.09204255526936,236.42870180297643,11489600
2026-01-16,226.5434112548828,232.36883809010013,225.8750845835804,232.36883809010013,13902600
2026-01-20,219.5209808349609,227.3713420372765,218.812745432406,222.9823099415697,13050800
2026-01-21,221.0272216796875,222.83270380044328,218.4137627177735,219.60078121508732,12616600
2026-01-22,227.52096557617188,228.1493987453445,220.55838329222703,221.68556907928988,9483000
2026-01-23,227.4810791015625,230.27409689230103,226.084562595832,226.21424315112648,9408000
2026-01-26,228.82769775390625,230.3738339321196,227.02221569072847,228.8576216936821,7239600
2026-01-27,227.9598693847656,235.1518888025041,225.70551304056352,231.3613658778661,9838400
2026-01-28,227.39129638671875,231.2815606519545,227.10201134964737,228.8177215437313,8465900
2026-01-29,213.54592895507807,216.73794275889463,208.2591480064982,216.1294639384232,18555600
2026-01-30,211.7603759765625,215.0122527276515,210.50352488167195,213.62572108382403,11090400
2026-02-02,210.28407287597656,216.3489064366914,209.2765980837965,213.8152498764176,7950900
2026-02-03,195.8900909423828,205.04718206875432,192.6282444285455,204.488581549593,20194200
2026-02-04,198.94244384765625,200.1693710085236,186.81277669902488,192.8277319681121,23010000
2026-02-05,189.4960784912109,199.06215043466523,188.3190143508059,193.50605396236045,21956300
2026-02-06,190.8726348876953,194.11452693680988,186.65317673869703,191.1519351388844,13652600
2026-02-09,193.5459442138672,194.71302354057784,185.26664751883544,188.82774859992284,12112000
2026-02-10,192.96739196777344,198.60330589119863,190.2741307755149,191.421255750879,13393000
2026-02-11,184.53846740722656,193.1868359181489,181.3564232906729,192.66812893714803,16350200
2026-02-12,184.96739196777344,187.85019676410863,179.7903524842344,185.496083755528,16849100
2026-02-13,189.2467041015625,192.9673945570117,183.84022727724405,185.97488798072564,14822900
2026-02-17,183.83023071289065,192.5185078958792,182.7130297345921,190.4935735123524,13692900
2026-02-18,187.32150268554688,187.6706356085124,181.40630390682867,183.42126875733624,9852900
2026-02-19,184.82774353027344,186.48360592024,182.77288512329625,186.13448821053632,9565100
2026-02-20,184.6980743408203,191.2516758687925,183.2716339293737,184.857678832582,10816200
2026-02-23,177.71554565429688,182.01479100763024,174.13450532554185,180.81778770690727,15498600
2026-02-24,184.9574279785156,188.19932015231703,175.84023028933072,177.196838084735,15564700
2026-02-25,191.27163696289065,192.1195225370647,181.8053063998433,182.54346578466223,21875100
2026-02-26,198.9723663330078,200.5384416048325,190.85267449666225,196.2691205048801,26680500
2026-02-27,194.30404663085932,195.43123246694373,189.4462007919714,191.43124177696404,16346500
2026-03-02,192.4686279296875,195.4511739979618,190.2042868328992,192.0197536276892,9932700
2026-03-03,195.5609130859375,198.1743720475404,189.1070527100527,190.274132060556,13208900
2026-03-04,192.5983123779297,195.9798545118468,191.62076151056044,194.6132772121056,11583700
2026-03-05,200.88758850097656,203.91002829331285,193.75543180990664,193.87512757333457,15860900
2026-03-06,201.6057891845703,202.45367474586595,196.8776087615201,200.2890749323073,9657400
2026-03-09,198.2940673828125,203.16189800680183,195.38135379950296,198.0646454308295,10754800
2026-03-10,194.4237518310547,199.07212994665105,190.12450664106865,196.76788003492268,14467400
2026-03-11,193.6457061767578,199.0521830041587,190.8127795947944,195.91003221863537,9580000
2026-03-12,198.7828369140625,204.3489178090708,192.66812510973307,193.64569117387683,26309700
2026-03-13,192.34893798828125,200.49855400363384,191.2716304984915,199.2317180822067,14834700
2026-03-16,197.84518432617188,198.13446936744256,194.6631401965261,194.6631401965261,13419600
2026-03-17,194.82275390625,201.87512354558928,193.96489875615976,197.7254979255844,11559300
2026-03-18,193.85516357421875,195.66064561292413,192.1594077201115,192.9175062186935,10525100
2026-03-19,194.5035552978516,199.90004716370177,192.8177689803211,195.10204931886724,9254300
2026-03-20,194.892578125,195.1818479466855,189.5259950779512,192.72799358664892,20201100
2026-03-23,194.6930694580078,197.5559199060217,191.52101003524572,196.59830815872763,13976200
2026-03-24,182.5634155273437,191.66065855717017,181.83522573428624,191.66065855717017,18631400
2026-03-25,181.5060577392578,186.92250381404787,179.40132110218693,185.23671754568545,12565200
2026-03-26,185.1768798828125,187.0023163747792,179.08212200290018,180.7279996293881,10330700
2026-03-27,178.8626708984375,183.650699328796,178.37390304819075,183.5409731381997,9902000
2026-03-30,184.56838989257807,185.92499760247125,179.13198948025172,179.65069645716662,11617700
2026-03-31,186.2042999267578,188.02973632874367,181.85517650417123,184.43871140340727,11041400
2026-04-01,185.7753753662109,188.50852989411632,182.55342258633883,186.3838541517522,11677700
2026-04-02,186.7130279541016,187.11203919201645,181.1270076097946,184.83772840843,11635500
2026-04-06,184.56838989257807,187.6706317398701,183.14196473196435,187.0322290070217,14391000
2026-04-07,182.50357055664065,186.11453475668867,181.5659131692702,184.48859629898368,12344600
2026-04-08,175.92999267578125,186.30405620795747,175.34146824261524,186.0347255338544,13472100
2026-04-09,170.85000610351562,174.2899932861328,167.1199951171875,173.1699981689453,20855400
2026-04-10,164.9600067138672,171.25999450683594,163.52000427246094,171.25999450683594,18109300
2026-04-13,172.82000732421875,173.39999389648438,165.77000427246094,167.0500030517578,12390800
2026-04-14,171.30999755859375,177.5,170.5,175.2100067138672,13123600
2026-04-15,177.60000610351562,179.6199951171875,172.8800048828125,174.22000122070312,14340300
2026-04-16,181.22000122070312,184.5500030517578,178.57000732421875,184.0,11866700
2026-04-17,182.13999938964844,187.97999572753903,181.02999877929688,185.42999267578125,17225700
2026-04-20,186.2700042724609,189.0,182.1199951171875,182.5,14382300
2026-04-21,187.1100006103516,193.5599975585937,184.1000061035156,186.6000061035156,12073700
2026-04-22,189.8000030517578,191.1499938964844,187.02999877929688,188.1999969482422,14565900
2026-04-23,173.3000030517578,178.8699951171875,170.64999389648438,177.55999755859375,22719900
2026-04-24,178.16000366210938,178.4499969482422,174.39999389648438,175.6199951171875,10817600
2026-04-27,180.17999267578125,184.2899932861328,177.50999450683594,178.25999450683594,11907000
2026-04-28,181.32000732421875,184.4199981689453,181.32000732421875,182.42999267578125,8711700
2026-04-29,181.22000122070312,181.77999877929688,177.35000610351562,179.1999969482422,6882800
2026-04-30,176.52999877929688,178.69000244140625,173.0,178.3000030517578,14408300
2026-05-01,183.82000732421875,186.0399932861328,178.75,182.19000244140625,12324400
2026-05-04,185.47999572753903,190.3099975585937,183.97000122070312,184.2400054931641,8444700
2026-05-05,186.9900054931641,187.38999938964844,181.1000061035156,185.5500030517578,9740800
2026-05-06,181.19000244140625,187.1000061035156,179.5800018310547,185.5200042724609,11303400
2026-05-07,186.33999633789065,188.5800018310547,184.0,184.6000061035156,13955100
2026-05-08,181.82000732421875,181.8699951171875,176.8800048828125,179.67999267578125,15123900
2026-05-11,177.49000549316406,182.5,176.30999755859375,179.91000366210938,11145000
2026-05-12,171.30999755859375,177.5800018310547,170.5800018310547,177.5800018310547,10214000
2026-05-13,165.83999633789062,169.77999877929688,164.75,169.77999877929688,11951900
2026-05-14,167.5800018310547,169.35000610351562,164.3300018310547,166.0,9749400
2026-05-15,173.50999450683594,175.97000122070312,169.0,169.25,13883400
2026-05-18,179.47999572753906,180.77999877929688,171.8000030517578,172.88999938964844,13671200
2026-05-19,179.4199981689453,187.44000244140625,178.80999755859375,185.0,17510800
2026-05-20,180.10000610351562,180.3099975585937,173.33999633789062,176.0399932861328,13025300
2026-05-21,176.30999755859375,177.33999633789062,171.99000549316406,175.3800048828125,10949100
2026-05-22,180.07000732421875,183.3500061035156,177.67999267578125,179.83999633789062,10176700
2026-05-26,179.0800018310547,182.3600006103516,177.67999267578125,178.42999267578125,13617200
2026-05-27,177.50999450683594,183.9199981689453,176.88999938964844,178.0,18524900
2026-05-28,176.1699981689453,182.47999572753903,171.64999389648438,178.42999267578125,22559400
2026-05-29,191.1000061035156,194.13999938964844,180.02000427246094,180.2400054931641,33998900
2026-06-01,209.6000061035156,211.33999633789065,198.2100067138672,198.75,27594800
2026-06-02,200.83999633789065,204.38999938964844,195.75999450683597,201.0200042724609,19216600
2026-06-03,190.6100006103516,197.67999267578125,189.72999572753903,197.2700042724609,14154400
2026-06-04,188.75,198.08999633789065,186.1100006103516,197.80999755859372,14453600
2026-06-05,185.66000366210935,192.50999450683597,184.8300018310547,189.8000030517578,13183900
2026-06-08,182.5500030517578,185.0200042724609,181.7100067138672,183.91000366210935,11154600
2026-06-09,175.35000610351562,182.4600067138672,171.55999755859375,179.5,15417900
2026-06-10,,,,,10726391
