date,Close,High,Low,Open,Volume
2019-04-02,111.49947357177734,111.77076267954062,110.87269873936926,111.37785702929526,18142300
2019-04-03,112.2291488647461,112.65946732105716,111.46205820138788,112.1262458494194,22860700
2019-04-04,111.6584930419922,112.47236029340806,110.74172278854256,112.35074376166614,20112800
2019-04-05,112.15431213378906,112.47237795468952,111.66786734179728,111.68657373732248,15826200
2019-04-08,112.19173431396484,112.2759238012004,110.98496837040328,112.07947452719574,15116200
2019-04-09,111.58365631103516,111.82688224418555,110.92882549538471,110.9755950467194,17612000
2019-04-10,112.43495178222656,112.58462434948032,111.82689047316552,112.03269649812044,16477200
2019-04-11,112.56590270996094,113.05234740905686,112.18235387228594,112.7623519425066,14209100
2019-04-12,113.14591217041016,113.17398246861612,112.60334106949092,112.85591665637388,19745100
2019-04-15,113.23946380615234,113.7352653433058,112.7904318243764,113.13656079235206,15792600
2019-04-16,112.97753143310548,113.80075559533736,112.35076368204014,113.79139882882426,14071800
2019-04-17,113.91300201416016,113.98784186792793,112.76236959524611,113.41720047291092,19300900
2019-04-18,115.40975952148438,115.55007531249971,113.47332309714598,114.30589676373316,27991000
2019-04-22,115.7746353149414,115.9991477961524,114.6614154030183,114.70819210778534,15648700
2019-04-23,117.34619140625,117.4771575642116,115.84007345257136,116.09264900374863,24025500
2019-04-24,116.94395446777344,117.72975153850965,116.48556570605588,117.67362521549175,31257000
2019-04-25,120.81683349609376,122.89359331427688,120.5174883167198,121.66812088379604,38033900
2019-04-26,121.5090789794922,122.09843392154195,120.69521874465616,121.33133610654112,23654900
2019-04-29,121.39680480957033,121.7803393748275,121.00390634261194,121.51840706352192,16324200
2019-04-30,122.17326354980467,122.2668026558876,121.04133045454007,121.43422895826848,24166500
2019-05-01,119.62876892089844,122.22003647987704,119.46038281379764,122.10778383322416,26821700
2019-05-02,118.06652069091795,119.74102494306064,117.42103944445547,119.72231854824663,27350200
2019-05-03,120.58293914794922,121.07874064972248,119.03940832533304,119.1423113317902,24911100
2019-05-06,119.8813247680664,120.26487361328238,117.97295871806791,118.23489103327869,24239800
2019-05-07,117.4210433959961,118.9739382913038,116.20492785276528,118.30039386139306,36017700
2019-05-08,117.41171264648438,118.21622338522852,116.70074817424296,117.3462295462202,28419000
2019-05-09,117.40234375,117.67363289081716,115.5968731582402,116.27041762687296,27235800
2019-05-10,118.9271469116211,119.67553110513674,115.83072140676327,116.85039469200036,30915100
2019-05-13,115.39105987548828,117.44911308249895,115.10106435633593,116.1020242297008,33944900
2019-05-14,116.6820068359375,117.75779928426198,115.71845988183324,115.87749633810007,25266300
2019-05-15,118.32513427734376,118.97300472414544,116.14679526190169,116.67260617151788,24722700
2019-05-16,121.05745697021484,121.47999118632816,118.7382825353844,119.01057583676588,30112200
2019-05-17,120.25000762939452,122.49407281564774,120.1091580859066,120.47534397564394,25770500
2019-05-20,118.51294708251952,119.79928963723596,118.08103576395764,118.79462463973464,23706900
2019-05-21,119.1514129638672,119.7429422152896,118.85095263819464,119.64904970668051,15293300
2019-05-22,119.87442016601562,120.409622629093,118.7946381649041,118.88853785820665,15396500
2019-05-23,118.47540283203124,118.5786867644425,117.12332747213196,118.49417847267834,23603800
2019-05-24,118.53174591064452,119.63969504494756,118.27823534319974,119.16084095493612,14123400
2019-05-28,118.45661926269533,120.18426462822669,118.3533353371972,119.22654942142827,23128400
2019-05-29,117.31111907958984,117.7336390455667,116.4660719840953,117.72424764352208,22763100
2019-05-30,118.0528793334961,118.08104637539486,117.16088241330488,117.61157657430708,16829600
2019-05-31,116.1280517578125,117.01065728739484,115.79003292365503,116.64447141098104,26646800
2019-06-03,112.52251434326172,116.77591660188548,111.74319994644044,116.28766401514834,37983600
2019-06-04,115.63981628417967,115.75248446292244,113.2830756437449,113.8746050727685,29382600
2019-06-05,118.14674377441406,118.18430220919734,116.62565940161674,117.32047253625991,24926100
2019-06-06,120.0152587890625,120.15610116107074,117.9308117412543,118.71952472637606,21459000
2019-06-07,123.37663269042967,124.17473691941989,120.4283635173731,121.3015846183806,33885600
2019-06-10,124.50335693359376,125.89298308626634,123.93998762266008,124.31555761189804,26477100
2019-06-11,124.033935546875,126.04326585801827,123.26399814414384,125.70524700534548,23913700
2019-06-12,123.461181640625,123.91186866799384,122.72880984849482,123.376666182239,17092500
2019-06-13,124.240478515625,124.87895048320266,123.52687534353302,123.92122820475676,17200800
2019-06-14,124.3625717163086,125.6207475903,123.60203278243443,124.18417086474123,17821700
2019-06-17,124.73812103271484,125.56437806836328,124.43765350914808,124.5315531920327,14517800
2019-06-18,126.9070816040039,126.98219849233656,125.41417105698147,125.9963090327076,25934500
2019-06-19,127.4047393798828,127.63007575481188,125.63952803182448,126.756868647794,23744400
2019-06-20,128.58775329589844,129.25440660145264,127.43286179759797,129.0572230153629,33042600
2019-06-21,128.60650634765625,129.32009499843014,128.12765250231692,128.24032062426136,36727900
2019-06-24,129.36708068847656,129.9492185826722,128.6347090386564,128.6347090386564,20628800
2019-06-25,125.28270721435548,129.18869949059797,124.6254523426516,128.86946345678206,33327400
2019-06-26,125.75215911865234,127.45165163165,125.44232169453612,126.14652631259584,23657700
2019-06-27,125.9587173461914,126.48453545565324,125.35779669102784,125.94933310974832,16557500
2019-06-28,125.7803192138672,126.38123981324132,125.0291648828802,126.35307277944857,30043000
2019-07-01,127.39533996582033,128.35306253415257,126.72870075830912,128.28734420092982,22613500
2019-07-02,128.2403564453125,128.24974068240397,127.07606632739169,127.80843797875298,15237800
2019-07-03,129.0666046142578,129.32950647643514,127.9680330072805,128.4469012275211,13629300
2019-07-05,128.6910858154297,128.94460357127926,127.43290993053576,127.6394778312896,18141100
2019-07-08,128.59716796875,128.7286189335835,127.10424318525716,128.0713497823353,16779700
2019-07-09,128.127685546875,128.60653951571237,127.50798206220604,127.69576708956896,19953100
2019-07-10,129.43284606933594,130.1182680530164,128.65352438286828,128.75680832510093,24204400
2019-07-11,129.94918823242188,130.71912530486543,129.45155156933563,129.76140324528905,22327900
2019-07-12,130.41868591308594,130.63465230545916,129.58303036260477,130.37175040151538,18936800
2019-07-15,130.41868591308594,131.01960659739734,130.0055645833737,130.925721247177,16651500
2019-07-16,128.7098388671875,130.5595509790779,128.18403499667505,130.47504985569148,22726100
2019-07-17,127.94931030273438,129.50793923541357,127.90236045474984,129.29198712718318,20211000
2019-07-18,128.09014892578125,128.2779339956309,126.44700449220257,127.27327599203996,30381800
2019-07-19,128.27783203125,132.08053756314382,128.11821413239937,131.65801791006032,48992400
2019-07-22,129.97740173339844,130.69100499753577,128.94457677137632,129.01969365850033,25074900
2019-07-23,130.78488159179688,131.4421507282906,129.60182293485272,131.2261843196345,18034600
2019-07-24,132.1275634765625,132.14634627756064,130.3717512508396,130.41868676271594,20738300
2019-07-25,131.6299591064453,132.0243120620076,130.81308615042934,131.8552954655764,18356900
2019-07-26,132.70970153808594,133.02893752007677,131.73321079109064,131.7989291040514,19037600
2019-07-29,132.41868591308594,132.8693730295489,130.86004232342364,132.85998878879855,16605900
2019-07-30,131.78018188476562,132.59705477251788,131.26376222644112,131.5829982599211,16846500
2019-07-31,127.94931030273438,131.9116367776502,126.83196982528,131.7614029949325,38598800
2019-08-01,129.6300048828125,132.33415564062386,128.56899850104418,128.63473115308523,40557500
2019-08-02,128.5408477783203,129.8741548491416,127.00098714062928,129.6581883882278,30791600
2019-08-05,124.13719940185548,125.75216218439742,122.79450844727305,125.16064003322052,42749600
2019-08-06,126.46574401855467,127.3952848106844,125.0761177847224,125.63008856567936,32696700
2019-08-07,127.0197296142578,127.3671326314653,123.78039132707562,125.62070465437274,33414500
2019-08-08,130.40928649902344,130.50318616539488,127.63001970311252,128.25912167906165,27496500
2019-08-09,129.3013153076172,130.86934195258428,128.1276413823058,130.14635480301166,23466700
2019-08-12,127.4985580444336,129.44216922366957,126.9821529040504,128.7004134991923,20484300
2019-08-13,130.136962890625,130.3247478421797,126.7567764543464,127.74266535885045,25154600
2019-08-14,126.2180404663086,128.98771772376344,125.92600220953322,128.46016288897036,32527300
2019-08-15,125.9354019165039,126.78327011599424,124.58825415895625,126.6042752391644,28074400
2019-08-16,128.2434844970703,128.5543680876593,126.91516762131468,127.06590167277426,24449100
2019-08-19,130.39137268066406,130.52326136000605,128.95942818010255,129.86381796329613,24355700
2019-08-20,129.30796813964844,130.67397527772653,129.2891371703459,130.2029422990198,21170800
2019-08-21,130.74940490722656,131.40886296562158,130.00517868747582,130.5233181441601,14970300
2019-08-22,129.79786682128906,131.13559896566568,128.3941831496518,130.62688959377687,18697000
2019-08-23,125.66218566894533,130.3348394469583,125.1063701678189,129.24203941523453,38508600
2019-08-26,127.60286712646484,127.70649498606446,126.14266160475748,127.16952471344084,20312600
2019-08-27,127.87602996826172,128.79925052190953,126.85859707504822,128.48836705108445,23102100
2019-08-28,127.70653533935548,127.89494576867416,125.81298680629207,127.06593700471308,17393300
2019-08-29,130.11822509765625,130.41969328848745,128.97833264121277,129.298631812875,20168700
2019-08-30,129.87326049804688,131.116780537289,128.37537853324508,131.08851969831468,23940100
2019-09-03,128.15863037109375,129.25143019392752,127.83833143588576,128.6956147990459,18869300
2019-09-04,129.6565399169922,129.71306157342428,128.57315546116385,129.34565643183026,17995900
2019-09-05,131.93637084960938,132.24725441272497,130.72109743244937,131.05082634402962,26101800
2019-09-06,131.04141235351562,132.05883118559822,130.19354416039448,131.91752700747264,20824500
2019-09-09,129.5529327392578,131.6537360953013,128.55434498368882,131.50300207093187,25773900
2019-09-10,128.19635009765625,128.95942129990866,126.7172994959278,128.87463880516663,28903400
2019-09-11,128.2340545654297,128.37537312914318,127.26372746871644,128.03622870093727,24726100
2019-09-12,129.5529327392578,130.40078647045735,128.94058115580236,129.86381627397438,27010000
2019-09-13,129.36448669433594,130.06160620877586,128.65793732173304,129.79782892632014,23363100
2019-09-16,128.4319305419922,128.78049055485266,127.80074769785284,127.96089728145886,16731400
2019-09-17,129.4304962158203,129.55296944216616,128.52610618817388,129.0254145822023,17814200
2019-09-18,130.49501037597656,130.6363145520836,128.6202935158189,129.4022101647855,23982100
2019-09-19,132.89723205566406,134.12190612117703,131.95516623617183,132.17183734971562,35772100
2019-09-20,131.36170959472656,133.4436677892611,130.24064854776688,132.84074601292843,39167300
2019-09-23,131.07904052734375,131.54065796430524,130.419597313673,131.1638230030763,17139300
2019-09-24,129.4210205078125,132.53925639866858,128.94998754847387,132.2283729205309,29773200
2019-09-25,131.28631591796875,131.85156125747696,128.14923447074904,129.53407261523665,21382000
2019-09-26,131.4559326171875,132.05885450831985,130.41966825341197,131.3617346067307,17456600
2019-09-27,129.75076293945312,132.22840143988893,128.7333298028649,132.03056122939054,22477700
2019-09-30,130.97544860839844,131.1544434671942,129.79786598451886,130.05222785621746,17280900
2019-10-01,129.12896728515625,132.12472965661885,129.06301577865796,131.56891427949088,21466600
2019-10-02,126.8491439819336,128.46949817713545,125.84114113217808,128.35645489018998,30521700
2019-10-03,128.38478088378906,128.82755314879915,125.50206060506926,127.13183110990826,24132900
2019-10-04,130.11822509765625,130.24069834703073,128.5167148645504,128.82759854579714,22897700
2019-10-07,129.17611694335938,130.17470484785542,129.08191894517083,129.19496229291303,15303700
2019-10-08,127.81011962890624,129.77903453695495,127.7630134439484,129.13843642085448,25550500
2019-10-09,130.23121643066406,130.66455876545945,129.03478851759584,129.49640605880475,19749900
2019-10-10,131.04141235351562,131.57838260518204,130.24065034469942,130.46675140448957,17654600
2019-10-11,131.5877685546875,132.85956337149543,131.41820357899897,132.002279883863,25446000
2019-10-14,131.46534729003906,132.16246711107746,131.43708645268833,131.59723598927255,13304300
2019-10-15,133.36834716796875,133.57558855119083,131.71030110385206,131.9458177038875,19695700
2019-10-16,132.27549743652344,132.82189747010992,131.4464747131802,132.63347276041398,20751600
2019-10-17,131.59718322753906,133.22695315209262,130.9660008217846,132.78418104473312,21460600
2019-10-18,129.44932556152344,131.88927367455307,128.6485635071548,131.66317260190084,32273500
2019-10-21,130.41021728515625,130.4761688191154,129.07248500490974,130.4290626341145,20078200
2019-10-22,128.46958923339844,131.8987103241201,128.365961355322,130.91896760168206,27431000
2019-10-23,129.28921508789062,129.48704100828937,127.75364205194556,128.95007056384122,29844600
2019-10-24,131.832763671875,132.28495148242374,130.63633541553193,131.31462431875073,37029300
2019-10-25,132.57696533203125,132.9632159036771,131.13560527178078,131.26749395785637,25959700
2019-10-28,135.83653259277344,137.23078659427898,135.19592007870443,136.03435845204905,35280100
2019-10-29,134.5552520751953,136.12850014427636,134.38567276621865,135.73283425637416,20589500
2019-10-30,136.232177734375,136.5995829341719,134.51761055213072,135.20532914709477,18496600
2019-10-31,135.06402587890625,136.53364684424642,134.70605049939348,136.5053860083583,24605100
2019-11-01,135.3937530517578,136.05319650529455,134.68720341408505,135.90246246597496,33128400
2019-11-04,136.17568969726562,136.59961666713642,135.80828440673878,136.43946711739818,16912000
2019-11-05,136.09088134765625,136.61843608778935,135.57274209402962,136.5713299056799,18250200
2019-11-06,135.7140655517578,136.1474223640445,134.90388797862315,136.00610379763356,16575800
2019-11-07,135.90243530273438,136.4865259946565,135.4408321649153,135.5067693096953,17786700
2019-11-08,137.5040283203125,137.53228916443604,135.43147058596213,135.63872635939717,16732700
2019-11-11,137.645263671875,137.9373018315631,136.345207993484,136.91986882779443,14362600
2019-11-12,138.5496826171875,139.02071571611077,137.5981865574973,137.80544227100668,18641600
2019-11-13,138.7758026123047,138.9171212007731,137.80547534561825,138.2388322255447,16919200
2019-11-14,139.48231506347656,139.81204397344354,138.48372722157296,138.5025725699454,19729800
2019-11-15,141.28164672851562,141.30049207446405,139.68013731779254,140.30188998621853,23485700
2019-11-18,141.63021850585938,141.8280587180266,140.3490079943247,141.37587100065798,21534000
2019-11-19,141.6773223876953,142.56286683531036,141.49832752597038,142.1389399587339,23935700
2019-11-20,141.43157958984375,142.58481248234878,140.3350751282643,142.08381952029222,25696800
2019-11-21,141.29920959472656,141.60170346192638,140.37284736790474,141.2235861279266,18576100
2019-11-22,141.40318298339844,142.0743322028531,140.67533419630763,141.85692376149487,15901800
2019-11-25,142.9534454345703,143.0668878548469,141.71514172629512,141.79076519857867,22420900
2019-11-26,143.70970153808594,144.07835704250238,143.03856649287692,143.0763710265862,24620100
2019-11-27,143.98382568359375,144.15396770570413,143.22760526334744,143.99327321025382,15184400
2019-11-29,143.09524536132812,143.9648936601184,143.00071241471292,143.77584219059054,11977300
2019-12-02,141.3653564453125,143.52057432263098,140.20267653289824,143.501664853897,27418400
2019-12-03,141.13853454589844,141.25196254984613,138.62410801789912,139.41814731664337,24066000
2019-12-04,141.64898681640625,141.96091382154867,141.0345514843031,141.92310929549308,17574700
2019-12-05,141.72457885742188,142.09324866665452,141.29920947776307,141.83802126937863,17869100
2019-12-06,143.4450225830078,143.55845060471992,142.04602409497093,142.72662107265498,16403500
2019-12-09,143.07632446289062,143.87981117385542,142.6509550844922,142.80220201751874,16687400
2019-12-10,142.85891723632812,143.57731853881157,142.50915689774277,143.0101497469499,16476100
2019-12-11,143.3977508544922,143.55844535394203,142.1027329082931,143.24650388193757,18856600
2019-12-12,144.85348510742188,145.04253662089903,142.75498013330187,143.3504916795696,24612100
2019-12-13,146.07286071777344,146.413159167457,144.4659014257082,144.62659591254433,23845400
2019-12-16,147.01812744140625,147.36787340500365,146.346992515384,146.62111500128668,24144200
2019-12-17,146.22406005859375,147.1882410893158,145.99718969145346,146.94246125232232,25425600
2019-12-18,145.92160034179688,146.97085259654958,145.7419963954613,145.85543881739588,24129200
2019-12-19,147.18824768066406,147.24496166906405,145.33550899196453,145.57182689276445,24958900
2019-12-20,148.79527282714844,149.81616834437716,147.73655835166696,148.7385588134757,53477500
2019-12-23,148.79527282714844,149.46640788721783,148.66293532067655,149.46640788721783,17718200
2019-12-24,148.766845703125,149.0787870550065,148.52106586144282,148.8613642067954,8989200
2019-12-26,149.98629760742188,150.0430116162629,148.78579820003418,148.9370451727471,14520600
2019-12-27,150.26040649414062,150.81811337522475,149.5609001937233,150.7235804290026,18412800
2019-12-30,148.96539306640625,150.3171393638337,148.15245866742518,150.28878236114747,16348400
2019-12-31,149.0693359375,149.13551187620644,147.88774637803394,148.19024022863357,18369400
2020-01-02,151.8295135498047,151.9334939984884,149.66484802100678,150.09021733882216,22622100
2020-01-03,149.93899536132812,151.19620847768044,149.4096455068012,149.6554253847614,21116200
2020-01-06,150.3265838623047,150.3927598163758,147.9444947187136,148.4833066063073,20813700
2020-01-07,148.9559326171875,150.93154722601824,148.71016714066076,150.60071074881336,21634100
2020-01-08,151.32850646972656,151.99965556118025,149.30562609687607,150.23198810067169,27746500
2020-01-09,153.2190704345703,153.34196035835663,152.21708484471264,152.98275253418123,21385000
2020-01-10,152.51010131835938,154.28721636524628,152.35885441570974,153.90911353232073,20725900
2020-01-13,154.34400939941406,154.37236640522238,152.43455594065338,152.90719193573332,21626500
2020-01-14,153.2569122314453,154.6464628468558,152.86934735532083,154.44794943449625,23477400
2020-01-15,154.2494659423828,154.96788183722586,153.67286391435027,153.7201159716805,21417900
2020-01-16,157.07582092285156,157.141996875451,155.0529397493098,155.35543366341506,23865400
2020-01-17,157.9549102783203,158.30465619935018,156.37629381209493,158.25738972858082,34371700
2020-01-21,157.3877410888672,158.98525260050442,157.32156514521276,157.55788307477562,29517200
2020-01-22,156.6315155029297,158.3235598983311,156.6126060305712,158.23847448456866,24138800
2020-01-23,157.59573364257812,157.6713571260564,156.22509226083278,157.0947406852761,19680800
2020-01-24,156.00765991210938,158.36139201317255,155.44995298181732,158.3424825375192,24918100
2020-01-27,153.398681640625,154.43848622125867,151.4325148850545,152.3305200644923,32078100
2020-01-28,156.40467834472656,156.6882483457103,154.14547932010373,154.81661422070258,24899900
2020-01-29,158.84349060058594,159.5146400250475,156.62211019371946,158.65443909714912,34754500
2020-01-30,163.32403564453125,164.52453468683692,161.44293985569806,164.52453468683692,51597500
2020-01-31,160.91360473632812,162.9648426873359,160.29918387299614,162.7852531721158,36142700
2020-02-03,164.83651733398438,164.94994534557068,161.07432481438784,161.1026818172844,30107000
2020-02-04,170.2623748779297,170.75392031861364,166.66089114380435,167.44546857406942,36433300
2020-02-05,170.05438232421875,174.1190537403817,168.64593664566272,173.95835927347207,39186300
2020-02-06,173.5802764892578,173.75988045068,170.20564902136644,171.0658498767549,27751400
2020-02-07,173.8260498046875,175.47082810975607,172.49321295870286,172.84297337121157,33529100
2020-02-10,178.372802734375,178.5051402220091,173.22107381930567,173.53301527380845,35844300
2020-02-11,174.3459014892578,180.2632966918459,173.4573438505691,180.21603022567515,53159900
2020-02-12,174.6011505126953,175.67875972595644,171.89767274276622,175.42353231595447,47062900
2020-02-13,173.65589904785156,176.03797374039397,172.86185972663358,173.06037316286404,35295800
2020-02-14,175.20608520507812,175.26279918952332,172.653840515452,173.22100920730202,23149500
2020-02-18,176.9832000732422,177.42747888527302,175.34788422129685,175.45186467568067,27792200
2020-02-19,177.51405334472656,178.36711595467847,176.7462941031497,178.25337813017842,29997500
2020-02-20,174.8031463623047,177.48557358923838,171.65628016179997,177.20121463746398,36862400
2020-02-21,169.27720642089844,173.9311720431706,168.0070858019182,173.61837855406034,48572600
2020-02-24,161.97869873046875,165.4478463263177,154.71813679067944,159.02140017038658,68311100
2020-02-25,159.3057403564453,165.72269796356616,158.90762916974325,165.11607231858156,68073300
2020-02-26,161.29624938964844,164.2251136153781,159.43846438675976,160.86024482213514,56206100
2020-02-27,149.93148803710938,158.31999888346724,149.74192019388477,154.80346983288783,93174900
2020-02-28,153.56175231933594,155.17311496563838,144.07374325016832,144.46236668665765,97012700
2020-03-02,163.77964782714844,163.90287344639816,153.8461442900306,156.68970562212584,71030800
2020-03-03,155.931396484375,165.8743863348176,153.79872580292735,164.7369648639986,71677000
2020-03-04,161.6564483642578,161.7986206313238,156.98352219099715,159.70387209335476,49814400
2020-03-05,157.599609375,161.95972690449452,157.0498525958926,157.39108044281798,47817300
2020-03-06,153.144775390625,154.60446416463503,147.8652217487174,154.13053717185068,72821100
2020-03-09,142.76571655273438,149.5239179145605,142.17805189974058,143.12590557907217,70419300
2020-03-10,152.528564453125,152.6328289036396,144.62347072060302,149.91249432625224,65354400
2020-03-11,145.61874389648438,149.4765002813039,143.26805670517658,148.93623128461837,56371600
2020-03-12,131.80848693847656,145.46705743198055,131.35352137185342,137.72309715695567,93226400
2020-03-13,150.54763793945312,153.46702971159257,133.3914764198404,139.80845142650895,92727400
2020-03-16,128.35833740234375,141.5619460470006,127.96024061156848,132.6995087823673,87905900
2020-03-17,138.9269256591797,139.8084226699975,127.96025125728583,132.69951982237052,81059800
2020-03-18,133.07861328125,138.38659817455317,127.97917175876373,130.80377087731736,81593200
2020-03-19,135.26824951171875,142.32027106056546,131.75170483894232,135.32511843712092,85922700
2020-03-20,130.18772888183594,139.4293036921148,128.7754214733434,138.38665869750938,84866200
2020-03-23,128.88914489746094,133.23980446764403,125.60957912301352,129.865433072782,78975200
2020-03-24,140.60462951660156,141.79893456349842,133.90331065731874,136.25398403659477,82516700
2020-03-25,139.2586669921875,146.28226653788022,136.90799381312664,141.14490110421414,75638200
2020-03-26,147.96942138671875,148.49074374282242,140.63302954842695,140.66146399847827,64568100
2020-03-27,141.8936767578125,146.81303910788503,141.4197499720729,143.83677947196435,57042300
2020-03-30,151.8745880126953,152.22530370208108,142.18752244275748,144.49081435919743,63420300
2020-03-31,149.4860382080078,156.18735745872982,148.39599759418255,151.08789907794045,77927200
2020-04-01,144.17807006835938,149.5239659589869,142.95534479290427,145.02165953549925,57969900
2020-04-02,147.16372680664062,147.37225573029235,142.5192505175172,143.9410307443627,49630700
2020-04-03,145.80833435058594,149.17321783075897,144.25385488302902,147.01211258227983,41243300
2020-04-06,156.65179443359375,157.81765050477165,149.36279672981783,151.95992123012604,67111700
2020-04-07,154.96461486816406,161.13513757689245,154.74659809212773,160.74651406806288,62769000
2020-04-08,156.51907348632812,157.97876170284414,154.97406745173703,157.03090807928612,48318200
2020-04-09,156.528564453125,158.64227422215973,154.81295151526945,157.6849471612122,51385100
2020-04-13,156.8792724609375,156.9361558362128,153.83666995479288,155.7797730783277,41905300
2020-04-14,164.6421661376953,164.6895617099437,159.2394035526362,160.1872571452114,52874300
2020-04-15,162.9170684814453,164.51894325255736,160.41473575433392,162.27252056372882,40940800
2020-04-16,167.80801391601562,168.0355040124014,163.883900147735,165.21090401533556,50479600
2020-04-17,169.2866668701172,170.6136561885665,166.69901600449276,170.13972936582047,52765600
2020-04-20,165.93124389648438,169.42882588907332,165.86490166729666,167.4193809458809,36669600
2020-04-21,159.06878662109375,164.613721103294,157.447950718237,164.4525877384879,56203700
2020-04-22,164.47157287597656,164.92653858793065,161.91237085947336,162.45263993058774,34620200
2020-04-23,162.48109436035156,165.9312815649868,161.997694135911,165.0308233603539,32790800
2020-04-24,165.44784545898438,165.4573187880793,161.80809117902592,163.087684835539,34277600
2020-04-27,164.97390747070312,167.67528131538185,164.26301733319343,167.3814490393067,33194400
2020-04-28,160.95501708984375,166.5094397501478,160.55692031443468,166.43360972677016,34392700
2020-04-29,168.17764282226562,168.41460620185836,162.91706736578456,164.18718760925833,51286600
2020-04-30,169.86483764648438,170.9927711993211,167.040223710804,170.61363557217732,53875900
2020-05-01,165.46678161621094,169.324537588114,164.93597154192332,166.6326372953001,39370500
2020-05-04,169.51412963867188,169.66578968159777,164.7369539912882,165.3909752711956,30372900
2020-05-05,171.3340301513672,174.073326774574,170.5188753882451,171.20133121146824,36839200
2020-05-06,173.02117919921875,174.59461955013938,172.15864346792125,172.58517466921734,32139300
2020-05-07,174.0259552001953,174.92641337480944,173.05914032044407,174.5662243197236,28316000
2020-05-08,175.04962158203125,175.35294172080944,173.79846216732196,175.33398059636073,30877800
2020-05-11,177.002197265625,177.7320341687052,173.3150471152791,173.59939164214202,30892700
2020-05-12,172.9927520751953,177.28652764537918,172.79371092227436,177.05905204204092,32038200
2020-05-13,170.37673950195312,174.45251418794447,167.33412210174134,173.03073332979187,44711500
2020-05-14,171.1160125732422,171.26767262333027,166.51891673874837,168.28192504750183,41873900
2020-05-15,173.60890197753906,177.30552593773953,167.7701192161601,169.72269569068143,46610400
2020-05-18,175.26763916015625,176.49036412535662,174.36718099656215,176.06383283345417,35264500
2020-05-19,174.05433654785156,176.86946249824126,173.92163764116737,175.38132561469354,26799100
2020-05-20,176.46861267089844,176.64920874209136,174.83376282051205,175.66068745873378,31261300
2020-05-21,174.34901428222656,177.42861841763434,174.21594577347696,176.22148762180447,29119500
2020-05-22,174.42503356933594,175.32801387592917,173.50305383772445,174.12088323188706,20826900
2020-05-26,172.5811309814453,177.2670574968158,172.1343978264107,177.11497503906327,36073600
2020-05-27,172.80923461914062,172.980331004467,167.85717121330865,171.27893938264498,39517100
2020-05-28,172.4195098876953,175.03336693369795,171.45001698942932,171.792195219223,33810200
2020-05-29,174.17794799804688,175.14745550760475,171.47854971997998,173.68368727702386,42130400
2020-06-01,173.77871704101562,173.94029918509904,172.47654567180405,173.50306582205417,22622400
2020-06-02,175.75579833984375,175.84133929436416,172.37204299612597,175.12846899992755,30794600
2020-06-03,176.18348693847656,176.73477494392236,174.49160956121008,175.67022679734052,27311000
2020-06-04,173.86427307128906,176.63971241141127,173.2749717295189,175.1759587709763,28761800
2020-06-05,177.93238830566406,178.43614872306114,172.99932449815253,173.5791261393768,39893600
2020-06-08,179.03492736816406,179.2155234245811,175.30899518943008,176.7347352095089,33211600
2020-06-09,180.4036407470703,181.25907896079704,177.98937951595948,178.6927498162393,29783900
2020-06-10,187.0951232910156,188.69195979526327,181.55374485339544,181.66781392729945,43872300
2020-06-11,177.0484161376953,186.0685895505903,176.85832035143625,183.56880167969496,52854700
2020-06-12,178.44564819335938,182.2286081199977,176.01237274212463,181.1070182904642,43373600
2020-06-15,179.5862274169922,181.3731596709733,174.9002873584284,175.44207556438678,32770200
2020-06-16,183.987045288086,185.8975321216097,181.98150329725257,183.3407021258186,42556700
2020-06-17,184.6238555908203,186.6008837355132,184.10108128516464,185.3747390455772,25687800
2020-06-18,186.6008758544922,186.76245799607423,184.39572415045265,184.39572415045265,23061600
2020-06-19,185.48880004882807,189.423842544377,184.7474162817957,188.7584999974735,44441100
2020-06-22,190.6404724121093,190.82105397926185,185.56482652138783,186.09710051660872,32818900
2020-06-23,191.9141387939453,193.85313907898703,191.4578914887996,192.0852206558405,30917400
2020-06-24,188.045654296875,193.18782826180143,186.8290236235657,191.6195195901801,36740600
2020-06-25,190.42189025878903,190.67852759970847,185.79299092407084,188.00764282127645,27803900
2020-06-26,186.61038208007807,189.99413646513128,185.2321694686441,189.8420540312599,54675800
2020-06-29,188.6159210205078,188.7014619495084,183.96800866755063,186.08760498304545,26701600
2020-06-30,193.4349365234375,194.28087520010905,187.9505991998322,188.0836677162733,34310300
2020-07-01,194.5659942626953,196.1343170600792,191.7810555883194,193.0832268930802,32061200
2020-07-02,196.0487518310547,197.7216293979636,194.8511354393264,195.49746395135764,29315800
2020-07-06,200.2689666748047,200.6776863993689,197.78817819437523,198.4915485673993,31897600
2020-07-07,197.9402618408203,204.042428076492,197.69313876394023,200.0313445394233,33600700
2020-07-08,202.29356384277344,202.7022691477667,198.3585207396695,199.6702066084981,33600000
2020-07-09,203.7098083496093,205.66782297036744,201.0008956149056,205.62029538664976,33121700
2020-07-10,203.09197998046875,203.4816858645452,200.6302048650477,203.0444523964673,26177600
2020-07-13,196.8187255859375,205.11653102704423,196.27693724789137,203.86187245686293,38135600
2020-07-14,198.03530883789065,198.5105555454417,192.0281834928232,195.92521229609352,37591800
2020-07-15,197.74069213867188,200.86782436233148,194.87971147955065,199.1854465445076,32179400
2020-07-16,193.8246154785156,195.5164925972257,192.2943204999769,195.2313416720028,29940700
2020-07-17,192.83612060546875,194.88917548630675,191.4198801082913,194.34740174799845,31635300
2020-07-20,201.1244506835937,201.78979330001377,192.959699672657,194.85118714961936,36884800
2020-07-21,198.41554260253903,203.34860679664743,197.731186037843,203.0824697440858,37990400
2020-07-22,201.2670135498047,201.78978791424657,198.07335457284609,198.8432520443965,49605700
2020-07-23,192.5129547119141,200.47809519758303,192.1422628124085,196.93275836350443,67457000
2020-07-24,191.3343505859375,192.81711817294263,187.73197198353216,190.497911638035,39827000
2020-07-27,193.7581024169922,193.8721569939332,190.91612168004943,191.4959232851321,30160900
2020-07-28,192.01870727539065,194.5660229779336,191.75257024686763,193.5299885095133,23251400
2020-07-29,193.95770263671875,194.5184903248029,192.0091880475081,192.47493508696,19632600
2020-07-30,193.8056030273437,194.33789152672944,189.6899792712966,191.0491779037162,25079600
2020-07-31,194.86062622070312,194.94618164027327,189.1576664204421,194.2808247275416,51044000
2020-08-03,205.81983947753903,206.86538804440696,200.02183829806603,201.048372935524,78983000
2020-08-04,202.7307281494141,204.1374688047289,199.89826191685304,203.567166971128,49280100
2020-08-05,202.3980865478516,204.3561008212258,201.0959151046304,204.2610456706548,28806400
2020-08-06,205.6392517089844,205.6582511344428,201.07688051454105,201.82776391473723,32656800
2020-08-07,201.9608612060547,205.02145153311608,200.4875933337867,204.21354073459383,27820400
2020-08-10,197.9402618408203,201.3905577207116,196.13433007915847,201.19094771383908,36716500
2020-08-11,193.3113250732422,197.36992087648605,193.0832014681949,196.90418845832352,36446500
2020-08-12,198.8337554931641,199.8697900206616,194.61356165253872,195.1268218072775,28013100
2020-08-13,198.3679962158203,200.88681276479969,197.845221875211,199.07136664712925,22588900
2020-08-14,198.5580902099609,199.2139330582557,197.23690479940333,198.4250216975084,17958900
2020-08-17,199.86973571777344,200.7346881264849,198.5770642124237,199.2234072167872,20184800
2020-08-18,201.0198669433593,201.84679161192983,198.85274301626632,200.1073868408774,21336200
2020-08-19,199.80030822753903,202.08701579049105,199.371555102748,201.5058125871485,27627600
2020-08-20,204.44989013671875,204.85006060351787,199.0475670272756,199.647815458256,26981500
2020-08-21,202.9635772705078,206.0410886510413,202.8016045176839,203.7639183568517,36249300
2020-08-24,203.6019592285156,205.34556891515348,202.40143298022448,204.6500208531168,25460100
2020-08-25,206.25070190429688,206.3840920840832,203.0398003733022,203.0398003733022,23043700
2020-08-26,210.70977783203125,211.6054039276982,207.0987054135543,207.59416093128425,39600800
2020-08-27,215.88345336914065,220.23770202737023,209.0424043109425,212.3676511643842,57602200
2020-08-28,218.1034545898437,219.75177942740257,215.8834491710163,217.4079064903307,26292900
2020-08-31,214.8830108642578,217.90335740203147,213.72060436852905,216.2836151740549,28774200
2020-09-01,216.5408630371093,216.71235847698847,213.83492494312688,214.86394119772189,25725500
2020-09-02,220.71408081054688,221.8669645863397,216.61709018577795,217.2078160912499,34080800
2020-09-03,207.04153442382807,218.48455170958857,204.8120064646057,218.4464464578108,58400300
2020-09-04,204.1355133056641,208.05148569437216,195.5032274145481,204.9453916359049,59664100
2020-09-08,193.09263610839844,200.1147014373641,192.6543458320582,196.75135022135257,52924300
2020-09-09,201.31524658203125,204.69765825527963,196.94193845606748,197.7994592605412,45679000
2020-09-10,195.6747283935547,204.6023920199661,194.4742166890001,203.3256407346827,35461500
2020-09-11,194.39796447753903,198.78080929672177,191.73968373953392,197.41831048120244,33620100
2020-09-14,195.71286010742188,199.3239326578957,194.39800349010872,194.5980960556116,30375800
2020-09-15,198.92372131347656,199.87651239728032,197.16105199306432,198.58071594176965,21823900
2020-09-16,195.3698272705078,200.70544896164475,194.9791794116713,200.6768663903581,26328100
2020-09-17,193.3308868408203,194.68384874688627,190.52015540378827,190.60590313185887,34011300
2020-09-18,190.9298248291016,194.03591885589844,186.9852699078693,193.2260550723549,55225300
2020-09-21,192.9783172607422,193.140304553541,187.109134700145,187.88089322203805,39839700
2020-09-22,197.6279296875,198.27583520030765,192.5400286648774,195.3793420932357,33517100
2020-09-23,191.12042236328125,198.27589504169364,190.58686150842905,198.08532513200964,30803800
2020-09-24,193.59762573242188,195.8652732003476,189.7959840135649,190.4153069509795,31202500
2020-09-25,198.00906372070312,199.1714555480412,192.9783130746284,193.9406414404829,29437300
2020-09-28,199.5525665283203,202.5348072671025,198.2377101829386,200.9245880124685,32004900
2020-09-29,197.4755096435547,200.15286527380047,197.04675648786915,199.4668544093273,24221900
2020-09-30,200.4005584716797,201.97265800789293,196.7894719771108,197.9232957386492,33829100
2020-10-01,202.4299774169922,203.8877464490633,201.3437962844993,203.4113509604535,27158400
2020-10-02,196.45602416992188,201.02942493807893,195.83670115325253,198.18057395365665,33154800
2020-10-05,200.4481658935547,200.4767484591481,197.20866792141857,197.43734298460203,21331600
2020-10-06,196.18927001953125,200.25767860913228,195.15073093910053,198.9618963323365,28554300
2020-10-07,199.9241943359375,200.19097472900563,196.9610128986642,197.28495844189817,25681100
2020-10-08,200.6387634277344,201.2199666145844,198.4854606484476,200.572061068346,19925800
2020-10-09,205.6218719482422,205.66951441718192,201.25808639297776,201.25808639297776,26458000
2020-10-12,210.94796752929688,213.29184029670688,206.574659376011,208.4611818961351,40461400
2020-10-13,212.33905029296875,214.57811545870769,210.0237600855834,212.2056601046975,28950800
2020-10-14,210.4334411621093,213.634819812789,208.78511664370075,212.47241351746592,23421700
2020-10-15,209.29010009765625,209.9570509713848,205.81240380006528,206.85095716605545,22733100
2020-10-16,209.29010009765625,211.79593084741057,208.96615460733648,209.7569584400469,26057900
2020-10-19,204.1069183349609,211.80547245913127,203.630522766919,210.0142204709931,27625800
2020-10-20,204.51663208007807,207.10822539351736,203.03028008469627,205.6123507196565,22753500
2020-10-21,204.65953063964844,206.6794431139392,203.05883403594683,203.05883403594683,22724900
2020-10-22,204.7452850341797,205.86004890997927,201.70587900793112,203.8305991538514,22351500
2020-10-23,206.02203369140625,206.0696761583048,203.09697231586392,204.8786871780397,18879600
2020-10-26,200.162353515625,206.1268204927856,198.27583123211025,203.75437998821897,37111600
2020-10-27,203.1826934814453,204.5356550416096,200.4005453317281,201.60105683311497,36700300
2020-10-28,193.1116943359375,198.9808910366125,192.5590882884256,197.866127187492,51195600
2020-10-29,195.055419921875,197.5707881637217,193.7691459581773,194.4361114436148,31432600
2020-10-30,192.91165161132807,194.64572418081875,190.19619064813955,193.89302546658493,36953700
2020-11-02,192.7782440185547,195.58897513304893,190.67256908298936,194.6457066171901,30842200
2020-11-03,196.68467712402344,198.29489655104663,193.53094063130447,194.2645939137079,27512000
2020-11-04,206.1744384765625,208.0133326181019,202.391857143144,203.9163285183548,42311800
2020-11-05,212.7487030029297,213.53952130359875,210.7097307772852,211.5577142136879,36080100
2020-11-06,213.158447265625,213.7682330487648,207.7370630410145,211.7673657242911,25231900
2020-11-09,208.0800628662109,217.3507168720384,207.5941446037428,213.84445234772951,44395000
2020-11-10,201.0484619140625,206.279290732764,199.81936768721027,204.3737083703365,44045100
2020-11-11,206.3269195556641,207.74656901719345,202.1822723760831,202.36330501469288,29440800
2020-11-12,205.26931762695312,208.7660592315512,204.33558641645527,206.95576195060497,21593900
2020-11-13,206.288803100586,207.15584652138176,204.0497526597036,206.1458902459224,18621100
2020-11-16,206.97482299804688,207.4607558021883,204.3927670537816,204.7262352421669,24953300
2020-11-17,204.3355865478516,207.40356052717445,203.9735212760541,205.89816337677536,24154100
2020-11-18,201.6416778564453,205.54879230047047,201.498376276472,204.0967541671124,28372800
2020-11-19,202.9217529296875,203.5044776929288,200.5430866843581,201.9282623804157,24792700
2020-11-20,200.98252868652344,203.75285098407457,200.6099679006252,202.7115932204744,22843100
2020-11-23,200.715072631836,202.7975883949373,198.8522684913318,201.5175090959758,25683500
2020-11-24,204.29737854003903,204.66993934014192,199.5209505507709,200.2183049557836,33979700
2020-11-25,204.3069305419922,205.66343437093508,202.95998889819435,205.4914899563445,21012900
2020-11-27,205.6061248779297,206.59963010957043,204.4693326304284,205.2431262455821,14512200
2020-11-30,204.4980316162109,205.1571665527176,201.4124480865088,204.5266890231676,33064800
2020-12-01,206.5423126220703,207.6026802551805,203.8101951352775,204.91831538871995,30904500
2020-12-02,205.73985290527344,205.83538729489783,203.2847765181401,205.27177229501723,23724500
2020-12-03,204.66036987304688,206.704680251052,204.09674035237035,205.01382084202208,25120900
2020-12-04,204.77505493164065,205.7494504827181,203.6478101614718,204.64131550906168,24666000
2020-12-07,204.70811462402344,205.9022214479401,203.46625518834955,204.784539209934,24620000
2020-12-08,206.3512420654297,207.24921288280584,203.3707555877573,204.40246580922124,23284100
2020-12-09,202.3294982910156,205.60612098805632,201.76588327062407,205.53925857408703,32440600
2020-12-10,201.10675048828125,203.55227955829025,200.95390127727995,202.30085761828587,26733300
2020-12-11,203.7242431640625,203.78157255596147,199.75981294989188,200.6577839284184,30979400
2020-12-14,204.6221618652344,206.54229514941832,203.36119251919632,203.5713565062861,28798400
2020-12-15,204.55532836914065,205.78764048898248,202.749839007766,205.5488190677609,27000600
2020-12-16,209.4750213623047,210.2679101449516,205.1189214383901,205.1475788397448,35023300
2020-12-17,209.6087341308593,211.013004924833,208.175805939172,210.0386096730657,32515800
2020-12-18,208.8158721923828,209.86669216480047,206.36079582264512,208.8158721923828,63354900
2020-12-21,212.636962890625,213.98391873459056,207.56440000643303,207.8223311327557,37181900
2020-12-22,213.92662048339844,215.5410551844668,211.9300774427927,212.7325137017205,22612200
2020-12-23,211.1371917724609,213.5636103734392,210.9270278097976,213.13373484126376,18699600
2020-12-24,212.7898712158203,213.6114174296126,211.30917559396767,211.5193395958565,10550600
2020-12-28,214.90103149414065,215.92317939460656,213.04777530052024,214.41382656244667,17933500
2020-12-29,214.12725830078125,217.02177246063968,213.5827530964669,216.1906786651857,17403200
2020-12-30,211.7676544189453,215.54104330222904,211.56705265352144,215.1589204072583,20272300
2020-12-31,212.47462463378903,213.0286920393946,209.857136802446,211.78681782520988,20942100
2021-01-04,207.9561462402344,213.0287109719447,205.2049187614072,212.57972552709435,37130100
2021-01-05,208.1567230224609,208.7490099968448,206.055097651957,207.54534083146888,23823000
2021-01-06,202.75938415527344,206.8098006575534,202.46324792879471,202.68295955223013,35930700
2021-01-07,208.52931213378903,209.5323650489744,204.1541163901864,204.4693478485416,27694500
2021-01-08,209.7998046875,210.71688521543896,207.32561864837888,208.9018339516953,22956200
2021-01-11,207.7650451660156,209.1215488041373,207.03901886920423,208.70122085893067,23031300
2021-01-12,205.3195343017578,207.3925169546865,203.7815384245881,206.8193397437336,23249300
2021-01-13,206.66650390625,207.0677221492576,204.36426188128715,204.45024867204103,20087100
2021-01-14,203.4949188232422,207.73638872403765,203.22744005260645,206.2556933016969,29480800
2021-01-15,203.1414489746093,204.9182805284556,202.5491766488272,203.97255724393224,31746500
2021-01-19,206.7619781494141,207.27782586133804,203.12234304003755,204.19225804343463,30480900
2021-01-20,214.30877685546875,215.6939381173684,207.5740101820579,207.9656807925922,37777300
2021-01-21,214.9106292724609,216.1811610273373,212.4746477748108,214.6526980470265,30709400
2021-01-22,215.8467712402344,219.7825576936173,215.703484235591,216.9262485968844,30172700
2021-01-25,219.2666931152344,219.5055145049017,214.19412913094075,218.87502253781977,33152100
2021-01-26,221.9415435791016,223.7088134988272,219.79215060739185,221.4925581033352,49169600
2021-01-27,222.48602294921875,229.6888849420293,219.8494397921555,227.35798561441428,69870600
2021-01-28,228.24636840820312,231.79048419595736,224.5780754115442,225.0748279766649,49111200
2021-01-29,221.5880279541016,227.3770556724525,221.0053032240349,225.43782730017324,42503100
2021-02-01,228.93414306640625,231.6567123201497,222.03698122832148,224.54938652538647,33314200
2021-02-02,228.80044555664065,231.4752481139253,228.0171189555544,230.51041491917857,25916300
2021-02-03,232.1343994140625,234.130942807782,228.5616260438529,228.857776822346,27158100
2021-02-04,231.18862915039065,232.36364076240525,229.6219615775372,231.80957344589007,25296100
2021-02-05,231.3701629638672,232.40187313232684,229.66975580932288,231.3988203649493,18054800
2021-02-08,231.62808227539065,232.7839695971144,230.0423048064717,232.2776694352849,22211900
2021-02-09,232.8699951171875,233.8157186147648,230.58686291698683,231.0549435728777,23565000
2021-02-10,231.96243286132807,234.923809175062,230.1187242605503,234.04494826138287,22186700
2021-02-11,233.5577850341797,234.18826246133185,231.32240561908912,233.8348114486024,15751100
2021-02-12,234.0354461669922,234.33158239830547,231.8764911811548,233.02283109251383,16561100
2021-02-16,232.80311584472656,235.12446761239,232.0579941851068,234.07364754036084,26728500
2021-02-17,233.8180389404297,233.92336296711304,230.6966403652016,231.06048965921207,21653500
2021-02-18,233.42544555664065,233.5594929778077,230.62001931004644,231.5200582564853,16925600
2021-02-19,230.72537231445312,233.492505906964,229.96895029206303,233.3871818763808,25262600
2021-02-22,224.54000854492188,227.8146085025634,222.51971275294736,227.326295963204,36446900
2021-02-23,223.3527069091797,224.84638235438035,219.00571338525145,220.5376964424216,30228700
2021-02-24,224.5783233642578,225.20068336242525,219.26427363578588,220.23132914634272,26339700
2021-02-25,219.25466918945312,224.61658067323245,218.1918594126745,222.2132966780273,39542200
2021-02-26,222.5005645751953,225.3634378915044,219.78129368104075,221.6866957656996,37819200
2021-03-01,226.86666870117188,227.374134963668,223.23778964286245,225.87087537131603,25324000
2021-03-02,223.9272003173828,227.2113842225044,223.5250580328917,226.93370515768925,22812500
2021-03-03,217.885482788086,223.6495518308172,217.59823410434785,222.28992364520352,34029500
2021-03-04,217.0907440185547,222.605871390922,214.7257530035434,217.10032822667856,44727800
2021-03-05,221.7537384033203,223.35273808955003,216.83226150346275,219.762165995002,41872800
2021-03-08,217.7227020263672,223.44846319176875,217.473760970506,221.5334915341693,35267400
2021-03-09,223.84103393554688,225.37301709229348,221.8207382699985,222.97930254117327,33080500
2021-03-10,222.5388641357422,226.92415117322705,222.1750148299451,226.92415117322705,29746800
2021-03-11,227.04861450195312,229.001879123352,224.34849750846828,224.97087205019423,29907600
2021-03-12,225.7273101806641,225.7943412092488,223.31444152290632,224.06127938672344,22653700
2021-03-15,224.8272399902344,225.19108927209567,221.95478256941087,224.97087162731992,26034900
2021-03-16,227.6039428710937,229.8540256057872,225.9091890116329,226.2347306585136,28092200
2021-03-17,226.96243286132807,228.4082458032688,223.31441421643075,226.11027106399007,29562100
2021-03-18,220.91116333007807,224.23364080219395,220.53774438759623,222.6729340017837,34833000
2021-03-19,220.55682373046875,222.58668861860275,219.59933808737588,221.1983373581324,46430700
2021-03-22,225.95706176757807,226.8283626746955,220.35576442572489,220.48024224534427,30127000
2021-03-23,227.47946166992188,230.8019383245051,226.99114920685457,227.3932914605699,31638400
2021-03-24,225.4496154785156,227.881623009937,225.31556804938333,227.73800598232168,25620100
2021-03-25,222.46226501464844,226.8667058900846,221.7250114090801,225.2964296372037,34061900
2021-03-26,226.4262084960937,226.646440720754,221.705811127782,221.705811127782,25479900
2021-03-29,225.2389678955078,226.73264342608155,222.02181497962823,226.5315649769317,25227500
2021-03-30,221.9930419921875,223.9080131903601,221.2749277928728,223.6016107858185,24792000
2021-03-31,225.74639892578125,228.9348279377608,222.51009270862264,223.0079893443559,43623500
2021-04-01,232.0467071533203,232.51586588061755,227.92951497762283,228.3316572910526,30338000
2021-04-05,238.48101806640625,239.3331799256443,232.38182300122529,232.43926981711712,36910600
2021-04-06,237.3224639892578,238.79698589796425,236.38413186553555,237.0830925059559,22931900
2021-04-07,239.27566528320312,240.2618743635412,236.68088727534845,237.27452372096928,22719800
2021-04-08,242.4832305908203,243.3353921988196,241.2863735790196,242.0236415891087,23625200
2021-04-09,244.9727783203125,245.10682576462423,241.70774782876973,242.1194597612717,24326800
2021-04-12,245.0301818847656,246.7153661558716,243.79501708514152,243.8812019063308,27148700
2021-04-13,247.50048828125,248.17074001086624,245.91105839056755,246.3227994805502,23837500
2021-04-14,244.72378540039065,247.82602995681816,244.3120735305234,246.53344753840463,23070900
2021-04-15,248.46755981445312,248.87927168685948,246.77282050375777,246.9643001275959,25627500
2021-04-16,249.65480041503903,249.90375603586548,246.64831065184072,248.4388041520472,24878600
2021-04-19,247.7398834228516,250.36341456332264,246.85901279011068,249.1282496155156,23209300
2021-04-20,247.28028869628903,249.13781346064496,245.92064602191053,246.85899261240544,19722900
2021-04-21,249.50167846679688,249.5974329067763,246.31326307856537,247.9314166877141,24030400
2021-04-22,246.2366485595703,250.6506442962717,244.7716817698352,249.1473845010225,25606200
2021-04-23,250.0474548339844,250.3921649771297,246.33240460091693,246.9164862361913,21462600
2021-04-26,250.430419921875,251.2825963797124,249.1091139540054,250.53575856302515,19763300
2021-04-27,250.83251953125,252.0006532053128,249.06116521613484,250.4590860981629,31014200
2021-04-28,243.73760986328125,245.63344247617863,242.1960569704109,245.192977920965,46903100
2021-04-29,241.7747039794922,245.2120886769389,238.4139344997838,244.59929842567976,40589000
2021-04-30,241.458740234375,242.3204861426284,238.9884399502372,239.12248736573355,30945100
2021-05-03,241.15240478515625,243.5365499894348,240.44385994358444,242.62692667590488,19626600
2021-05-04,237.25537109375,240.52998498828995,235.3116763249876,240.30018316461653,32756100
2021-05-05,235.9915466308593,238.8927276860564,235.3691866512584,238.47143156014027,21901300
2021-05-06,239.11294555664065,239.23742339669937,234.28722313302063,235.9723930280788,26491100
2021-05-07,241.7268829345703,243.48865338351683,240.4917180124829,241.43005005006265,27032900
2021-05-10,236.6713409423828,241.0279044000245,236.6138941300744,240.2044660000965,29299900
2021-05-11,235.76173400878903,236.1160137040136,232.25734694226097,234.1531648123597,33641600
2021-05-12,228.839096069336,233.99037412051345,227.94864132759164,231.8743241677581,36684400
2021-05-13,232.69775390625,235.15849922523185,231.15620130904685,231.52005055871984,29624300
2021-05-14,237.6000823974609,238.58629154857744,235.05318141277328,235.1393516236305,23901100
2021-05-17,234.7563323974609,236.10639071490897,233.16691726968943,236.0680977160774,24970200
2021-05-18,232.74560546875,235.93403432568056,232.57325046050104,235.7999869237408,20168000
2021-05-19,233.32150268554688,233.4270699289617,228.9836832960568,229.665059885888,25739800
2021-05-20,236.54605102539065,237.95680642050272,234.03165022443645,234.12762575703587,21800700
2021-05-21,235.288818359375,238.3214631903982,234.8761558421692,237.5920990316164,21863100
2021-05-24,240.6727294921875,241.0374189124444,237.53451728413617,237.80323117996468,21411500
2021-05-25,241.5748443603516,242.5633307483753,240.7111232241124,241.62283212210016,17704300
2021-05-26,241.35415649414065,242.7457139426197,240.64397558156952,241.29656238462576,17771600
2021-05-27,239.26199340820312,241.3445335898177,239.20441394645133,241.04702994156,24426200
2021-05-28,239.6170654296875,241.92034629984423,239.501906511513,240.88387210484515,18270200
2021-06-01,237.42898559570312,241.16220561121608,237.00673129893207,241.104626145466,23213300
2021-06-02,237.3330078125,239.223611570422,235.9318441224372,238.1295578675878,19406700
2021-06-03,235.8071136474609,236.4117126902741,233.2063288047564,235.33685693077388,25307700
2021-06-04,240.6822967529297,241.5076363902739,237.5344931695256,237.77441731243024,25281100
2021-06-07,243.58062744140625,243.84934135732763,239.74184047817525,239.9049871668553,23079200
2021-06-08,242.390625,245.6919842968053,242.33303089186523,244.876236168721,22455000
2021-06-09,243.36952209472656,245.2313363375824,243.00484724739417,243.58065657446144,17937600
2021-06-10,246.87237548828125,247.0835099387056,243.4462658042312,244.04127308607627,24563600
2021-06-11,247.49620056152344,248.0719951619915,246.26776064687272,247.5921468031884,18999700
2021-06-14,249.41558837890625,249.4731678376561,246.4500998151924,247.5057720383052,19150500
2021-06-15,247.9472198486328,249.51153012091865,247.2946331361512,249.3003956801018,18038900
2021-06-16,247.0067596435547,250.0777717386489,244.1660507576861,248.9453365777258,27220000
2021-06-17,250.38482666015625,251.2005745937238,245.69192571105955,245.7495051616535,27565500
2021-06-18,248.97413635253903,251.7284615108132,248.32154955086472,249.1660874295597,37202200
2021-06-21,252.045166015625,252.8992809067008,247.52500245412696,249.3484204496517,26696100
2021-06-22,254.8090209960937,255.07773483816592,251.82434972288047,252.13145962456645,24694100
2021-06-23,254.5787048339844,256.07582917695146,253.7725632098956,255.2696875528627,19518700
2021-06-24,255.9415435791016,257.0547953887674,254.77071230407563,255.4329054433391,21446900
2021-06-25,254.33883666992188,256.478971088215,254.0893354162517,255.5000908908424,25611100
2021-06-28,257.88970947265625,258.06244785704735,255.1929639728323,255.4616778888696,19590000
2021-06-29,260.46173095703125,260.70165518033133,257.1795839833562,258.0336989887395,19937800
2021-06-30,259.9818420410156,260.42329434263524,258.7342479891088,259.7803139253489,21656500
2021-07-01,260.6536560058594,260.8839738651738,258.7342624112472,258.7438394636373,16725300
2021-07-02,266.4598083496094,266.7957080842182,261.517375730034,261.8244857323976,26458000
2021-07-06,266.46942138671875,268.11049474118505,263.2448248561012,266.82450452254136,31565600
2021-07-07,268.6479187011719,269.37729764258523,265.9799627636496,268.13928056771834,23260000
2021-07-08,266.2390441894531,267.4962443949508,263.7918002820035,265.7399832123837,24618600
2021-07-09,266.7381286621094,266.8436812511514,264.2237277535544,264.6076006127589,23916700
2021-07-12,266.1430969238281,268.49433627554,265.4329014474432,267.9089353442858,18931700
2021-07-13,269.65557861328125,271.4502066850758,266.21027111145844,266.33500707591065,26120100
2021-07-14,271.1239318847656,272.2275772639754,269.24290521159406,270.97037689383615,23113700
2021-07-15,269.7035522460937,271.1239138520069,268.5519045345298,270.6344591814496,22604200
2021-07-16,269.434814453125,272.64980384909137,268.19679766614735,270.7016209659572,26186800
2021-07-19,265.8456420898437,269.07020954845063,263.3888204201553,267.6882436982978,32935600
2021-07-20,268.0625,269.6459937608424,265.12583032349374,266.82448300692533,26259700
2021-07-21,270.0587158203125,270.17387476827,266.1143754146352,267.6594734457759,24364300
2021-07-22,274.60760498046875,274.8763188626381,271.9972290018453,272.40028518129105,23384100
2021-07-23,277.9953308105469,278.30241146815854,274.9530796603886,275.78801102778897,22768100
2021-07-26,277.4003295898437,278.01454955841905,275.08748623115633,277.3523564681326,23176100
2021-07-27,274.9914855957031,277.90894231723627,271.54617814543514,277.76499367762403,33604100
2021-07-28,274.68438720703125,278.4559881617901,272.3906980646863,277.3427364892114,33566900
2021-07-29,274.953125,276.9876774693035,274.5500394694676,274.70359446740275,18168300
2021-07-30,273.4271850585937,275.1066542513288,272.46748837703086,273.676715567838,20944800
2021-08-02,273.3408508300781,275.212242025892,272.30436188036447,274.8187628216139,16267400
2021-08-03,275.54815673828125,275.65373862205524,272.55390723217295,273.9166896548883,17879000
2021-08-04,274.9627685546875,275.9992283215032,273.17771708876165,274.6844482527844,16191300
2021-08-05,277.8514404296875,277.95702231995693,274.56929337977533,275.317855802354,13900200
2021-08-06,277.79376220703125,277.832158270537,276.0279240247651,276.88206803398026,16589300
2021-08-09,276.7094116210937,279.79963700414334,276.2103797453838,278.0721941910016,16117600
2021-08-10,274.8954772949219,277.5922222100292,273.7054629658678,277.1603470550717,18616600
2021-08-11,275.3850402832031,277.02611380022,274.3389448772672,275.63454156443856,13955900
2021-08-12,278.12969970703125,278.2832546943312,274.7995509694879,275.0778712144452,14561300
2021-08-13,281.04718017578125,281.0951532950036,277.64023937005385,277.81300703201526,18249000
2021-08-16,282.7265930175781,282.93772741778326,278.33116667356506,281.37341744639224,22507600
2021-08-17,281.2679138183594,281.60381354222284,279.3485202964206,280.60574999790174,20075300
2021-08-18,279.5467224121094,283.4793919946404,279.1043957522048,280.8063292983416,21813000
2021-08-19,285.3544311523437,286.0275166816487,277.5371844759364,277.5852494378773,29850500
2021-08-20,292.65240478515625,294.07548533155943,286.59475375852804,288.1909033414219,40817600
2021-08-23,292.93133544921875,293.6524859694501,290.23905191116444,291.5851936801916,22830200
2021-08-24,290.9794006347656,293.892847343343,290.3832542779268,293.28707625697854,18175800
2021-08-25,290.3929443359375,292.87368958556954,288.8641085254896,292.59483645978145,20006100
2021-08-26,287.5851745605469,290.79669430920046,287.4505750714238,289.4120831267804,17666100
2021-08-27,288.1909484863281,289.2967066286994,285.4121013647465,287.48901815902764,22605700
2021-08-30,291.9120178222656,292.51778875937845,289.47933869034046,289.5370283659055,16348100
2021-08-31,290.2678527832031,292.78706685723137,289.9024652133177,292.7101570579485,26285300
2021-09-01,290.2197265625,293.4504953070567,289.89280860005545,291.2197299053012,18983800
2021-09-02,289.56591796875,291.6908995970504,288.6332289446876,290.57554613458024,16285600
2021-09-03,289.556396484375,290.96022807123313,288.71024177108217,289.41214289266503,14747900
2021-09-07,288.6332702636719,289.5082697285104,286.7294517158089,289.4313599194175,17180400
2021-09-08,288.662109375,289.04671710020153,286.0275156464967,288.2486568040006,15046800
2021-09-09,285.8160400390625,290.5179563470504,285.57565648982865,289.24872416460886,19927000
2021-09-10,284.3352355957031,288.38331521441347,284.01794225939454,286.9410140892641,19633400
2021-09-13,285.5659484863281,287.0563436631931,282.76788126792405,286.1044051321014,23652900
2021-09-14,288.25830078125,289.79676112846977,286.6333058908585,288.0371373862397,21853400
2021-09-15,293.0948181152344,293.57558514343583,290.2102159460255,291.594827334741,28356300
2021-09-16,293.4794311523437,293.5659656977349,289.19099739981857,292.0755996209567,19550800
2021-09-17,288.3351745605469,292.7870813462865,288.0082565459675,292.4697880609758,41372500
2021-09-20,282.9794311523437,287.2294241436648,278.3833000222743,284.9313439067863,38278700
2021-09-21,283.46014404296875,286.09476653004566,282.75824316987325,284.31592318439675,22364100
2021-09-22,287.09478759765625,288.6717173261203,283.18136680799097,285.3159733040297,26626300
2021-09-23,288.0371398925781,289.32559200827507,286.08522692976766,287.3544589280449,18604600
2021-09-24,287.835205078125,288.26787776636394,285.5082799167376,286.7582917069234,14999000
2021-09-27,282.8545227050781,285.0660395820949,281.67182509968364,284.7487462138496,23571700
2021-09-28,272.6140441894531,279.5947887568724,271.87367374951066,278.65247509756944,43186200
2021-09-29,273.07568359375,275.7391224791571,272.1237742275419,274.1333769693656,26353700
2021-09-30,271.0755920410156,276.7582303525769,270.787114326483,274.71978361540346,32343600
2021-10-01,277.9794616699219,278.8256162130786,270.46988411493584,271.2679443559621,30086300
2021-10-04,272.2198486328125,276.68138001851474,269.46987576086445,276.3448372844205,31350700
2021-10-05,277.6524963378906,279.2293964365477,273.12365122676954,273.12365122676954,24993000
2021-10-06,281.8352355957031,282.3352520892676,274.5276001795463,274.78720381326485,28002600
2021-10-07,283.50830078125,285.22945482720434,282.6140812194665,283.825594084445,20430500
2021-10-08,283.50830078125,285.22945482720434,282.46023226093035,284.82559764308587,17685700
2021-10-11,282.9122009277344,286.50832922582435,281.4891198350352,281.65259355026353,19298600
2021-10-12,281.61407470703125,284.0755993304145,281.10446287508915,283.9794400643769,17974100
2021-10-13,284.912109375,285.8447984376841,282.20057671725624,283.5659677751689,23416300
2021-10-14,291.1044006347656,291.60438772035315,286.3736407338717,287.7005622674281,27262900
2021-10-15,292.5082397460937,292.7390278517721,288.9601770620516,290.71017592364666,25384800
2021-10-18,295.4697265625,296.3543212168892,291.0466652595065,291.89281968974484,22729300
2021-10-19,296.37353515625,297.4023538871209,295.40237675469547,296.48891450224085,17682100
2021-10-20,295.5852355957031,297.7871571571462,294.33522351404,297.31598543961144,16537100
2021-10-21,298.80633544921875,299.0563143524255,294.5755620879851,295.3544316768825,16918100
2021-10-22,297.267822265625,299.1235756390308,295.960120910737,298.46011490450775,17449300
2021-10-25,296.27752685546875,297.4986646808728,294.6717518892406,297.46019509805154,17554500
2021-10-26,298.1812744140625,300.3831953408259,296.7293781263278,299.03705370094167,28107300
2021-10-27,310.7389831542969,313.55627098080305,303.8447708537641,303.8447708537641,52588700
2021-10-28,311.87353515625,312.37352223466706,308.9985287602132,311.8542856977465,26297900
2021-10-29,318.86395263671875,319.22934031158445,311.4409077665691,311.6620711865388,34766000
2021-11-01,316.7004699707031,318.7389174914313,313.81586777864834,318.6139133681184,27073200
2021-11-02,320.3158264160156,320.62352433879016,317.30622029819705,317.60429349098206,26487100
2021-11-03,321.1523132324219,322.0176878484429,317.9311688926411,321.05615397648955,21500100
2021-11-04,323.4985046386719,323.59466390839987,316.83508099254163,320.08507064099814,23992200
2021-11-05,323.1330261230469,325.7580237953972,321.55612604910704,325.488795522106,22570100
2021-11-08,324.0273132324219,324.6619291544204,321.57541342152103,324.32538640649415,20897000
2021-11-09,323.02734375,325.69078224022303,321.6619526233949,324.1426973147689,21307400
2021-11-10,318.0754699707031,321.7581620227062,317.2293446076053,321.7004723239425,25500900
2021-11-11,319.6427307128906,320.9311827118845,317.7966019223306,318.50812767039145,16849800
2021-11-12,323.7677307128906,324.2581224444753,320.95044312615977,321.07544724155895,23831000
2021-11-15,323.1427307128906,324.88310486387337,321.1811931834564,324.5561868329157,16723000
2021-11-16,326.4503479003906,327.5657306230466,322.6042127231009,322.7676570356734,20886800
2021-11-17,326.67193603515625,329.6292527687157,325.59305251737624,326.49855034066394,19053400
2021-11-18,328.7430725097656,329.879780871784,324.74541145445266,325.7664999341988,22463500
2021-11-19,330.51544189453125,332.43241492443923,329.638871148073,330.0627224131624,21963400
2021-11-22,327.3558959960937,336.83472639710845,327.08617509182903,331.9700783843757,31031100
2021-11-23,325.2848205566406,326.9898682292672,321.31605752223925,324.6779411746802,30427600
2021-11-24,325.50640869140625,325.74723199137054,321.6532358919778,323.93623607205905,21661300
2021-11-26,317.5784606933594,325.5256287318422,316.0757258160542,322.07705238453224,24217200
2021-11-29,324.2733459472656,326.58524340078264,322.4527079617969,322.6453783318279,28563500
2021-11-30,318.4550476074219,325.38112702645924,316.9137728395476,323.01143434180807,42885600
2021-12-01,317.9638061523437,326.82611534101443,317.29916089070014,322.82845444512645,33337600
2021-12-02,317.3954772949219,321.2486502191634,315.76750938263973,318.1757424602907,30766000
2021-12-03,311.1533203125,320.48763300351385,306.3561099885442,319.8036737217345,41779300
2021-12-06,314.216552734375,315.43031134746263,307.51204154241043,312.058785775437,30032600
2021-12-07,322.62615966796875,323.47383295914125,317.98307955857507,319.46655926353213,31021900
2021-12-08,322.6742858886719,323.184830047875,318.65734078900067,323.00180200991804,24761000
2021-12-09,320.8729553222656,324.13850382611764,319.92891744874584,322.1348670016077,22214200
2021-12-10,329.96649169921875,330.4095983812338,322.5009687037244,322.6839967805655,38095700
2021-12-13,326.94171142578125,331.17058275210826,326.6334505414845,328.1747255655925,28899400
2021-12-14,316.2876281738281,322.3563918673137,312.2128880966609,320.98850283752,44438700
2021-12-15,322.36602783203125,322.8862143337398,312.5886088133381,316.54772931653724,35381100
2021-12-16,312.97393798828125,324.3986100132093,311.16294216598374,323.38713456911813,35034800
2021-12-17,311.914306640625,312.993219650069,305.6047483392989,309.101507137352,47750300
2021-12-20,308.1671142578125,310.9510161666708,305.9130118209808,308.3019600117902,28326500
2021-12-21,315.2762145996094,315.7000659257097,308.06112911488344,311.42304210587787,24740600
2021-12-22,320.9692687988281,321.3641930953662,313.7927235316347,316.2491091479911,24831500
2021-12-23,322.4045715332031,324.0421815699865,320.5165252794348,320.5357805584728,19617800
2021-12-27,329.8797607421875,329.908658361648,323.1174238146764,323.1463214341369,19947000
2021-12-28,328.7237548828125,331.18978275080303,327.827899397402,330.5540058070814,15661500
2021-12-29,329.3981018066406,331.6618171734092,327.2114075590468,328.771937746174,15042000
2021-12-30,326.8646545410156,330.5347992684437,326.38300794269304,329.3595803926416,15994500
2021-12-31,323.97479248046875,326.90318279060705,323.5220434776535,326.0844070470572,18000800
2022-01-03,322.4623718261719,325.59307446526094,317.67480384527,323.0403535774783,28865100
2022-01-04,316.93310546875,322.895892734741,314.14917400711465,322.5394495565749,32674300
2022-01-05,304.7666931152344,314.1010061399775,304.3813817326678,313.8986934112964,40054300
2022-01-06,302.3584899902344,307.0015705102463,300.0562050121712,301.6552753347329,39646100
2022-01-07,302.5125732421875,304.88226603603744,298.7075537396608,302.61852137240913,32720000
2022-01-10,302.7341003417969,303.16759397911807,293.50576573261736,298.1295606763108,44289500
2022-01-11,303.4181213378906,304.98826465644487,298.51496217670007,301.8768462438373,29386800
2022-01-12,306.5873413085937,311.5386828731419,305.4410199548521,307.9359754170271,34372200
2022-01-13,293.6116638183594,309.1014300948054,292.84104125820534,308.7064764785824,45366000
2022-01-14,298.8135070800781,299.41074404993253,292.6002553313774,293.0819018422109,39846400
2022-01-18,291.5406188964844,298.4281579274619,290.66401874383354,292.90850788347245,42333200
2022-01-19,292.1957092285156,302.3873676008085,291.58885921501854,295.0470782257124,45933900
2022-01-20,290.5291442871094,300.21022616541995,290.0860377847264,297.72494342024885,35380700
2022-01-21,285.1636047363281,292.9469986716374,284.7590087711074,291.5791391743098,57984400
2022-01-24,285.4911193847656,286.2039467418737,265.917000099836,281.47420435136246,85731500
2022-01-25,277.9004211425781,284.1618263856482,274.70231034504417,280.81919810306823,72848600
2022-01-26,285.8187255859375,297.1759609807795,282.27381356056463,296.68467202710303,90428900
2022-01-27,288.8338623046875,296.02002216009936,286.9939685564183,291.5503564920198,53481300
2022-01-28,296.9447326660156,297.1566583183815,283.64165765387617,289.2094904507192,49743700
2022-01-31,299.56494140625,300.91354605848886,295.1241442973268,297.6094573111596,46444500
2022-02-01,297.4264221191406,299.2277757254821,293.92966304924204,299.01585004253747,40950400
2022-02-02,301.9538269042969,303.55289687211734,297.5419577332225,298.26442751039235,36636000
2022-02-03,290.1920471191406,299.8057228648471,288.9493907856898,298.12957287633566,43730000
2022-02-04,294.7098999023437,297.46490411871,288.95903879189694,289.19021973386526,35096500
2022-02-07,289.90301513671875,296.5400880483696,288.8915399354256,294.9314053394683,28533300
2022-02-08,293.3805236816406,294.343816714322,288.9397569117174,290.192026095255,32421200
2022-02-09,299.7864074707031,300.47997960930934,296.10665053831843,298.49559837334124,31284700
2022-02-10,291.2805480957031,297.7731336434456,289.6622228774468,292.8796180366124,45386200
2022-02-11,284.2099914550781,293.12045222250043,283.4200840938403,292.06082398149493,39175600
2022-02-14,284.17144775390625,285.866852917156,280.65543402557785,282.9865867276755,36359500
2022-02-15,289.4407043457031,289.75857816176847,286.11733109996294,288.9975977120628,27058300
2022-02-16,289.10284423828125,290.42527991431285,283.48487872602993,288.0120675250117,29982100
2022-02-17,280.63726806640625,286.4965245719969,279.9325995384942,286.0717968919068,32461600
2022-02-18,277.9344787597656,283.65861124098427,276.37072190934305,282.876732815773,34264000
2022-02-22,277.7318115234375,281.41920742809083,274.6235925315727,275.10623504920284,41736100
2022-02-23,270.5403747558594,281.5736029979626,270.37629282765295,280.10635117029534,37811200
2022-02-24,284.3632507324219,284.913470148122,262.0941229321313,263.0497749325985,56989700
2022-02-25,286.9888000488281,287.29769823166265,281.5252849548205,284.89414868618945,32546700
2022-02-28,288.41748046875,288.7553360718081,282.8284727085798,284.0929935575526,34627500
2022-03-01,284.7108459472656,289.5565664408294,282.00803005009567,286.1104916374732,31217800
2022-03-02,289.7689208984375,291.0044845814772,283.50423036390407,285.1065776203058,31873000
2022-03-03,285.6471252441406,292.60682123875046,283.84201770674827,292.37516228556973,27314500
2022-03-04,279.79742431640625,285.3960935577323,277.20083543278474,284.0736581596549,32356500
2022-03-07,269.22760009765625,279.6333695655803,268.8607871426468,278.5136356085561,43157200
2022-03-08,266.2738342285156,274.1022802945537,260.6269119121218,268.1561220285429,48159500
2022-03-09,278.4847717285156,279.5465913078485,271.03276903287826,273.6004311217502,35204500
2022-03-10,275.6757507324219,276.6506980483507,270.83966326078166,273.1949611124185,30628000
2022-03-11,270.34735107421875,279.4596429563479,269.7295545935928,277.9634336750457,27209300
2022-03-14,266.8433532714844,275.4922975054639,266.2448813621328,270.6079583933382,30660700
2022-03-15,277.1815795898437,277.8283334961411,269.0538964529326,270.6176534268287,34245100
2022-03-16,284.1702575683594,284.34400179367987,273.3687163552092,279.0735246270153,37826300
2022-03-17,284.9714660644531,285.34791193212243,279.3245423841076,283.10847290668306,30816600
2022-03-18,290.00054931640625,290.55076880569743,282.56787290557435,285.11620984529543,43390600
2022-03-21,288.77459716796875,289.7205868535309,284.6624745949612,288.51398088334355,28351200
2022-03-22,293.5045166015625,294.4118867402999,288.39815136686497,289.3923936093338,27599700
2022-03-23,289.0931701660156,292.7033557846491,287.3846264690427,290.0777796338965,25715400
2022-03-24,293.5431823730469,293.6397167673037,287.9638360996713,288.75537689115174,24484500
2022-03-25,293.1376953125,294.89452080427003,288.90011015175327,294.63390450047564,22566500
2022-03-28,299.9140014648437,300.0105063790673,293.7651124963967,293.7651124963967,29578200
2022-03-29,304.46051025390625,304.8562805932184,298.3212830440557,303.01258292097964,30393400
2022-03-30,302.9642333984375,304.98170428864984,300.7633855218109,302.86772849763537,28163600
2022-03-31,297.60699462890625,304.19990720218783,297.20159145457893,303.0029338565664,33422100
2022-04-01,298.678466796875,299.36381082776825,294.9331566706007,298.6301848769681,27110500
2022-04-04,304.0357666015625,304.17089116064096,298.9583589270999,299.3251718788428,24289600
2022-04-05,300.0878295898437,303.9393076222428,299.1128822350108,302.394845606696,23156700
2022-04-06,289.10284423828125,296.3424814061848,286.4096909635366,294.59531799298344,40110400
2022-04-07,290.90789794921875,293.1087462850132,286.06217848359114,286.36141443806906,31411200
2022-04-08,286.6606140136719,290.6665398433151,285.99456517806084,290.01015328183416,24361900
2022-04-11,275.3571472167969,282.4519668205672,275.10616374606843,281.66045568500346,34569300
2022-04-12,272.268310546875,280.64697807098315,270.75280588328843,279.1990504337595,30966700
2022-04-13,277.63525390625,278.5619192143064,271.5346459237141,272.91502579688114,21907200
2022-04-14,270.1156311035156,278.3012567664223,269.6233558898287,278.0888929332903,28221600
2022-04-18,270.7817077636719,272.65436281401867,268.67739376545774,269.2276132247998,20778000
2022-04-19,275.39581298828125,276.2356357266572,268.7450143118673,269.6813419887161,22297700
2022-04-20,276.41900634765625,279.64308426283594,275.46338359699905,279.353481079676,22906700
2022-04-21,271.0616149902344,283.11801238910374,270.3376514098414,278.56186707817085,29454600
2022-04-22,264.5170593261719,273.3687361378023,263.8896299394481,271.90148401826906,29405800
2022-04-25,270.9747619628906,271.35120773294403,261.37016600391445,263.80270265842034,35678900
2022-04-26,260.8393249511719,268.6967298664818,260.62696106383044,267.86659887115906,46518400
2022-04-27,273.387939453125,280.8688960297428,269.468885848349,272.30682528051807,63477700
2022-04-28,279.5754699707031,280.87861047579827,271.68907938541145,275.2896026631033,33646600
2022-04-29,267.8858947753906,279.81683323611406,266.9013146355611,278.5909023771504,37073900
2022-05-02,274.5945739746094,275.0482590184196,266.6309742081337,268.0692391635906,35151100
2022-05-03,271.9979858398437,274.26641131232816,270.42456669386183,274.1022999129748,25978600
2022-05-04,279.91339111328125,280.78214183402685,267.1233632088205,272.7799199006104,33599300
2022-05-05,267.72174072265625,276.40930377828715,264.8162240963305,275.6274254599327,43260400
2022-05-06,265.1928100585937,269.55588849937345,261.8529021013271,265.27001991196914,37780300
2022-05-09,255.39512634277344,262.90504346434847,254.17888711238737,260.68489945201344,47726000
2022-05-10,260.1442565917969,264.2467170389773,255.86805194857527,262.258232684761,39336400
2022-05-11,251.5049591064453,261.9396861119795,250.29835302848664,256.4568751636927,48975900
2022-05-12,246.48550415039065,250.8582435521003,241.3405338858611,248.74426727264887,51033800
2022-05-13,252.05519104003903,253.90855102922657,246.4855077130794,248.4160775334941,34925100
2022-05-16,252.4219970703125,256.5920348375694,246.9005663575993,250.9354501012321,32550900
2022-05-17,257.5573425292969,259.0149028011125,253.34868474571127,256.87196899135023,28828800
2022-05-18,245.83084106445312,255.04176140596195,244.56337491481253,254.4612355715473,31356000
2022-05-19,244.9213256835937,249.30426416130737,243.7022393056512,245.65664551679004,32692300
2022-05-20,244.3601531982422,250.1460116670098,238.4388554517078,248.888200942443,39199300
2022-05-23,252.18751525878903,253.0099243599592,245.2019245791374,247.19505531377047,33175400
2022-05-24,251.19093322753903,252.84540652501488,245.2696355087697,249.5171198981205,29043900
2022-05-25,253.99679565429688,255.98991161054977,248.7818072528061,249.759025197284,28547900
2022-05-26,257.26708984375,258.4377968295687,252.94221495828464,253.754939359522,25002100
2022-05-27,264.3688049316406,264.465564172664,258.8732225521041,259.7633662320339,26910800
2022-05-31,263.0432434082031,265.8490837513658,260.1986934699792,263.6818188562503,37827700
2022-06-01,263.575439453125,268.67432940880065,261.27270543224773,266.2651808958061,25292200
2022-06-02,265.6652526855469,265.7329870958752,253.10669066458044,255.864166186004,44008200
2022-06-03,261.2532958984375,264.5719571114333,259.6955816677973,261.5338887851949,28059000
2022-06-06,260.0245056152344,265.27820295854366,258.5441812387559,263.2270376292287,22400300
2022-06-07,263.65283203125,264.26238275252354,257.3058157580708,257.9831008987689,22860700
2022-06-08,261.6306457519531,264.136553097098,260.8566015066696,262.88842705123176,17372300
2022-06-09,256.193115234375,263.8559613723618,256.0383063846379,259.08602995149107,26439700
2022-06-10,244.7762145996093,252.11977283149903,244.3311428589637,252.11977283149903,31422800
2022-06-13,234.3945770263672,240.9351106086177,233.6882819563293,237.1520524259518,46135800
2022-06-14,236.55221557617188,237.7616321691888,233.6689557887817,235.94266488900783,28651500
2022-06-15,243.5861053466797,247.0111804704721,238.4194826151361,240.2481194139805,33111700
2022-06-16,237.01661682128903,239.38707028498348,235.12992997318065,237.99382006995404,33169200
2022-06-17,239.60958862304688,242.36706412018737,236.10712319916604,236.75536866492723,43084800
2022-06-21,245.5018920898437,246.4790953572065,241.40921581403924,242.13486575130284,29928300
2022-06-22,244.9116973876953,248.8205400026025,242.2412961572336,243.7119508375324,25939900
2022-06-23,250.4556427001953,250.9490941058249,245.39546270431345,247.27247956979176,25861400
2022-06-24,259.00860595703125,259.2795140264686,253.2227477629766,253.3098221931424,33923200
2022-06-27,256.28985595703125,259.58911783064,254.7321123186452,259.50204339521724,24615100
2022-06-28,248.15293884277344,258.24430356414223,247.99812997940293,255.40943822517565,27295500
2022-06-29,251.81024169921875,253.464715477171,247.4563268162281,249.22691463647325,20069800
2022-06-30,248.4915313720703,251.10388274506585,244.68913309560924,248.70438985080887,31730900
2022-07-01,251.15220642089844,251.33604005543503,246.3435809305504,248.06580327530344,22837700
2022-07-05,254.31607055664065,254.4418545786392,246.46937685474165,247.84327202741883,22941000
2022-07-06,257.5670471191406,259.2892553163357,253.8807473851064,255.18692332453952,23824400
2022-07-07,259.68585205078125,260.3244273758523,256.4155857769769,256.5123449826114,20859900
2022-07-08,258.9699401855469,259.3956571562315,254.7418248204368,256.19312462228805,19658800
2022-07-11,255.9222106933593,257.87661708581794,253.66784185070392,257.02518316379025,19455200
2022-07-12,245.43414306640625,257.3057794671245,243.8570592390129,257.2477298377406,35868500
2022-07-13,244.51499938964844,245.31805374321544,240.05467060292145,242.067141495586,29497400
2022-07-14,245.83084106445312,246.85642391031848,237.95512128406688,242.4348047942675,25102800
2022-07-15,248.3851318359375,251.91662221794024,246.4984449912596,247.41759860652465,29774100
2022-07-18,245.9952850341797,252.37132447376123,245.0761315629332,251.31671696215605,20975000
2022-07-19,251.1039276123047,251.287761309825,245.44385164398503,249.21722578060667,25012600
2022-07-20,253.75489807128903,256.2704900620598,250.5040009952903,251.4618493254029,22788300
2022-07-21,256.241455078125,256.2898494477531,248.6850241528753,251.3554248784185,22404700
2022-07-22,251.9069366455078,256.71557796165024,250.65884004276225,256.6285035144892,21881300
2022-07-25,250.42662048339844,253.00994727720533,248.4722139294801,252.5261806476122,21056000
2022-07-26,243.7216033935547,251.44252883940965,241.46726406430727,251.4231592785773,39348000
2022-07-27,260.01483154296875,261.2822975208546,250.445944696224,252.68094375810009,45994000
2022-07-28,267.43585205078125,268.81941742326114,259.17311035737987,260.99207747518795,33459300
2022-07-29,271.62530517578125,272.8444066540802,267.6487572516535,268.68402502999385,32152800
2022-08-01,268.9839172363281,272.14774020428075,266.8843571782586,268.8000835642348,21539600
2022-08-02,265.8974609375,268.8677947225736,263.53667774646465,267.0391429404589,22754200
2022-08-03,273.29913330078125,274.295691421878,267.6293727908373,267.7745264077172,23518900
2022-08-04,274.4408264160156,274.5859505118883,271.07382928467115,272.6508838288538,18098700
2022-08-05,273.72479248046875,274.4407575248996,269.63211684357026,270.08685858100347,16774600
2022-08-08,271.21893310546875,276.6371253182812,270.2513998362798,274.8278133024093,18739200
2022-08-09,273.13458251953125,273.88925715701384,268.5968499150632,270.5609704551994,23405200
2022-08-10,279.7719116210937,280.400802313646,277.6239866748656,278.8140631743876,24687800
2022-08-11,277.7013854980469,281.7553522172892,277.2079636139316,281.40705441673725,20065900
2022-08-12,282.4326477050781,282.4326477050781,277.6240060475437,279.11401558943726,22619700
2022-08-15,283.9420166015625,284.62895702029766,280.691089155048,281.55220801909235,18085700
2022-08-16,283.20660400390625,284.4934395554,280.99097447536275,282.5099789943521,18102900
2022-08-17,282.4600830078125,284.4283433719824,280.6663411966556,280.9281190261752,18253400
2022-08-18,281.344970703125,283.03204200222694,280.28809521797484,281.36435178389024,17186200
2022-08-19,277.447265625,280.4529907173876,276.8752129457477,280.11362940883,20570000
2022-08-22,269.3027038574219,273.86944889431794,268.7888240939447,273.50100121683664,25061100
2022-08-23,268.0326232910156,270.37900717902073,267.02424456116967,268.0326232910156,17527400
2022-08-24,267.4023742675781,268.79858174374715,266.7430327003448,267.0339265183886,18137000
2022-08-25,270.3692626953125,270.5340758675693,266.17093562909554,268.8954719441874,16583400
2022-08-26,259.9366149902344,271.8140575547719,259.82997460687733,270.59236827950923,27549300
2022-08-29,257.1635131835937,259.2674999332414,255.8254786883463,257.76465225492166,20338500
2022-08-30,254.97222900390625,258.92812992723435,252.73248597704324,258.55971181711374,22767100
2022-08-31,253.5179443359375,258.98640028219296,253.3821879367977,257.31873884899386,24791800
2022-09-01,252.4804077148437,252.9555253881992,247.64217884234645,250.99694103030285,23263400
2022-09-02,248.2724151611328,256.68842221316766,246.7307755662362,253.74089939007345,22855400
2022-09-06,245.54786682128903,249.98856152174304,244.2777104301585,248.408159830305,21328200
2022-09-07,250.2406616210937,250.9581464072949,245.5187784892074,246.95376285633063,24126700
2022-09-08,250.6575927734375,252.5095072886724,247.0410378072732,249.6783301329259,20319900
2022-09-09,256.4169311523437,257.1635319672501,252.37377054080144,252.57737549512007,22084700
2022-09-12,258.54034423828125,259.316031521762,257.09566920762467,257.6968083589195,18747700
2022-09-13,244.32618713378903,252.4804010138248,243.93834353048703,250.96784794774865,33353300
2022-09-14,244.54917907714844,246.4980431807775,242.2609536822956,245.81933539305,23913000
2022-09-15,237.917236328125,243.7541387666204,236.59859756302296,242.1737221928397,31530900
2022-09-16,237.2966766357422,237.83964287173063,234.69817634172827,236.83126432370605,39791800
2022-09-19,237.08338928222656,237.68452841666505,233.5250071893504,235.0957332088687,26826900
2022-09-20,235.07635498046875,236.1041147886721,232.3518179959653,234.7079219968837,26660300
2022-09-21,231.68276977539065,240.1278775636452,231.634287475008,236.84097880590733,28625600
2022-09-22,233.65098571777344,236.4433999914544,230.34470650021217,230.63557065812216,31061200
2022-09-23,230.6840667724609,233.79644660106183,228.0467897547792,232.25479249816885,34176000
2022-09-26,230.2283935546875,234.106740937524,229.69511783060327,229.84056473429231,27694200
2022-09-27,229.22003173828125,234.44610429031408,227.36811729613825,232.68144911431068,27018700
2022-09-28,233.73834228515625,234.96001656386545,227.5911495376008,229.60789224789136,29029700
2022-09-29,230.27688598632807,232.6523709038743,227.28086605201813,231.6246111693645,27484200
2022-09-30,225.81678771972656,233.2244311957409,225.65195971871543,231.0428606260345,35694800
2022-10-03,233.4183654785156,234.26190138278795,227.52327510247312,228.2504653081486,28880400
2022-10-04,241.31082153320312,242.74580617588765,237.5294232899446,237.63607845360704,34888400
2022-10-05,241.6210327148437,242.9590672614732,236.67614880702004,238.50866730601555,20347100
2022-10-06,239.2843780517578,242.72641498774016,238.59597954139576,240.389706680764,20239900
2022-10-07,227.11602783203125,233.98070446797664,226.07856280672056,233.573464973842,37769600
2022-10-10,222.2777862548828,227.4262900818972,219.83442324055144,225.962219258619,29743600
2022-10-11,218.5545654296875,222.0935513527033,217.2940996232981,220.69734398530096,30474000
2022-10-12,218.8842163085937,220.9300450129457,217.1486624763332,218.54485501658385,21903900
2022-10-13,227.11602783203125,228.91945995498912,212.46557001660585,213.163673728378,42551800
2022-10-14,221.60874938964844,230.02477023152483,221.39543911705044,228.3764608896824,30198600
2022-10-17,230.30596923828125,231.6924861628052,227.98865719878884,228.64798396705297,28142300
2022-10-18,231.2464599609375,236.5113093692739,228.2116484355252,235.8423068812293,26329600
2022-10-19,229.2878875732422,232.3226990610641,227.1644900654512,229.83085382652337,19985700
2022-10-20,228.96795654296875,233.9710288478756,227.72688640768192,228.59952355559247,21811000
2022-10-21,234.75636291503903,235.609604075632,227.3681158672251,227.6008220368562,26299700
2022-10-24,239.7303466796875,240.3023993657229,233.9613079288476,236.34648327507583,24911200
2022-10-25,243.03665161132807,243.40508456640856,238.3535451916917,239.74004733273168,34775500
2022-10-26,224.28482055664065,231.0525321235999,223.06313174791288,224.1393736631292,82543200
2022-10-27,219.85382080078125,226.58275598538947,218.91332036173824,224.01334192609988,40424600
2022-10-28,228.6964111328125,229.4042200789136,219.17507739300945,219.3593012339201,40647700
2022-10-31,225.07020568847656,227.7753465559676,224.11999990021067,226.6506222319313,28357300
2022-11-01,221.2306365966797,228.57041637850017,220.4161871683512,227.46508792727667,30592300
2022-11-02,213.4060516357422,224.2654203807508,213.34786400262064,222.48138429440567,38407000
2022-11-03,207.7339782714844,213.7066366934069,207.4721856849331,213.3963618064245,36633900
2022-11-04,214.65684509277344,214.8507595155396,206.93892679101333,210.9336349146629,36789100
2022-11-07,220.9397735595703,221.4633587976089,214.55019910987951,215.23861235404937,33498000
2022-11-08,221.9093170166016,224.60476702569903,218.97147031751533,221.7444890427756,28192500
2022-11-09,217.6819305419922,221.6766382807976,217.5074120167321,220.45494942509427,27852900
2022-11-10,235.59022521972656,235.92958655895384,227.8529257557349,228.2698410290553,46268000
2022-11-11,239.5946044921875,240.4478456452281,234.5721369704996,235.59991144789905,34620200
2022-11-14,234.20372009277344,236.49194578262,231.93489028356817,234.6303406985499,31123300
2022-11-15,234.6109161376953,239.487936494884,232.72991540292844,238.1886937504624,31390100
2022-11-16,235.0387420654297,237.0514501535852,233.76500614633548,236.06939815763067,24093300
2022-11-17,234.99009704589844,236.51664531080124,231.0522161565144,231.198058101894,23123500
2022-11-18,234.5428466796875,236.9930953021771,232.41346518460608,236.7694511962655,27613500
2022-11-21,235.34991455078125,237.8973866399334,234.51371927043425,234.74706643193417,26394700
2022-11-22,238.24737548828125,238.51962368090963,234.04696420457608,236.8472334482416,19665700
2022-11-23,240.726806640625,241.40742716232413,237.5084322308361,238.32517685687512,19508500
2022-11-25,240.63931274414065,241.81581080755163,239.9003405690243,240.46428755240743,9200800
2022-11-28,235.06793212890625,239.8225733878172,234.13451381597585,239.2683590463428,24778200
2022-11-29,233.6775054931641,236.069402727706,231.6161932688572,234.71787945747192,17956300
2022-11-30,248.07752990722656,248.26227293636023,233.22049313047097,233.9108463177998,47594200
2022-12-01,247.63999938964844,249.03040883628205,243.97435155588244,246.8426904598809,26041500
2022-12-02,247.96090698242188,248.97211266889656,242.77844260274807,242.90484887721385,21528500
2022-12-05,243.27430725097656,246.7941135147601,241.19354435975268,245.03420296466007,23435300
2022-12-06,238.3349151611328,244.88835294425144,237.03201078829807,243.8771473447241,22463700
2022-12-07,237.6056671142578,239.3461270027659,235.5054686619729,238.0529405287907,20481500
2022-12-08,240.55177307128903,241.8546921233092,236.3319111474472,238.062638200754,22611800
2022-12-09,238.62657165527344,241.4365734953146,237.40145482814447,237.9265006579388,20609700
2022-12-12,245.52032470703125,245.5494930971703,240.32814355248385,240.600391751391,30665100
2022-12-13,249.80825805664065,256.614492351379,246.0648232599692,254.4462098866948,42196900
2022-12-14,250.09999084472656,255.32134114124744,247.27053790250687,250.0124856617093,35410900
2022-12-15,242.11721801757807,247.16355744305537,240.49344660406408,246.69684834391964,35560400
2022-12-16,237.9168243408203,242.9242630632895,236.76947979184487,241.6699776286764,86102000
2022-12-19,233.794189453125,238.42243914772908,232.1023632453267,238.08212143380248,29696400
2022-12-20,235.1068115234375,236.1860865482313,231.8203675163976,232.77323628356203,25150800
2022-12-21,237.6640014648437,238.82106381583225,233.4635897668888,234.99985605475112,23690600
2022-12-22,231.59669494628903,235.2915105915822,227.39626920138844,234.58170694753687,28651700
2022-12-23,232.1217498779297,232.25787396743928,227.46434761018264,229.5742784157877,21207000
2022-12-27,230.4008178710937,232.3162734921245,229.3020921713063,232.09264417818784,16688600
2022-12-28,228.03805541992188,233.0843952081068,227.68801986130745,230.33272967385747,17457100
2022-12-29,234.3386688232422,235.2234829457409,229.12703678909463,229.12703678909463,19770700
2022-12-30,233.18161010742188,233.3177342092285,230.1090777107405,231.616175518438,21938500
2023-01-03,232.9482879638672,238.947496993048,230.8286239175169,236.3514059271456,25740000
2023-01-04,222.75836181640625,226.4239949651541,219.705279749588,225.8503301279441,50623400
2023-01-05,216.1562957763672,221.25125412142148,215.6215172075252,220.91093644040888,39585600
2023-01-06,218.7037811279297,219.5108079571904,213.2782522890228,216.82721193090404,43613600
2023-01-09,220.8331756591797,224.8391416447206,220.14283719895343,220.18172344662707,27369800
2023-01-10,222.5152740478516,224.90717117777552,221.03734458217545,221.4554347527597,27033900
2023-01-11,229.24371337890625,229.41872372216184,224.7127021200409,224.88771246329648,28669300
2023-01-12,231.90789794921875,233.2594213403898,227.094919820166,228.7478598556648,27269500
2023-01-13,232.60797119140625,232.7440953170416,228.4172768560429,230.4397030343515,21333300
2023-01-17,233.69696044921875,234.24145690846152,230.5271898899736,231.3828356610212,29831300
2023-01-18,229.2826232910156,235.67076853478864,229.0006572078567,234.88319223600368,30028700
2023-01-19,225.510009765625,229.0006473536565,224.2946106317964,227.3088064182575,28623000
2023-01-20,233.570541381836,234.0761515675921,228.0185916995672,228.3589093861448,35389800
2023-01-23,235.865234375,238.3835379806386,233.0163309081373,234.42620586269453,31934000
2023-01-24,235.3401794433593,237.19731304543689,233.7844773158166,235.78745289233305,40234400
2023-01-25,233.94976806640625,236.56530958865665,224.5085403000208,227.9894454823822,66526600
2023-01-26,241.1351928710937,241.4366094883561,235.30127691453504,236.90559786802248,33454500
2023-01-27,241.290756225586,242.9145276437586,239.9975698020656,242.0977830088241,26498900
2023-01-30,235.9916381835937,238.80164053803625,235.49574581512883,237.7418011609033,25867400
2023-01-31,240.950439453125,241.08656355946167,236.22496713827303,236.7111267803919,26541100
2023-02-01,245.75372314453125,248.1164521150048,238.6752392493785,241.13520609235903,31259900
2023-02-02,257.2757263183594,257.36323150604915,250.12917259535388,251.65572121722164,39940400
2023-02-03,251.1986541748047,256.88672704262075,249.9832552574433,252.35571631795867,29077300
2023-02-06,249.66238403320312,251.15003118493783,247.72747836908985,250.31385093688988,22518000
2023-02-07,260.1537475585937,261.33024559426707,252.88078856760487,253.31834411841427,50841400
2023-02-08,259.34674072265625,269.0991022332483,258.84111568990085,265.63764785701306,54686000
2023-02-09,256.32281494140625,266.3960585481187,255.525505975814,266.2210185187912,42375100
2023-02-10,255.81719970703125,256.77978626583,253.44473837157508,254.2906513684381,25818500
2023-02-13,263.8096923828125,266.9988986544617,259.7551076492649,260.23156430688056,44630900
2023-02-14,264.6361694335937,267.3586517330217,261.8261522809417,265.12232910655104,37047900
2023-02-15,262.5208740234375,263.8952813592712,259.4601307903443,261.5461195793408,28922400
2023-02-16,255.5319061279297,260.0060260617434,255.2882174839497,257.3546924253558,29603600
2023-02-17,251.5451812744141,253.52393201360653,249.53718908576167,252.8416216104908,30000100
2023-02-21,246.291259765625,249.0400750640908,245.2385229411217,248.0555633319736,28397400
2023-02-22,245.1605834960937,247.91914146734567,244.02012212257884,247.6754527582978,22491100
2023-02-23,248.33824157714844,250.3559759296498,244.15653587973247,249.10829119149065,29219100
2023-02-24,242.92837524414065,244.6634374753948,241.83665470499025,243.64969909955173,24990900
2023-02-27,243.84461975097656,246.43747061453573,243.09405452761465,246.08655835575647,21190000
2023-02-28,243.1233367919922,245.141086337107,242.45075361028725,242.78218154124548,22491000
2023-03-01,240.0528259277344,244.59517118132,239.58493299824488,244.4294646797165,27565300
2023-03-02,244.77066040039065,245.0533327272031,239.4095093951341,240.32578121944115,24808200
2023-03-03,248.8451385498047,249.1668094085541,245.0436008983609,245.8234076886405,30760100
2023-03-06,250.3852081298828,253.5531605645409,249.5176771350271,249.9563137281879,24109800
2023-03-07,247.73390197753903,251.1845419575837,246.99309375726955,249.829618640908,21473200
2023-03-08,247.29522705078125,248.1140173054097,244.4781869883585,247.62664002904884,17340200
2023-03-09,245.9501190185547,253.0073336989174,245.22879516854297,249.36176055143883,26653400
2023-03-10,242.31427001953125,246.4082368307068,241.3492723748031,244.74141460422547,28333900
2023-03-13,247.5097198486328,251.3989965851208,239.52647621107045,241.1543148292338,33339700
2023-03-14,254.206283569336,254.479213692258,249.4007352202757,250.26826629818711,33620300
2023-03-15,258.7388916015625,259.7526448252449,252.66615907277225,253.41673923474747,46028000
2023-03-16,269.2272644042969,269.57816182335324,256.6334203873444,258.514689849532,54768800
2023-03-17,272.37567138671875,276.1772083863334,269.3441988521381,271.23522516040924,69527400
2023-03-20,265.35748291015625,270.47494508940247,263.0375619626868,269.98756773899805,43466600
2023-03-21,266.86834716796875,268.0575491212291,262.7158825243108,267.9405833138844,34558700
2023-03-22,265.4159545898437,273.9450578612845,265.3087161087697,266.4979179833595,34873300
2023-03-23,270.6503601074219,273.9645197282161,268.2524721711086,270.9232901997897,36610900
2023-03-24,273.4869384765625,273.54542137989336,268.3304776871036,270.24098860593506,28172000
2023-03-27,269.4027099609375,274.3544507705297,268.56440544663616,273.41869458351096,26840200
2023-03-28,268.2817687988281,269.1687992182552,265.18202599070054,268.8276290958363,21878600
2023-03-29,273.42840576171875,274.0425058819728,271.38141527658803,271.91751837517444,25087000
2023-03-30,276.8790588378906,277.27871183195333,274.3739618829966,277.054537290587,25053400
2023-03-31,281.021728515625,281.9672416312898,275.85554123239365,276.5671227721079,32766000
2023-04-03,279.97882080078125,280.992544334595,276.78162637356223,279.286723502298,24883300
2023-04-04,279.9300231933594,283.117489822551,278.45816395278734,279.9787787723989,25824300
2023-04-05,277.1617736816406,279.90083226436434,275.77763853693574,278.6336629350254,22064800
2023-04-06,284.2384338378906,284.70629698554035,274.9100256186965,276.0602288528665,29770300
2023-04-10,282.08428955078125,282.2889797177499,277.5224147425445,281.90881108908263,23103000
2023-04-11,275.6897888183594,278.76028914263696,274.52985838680974,278.5360849095031,27276600
2023-04-12,276.33319091796875,279.7643463826104,274.8418174679427,277.6003898328518,27403400
2023-04-13,282.5228576660156,282.58134055975376,276.021261419223,276.4306416753899,24222700
2023-04-14,278.9162902832031,281.19721243469814,276.52812965920475,279.7545649448243,20987900
2023-04-17,281.5091552734375,284.23848637686285,278.93581824426053,282.6106328823751,23836200
2023-04-18,281.09002685546875,284.3944597878288,279.7643746535523,284.2092540026853,20161800
2023-04-19,281.16796875,281.75279769664104,277.3566747962618,278.7700510801762,17150300
2023-04-20,278.8871154785156,281.7334129295421,277.8831191022566,278.04884052716665,23244400
2023-04-21,278.5458984375,279.04300308117706,275.91404898236954,277.8148324496472,21676400
2023-04-24,274.6566467285156,277.75638957147896,271.6836565150722,274.9685754009273,26611000
2023-04-25,268.4668884277344,274.49086389532874,268.4181328560901,272.453630628669,45772200
2023-04-26,287.9132995605469,292.0072813214267,285.3399625443694,289.20974000859206,64599200
2023-04-27,297.1344909667969,297.495175228431,287.79635312272336,288.4981777647632,46462600
2023-04-28,299.5031433105469,301.13096702652024,295.6528502866571,296.3351904861564,36469600
2023-05-01,297.8460693359375,300.8093322076719,297.4464163049507,299.2204771506516,21294100
2023-05-02,297.6998291015625,301.3746435203023,296.237697087883,299.9905085390908,26404400
2023-05-03,296.7153015136719,300.8190101503688,296.413129960088,298.87925796823623,22360800
2023-05-04,297.6998291015625,299.9905085390908,295.74056268414336,298.5088623937183,22519900
2023-05-05,302.8075866699219,304.094270204725,296.58864599886385,298.0020524230705,28197100
2023-05-08,300.8580017089844,302.3688891891244,298.36263230970064,302.3006492277248,21318600
2023-05-09,299.24969482421875,302.2129574604757,298.5771116971217,300.22444953048654,21340800
2023-05-10,304.4256286621094,305.09821176430125,299.9027824610233,300.8287815493971,30078000
2023-05-11,302.2811584472656,303.2656701896078,298.5283767405059,302.2714311285641,31680200
2023-05-12,301.16998291015625,302.80756378679547,298.8598188614768,302.71008236022425,19774700
2023-05-15,301.6475830078125,302.0764774582507,299.82479646702666,301.2966855922646,16336500
2023-05-16,303.8700561523437,305.7903243255261,302.0082708882203,302.0082708882203,26730300
2023-05-17,306.7420349121094,307.1620885056331,303.5573787677108,305.0715691203483,24315000
2023-05-18,311.1575927734375,311.665592368816,306.4685537852504,307.2598287418547,27276000
2023-05-19,310.98175048828125,311.38227715164794,309.05728471229986,309.4187276052405,27546700
2023-05-22,313.7561340332031,315.1335464128176,310.6594231373723,311.23578210832846,24115700
2023-05-23,307.97296142578125,315.26051959828607,307.9631830299581,312.63269496953484,30797200
2023-05-24,306.59552001953125,309.18426063109985,305.384161727715,307.4551840291494,23384900
2023-05-25,318.3865661621094,319.3438949651791,312.6033903237595,315.7684901108892,43301700
2023-05-26,325.1954650878906,325.69365647680604,316.3937162001289,316.5304646832212,36630600
2023-05-30,323.55426025390625,327.9795506793169,322.8802068277949,327.4813593124993,29503100
2023-05-31,320.7995300292969,328.1750056152529,319.7640036932789,324.6093785426529,45950600
2023-06-01,324.892578125,325.8206313081567,317.21427212946173,318.396295279445,26773900
2023-06-02,327.6474609375,329.6989268894717,324.8633307035517,326.5240483342397,25873800
2023-06-05,328.1749267578125,330.7343620719764,326.92451447409195,327.4715679849584,21307100
2023-06-06,325.9671630859375,327.6181020499909,324.4920861780968,327.57901828059016,20396200
2023-06-07,315.9052734375,326.75845825838536,315.045609330463,323.9841067025186,40717100
2023-06-08,317.7417907714844,319.08989754628954,315.8759358684607,316.4522947423508,23277700
2023-06-09,319.23651123046875,322.3625278277662,316.9115183125898,317.4780989455627,22529000
2023-06-12,324.1794738769531,324.42369526305714,317.64410719983425,320.9850390669164,24260300
2023-06-13,326.5631408691406,329.1909658826221,322.7532924631113,326.7389731466065,22951300
2023-06-14,329.5426025390625,331.2033200737011,325.1173117243528,326.61194558065387,26003800
2023-06-15,340.0538635253906,341.753634830536,329.4058170677285,329.6793438273172,38899100
2023-06-16,334.41717529296875,343.3459224105444,334.04598387273194,343.19939555884866,46552000
2023-06-20,330.2361755371094,334.1730234363889,328.0967936208768,331.4670609717045,26375400
2023-06-21,325.8499755859375,329.9236018707608,324.39442550484875,328.5950218821544,25117800
2023-06-22,331.8578186035156,332.2583453008443,325.63506173065974,326.39703135157714,23556800
2023-06-23,327.27618408203125,330.1482299651682,325.74249643584824,326.6314360457984,23146900
2023-06-26,321.0046081542969,328.340998601614,320.8971352379601,326.00625756335666,21520600
2023-06-27,326.8365783691406,328.38004429209786,321.68837287006505,324.18919728458985,24354100
2023-06-28,328.0870056152344,330.1677765285819,326.0941508206252,326.924509469394,20259500
2023-06-29,327.3054504394531,328.3409466072507,324.9316260064178,326.97331297168574,16997000
2023-06-30,332.66864013671875,334.8080220472076,329.4058457163647,329.94312088694005,26832800
2023-07-03,330.17755126953125,333.02029191600536,328.7903904255227,331.3498259032752,12508700
2023-07-05,330.3338623046875,333.7529619318794,326.9929302209396,327.3445947298887,18172400
2023-07-06,333.3817138671875,335.0619581701481,327.7450950952517,329.5034771232006,28161200
2023-07-07,329.4253234863281,333.8896972947202,329.21040748776585,331.4767889612989,21214800
2023-07-10,324.1598815917969,327.48131592887023,320.01789687690416,326.86587333332807,32791400
2023-07-11,324.7851867675781,325.1661566846007,319.4416208471581,323.4077743662795,26698200
2023-07-12,329.4057922363281,333.7529146882439,327.9111586604982,328.81965499219945,29995300
2023-07-13,334.73956298828125,335.7945861289157,331.18368573483207,331.71121221123786,20567200
2023-07-14,337.25994873046875,343.3068725083686,336.35145234816736,339.55563567406386,28352700
2023-07-17,337.7386169433594,338.9694723365567,334.2902125016096,337.6897547836129,20363900
2023-07-18,351.1806030273437,358.302107565512,334.2609666964125,337.8363418414127,64738600
2023-07-19,346.8725280761719,354.0819486228708,344.293565577068,353.388368189592,39732900
2023-07-20,338.8522644042969,349.6956992819866,337.3869361725058,345.3974090978353,33778400
2023-07-21,335.82391357421875,342.20297462021114,331.9749823654145,341.07956227112305,69405400
2023-07-24,337.1329345703125,338.9011247209187,334.3976671440658,337.85585009967554,26678100
2023-07-25,342.8673400878906,343.75630961701245,337.09394225294653,339.0867675369492,41637700
2023-07-26,329.9626159667969,336.70314999869004,325.41032580255074,333.5477989926325,58383700
2023-07-27,323.0756225585937,333.4403649695194,321.444210409782,332.61003601882766,39635300
2023-07-28,330.5487365722656,332.1508430764587,325.4689499409115,325.9573926830905,28484900
2023-07-31,328.1553955078125,329.89425053304086,325.6545411607463,329.13228102338303,25446000
2023-08-01,328.565673828125,330.7148339075202,325.9867115450311,327.4422614370604,18311900
2023-08-02,319.9300231933594,325.9183364890345,318.8163593371292,325.9183364890345,27761300
2023-08-03,319.1094055175781,322.25497786737617,318.41582519365545,318.46465754141326,18253700
2023-08-04,320.2035522460937,327.393445572908,319.67602568873457,324.20878906184083,23741500
2023-08-07,322.47967529296875,323.45656084506595,319.94954529049863,320.77990397221754,17741500
2023-08-08,318.5135192871094,321.151122177393,315.5340303066097,319.4024887084689,22327600
2023-08-09,314.78179931640625,319.5489751191951,313.6290518646597,318.9237839533281,22373300
2023-08-10,315.4656677246094,320.6724848006537,313.75611788086866,318.48424072838094,20113700
2023-08-11,313.59002685546875,314.9576606059445,311.83161505156005,312.8573627235517,24355500
2023-08-14,316.54998779296875,316.5695147707091,312.68149972344554,313.9612471638397,18836100
2023-08-15,314.4203796386719,317.5757308061961,313.482577825794,315.53404351386234,16966300
2023-08-16,313.65673828125,317.5921510091484,313.069360125936,314.0483137596947,20698900
2023-08-17,310.2109375,315.09590822983125,309.5550251977014,313.79391260029473,21257200
2023-08-18,309.8193359375,311.679342341884,304.99307058455463,307.8711973932979,24755000
2023-08-21,315.10565185546875,315.9769051965937,310.3675190796091,311.23877242073405,24040000
2023-08-22,315.6734619140625,319.2172702035748,314.69450802744353,318.6494900944686,16084600
2023-08-23,320.1179504394531,322.27166113870885,316.652444996216,317.0048839630508,21166400
2023-08-24,313.23583984375,325.97203798658785,313.2260407459276,325.84476921609,23281400
2023-08-25,316.1825256347656,318.5124107055097,312.0904758312742,314.70429575926823,21684100
2023-08-28,316.88739013671875,319.2858092722639,314.949050654982,318.8061314202153,14808500
2023-08-29,321.49822998046875,322.0562408320529,315.1056626837717,315.1056626837717,19284600
2023-08-30,321.8702087402344,322.86873080054954,319.57946057224274,321.7527390714088,15222100
2023-08-31,320.8619079589844,323.9456064626788,319.9025224771531,322.27160382501023,26411000
2023-09-01,321.7429504394531,325.0028533565905,319.9025125671937,324.33717196139406,14942000
2023-09-05,326.5299987792969,327.80265653043256,321.74293066142496,322.07577133856296,18553900
2023-09-06,325.8741149902344,327.42084870322736,323.2309280293988,326.36359184407087,17535800
2023-09-07,322.9666748046875,326.0699418421109,322.1051906191248,324.3176359252016,18381000
2023-09-08,327.23486328125,329.08510023164433,322.52609807587226,323.1428437260037,19530100
2023-09-11,330.82763671875,331.29754527961506,328.3704532160462,330.1423571352341,16583300
2023-09-12,324.7875061035156,329.7018735211136,324.5036309989416,328.75228709732,17565500
2023-09-13,328.9872131347656,329.76059500536803,324.2001445661415,324.3371825636095,16544400
2023-09-14,331.5717163085937,333.6862305598508,329.4865396056531,332.0122276628957,20267000
2023-09-15,323.2701416015625,330.2990230757852,322.7121307368876,329.829144347891,37679800
2023-09-18,322.13446044921875,323.4462546524429,319.4912738511169,320.90096938673224,16834200
2023-09-19,321.733154296875,322.45760041034737,317.6803011768475,319.30536803908217,16505900
2023-09-20,314.0190124511719,322.65339248865484,313.76450476801705,322.5750893265996,21436500
2023-09-21,312.8051147460937,318.50263318201627,308.37045511046944,312.54080796824985,35560400
2023-09-22,310.3381652832031,314.68472270748657,309.4962494486184,314.5574539286877,21447900
2023-09-25,310.8570251464844,310.98429393163934,308.3704739123921,309.92700700519936,17836000
2023-09-26,305.5706481933594,309.2319257820145,303.4952410779612,308.4977104446982,26297600
2023-09-27,306.2070007324219,307.6852008158054,303.1722376476752,305.7272930031046,19410100
2023-09-28,307.03912353515625,308.8403951730469,302.9373041972711,304.44487173232886,19683600
2023-09-29,309.10467529296875,312.746384776468,308.35089159051364,311.0625829749512,24147300
2023-10-02,315.0273132324219,315.1154453625428,308.5466440139972,309.6234991428816,20570000
2023-10-03,306.7943725585937,314.6260036436558,304.6602303826851,314.0777619824239,21033500
2023-10-04,312.24713134765625,313.3044183025866,307.391528310135,307.4208957324774,20720100
2023-10-05,312.6387634277344,313.24574005798826,308.2726365572095,312.37445657889566,16965600
2023-10-06,320.3724365234375,322.2618102249638,309.6430811517103,309.8878196065806,25673600
2023-10-09,322.8785400390625,323.34841872912307,316.3782726571084,317.9152372482106,19891200
2023-10-10,321.4786682128906,324.13162477364205,320.7738202479149,323.9945568948938,20557100
2023-10-11,325.4238586425781,325.8154342155564,322.212891143674,324.2393029495446,20063200
2023-10-12,324.1903381347656,326.6083551720829,321.8016885159057,323.6127589882386,19313100
2023-10-13,320.83251953125,326.8041134369332,319.4913278140148,325.3846484410319,21072400
2023-10-16,325.63922119140625,329.06555964733286,323.6421469834392,324.0826582883067,22158000
2023-10-17,325.0714416503906,326.4419711859503,320.51931182231954,322.6534242330698,18338500
2023-10-18,323.1624450683594,328.5271229876209,321.3905409680336,325.4923600401383,23153600
2023-10-19,324.34698486328125,329.78996567974724,323.9456102144574,325.1595033838665,25052100
2023-10-20,319.7948913574219,324.9343994561592,318.60056637565555,324.7385967213242,25027700
2023-10-23,322.3890380859375,325.7272737717355,317.5628035384839,318.620060384211,24374700
2023-10-24,323.5735778808594,324.8560048878325,320.7052505981055,324.3273615041399,31153600
2023-10-25,333.500244140625,338.9138581081017,330.5144167677778,337.7586697804962,55053800
2023-10-26,320.9891967773437,334.4400133073603,320.0591786565096,333.37295718073534,37828500
2023-10-27,322.8687744140625,329.63334926048014,321.4884458683103,323.4757210351802,29856500
2023-10-30,330.2109069824219,332.3058824741977,324.8462293530412,326.39299310170355,22828100
2023-10-31,330.9940795898437,331.865362876774,327.64607407506094,331.71852577091533,20265300
2023-11-01,338.7865295410156,340.10812307119625,332.50163335597534,332.63870122035286,28158800
2023-11-02,340.9891357421875,341.4883817785373,337.5138324287733,339.9318490910942,24348100
2023-11-03,345.3749389648437,346.9315020236901,340.02005970434163,342.27167169728,23637700
2023-11-06,349.0264587402344,350.0152118128962,345.9133922766887,346.0112936490332,23828300
2023-11-07,352.9422912597656,354.8316653462804,350.1033305798498,351.83606843829466,25833900
2023-11-08,355.5560302734375,356.211912585882,352.9617788165993,354.0680013849328,26767800
2023-11-09,353.098876953125,357.1125938314782,352.77580544293505,354.67497835793193,24847300
2023-11-10,361.8898620605469,362.3108050217642,353.47085345970584,353.8819973228906,28042100
2023-11-13,358.9628295898437,360.7151655370174,358.1992466988061,360.4704270478989,19986500
2023-11-14,362.4772338867188,364.1218990717547,359.61870535436486,363.2016800561241,27683900
2023-11-15,362.6243896484375,366.0184363495822,360.1131537221127,364.20368992773217,26860100
2023-11-16,369.0005493164063,369.17711149272384,363.1246930041327,363.8898257041159,27182300
2023-11-17,362.8009338378906,367.2347751466243,360.00524677898665,366.4892506146671,40157000
2023-11-20,370.2463073730469,371.64904556813445,363.9290460653395,364.1448542442713,52465100
2023-11-21,365.9595642089844,369.0495215118682,364.04671781694736,368.5100160863887,28423100
2023-11-22,370.6484375,372.5514647913544,367.8233235855797,370.79557261305655,23345300
2023-11-24,370.2364501953125,370.7661665682208,367.9901174917075,370.1383501357465,10176600
2023-11-27,371.39398193359375,373.3853204961733,369.0299409491242,369.5988734413345,22179200
2023-11-28,375.406005859375,375.7002760855908,370.9525268417298,371.1389079636444,20453100
2023-11-29,371.6294250488281,376.97553440384473,370.24629493974936,376.4458479300218,28963400
2023-11-30,371.6882934570313,372.8457964517108,368.3138546072338,371.2762851366522,30554400
2023-12-01,367.3721618652344,370.9525899274523,364.23313921740737,369.579278745005,33040500
2023-12-04,362.1044921875,362.4772245359519,355.9834013927852,362.0652461744231,32063300
2023-12-05,365.4200744628906,365.9693989437116,358.6515885888232,359.46578625799856,23065000
2023-12-06,361.7709655761719,367.0484320232483,361.0156519151652,366.4206454596968,21182100
2023-12-07,363.8799743652344,364.3704447283438,359.3382140130918,361.2118143924818,23118900
2023-12-08,367.0974731445313,367.3230703614092,361.2118285564288,362.1633422956095,20154400
2023-12-11,364.2232971191406,364.51759731266617,359.12242306000167,361.4570668899954,27708800
2023-12-12,367.24462890625,367.2838749211047,363.3993277208236,363.7819090097957,24838300
2023-12-13,367.23480224609375,370.4424978188213,363.703409381408,368.8533485777596,30955500
2023-12-14,358.9556579589844,366.6364411485853,357.18997650221536,366.1950058164245,43277500
2023-12-15,363.6642150878906,365.3023695567354,359.2990162951195,359.8581597688427,78502300
2023-12-18,365.5475769042969,365.8909121656344,361.6532407972144,362.4085843593443,21802900
2023-12-19,366.1459655761719,366.1459655761719,362.791134932601,364.40968123442,20603700
2023-12-20,363.5562133789063,368.8631058069324,363.46793231406207,367.8527381502504,26316700
2023-12-21,366.4205932617188,367.2740068711911,362.9873008510564,365.459260609797,17708000
2023-12-22,367.4407958984375,368.0293663723626,365.6064413711889,366.5579551555188,17107500
2023-12-26,367.5192565917969,369.7558002532684,366.3813617554784,367.8527728468658,12673100
2023-12-27,366.9405212402344,367.9116430236214,365.7045262897879,366.5677589576593,14905400
2023-12-28,368.12744140625,369.2849443001597,367.0287925621367,368.2157224809446,14327000
2023-12-29,368.873046875,369.9716959601351,366.3618404129934,368.83380085454735,18730800
2024-01-02,363.801513671875,368.7356447522221,359.7796503608471,366.73451711634624,25258600
2024-01-03,363.5366516113281,366.1459576250118,361.48648901542015,361.9769593953772,23083500
2024-01-04,360.9273681640625,365.98902639400353,360.17205450864094,363.6053473830013,20901500
2024-01-05,360.7409973144531,364.9688499798779,359.51482125288123,361.9377463479848,21004600
2024-01-08,367.5487060546875,368.0489954358008,361.9769695664422,362.26142084093584,23134000
2024-01-09,368.6277465820313,368.8239167777909,364.1154129764403,364.91979160608497,20830000
2024-01-10,375.4746398925781,376.8479807442616,369.1475906941765,369.1966257520512,25514200
2024-01-11,377.29925537109375,383.2339350900792,373.1302570741052,378.6431394441378,27850800
2024-01-12,381.0660705566406,381.27205974083927,377.3188695476479,378.14285622037966,21661200
2024-01-16,382.831787109375,386.52013440392574,380.2322997601581,386.1571910674611,27202300
2024-01-17,382.0469970703125,382.6747835868636,377.4758095594247,380.585404924774,22234100
2024-01-18,386.3631591796875,386.4808672893111,382.68463107425833,384.2541423864291,23392100
2024-01-19,391.0716857910156,391.0716857910156,386.0002086328452,388.2171444423586,29331100
2024-01-22,388.9528503417969,392.9845027036078,386.0884900033909,392.395932230134,27016900
2024-01-23,391.29730224609375,391.7681646348443,386.42202498468174,388.2073445307626,20525900
2024-01-24,394.8874816894531,397.8989767917514,392.8177112032317,393.8869329627974,24867000
2024-01-25,397.1534729003906,399.25270045475327,394.858075159448,396.6139674673759,21021200
2024-01-26,396.2314147949219,398.4287425690661,394.7600035777077,396.6630311468464,17803300
2024-01-29,401.9110412597656,402.1660954317092,396.6237563010018,398.3207945584323,24510200
2024-01-30,400.8026123046875,405.17760004808207,398.70341448382425,404.4026783420674,33477600
2024-01-31,390.00244140625,407.404352059521,389.6394980894709,399.2036711669298,47871100
2024-02-01,396.0843200683594,400.2238919125394,394.14204628655096,394.1714733164599,30657700
2024-02-02,403.3824462890625,404.78518434173446,395.8684367403234,396.113671921669,28256700
2024-02-05,397.9186096191406,403.32360273615,396.290244380319,402.0876078105048,25352300
2024-02-06,397.76171875,400.1944629759933,395.2309043820716,398.1443000729336,18382600
2024-02-07,406.1585083007813,406.4037434899342,399.63525825649936,399.674504268826,22340500
2024-02-08,406.2173767089844,407.6397528307197,404.6675034305695,406.15852265638233,21225300
2024-02-09,412.5345764160156,412.7994495492497,407.1786488746158,407.33560297017937,22032800
2024-02-12,407.3454895019531,412.7210259706923,406.8452001103824,412.5444638098807,21202900
2024-02-13,398.5758666992188,402.2543946406928,395.701717385572,397.2221636270064,27824900
2024-02-14,402.42822265625,402.7721928081846,397.5930862054174,401.03272774217567,20401200
2024-02-15,399.54876708984375,402.07445398469247,397.3179246135389,401.1015363834754,21825500
2024-02-16,397.0918884277344,401.2489518855877,396.4825852713034,400.9246260176193,22296500
2024-02-20,395.8438415527344,397.5145068330212,391.1462744848481,396.28606324841394,24307900
2024-02-21,395.2442932128906,395.3524118295115,390.3698381114288,393.2689765841808,18518900
2024-02-22,404.551025390625,405.7106689082216,401.5241536683513,403.1162117164581,27009900
2024-02-23,403.2635803222656,408.6883757427927,401.9172111140197,408.5016799323737,16295900
2024-02-26,400.5119018554688,405.05222425854834,400.3349831970826,404.3642838981377,16193500
2024-02-27,400.4529113769531,401.2784217577938,396.8855068799419,400.9540958991776,14835800
2024-02-28,400.6887817382813,402.24152110085487,398.33017625490425,401.1408405413653,13183100
2024-02-29,406.5067443847656,407.057084720192,398.91987548490425,401.59296996753153,31947300
2024-03-01,408.3346252441406,408.6982397267373,403.7943028017663,404.1775615837775,17823400
2024-03-04,407.76458740234375,410.1526740907754,405.2094192211678,406.3100996705869,17596000
2024-03-05,395.7062072753906,407.1061687535314,393.7308905561475,406.8211614689715,26919200
2024-03-06,395.1558837890625,398.1729482982256,391.5197089331465,396.02071283324057,22344100
2024-03-07,402.0842895507813,402.7132369902085,395.30325783772497,399.1163510354161,18718500
2024-03-08,399.2146606445313,403.3422428484954,397.3572396553584,400.92464441897226,18002200
2024-03-11,397.5439453125,398.68394443475927,394.3401851841924,396.7970720878644,16120800
2024-03-12,408.118408203125,408.4034154899357,399.7748296289143,400.5905029088669,22457000
2024-03-13,407.9415283203125,410.9683999440695,404.3544792559954,410.88979275530687,17115900
2024-03-14,417.8869934082031,420.4421618629372,410.7816654727546,412.99286375239626,34157300
2024-03-15,409.2387390136719,415.3121560642416,405.6713345351322,412.0592402980969,45079900
2024-03-18,410.1232299804688,413.4744273628243,406.6442696787311,407.1061656227225,20106000
2024-03-19,414.1427001953125,414.398226038262,408.38374152289526,410.6244212473784,19837900
2024-03-20,417.8967895507813,418.6141812833587,413.40559339888034,414.722481090592,17860100
2024-03-21,421.9653930664063,423.3903994195494,419.79351351352574,422.4174518440492,21296200
2024-03-22,421.3462829589844,422.446963535343,418.7223444405752,422.2897491598315,17648500
2024-03-25,415.5677185058594,420.03927125139006,414.3392748930156,417.9066799433217,18060500
2024-03-26,414.3785400390625,418.6436921137748,414.08372560652526,418.2702405050307,16725600
2024-03-27,414.1623229980469,417.1302615081193,411.7840733216957,417.1204243635022,16705000
2024-03-28,413.4645690917969,414.5947310272611,411.89215553357553,413.7004206285772,21871200
2024-04-01,417.2481994628906,420.5109524938084,414.9387197575333,416.6388963047316,16316000
2024-04-02,414.1722106933594,415.0960026612766,410.6342871982826,412.8651299341305,17912000
2024-04-03,413.1992492675781,415.9607877333754,411.8626872035861,412.49166464341647,16502300
2024-04-04,410.6735534667969,421.2774854551743,410.36890189824567,417.6609252369343,19370900
2024-04-05,418.1818237304688,419.15477140454254,411.1060069616712,412.7668650207588,16554800
2024-04-08,417.2678527832031,419.91146556821536,416.00009070624833,417.8378673566601,14272400
2024-04-09,418.9286804199219,420.3634939121141,414.3490398303801,419.0859247739188,12496900
2024-04-10,415.9608154296875,416.71752584552905,412.46221066374153,414.90926057255786,16216600
2024-04-11,420.55023193359375,421.9654011694112,415.07628079166767,418.4766338120234,17966400
2024-04-12,414.6242065429688,417.8476407951663,412.5309342100816,416.7371231732088,19253800
2024-04-15,406.5067443847656,419.45944655068297,406.30034426550657,419.2432392766727,20273500
2024-04-16,407.4304809570313,411.1846115754289,406.5951633512696,407.42067380289205,16765600
2024-04-17,404.73773193359375,411.6563341009439,403.25376259314334,410.0544389834795,15855500
2024-04-18,397.29827880859375,404.7868957018634,396.9838200607476,403.54861503604855,21029900
2024-04-19,392.237060546875,398.4873961854359,390.9103356715456,397.0623898394721,30565800
2024-04-22,394.04534912109375,395.9027700554988,388.9252051027742,393.1805201140456,20286900
2024-04-23,400.5413818359375,401.1605221597847,396.10914808184776,397.2687915502586,15734500
2024-04-24,402.0056457519531,405.3568429660157,399.7649661766944,402.4970231148721,15065300
2024-04-25,392.1585083007813,392.9938559312525,381.3383676792714,387.2348968478242,40586500
2024-04-26,399.3129577636719,405.8777529623426,398.76261744709456,405.0620796331898,29694700
2024-04-29,395.3131103515625,399.3129295050505,392.3058831233316,398.2613746922827,19582100
2024-04-30,382.6159362792969,395.2246979226767,382.45872189410846,394.5662389705951,28781400
2024-05-01,388.129150390625,394.792226173252,383.5789912516123,385.83931510454033,23562500
2024-05-02,390.9791259765625,393.0330796991759,387.8441360864439,390.80223732859616,17709400
2024-05-03,399.6470336914063,400.1285739017596,394.9297930918896,395.3425632659736,17446700
2024-05-06,406.4084167480469,406.7916755135943,399.3620518377186,401.7108501382599,16996600
2024-05-07,402.2808532714844,407.5189532422579,402.03516456718575,407.50911609687097,20018200
2024-05-08,403.4601745605469,405.1210326153664,399.6962067828019,401.13105042212936,11792300
2024-05-09,405.20947265625,405.60256858412407,402.045000951224,403.48965172941627,14689700
2024-05-10,407.5877075195313,408.2166849740278,404.698406069441,405.8187609135271,13402300
2024-05-13,406.5852661132813,411.1354250657847,403.735283548624,410.8012920746048,15440200
2024-05-14,409.3763427734375,410.29029755221785,404.45273155985166,404.9146275219176,15109300
2024-05-15,416.5338439941406,417.2525598208021,410.8137421375517,411.433999213995,22239500
2024-05-16,414.4761962890625,418.8376756715858,413.84611435268135,415.2736611097877,17530100
2024-05-17,413.7082824707031,416.3763735645946,411.56201978291415,416.00224831627656,15352200
2024-05-20,418.7588806152344,420.1667475860199,413.49165301735496,413.7082502471213,16272100
2024-05-21,422.401611328125,426.2707964989618,418.27643943862864,420.2257843102985,21453300
2024-05-22,423.8587341308594,425.7195053768376,420.5212017999642,423.43539455106486,18073700
2024-05-23,420.3931884765625,426.89107515061806,418.837648446434,426.2708180980622,17211700
2024-05-24,423.5043029785156,424.3903716147688,417.84327052223153,420.5802554471063,11855300
2024-05-28,423.661865234375,424.1541289660439,419.999421868943,422.9825388810405,15718000
2024-05-29,422.5296325683594,424.27223522977,419.1034664398289,419.1034664398289,15517100
2024-05-30,408.2539978027344,417.7349716036768,407.8306281783295,417.7349716036768,28394500
2024-05-31,408.7068481445313,410.3017776619535,398.2511723788605,410.3017776619535,47995300
2024-06-03,407.1217346191406,409.9867127825708,402.59293289369214,409.10064418608687,17484700
2024-06-04,409.6322937011719,409.9965640062738,403.3411496361208,406.04859979558495,14348900
2024-06-05,417.4494934082031,417.5183874951578,409.8587651411263,411.3454112041521,16988000
2024-06-06,417.9515686035156,418.7293536763162,414.0725281736093,417.449480051286,14861300
2024-06-07,417.2919616699219,419.6843561394708,416.4551073364084,419.6056071642028,13621700
2024-06-10,421.249755859375,421.45649821147657,417.3313558315188,418.1288206635897,13982900
2024-06-11,425.9853210449219,426.1231693068597,418.670289453605,418.8967415787632,14551100
2024-06-12,434.2356262207031,436.5394165910894,426.5464700981564,428.58444890305617,22366200
2024-06-13,434.7475891113281,436.5296113185569,432.5717920048744,434.02890334988575,15960600
2024-06-14,435.7222595214844,436.2834473000101,429.962768739338,431.4986289418585,13582000
2024-06-17,441.43255615234375,443.9627988421197,433.9009273701985,435.7419888452348,20790000
2024-06-18,439.4339904785156,443.1752129183503,438.0064436641029,442.7518432687409,17112500
2024-06-20,438.8038940429688,439.6210386019516,434.442414629224,439.3945864733692,19877400
2024-06-21,442.8207092285156,443.6083190884872,439.6013156180092,440.4578496032106,34187100
2024-06-24,440.743408203125,445.74479433203504,439.5028940256874,442.8404263927747,15913700
2024-06-25,443.9726257324219,444.4353547941903,439.83759879553867,441.3143898379412,16413400
2024-06-26,445.1639404296875,446.58166237734525,441.2553652071883,442.0528300470716,16507000
2024-06-27,445.84326171875,449.111900063477,444.7799552473841,445.1836151073107,14806300
2024-06-28,440.0345153808594,448.33407381119525,439.5028621939787,446.0598180142048,28362300
2024-07-01,449.6632385253906,450.2933204774516,438.7645123104036,441.71809469633655,17662800
2024-07-02,452.1737976074219,452.4789987346013,446.0992495967908,446.18788351342585,13979800
2024-07-03,453.6407165527344,453.8868484229565,450.7954477565712,451.1006488720151,9932800
2024-07-05,460.3255920410156,461.1033770377166,451.8685059547019,452.498587816865,16000300
2024-07-08,459.0260009765625,460.4634324742541,457.27354357582976,459.33120203742016,12962300
2024-07-09,452.4297180175781,460.0991646310165,450.9135374483829,459.7742838174559,17207200
2024-07-10,459.0359191894531,459.2426615392735,451.7602469814767,454.0837473649462,18196100
2024-07-11,447.6646423339844,457.58866578342753,444.5633568384772,455.81652839633193,23111200
2024-07-12,446.5323791503906,449.29889867197954,443.6772557704516,447.3003093014831,16324300
2024-07-15,446.93603515625,450.1849934949163,444.4451821193013,446.28624348851673,14429400
2024-07-16,442.5647583007813,447.27079820143007,439.7490242805094,447.19204922721934,17175700
2024-07-17,436.6576232910156,437.96706168336215,432.38477757281146,435.7420199325565,21778000
2024-07-18,433.5563049316406,437.770080793845,427.6786754419279,437.4648797185402,20794800
2024-07-19,430.3467712402344,434.3144456334854,425.31585048613374,426.39883667006126,20940400
2024-07-22,436.0865783691406,437.7208974938516,432.1189340633458,434.95437784378936,15808800
2024-07-23,437.9670104980469,441.4522458319455,436.24408758502966,437.0316974699668,13107100
2024-07-24,422.2638244628906,434.6491968195245,420.9740958851319,433.6351347306288,26805800
2024-07-25,411.92626953125,423.14987619224735,411.05005574464656,422.1653487650477,29943800
2024-07-26,418.6899108886719,422.28345954280974,410.8136925482291,411.7293257648009,23583800
2024-07-29,420.1273498535156,425.4634710488169,418.1287606158368,424.9022832711689,15125800
2024-07-30,416.3763732910156,422.4115014796213,410.90237288373,421.1020931567628,32687600
2024-07-31,411.8770446777344,415.2539664560443,405.8320320070505,413.9937725831716,42891400
2024-08-01,410.65625,420.8461156067044,406.6984602769746,414.27933402476685,30296400
2024-08-02,402.1695556640625,408.57883813707474,398.08377329176966,406.1076649473114,29437900
2024-08-05,389.0359802246094,394.8348607957488,379.61404618021845,383.1485258419234,40709200
2024-08-06,393.4269714355469,399.3932349930632,392.3341604668248,393.81095153508136,24946500
2024-08-07,392.2652587890625,403.7349973998657,391.32012086399686,402.3173055349637,20650900
2024-08-08,396.4593505859375,399.5802856931157,393.7519001712231,396.2132187300544,20203000
2024-08-09,399.73779296875,401.73638233312255,396.0359904789914,397.7785931119872,19276700
2024-08-12,400.51556396484375,402.4354042920839,397.98532149531104,400.7616957993417,16762900
2024-08-13,407.6041870117188,408.5296451452922,403.232883075169,403.2525628062739,19414300
2024-08-14,410.41009521484375,411.2568044389076,406.0683556338293,408.38197108714223,18267000
2024-08-15,415.2626953125,415.3415862221362,411.9388626649199,414.0495331175792,20752100
2024-08-16,412.7378234863281,415.5685055773477,411.5838368344673,414.838651686158,22775600
2024-08-19,415.755859375,415.9728470077707,410.75530126947416,413.22105614207504,15234000
2024-08-20,418.9810485839844,420.0265262237166,415.86436096713305,415.9235366750767,16387600
2024-08-21,418.33013916015625,420.55916118279697,415.9432751081222,418.2709333493598,16067300
2024-08-22,409.8577575683594,420.9438117994872,408.9306313403218,418.54707521874735,19361900
2024-08-23,411.0807800292969,413.51694694228206,406.4451490290269,411.2681797994915,18493800
2024-08-26,407.8259582519531,411.5640508373135,405.7054152115458,410.6665125068156,13152800
2024-08-27,408.171142578125,408.6840086899476,404.63032264758425,407.2045559563185,13492900
2024-08-28,404.9756164550781,409.3153393341326,401.7306743732061,409.1969879073614,14882700
2024-08-29,407.4610290527344,416.268697643249,404.9755591436319,409.2561057035253,17045200
2024-08-30,411.426025390625,411.7712070065085,406.4846428028709,409.9071119024553,24308300
2024-09-03,403.8314514160156,414.1284456363182,401.45446023053216,412.1854296938012,20313600
2024-09-04,403.2988586425781,405.6068015782242,398.830912042889,400.3498254636215,15135800
2024-09-05,402.7958679199219,407.4413416778363,400.5668158804491,402.0363961545014,14195500
2024-09-06,396.197509765625,405.0248942566708,395.3098139211049,403.4566777506577,19609500
2024-09-09,400.1624145507813,403.0522719406784,396.6413094868822,401.6615826272171,15295100
2024-09-10,408.52630615234375,410.6271041580992,402.11534306269766,402.6084940695935,19594300
2024-09-11,417.24517822265625,418.1821469994098,403.9695325309428,409.8084532189213,19266900
2024-09-12,421.1509399414063,421.5158668532968,414.000250680106,417.51148327493246,17395700
2024-09-13,424.6917419433594,425.914746697553,419.6320082561189,419.9969351521576,15874600
2024-09-16,425.4314575195313,427.5914610863902,422.3542004104568,424.7016037460969,13834700
2024-09-17,429.1892700195313,435.7975048548551,426.3487157034463,434.1997005769437,18874200
2024-09-18,424.90869140625,430.05718819229855,424.5141766919007,429.041298505566,18898000
2024-09-19,432.6807556152344,435.45226137137865,430.9152668977704,435.18597071101885,21706600
2024-09-20,429.3076171875,433.2232369345761,428.2720122322932,431.2309179323644,55167100
2024-09-23,427.57177734375,430.4813501002658,424.4945200082598,428.33121902605126,15128900
2024-09-24,423.2911987304688,427.4139334394583,420.2632446802758,427.0687217553129,17015800
2024-09-25,426.19091796875,427.1870925626301,422.6994307636224,423.94215074360574,13396400
2024-09-26,425.4018859863281,429.3372210826113,423.251754987828,429.1301061037402,14492000
2024-09-27,422.1569519042969,425.9345052473445,421.61449786891575,425.6090087464783,14896100
2024-09-30,424.40570068359375,424.52408219664926,419.5432394814415,422.3443332995087,16807300
2024-10-01,414.9273681640625,422.6106687530044,413.07311568923785,422.5810808985996,19092900
2024-10-02,411.4161376953125,417.0281982052677,411.0018776320328,416.7914652693021,16582300
2024-10-03,410.8341674804688,413.8029154833907,408.6149883911416,411.90923284957546,13686400
2024-10-04,410.3608093261719,414.00026612845136,409.28574375388894,412.5109404707377,19169700
2024-10-07,403.9300842285156,411.3963666559109,403.3974727803463,410.3015860064157,20919800
2024-10-08,409.029296875,409.9662958214234,402.5789034212119,405.2714886364785,19229300
2024-10-09,411.7416076660156,414.62162263212304,408.6248898614367,410.1635185105957,14974300
2024-10-10,410.1437683105469,411.63309377445904,407.49061385739407,409.5421386142519,13848400
2024-10-11,410.61724853515625,411.4161507329335,407.5892942253079,410.4397214022164,14144900
2024-10-14,413.3986206054688,418.2314942204609,411.8007861364326,412.0473616280092,16653100
2024-10-15,413.0040588378906,416.69284850861214,409.57174739931537,416.3969398711013,18900200
2024-10-16,410.4199523925781,410.65665522282575,404.85722518493617,409.4829836231505,15508900
2024-10-17,411.01171875,416.712542386237,409.8971928147913,416.5744456758898,14820000
2024-10-18,412.4320373535156,413.90161766396704,410.5580696214905,411.4260201751563,17145300
2024-10-21,413.0434875488281,413.22101465794185,408.082390447192,410.4199210158205,14206100
2024-10-22,421.6539306640625,424.68185459098345,412.31365056093216,412.75746835174544,25482200
2024-10-23,418.7838134765625,425.17503084101816,416.742161218674,424.9580432083023,19654400
2024-10-24,418.91204833984375,420.1449258075998,416.6139478842,419.5038054447286,13581600
2024-10-25,422.2851867675781,426.5953216047658,420.7268428827928,420.914242666979,16899100
2024-10-28,420.7465515136719,426.0232730447796,420.46051551603273,425.74710969864265,14882400
2024-10-29,426.0331115722656,427.2364010768137,419.967330895513,422.1372070838931,17644100
2024-10-30,426.6051330566406,432.4933562372157,426.1810304899221,431.4478786962363,29749100
2024-10-31,400.7838134765625,410.4594334413064,400.7344803180944,409.6703738017444,53971000
2024-11-01,404.7487487792969,409.8084828784167,401.9180668422498,403.4073925009318,24230400
2024-11-04,402.8648681640625,404.7980415718176,400.01447130701087,404.1865091063775,19672300
2024-11-05,405.8237915039063,409.21667261639857,402.4900861003897,402.7761220934701,17626000
2024-11-06,414.4243469238281,414.6906677145501,404.8966664565658,406.770664244806,26681800
2024-11-07,419.6023864746094,421.0029483375747,414.12842327754487,415.5092398399127,19901800
2024-11-08,416.7519836425781,420.65773046119216,416.0023846199846,419.493901525776,16891400
2024-11-11,412.28411865234375,418.9909603752076,410.3016419524007,416.7323203125478,24503300
2024-11-12,417.2353210449219,418.626010434167,411.48519380527927,412.520798833662,19401200
2024-11-13,419.3755798339844,423.4489813965326,412.4813090867046,415.8643474786666,21502200
2024-11-14,421.0424499511719,422.30491523139983,414.24681513135374,419.1783248352984,30246900
2024-11-15,409.3153076171875,417.0084507566798,407.9739514183208,414.0692902211144,28247600
2024-11-18,410.0649108886719,412.6687324009395,406.4550421174999,409.1870876999845,24727000
2024-11-19,412.0670776367188,412.2150169012381,405.912533336808,407.4511618868994,18133500
2024-11-20,409.7985534667969,411.5739148887647,404.9558076834049,411.1596548604422,19191700
2024-11-21,408.0295715332031,414.85856338751086,405.47983232208855,414.5818472703372,20780200
2024-11-22,412.1111145019531,412.5064188915794,406.2407523286384,406.5471154925831,24814600
2024-11-25,413.8801879882813,416.1433187151558,409.9863774439722,413.474991137145,27691100
2024-11-26,422.9722900390625,424.0099980685231,413.93946191933657,414.6707766023476,23458900
2024-11-27,418.0309448242188,422.22125646736464,417.0723156931925,420.1260855658935,18332400
2024-11-29,418.4954223632813,419.8987878079345,412.9017755703151,415.1649364652311,16271900
2024-12-02,425.9272766113281,427.9235836266096,416.3706327320821,416.62759418862754,20207200
2024-12-03,426.1447143554688,427.3998142862311,422.72525694948587,424.8006430250728,18302000
2024-12-04,432.291748046875,434.5153692878957,427.5578970490266,427.953201459916,26009400
2024-12-05,437.4308166503906,439.4469085884485,431.0564531129943,432.7859365018672,21697800
2024-12-06,438.3696594238281,440.8699968788184,436.5907442566123,437.1145294101148,18821000
2024-12-09,440.7908935546875,443.0738089240489,435.3356203613735,437.4110061952819,19144400
2024-12-10,438.1324462890625,444.34871163189086,436.4227478753231,439.1800467406791,18469500
2024-12-11,443.7261047363281,445.0701760009867,438.8440180787416,438.8440180787416,19200200
2024-12-12,444.2893981933594,450.8120264425983,443.8446618873549,443.8446618873549,20834800
2024-12-13,442.0262451171875,446.13747735633456,440.3560560775405,443.1825414368637,20177800
2024-12-16,446.2956237792969,446.8787030896928,440.0596036741231,442.02626356510217,23598800
2024-12-17,449.1319885253906,449.9522746519603,444.2993336430134,445.7224537683285,22733500
2024-12-18,432.2621154785156,447.3431888706938,431.8964279723808,446.0287948744165,24444500
2024-12-19,431.9063415527344,437.9842340814429,431.2046739034814,436.4425256398133,22963700
2024-12-20,431.48138427734375,438.5376604876813,423.6048219518138,428.03227991601136,64263700
2024-12-23,430.1472473144531,432.5191043348879,427.7556054663108,431.6197693083459,19152500
2024-12-24,434.1793823242188,434.4462362082623,429.0996581913301,429.5542568118305,7164500
2024-12-26,432.9736633300781,435.7705018127553,431.5110338839644,433.9322924323696,8194200
2024-12-27,425.4825439453125,430.117561657289,421.351556737901,429.5048352492743,18117700
2024-12-30,419.849365234375,422.5374777077036,416.9537232035626,421.0649558192297,13158700
2024-12-31,416.5583801269531,421.727075036825,415.72823181420273,421.1044562623139,13246500
2025-01-02,413.6726379394531,421.0748471756245,409.98638702094667,420.5411695836378,16896500
2025-01-03,418.38671875,419.0587393010629,414.62138898974536,416.1433125624827,16662900
2025-01-06,422.833984375,429.2281326887413,420.491774572373,422.9822197752049,20573600
2025-01-07,417.4181823730469,425.6011074871905,415.8665816173968,423.9704579117962,18139100
2025-01-08,419.5824890136719,421.96423797941225,416.59790611740993,418.4953792965591,15054600
2025-01-10,414.0382690429688,419.7307186624862,410.1543211903234,419.6516698476812,20201100
2025-01-13,412.2989196777344,413.5935589908242,407.456372689251,410.3717691669062,17604800
2025-01-14,410.7967224121094,414.8189830478335,405.9047438597477,412.9116174937191,16935900
2025-01-15,421.3120422363281,423.13046690209615,413.3662928073742,414.2162260584316,19637800
2025-01-16,419.6022338867188,424.45467293276505,419.4144891834001,423.6739565648765,15300000
2025-01-17,424.0001220703125,429.386239236107,423.1502190446997,429.0007970548674,26197500
2025-01-21,423.476318359375,425.8481750206776,420.61032363697626,425.1563998310193,26085700
2025-01-22,440.9688415527344,442.0262741390286,430.888412499157,432.430120920086,27803800
2025-01-23,441.4728088378906,441.51234832669104,436.3238987940327,436.8180368447621,18389300
2025-01-24,438.85394287109375,441.4135747027248,436.225124464603,439.9410527624692,15549500
2025-01-27,429.4653015136719,430.09781275609777,418.53496919379126,419.0389997051121,35647800
2025-01-28,441.9571228027344,443.1232814648123,426.3225862891417,429.5048368170429,23491700
2025-01-29,437.1441345214844,441.64080867155576,435.23676897201045,441.4530338081576,23581400
2025-01-30,410.124755859375,417.9024852070832,408.3162235722408,413.86043891918166,54586300
2025-01-31,410.1939086914063,415.7579084081136,410.0456732964256,414.06796458574274,34161900
2025-02-03,406.10247802734375,410.5398286087579,403.8689641166184,406.77449861931177,25679100
2025-02-04,407.535400390625,409.06724640338354,404.9362294867339,407.8516559731058,20532100
2025-02-05,408.4446105957031,408.9782579390908,405.5884783803301,407.5156287108254,16316700
2025-02-06,410.9449768066406,413.2970787597448,409.1463070589971,409.1463070589971,16309800
2025-02-07,404.9461364746094,413.7417878303848,403.3154869234488,411.5972455590395,22886800
2025-02-10,407.3871765136719,410.58918143726896,406.10242964328353,408.85969825647294,20817900
2025-02-11,406.6163330078125,407.6540108795472,404.5014076146391,404.8374480391833,18140600
2025-02-12,404.2444458007813,405.93438940933225,399.6291833556912,402.4358837314584,19121700
2025-02-13,405.7268981933594,406.1814967766394,401.5958809737979,402.2283921851393,23891700
2025-02-14,403.6416320800781,404.1160155029715,401.1215398904841,403.0091510093491,22758500
2025-02-18,404.8374328613281,405.78616946504144,401.7342314553049,403.2166455935164,21423100
2025-02-19,409.9072570800781,410.6188170610077,402.8707362463259,403.098050601273,24114200
2025-02-20,412.0759582519531,415.2249706128277,408.520936591177,411.24414537664296,23508700
2025-02-21,404.2331237792969,413.97725680128366,403.9162642540701,413.27418223243296,27524800
2025-02-24,400.0641479492188,405.381827456766,395.429748735741,404.5302202614153,26443700
2025-02-25,394.0235595703125,398.00441513588805,392.8352683816966,397.1923965138258,29387400
2025-02-26,395.8357238769531,399.6680163656564,390.409100766333,394.13247941305536,19619000
2025-02-27,388.7059020996094,401.7871994813194,388.3494237890168,397.36074580317216,21127400
2025-02-28,393.1224060058594,393.7561854578909,382.80393739721217,388.8346033379453,32845700
2025-03-03,384.7052307128906,394.93461038215554,382.3979434098108,394.93461038215554,23007700
2025-03-04,384.8240661621094,388.755390806373,377.2882188683939,379.6648315258733,29342900
2025-03-05,397.1131286621094,397.7568203379533,385.02209070764377,385.5469260754551,23433100
2025-03-06,393.0234069824219,398.2321421191711,388.8544001591339,390.43881857931865,23304600
2025-03-07,389.478271484375,390.9537458547577,381.7839796807534,388.497925986767,22034100
2025-03-10,376.4563903808594,382.6355890788174,373.5450301742595,382.08104715568106,32840100
2025-03-11,376.7435607910156,382.23947903620126,373.2380400086461,375.3076750122287,30380200
2025-03-12,379.5361022949219,381.4671171244127,375.2582114968026,379.2192427611773,24253600
2025-03-13,375.0799560546875,381.5661631231906,373.7728386562969,379.4272025345451,20473000
2025-03-14,384.7745361328125,386.4282798172616,375.8127158813028,376.08007458561946,19952800
2025-03-17,384.9132080078125,388.88412112316473,381.813696346666,382.9326924641042,22474300
2025-03-18,379.7836608886719,383.5961594658576,377.38725393405446,383.2990942137215,19486900
2025-03-19,384.0417785644531,385.8836435250732,380.2589866011294,381.7740797920575,19185500
2025-03-20,383.0712890625,387.9730768170586,379.5459740311176,381.9819995370129,18470500
2025-03-21,387.4482421875,387.92354654843615,379.0706401827953,379.4865617188815,39675900
2025-03-24,389.2505187988281,391.5479241245079,386.012386704804,391.5479241245079,21004500
2025-03-25,391.3102722167969,392.4985634335279,388.8148334634192,390.0823622267607,15775000
2025-03-26,386.17083740234375,391.45881045430576,384.7844825194778,391.1518329523951,16108400
2025-03-27,386.7748718261719,388.41870337339975,383.62585932715103,386.3292739557081,13766800
2025-03-28,375.109619140625,385.3389984995421,373.2578420054409,384.2992097422753,21632000
2025-03-31,371.73284912109375,373.396474789069,363.6622247634287,368.9106086577597,35184700
2025-04-01,378.4666442871094,379.12021808448793,369.59394254927554,371.0000917512926,19689500
2025-04-02,378.4171142578125,381.3284442645314,372.95087209109226,374.2877261088344,16092600
2025-04-03,369.4750671386719,373.80251903809335,365.7517184220645,371.13872318254886,30198000
2025-04-04,356.3343811035156,370.9406843904396,355.9779027832599,360.5825957415241,49209900
2025-04-07,354.3736267089844,367.3856281525139,341.43098078163547,347.4616469003483,50425000
2025-04-08,351.1058044433594,370.00982228854286,346.8377957272636,364.6723484414274,35868900
2025-04-09,386.6857299804688,389.39905670107095,349.66000929830324,350.0957251156184,50199700
2025-04-10,377.63482666015625,380.15997201946135,364.21681503291546,378.3379012524662,38024400
2025-04-11,384.6656799316406,386.2500683401823,375.1988171553271,376.93176841990726,23839200
2025-04-14,384.0318603515625,390.8052198187617,380.4669263634922,389.38915847164185,19251200
2025-04-15,381.9721374511719,388.0721288920929,380.4174255118224,384.7250528209778,17199900
2025-04-16,367.9896545410156,377.8922316795949,364.4148386997168,376.9614172312142,21967800
2025-04-17,364.1969909667969,370.6732850580017,363.3156772913849,370.10883089247193,21120200
2025-04-21,355.6213684082031,360.9291658129438,352.20499720618693,359.2853342749941,20807300
2025-04-22,363.2463684082031,364.18709517298703,356.3541524572501,359.8398792058524,19485000
2025-04-23,370.7426452636719,376.6841922722663,369.38596664501534,372.396358924379,20545500
2025-04-24,383.5268249511719,384.6656455709585,371.53481777720657,372.0398589139721,22232300
2025-04-25,388.0325012207031,388.33947870229,380.8531326101871,383.2297451406492,18973200
2025-04-28,387.3492431640625,388.9138371850431,382.8732888048125,388.1414373128656,16579400
2025-04-29,390.201171875,391.2508426713115,386.5768248872523,387.48784509297593,14974000
2025-04-30,391.4093017578125,392.7956566127169,380.6947052715702,386.4976013857663,36461100
2025-05-01,421.2556457519531,432.7327295827746,420.76051687113977,426.9100091091665,58938100
2025-05-02,431.0393981933594,435.1588741169636,425.8009261614823,427.533877248033,30757400
2025-05-05,431.9207458496094,435.2182909345157,427.9002714913439,428.652877068793,20136100
2025-05-06,429.0885925292969,433.46554517602334,426.9694566129341,427.9894209087166,15104200
2025-05-07,429.1282043457031,433.8517229596541,426.9100064238295,429.61342097536215,23295300
2025-05-08,433.9012451171875,439.3476626606329,431.4156885314204,433.6635627109641,23491300
2025-05-09,434.4557800292969,436.4461774951318,431.6335394854884,435.7133964534002,15324200
2025-05-12,444.8832092285156,444.9921230759706,435.4955548202822,441.5955462250109,22821900
2025-05-13,444.764404296875,446.2794975271711,441.021200788799,443.4176379697952,23618800
2025-05-14,448.52734375,449.4779827199474,443.7741186799948,443.7741186799948,19902800
2025-05-15,449.5392761230469,452.5750254060464,446.860659567107,447.1979616790238,21992300
2025-05-16,450.6702270507813,450.7595102326154,445.17414935289,448.4678177382938,23849800
2025-05-19,455.2337646484375,455.9480603525366,447.2277066057748,447.3070896149787,21336500
2025-05-20,454.5393676757813,454.7080036018212,450.719869916101,451.9797952414424,15441800
2025-05-21,448.9837341308594,454.1524403651085,448.22974686474834,450.967885651573,19216900
2025-05-22,451.2555541992188,456.6028569421555,450.3031699710194,451.3448676580097,18025600
2025-05-23,446.6126403808594,450.0948358464348,445.3527151156796,446.4142434023006,16883500
2025-05-27,457.0393676757813,457.2973170522405,452.5055743512772,452.8627373552784,20974300
2025-05-28,453.7357482910156,458.8548627693229,453.3091629867606,457.56517641086623,17086300
2025-05-29,455.0453186035156,458.0612374989779,451.702028016876,457.8925712924165,13974800
2025-05-30,456.7119445800781,458.021491741184,451.93016282180776,456.0770318895628,34770500
2025-06-02,458.3092041015625,458.4480789536773,453.2694729574846,453.5174918780263,16626500
2025-06-03,459.3013305664063,460.4620725642075,457.2080349022007,457.8132168786229,15743800
2025-06-04,460.1941833496094,461.9997685201863,459.3509128885598,460.3231580440434,14162700
2025-06-05,463.9739685058594,465.9283588981049,460.3528981592645,461.2755213187348,20131700
2025-06-06,466.652587890625,469.58912358157227,465.0652606634985,466.3648774509946,15285600
2025-06-09,469.0038146972656,469.6784189466736,464.906536971708,465.9779957450024,16469900
2025-06-10,467.1882934570313,469.0533703074369,463.2596519580402,467.45614299188406,15375900
2025-06-11,468.8748474121094,471.7022694228479,465.9383115986028,466.29544434484353,16399200
2025-06-12,475.0752868652344,476.6130223697302,469.7676758011157,471.2557893550323,18950600
2025-06-13,471.1962890625,475.3828499324856,469.0137405811006,472.6348110082228,16814500
2025-06-16,475.3431701660156,476.8808754060361,471.2359621947383,471.4442896166044,15626100
2025-06-17,474.25189208984375,474.9463269378011,470.3232503868908,471.63279762120845,15414100
2025-06-18,476.4344482421875,477.1884355000323,470.7002516212213,474.2122082515913,17526500
2025-06-20,473.6169738769531,479.6289507141904,473.09117492174096,478.4087168746746,37576200
2025-06-23,482.1487731933594,483.8849056071214,468.7656821606551,474.4204952857464,24864000
2025-06-24,486.2261962890625,487.9524285572733,482.9424282150726,485.0754151445847,22305600
2025-06-25,488.3691101074219,490.6409720128423,485.5119574284625,488.1409520653471,17495100
2025-06-26,493.5080871582031,494.0934082095605,488.9048412091741,489.0735074056833,21578900
2025-06-27,492.010009765625,495.3433694815111,489.1230659353951,493.6072370605504,34539200
2025-06-30,493.4683837890625,496.7918434810962,491.404849352638,493.1013206195562,28369000
2025-07-01,488.1508483886719,494.10330273882704,487.0893503724631,492.53583641461546,19945400
2025-07-02,487.1984558105469,489.589361899926,484.8274106118064,486.10716647659297,16319600
2025-07-03,494.8870544433594,496.1668406146565,489.5298515465148,489.8969147231798,13984800
2025-07-07,493.7759704589844,494.7978073262421,491.30571139485903,493.4386683186591,13981600
2025-07-08,492.6846618652344,494.2521585292929,490.1945420053533,493.2997439957828,11846600
2025-07-09,499.5200805664063,502.76415743455226,495.7799355375845,496.3354955466416,18659500
2025-07-10,497.5061340332031,500.4426696344743,493.8056807647675,499.06366987607214,16492100
2025-07-11,499.3316040039063,501.0280451619609,493.85532615569343,494.5200302697885,16459500
2025-07-14,499.033935546875,499.9764196247383,497.0597144820079,497.5458219138798,12058800
2025-07-15,501.811767578125,504.2720960834484,498.8057792400165,499.03393728805895,14927200
2025-07-16,501.61334228515625,502.70463167926073,497.9129190668174,501.1768265275145,15154400
2025-07-17,507.6451721191406,509.3019216630888,501.6133346197656,501.67285674255714,17503100
2025-07-18,506.0082092285156,510.5618634291492,503.4089756844231,510.4030974050004,21209700
2025-07-21,506.0181579589844,508.03210080948105,501.54388660874696,502.69469811942383,14066800
2025-07-22,501.26605224609375,507.149083853939,501.26605224609375,506.9208955554117,13868600
2025-07-23,501.861328125,502.7740510878013,496.7323137246232,502.7343595827018,16396600
2025-07-24,506.8316650390625,509.5995345886751,503.28001689239056,504.7383694588984,16107000
2025-07-25,509.6392211914063,514.1828842249572,506.3157313206406,508.4089964805577,19125700
2025-07-28,508.4388122558594,510.91900158393673,506.07766717141,510.0063088656235,14308000
2025-07-29,508.50823974609375,513.5182098314434,507.5062336187249,511.4448055642593,16469200
2025-07-30,509.1729736328125,511.8615208479224,505.40309770511885,511.0876726596135,26380400
2025-07-31,529.2723999023438,551.0484742016899,527.6851029610986,550.8301860551579,51617300
2025-08-01,519.956787109375,531.5541546097426,516.7325410439772,530.7605061500977,28977600
2025-08-04,531.3954467773438,533.9847498429226,523.9449485218581,524.0838536533402,25349000
2025-08-05,523.5679931640625,533.0423047576313,523.0620248277625,532.9232605080902,19171600
2025-08-06,520.7802734375,527.486715540996,519.8775111011839,526.6930670104376,21355700
2025-08-07,516.7127685546875,523.9053178574718,513.4488005319126,522.6255013664995,16079100
2025-08-08,517.9031982421875,520.502431840537,515.2940341981842,518.4587582353118,15531000
2025-08-11,517.6353149414062,523.4092023083725,515.6015114818953,518.161083532538,20194400
2025-08-12,525.046142578125,526.7723446368122,518.5579891899393,519.5996565820958,18667000
2025-08-13,516.454833984375,528.4787877679453,515.2544004746543,527.8934364066101,19619200
2025-08-14,518.3397216796875,521.7822560401938,516.0182983192124,518.4191046945965,20269100
2025-08-15,516.0480346679688,521.9310366989816,514.9667059909838,518.6274679925785,25213300
2025-08-18,513.0023803710938,518.6770855269226,509.94683045407294,517.4568516493948,23760600
2025-08-19,505.73040771484375,511.0776798784135,504.5200741760794,510.9189744125155,21481000
2025-08-20,501.7125549316406,506.9507137373093,500.4426991689255,505.829663283555,27723000
2025-08-21,501.0665893554688,504.435269171935,499.5561662916726,500.5200628741361,18443300
2025-08-22,504.037841796875,507.5158151187978,499.2481684011306,501.0765850227361,24324200
2025-08-25,501.0865173339844,504.9917771303553,500.9473838488724,503.44159720621536,21638600
2025-08-26,498.8804931640625,501.801993130018,495.3727099158942,501.1858695359189,30835700
2025-08-27,503.5509033203125,504.09746017877256,496.75395340313815,498.8407434548062,17277900
2025-08-28,506.43267822265625,507.8735346885091,502.3187180821136,503.8987080370186,18015600
2025-08-29,503.501220703125,506.39291066950057,501.3150539612025,505.4588240002719,20961600
2025-09-02,501.9410705566406,502.81553721257154,493.6833711758906,497.32034095368414,18128000
2025-09-03,502.1696472167969,504.5942937991858,499.1587173668126,500.6194673133705,16345100
2025-09-04,504.7731628417969,504.95202275876863,499.983489561643,501.1262461318779,15509500
2025-09-05,491.8847961425781,508.7479993566889,489.27134277765646,505.8662561110588,31994800
2025-09-08,495.0646362304688,498.0457560062632,491.91457299081776,494.97517595073856,16771000
2025-09-09,495.2733154296875,499.0891451753406,494.5677922273047,498.2742984765216,14410500
2025-09-10,497.2209777832031,500.06299449245154,493.5939546766565,499.8145678368591,21611800
2025-09-11,497.8569641113281,500.0033740526988,494.7466575341409,499.0891506177463,18881600
2025-09-12,506.6910095214844,509.3243260516039,500.67909648146514,503.4614629424367,23624900
2025-09-15,512.1166381835938,512.2259313574772,503.80926524972944,505.5880086221314,17143800
2025-09-16,505.83642578125,513.9748550906477,505.3991924428879,513.6270820344445,19711900
2025-09-17,506.8102416992188,508.07226852063866,502.74598524416496,507.4064717390096,15816600
2025-09-18,505.2501525878906,509.8410724066984,504.4651158521554,508.270998935228,18913700
2025-09-19,514.6704711914062,516.0318444319288,507.09843147001845,507.34685812925306,52474100
2025-09-22,511.21240234375,514.48167541423,509.3143886623668,512.3452424901319,20009300
2025-09-23,506.0252685546875,511.35155218118825,504.1173383670773,510.5664850795932,19799600
2025-09-24,506.9394226074219,509.2547456727144,503.72976965544393,507.1679860456216,13533700
2025-09-25,503.8390808105469,506.8003375404676,501.8616142840625,505.10107733704126,15786500
2025-09-26,508.24114990234375,510.7055530942258,503.4316137794998,506.8499667801191,16213100
2025-09-29,511.36138916015625,513.5972289973041,505.67741655332713,508.28092297827857,17617800
2025-09-30,514.6903686523438,514.8990082310244,506.45253207823936,510.0099885223437,19728200
2025-10-01,516.4392700195312,517.2342231556227,508.4697238165545,511.56013673304216,22632300
2025-10-02,512.4942016601562,518.3173074331339,507.46604898963056,514.3822683481345,21222900
2025-10-03,514.0940551757812,517.2143082734997,511.7588690628015,513.8456285403139,15112300
2025-10-06,525.2435302734375,527.6880704621805,514.9387971845453,515.3461902238155,21388600
2025-10-07,520.682373046875,526.4657528279373,518.1583800775612,524.9652461341774,14615200
2025-10-08,521.546875,523.6336952116123,519.7980023635643,519.9868090400763,13363400
2025-10-09,519.1123657226562,521.0302122328587,514.1438325922749,519.0527457511332,18343600
2025-10-10,507.7443237304688,520.2849266906686,506.4227072751714,516.3697201998212,24133800
2025-10-13,510.8149108886719,513.1600441163425,508.45983088995337,513.1600441163425,14284200
2025-10-14,510.3378601074219,512.0371200755203,502.8154945413961,507.0188839999062,14684300
2025-10-15,510.1987915039063,513.93513816427,506.7903850161382,511.7191917714538,14694700
2025-10-16,508.3902282714844,513.597241245564,504.93214864922606,509.3541552294708,15559600
2025-10-17,510.3478698730469,512.235876086287,504.1173098719632,505.8364332653001,19867800
2025-10-20,513.53759765625,515.4356111738924,510.1987581296245,511.37132460679527,14665600
2025-10-21,514.4021606445312,515.4257076122852,509.81124074780416,514.2431942660954,15586200
2025-10-22,517.2639770507812,521.9244631183706,514.4518312300626,517.870184130928,18962700
2025-10-23,517.283935546875,520.6526156742948,515.3461954332505,519.1720024577996,14023500
2025-10-24,520.314697265625,522.0437370421222,517.4329845218087,519.499850577073,15532400
2025-10-27,528.1749877929688,531.2157277722118,525.6807743511338,528.4333612309177,18734700
2025-10-28,538.6585083007812,550.2351530342114,537.3667019364588,546.5385938392855,29986700
2025-10-29,538.1417846679688,542.8321112501552,533.3521116884923,541.5104645203966,36023000
2025-10-30,522.451171875,531.6031704966998,518.8340654321457,527.1414377363435,41023100
2025-10-31,514.5512084960938,525.9887810857076,511.8582417946861,525.5515477587454,34006400
2025-11-03,513.776123046875,521.6562086548496,511.3514766558802,516.5385956979154,22374700
2025-11-04,511.0931701660156,512.3054631947169,504.6439932361389,508.5393367379826,20958700
2025-11-05,503.9682312011719,511.58997398954807,503.3918644042552,510.0695738143288,23024300
2025-11-06,493.9715576171875,502.5174404542645,492.6896676102462,502.4776836990636,27406500
2025-11-07,493.6933288574219,496.2372153715257,490.1457889557352,493.8225155697467,24019800
2025-11-10,502.8155517578125,503.6602084533397,495.66085193460816,496.8930687697553,26101500
2025-11-11,505.4786682128906,506.3928916321033,499.1885187507047,501.6230817360039,17980000
2025-11-12,507.9232177734375,508.4498810705414,495.9788447581273,506.1543908722183,26574900
2025-11-13,500.1225891113281,510.2683247202687,498.1351759673349,507.098398329558,25273100
2025-11-14,506.9692687988281,508.3803456334317,494.3094553479901,495.0944921195485,28505700
2025-11-17,504.2961730957031,508.8970396915909,501.73242330739504,505.2501533046029,19092800
2025-11-18,490.6824035644531,499.8145698875434,483.7165104088928,492.2524466910109,33815100
2025-11-19,484.0543823242188,492.0736023312663,479.79137227085766,487.0156390818261,23245300
2025-11-20,476.3088684082031,491.3817596467919,473.39186588492817,490.5255566668064,26802500
2025-11-21,470.0268249511719,476.796695003642,466.19388806310616,476.3785437287191,31769200
2025-11-24,471.8985290527344,474.7856658755464,465.9450303435204,472.8940955697233,34421000
2025-11-25,474.8752136230469,477.0256407210385,462.8288843313517,471.9681767111092,28019800
2025-11-26,483.3475036621094,486.1450429108074,479.0665801492176,484.1539100429923,25709100
2025-11-28,489.8286743164063,490.4459206738112,484.4924221764412,485.4382224868377,14386700
2025-12-01,484.5820007324219,487.68816317334665,482.5012705124726,486.2744758383938,23964000
2025-12-02,487.82757568359375,491.312058367048,484.1638983253085,484.56211884124775,19562700
2025-12-03,475.6119689941406,482.0930858950488,473.0931871020635,474.2082166599713,34615100
2025-12-04,478.7081604003906,479.186043226252,474.3774403367437,477.6329620200481,22318200
2025-12-05,481.0178833007813,481.2568095233099,476.7568601661199,480.3807061976695,22608700
2025-12-08,488.8430480957031,490.1173719905148,482.2325023858298,482.74025101921535,21965900
2025-12-09,489.8385925292969,489.93815525049575,486.3342095719457,486.931555516862,14696100
2025-12-10,476.4382629394531,482.10303829287767,472.973680864489,481.88401246545567,35756200
2025-12-11,481.3265075683594,483.8751552220924,473.750231167373,474.5168367702029,24669200
2025-12-12,476.4084167480469,480.31105063829824,474.2281237707076,477.6927059881058,21248100
2025-12-15,472.7148742675781,478.588710310573,470.4250531780871,477.97146396596463,23727700
2025-12-16,474.2779235839844,475.7712732838117,468.79234263095657,469.8177748762136,20705600
2025-12-17,474.0090942382813,477.8718969329872,472.8940646732686,474.7956002423544,24527200
2025-12-18,481.8342590332031,487.4293375934554,475.7712630284666,476.0699208090834,28573500
2025-12-19,483.7656555175781,485.6870914455969,480.3508395546156,485.1992432324443,70836100
2025-12-22,482.7701110839844,486.5632169440421,480.5499868948874,483.9647726311972,16963000
2025-12-23,484.6915588378906,485.66719456773416,482.5908977144131,482.829854335465,14683600
2025-12-24,485.8563232421875,486.9912835675863,482.680463867149,483.5267014178325,5855900
2025-12-26,485.5477294921875,485.9559154032999,483.8054881161676,484.5521629916047,8842200
2025-12-29,484.9404296875,486.1848877649252,482.0333622504328,482.7103401528056,10893400
2025-12-30,485.3187561035156,487.5089841188462,483.3475235456682,483.7756098381124,13944500
2025-12-31,481.4758605957031,485.9758405710775,481.1572720274455,485.6771523949816,15601600
2026-01-02,470.84320068359375,482.5112407273309,468.07552715971417,482.24244872265706,25571600
2026-01-05,470.7536010742188,473.95932625248497,467.41844739653146,471.9582279694173,25250300
2026-01-06,476.3885192871094,476.617480129593,467.6673473241013,471.69937935780575,23037700
2026-01-07,481.3265075683594,487.5288974221053,475.8309917616744,477.63296458601815,25564200
2026-01-08,475.9902648925781,480.5201105081445,473.7502403609407,479.1063927688648,18162600
2026-01-09,477.1550903320313,477.6927047258898,470.106493184136,471.9582322108041,18491000
2026-01-12,475.06439208984375,478.8574978399144,473.57104241242143,474.5566738594685,23519900
2026-01-13,468.5832824707031,473.6706125344443,463.88420753037366,472.57548334410274,28545800
2026-01-14,457.3433532714844,466.12425727832346,455.1431597671445,464.3919508718589,28184300
2026-01-15,454.6354064941406,462.191752665677,453.8787662235596,462.06232415810086,23225800
2026-01-16,457.8211975097656,461.13645097900303,454.4562082505655,455.8001987238622,34246700
2026-01-20,452.5048522949219,454.77474258752966,447.28809381488645,449.2194951600843,26130000
2026-01-21,442.1409912109375,450.6829681667298,436.7350728053031,450.5933708341933,37980500
2026-01-22,449.1398620605469,450.8323067932568,442.7284117030413,445.6354487179439,25349400
2026-01-23,463.8841857910156,469.0113467802032,448.5325382185013,449.8665935761158,38000200
2026-01-26,468.1949768066406,472.1473767264207,459.9516880286902,463.2470104625561,29291200
2026-01-27,478.4493408203125,480.7291966391232,471.06225431764057,471.59986874099184,29213900
2026-01-28,479.4946594238281,481.5952899852128,475.8807484603396,481.0676409982362,36875400
2026-01-29,431.57806396484375,440.5381621786467,419.1533835040837,438.0392806211351,128855300
2026-01-30,428.3822937011719,437.65101486434605,424.5593222020372,437.2229285851671,58566800
2026-02-02,421.4929809570313,428.8303011436502,420.3779513468908,428.332517897532,42219900
2026-02-03,409.3868713378906,420.178808008447,406.7486263222299,420.1390072256922,61424100
2026-02-04,412.3536987304688,417.938812315792,407.4256323109538,409.17783910585314,45012400
2026-02-05,391.9246520996094,406.4897635323938,390.5806313349955,405.6335909812077,66289200
2026-02-06,399.3615417480469,400.0086538663787,391.1779842848308,397.4002746193236,53515300
2026-02-09,411.7662963867188,413.0505856348112,399.0927243377603,403.0550898097971,45480500
2026-02-10,411.437744140625,421.801594739736,410.8702943432265,417.75959730190846,44857900
2026-02-11,402.5771789550781,414.61357304478975,399.2320904458023,414.33481566901673,42491000
2026-02-12,400.0584106445313,404.3990960787573,396.24540458526855,403.20440420967,40802400
2026-02-13,399.5407409667969,403.7420326637702,396.2852191820681,402.65686886295305,34091600
2026-02-17,395.1004943847656,398.7442713079252,392.7808378797226,397.4500470508712,32078800
2026-02-18,397.8283386230469,400.77520665339193,394.5628820536712,396.3648548030424,23223400
2026-02-19,397.5988464355469,403.5559453902056,395.8127368785549,399.82403795970674,28234000
2026-02-20,396.37152099609375,399.2552593187824,394.3059873534157,395.2539159508346,34015200
2026-02-23,383.6390686035156,394.50551684604494,382.27203437696886,394.14630950985264,43238300
2026-02-24,388.1593017578125,388.5185091169527,380.8850482189813,383.3098196996745,33884700
2026-02-25,399.7342224121094,400.6023372807383,389.31678308531696,389.68597856263057,43625500
2026-02-26,400.851806640625,406.6093255926281,397.8782360341113,403.8353349281015,34405900
2026-02-27,391.8912048339844,395.9624042352165,389.0374004516944,390.03523926255787,51367200
2026-03-02,397.6886291503906,400.3229381169724,389.78576315389057,392.0109241194205,35474900
2026-03-03,403.0570068359375,405.82103971635513,391.8213629990231,392.2903484387299,38199200
2026-03-04,404.32427978515625,410.14166638677375,399.4448336072076,400.4027502952161,35808000
2026-03-05,409.79241943359375,410.7204021828405,403.525993165685,403.54596943015656,39001300
2026-03-06,408.0761413574219,412.1572983375802,407.6271321747383,408.3156433731429,31123900
2026-03-09,408.5251770019531,409.3234358422322,402.62794618065146,404.044890641513,30131900
2026-03-10,404.8830871582031,409.3134939311744,402.05918625996463,409.1438479339772,31706400
2026-03-11,404.0049743652344,408.1260534422115,400.7220762180728,404.6934855668013,25512100
2026-03-12,400.9914855957031,405.2422886286942,400.8418158660113,403.7555185610488,27263900
2026-03-13,394.6951293945313,403.9251383935716,393.3979511212616,400.1333630935344,26848000
2026-03-16,399.0856323242188,399.7641553863696,393.9367805641587,397.209690545171,27733700
2026-03-17,398.5467834472656,403.5259891234105,396.8903674487218,399.4049101655112,26228300
2026-03-18,390.9432678222656,397.13983817793417,390.1549666521916,396.271723303423,25908500
2026-03-19,388.1792297363281,391.6417315076428,386.2234742615233,389.2569126674818,25138800
2026-03-20,381.0447082519531,386.1636263101853,379.2984903035221,385.95408868282834,50853200
2026-03-23,382.1722717285156,386.3731646745857,380.85511716508233,383.07032058481127,29680100
2026-03-24,371.9344177246094,381.6434000325674,371.04635704379217,381.53362193174286,42733600
2026-03-25,370.2381286621094,376.2451074667104,368.831172255135,376.10542586510894,31181200
2026-03-26,365.1790771484375,373.9101668945663,364.4007640805619,370.01860155518807,36836600
2026-03-27,355.9989318847656,361.6666793192034,355.73951450811694,361.1178497172151,37883400
2026-03-30,358.1842041015625,364.5703662773937,355.51000344849933,361.1178525849577,44797000
2026-03-31,369.3699951171875,372.0940755014272,362.28533367877645,363.7621155862403,45244400
2026-04-01,368.57171630859375,373.1817267376728,367.4042619540212,372.682807332766,29417200
2026-04-02,372.6528625488281,372.83249667260446,363.3629859357669,366.4163701688664,24099100
2026-04-06,372.0741271972656,372.9222962461191,368.7014272663852,372.682794233078,16146600
2026-04-07,371.48541259765625,371.645070458656,365.7677853538718,369.5396147715723,21443300
2026-04-08,373.52099609375,384.167949815935,370.6073237610428,384.148004001906,33064800
2026-04-09,372.26373291015625,372.6927962909368,366.2567237727329,371.6949574789129,30435300
2026-04-10,370.0684814453125,374.8281921461914,369.23030048358606,372.17393720824543,28111100
2026-04-13,383.539306640625,383.70895264062807,370.2181521550117,372.8025510733858,35745800
2026-04-14,392.2604064941406,393.8370088930228,385.684652281273,387.0816509997633,37504500
2026-04-15,410.3312683105469,413.47445440771634,395.8725939925935,397.1398382929036,45063400
2026-04-16,419.3517456054688,419.9105328997013,411.2492993874727,418.9525857224824,41642400
2026-04-17,421.8762817382813,430.64726300981,419.78081413338697,423.9018933176335,48568200
2026-04-20,417.1664733886719,422.4150847565369,415.4002792280178,420.2398034863272,27582200
2026-04-21,423.2433166503906,426.2567789178336,416.2983670043314,419.33177508554746,32048500
2026-04-22,431.984375,432.7626880248645,422.7543663498755,425.2689090952171,29378200
2026-04-23,414.8514709472656,422.7443793162959,410.5208543154444,418.9825380949446,38308000
2026-04-24,423.7023010253906,424.0316048781353,414.9013556123021,416.0688403922519,27457400
2026-04-27,423.9018859863281,426.1869149113369,416.1686352924954,421.46715688014,30867300
2026-04-28,428.3222961425781,428.99086152362304,420.9881750222059,423.6524179624475,30438100
2026-04-29,423.5426330566406,425.8975483734993,419.38166246548025,423.6623688360089,38288300
2026-04-30,406.8987121582031,413.5243765293071,397.1498378648014,409.92216255995794,70909400
2026-05-01,413.5443115234375,416.2085240460113,409.5529563541748,411.9078412872606,31372400
2026-05-04,412.72607421875,419.87060358807366,409.9121615309381,410.6505829404435,28066500
2026-05-05,410.4909362792969,415.8792597859335,407.916495085617,414.42242364358015,25700900
2026-05-06,413.0653381347656,417.51572107575487,404.23445872829495,407.1182274562224,30285900
2026-05-07,419.8606262207031,427.05506598481406,417.8549909144547,419.2020489501835,34942400
2026-05-08,414.2228393554688,417.7252633012779,413.105264767488,416.48795292910256,33383800
2026-05-11,411.7681579589844,411.79809190456297,404.6236285818644,406.9885016374445,35657900
2026-05-12,406.8887023925781,414.6020070114768,405.7611701670722,413.5842224333829,38594200
2026-05-13,404.3342590332031,405.4318878236479,400.1633000811369,402.3286237155428,29667100
2026-05-14,408.5451354980469,410.94993067744383,400.013625877668,403.6058516736889,27077500
2026-05-15,421.0081481933594,427.24464052002446,412.01761111071977,413.3746572242232,50771200
2026-05-18,422.6246643066406,424.2012362508279,414.7117792841577,415.7196062415453,32564100
2026-05-19,416.5178833007813,431.7648588737268,415.58987007798993,428.9708919761278,33018700
2026-05-20,420.1499938964844,421.18775475321456,410.4110776678385,413.2749005432513,27864000
2026-05-21,419.0899963378906,426.3399963378906,415.7099914550781,424.75,31393500
2026-05-22,418.5700073242188,424.3999938964844,416.3299865722656,419.5400085449219,22390300
2026-05-26,416.0299987792969,419.7699890136719,413.0199890136719,416.4299926757813,30398000
2026-05-27,412.6700134277344,415.9400024414063,409.5799865722656,411.010009765625,28901500
2026-05-28,426.989990234375,429.489990234375,412.6700134277344,412.9800109863281,47250500
2026-05-29,450.239990234375,450.3299865722656,432.3599853515625,432.5499877929688,79654400
2026-06-01,460.5199890136719,466.3200073242188,458.2699890136719,464.8399963378906,53628900
2026-06-02,441.30999755859375,453.5,440.4299926757813,446.8800048828125,37036800
2026-06-03,427.3399963378906,440.3900146484375,424.25,438.4500122070313,39037000
2026-06-04,428.0499877929688,436.1499938964844,426.4100036621094,435.80999755859375,26899500
2026-06-05,416.6700134277344,429.4700012207031,414.3999938964844,428.3399963378906,34782200
2026-06-08,411.739990234375,417.1600036621094,408.55999755859375,414.1400146484375,31961500
2026-06-09,403.4100036621094,411.9800109863281,398.4800109863281,409.0299987792969,35247200
2026-06-10,,,,,30387335
2026-06-11,390.3399963378906,396.8500061035156,384.0,395.2099914550781,47224100
2026-06-12,390.739990234375,391.739990234375,382.2699890136719,391.4299926757813,34865800
2026-06-15,399.760009765625,401.75,392.8500061035156,396.7999877929688,32266400
2026-06-16,393.8299865722656,396.8399963378906,390.6900024414063,395.7900085449219,31506800
2026-06-17,378.9100036621094,390.3699951171875,377.3200073242188,390.25,41987800
2026-06-18,379.3999938964844,381.3699951171875,373.2799987792969,377.8200073242188,59714200
2026-06-22,367.3399963378906,381.6300048828125,367.0700073242188,375.739990234375,45171100
2026-06-23,373.9400024414063,377.2200012207031,370.6700134277344,372.3800048828125,40647600
2026-06-24,365.4599914550781,378.8800048828125,364.7799987792969,371.5700073242188,44509900
2026-06-25,352.8299865722656,364.2300109863281,349.20001220703125,362.7699890136719,66179000
2026-06-26,372.9700012207031,376.6099853515625,355.42999267578125,357.1499938964844,186201600
2026-06-29,368.5700073242188,380.5,359.8999938964844,377.5,51229900
2026-06-30,373.0199890136719,374.1499938964844,367.4500122070313,371.0299987792969,44945700
2026-07-01,384.2799987792969,388.8299865722656,374.8900146484375,380.8299865722656,48065800
2026-07-02,390.489990234375,392.2000122070313,383.7000122070313,384.4800109863281,42128900
2026-07-06,386.739990234375,389.1499938964844,381.2200012207031,387.0400085449219,34224500
2026-07-07,388.8399963378906,395.5700073242188,388.2200012207031,392.489990234375,29297500
2026-07-08,383.3399963378906,385.30999755859375,381.3299865722656,384.0299987792969,25908300
2026-07-09,384.3599853515625,384.6499938964844,373.3500061035156,374.4500122070313,31083200
2026-07-10,385.1000061035156,391.9100036621094,381.5,387.7999877929688,24644600
2026-07-13,390.989990234375,393.6499938964844,384.1499938964844,387.75,28914900
2026-07-14,384.9299926757813,388.1900024414063,378.6499938964844,382.8200073242188,27863900
2026-07-15,395.6300048828125,398.9599914550781,386.3999938964844,387.7999877929688,36253700
2026-07-16,401.1000061035156,405.989990234375,392.0499877929688,398.30999755859375,37047400
2026-07-17,393.8200073242188,398.3900146484375,389.3900146484375,394.8599853515625,33049800
2026-07-20,402.2900085449219,403.1799926757813,389.6499938964844,391.4100036621094,27915800
2026-07-21,397.75,401.4700012207031,396.3200073242188,398.80999755859375,24126600
2026-07-22,390.3399963378906,401.0,386.9599914550781,399.5799865722656,28142500
2026-07-23,381.5799865722656,391.7799987792969,377.3900146484375,389.9700012207031,30351800
2026-07-24,381.7000122070313,389.0299987792969,380.6499938964844,387.0499877929688,27659400
2026-07-27,389.1000061035156,394.2000122070313,387.989990234375,390.0799865722656,27856200
2026-07-28,393.3500061035156,400.3200073242188,391.2999877929688,393.1600036621094,32367500
2026-07-29,390.5400085449219,401.25,388.739990234375,393.3999938964844,47209000
2026-07-30,451.1000061035156,458.6900024414063,432.4400024414063,437.8999938964844,110160700
2026-07-31,464.7200012207031,466.8399963378906,449.3299865722656,450.0,60748000
2026-08-03,487.6499938964844,491.6499938964844,475.0,476.1300048828125,66762100
2026-08-04,492.80999755859375,499.4400024414063,479.1700134277344,480.8999938964844,50455500
2026-08-05,487.4599914550781,498.239990234375,485.6799926757813,496.3599853515625,33388900
2026-08-06,499.8599853515625,501.55999755859375,488.5199890136719,488.5499877929688,36441500
2026-08-07,499.989990234375,505.1799926757813,498.7300109863281,499.2099914550781,28818000
2026-08-10,506.05999755859375,513.72998046875,502.2699890136719,503.4400024414063,31206100
2026-08-11,503.80999755859375,505.3299865722656,499.5499877929688,504.3299865722656,23049800
2026-08-12,492.4299926757813,501.5,491.5199890136719,499.989990234375,29001500
2026-08-13,496.8800048828125,501.3399963378906,493.010009765625,493.2699890136719,23039000
2026-08-14,495.3999938964844,500.010009765625,493.9200134277344,496.3599853515625,16205200
2026-08-17,479.4474487304688,491.73431632358415,477.5110914717105,489.2190622628328,29635800
2026-08-18,480.72503662109375,483.36006030134655,476.2534434403709,480.6352093836093,24087600
2026-08-19,483.3999938964844,488.3806080919379,478.4592826108848,479.1679704739861,19961900
2026-08-20,481.1499938964844,484.1600036621094,479.5,483.2999877929688,20020800
2026-08-21,483.239990234375,486.3599853515625,478.5299987792969,479.8800048828125,22489200
2026-08-24,487.30999755859375,490.6099853515625,481.8599853515625,483.2099914550781,17230800
2026-08-25,491.7099914550781,492.44000244140625,484.29998779296875,485.44000244140625,19519000
2026-08-26,496.3699951171875,497.3999938964844,487.30999755859375,487.8500061035156,20758900
2026-08-27,505.05999755859375,506.4800109863281,490.0799865722656,494.8800048828125,28688800
2026-08-28,513.530029296875,517.780029296875,504.8699951171875,505.3299865722656,29178300
