date,Close,High,Low,Open,Volume
2019-01-11,3.685297727584839,3.708078578927848,3.546136383563082,3.573869470686644,874764000
2019-01-14,3.725165367126465,3.750422463429063,3.60952775127926,3.633051529019275,730168000
2019-01-15,3.711050510406494,3.7972214553578696,3.692726692433817,3.757850101176844,617012000
2019-01-16,3.685545682907105,3.771221427393537,3.6800982464634497,3.738288382204007,470104000
2019-01-17,3.756860256195069,3.796726816295886,3.625375064987964,3.652613195956674,493436000
2019-01-18,3.88586950302124,3.91186951761545,3.755127220207688,3.806631813109256,651336000
2019-01-22,3.6838128566741934,3.867297833471552,3.6536035256723487,3.855659804769304,661552000
2019-01-23,3.696688413619995,3.827678381288704,3.665488687412012,3.7390312028053936,591020000
2019-01-24,3.90840220451355,3.925982869100889,3.7764218261033498,3.7811265808391865,708972000
2019-01-25,3.965601682662964,3.9836777833396,3.7464599562394896,3.848973687391146,1154572000
2019-01-28,3.417376041412353,3.507261357582652,3.24379600096317,3.381223834895464,2511528000
2019-01-29,3.258652925491333,3.419604771292612,3.244043459339637,3.371319099478762,1153932000
2019-01-30,3.4020233154296875,3.4163850611148643,3.255185759523989,3.3346711511975444,974228000
2019-01-31,3.559509038925171,3.5951660470436764,3.3770144428723934,3.398804902318965,842852000
2019-02-01,3.583775281906128,3.6347846721896735,3.53053760917472,3.5780801263534454,625048000
2019-02-04,3.6939659118652335,3.7311085227665433,3.5775853689491264,3.5996233117866505,528592000
2019-02-05,3.713031768798828,3.7496791731204335,3.672174809486618,3.705850777117616,542424000
2019-02-06,3.788555383682251,3.8529361192776266,3.7407651501565415,3.7462125873744334,702464000
2019-02-07,3.650383949279785,3.74447880436431,3.6075461943366216,3.7422502861292273,637120000
2019-02-08,3.66895604133606,3.679603434088364,3.56891829837352,3.583280046178188,461604000
2019-02-11,3.6263656616210938,3.6791081322542047,3.578079991863121,3.624879825182458,495180000
2019-02-12,3.743241310119629,3.758841412659197,3.650384557721107,3.664746541891063,591060000
2019-02-13,3.7855842113494873,3.858631544117865,3.759088997041317,3.7727080633310974,605372000
2019-02-14,3.8264408111572266,3.8546693413233775,3.74150773868974,3.7845934521398967,827264000
2019-02-15,3.896022081375122,4.057716386364644,3.873241221039665,4.034935762176138,1516748000
2019-02-19,3.87868857383728,3.959164619630992,3.866307861696968,3.8853743662023614,551892000
2019-02-20,3.925983190536499,3.993087644394517,3.89676449576761,3.907907088268035,540988000
2019-02-21,3.857145547866821,3.963125928417421,3.842536081918064,3.938611987945938,448548000
2019-02-22,3.941831350326538,3.960650373560704,3.895279228555249,3.908898295813704,401740000
2019-02-25,3.929450750350952,4.092630899385368,3.920783920662696,4.025278951780476,656020000
2019-02-26,3.8900790214538574,3.9807072583100456,3.856650532784888,3.9247456285343,488464000
2019-02-27,3.848231554031372,3.9022121456582624,3.7912792893798266,3.875717168040082,500256000
2019-02-28,3.8236916065216064,3.8643429349671288,3.801383218768535,3.84203431082377,324944000
2019-03-01,3.877975702285767,3.920113922013441,3.815263728497613,3.873513836006407,357188000
2019-03-04,3.886155366897583,3.939200158721884,3.829640129703409,3.9163958269743024,409992000
2019-03-05,3.879711389541626,3.917883695502126,3.816255722444693,3.870539918606182,362924000
2019-03-06,3.768911600112915,3.8792150871425233,3.766185074620006,3.8707875372597664,403524000
2019-03-07,3.6997554302215576,3.755031286339472,3.653651045477072,3.745364104479161,450104000
2019-03-08,3.733961582183838,3.7446201836708006,3.589203500745577,3.610520703719502,422416000
2019-03-11,3.994229316711426,4.017033419423965,3.710414354249993,3.757510400435456,859728000
2019-03-12,4.0284342765808105,4.074786146815184,3.945892243182397,4.021989333189423,579576000
2019-03-13,4.179637432098389,4.208886474846685,4.058427367884118,4.065863733470836,768900000
2019-03-14,4.103788375854492,4.200706976177281,4.096104273106421,4.188808980129908,519384000
2019-03-15,4.209133625030518,4.251767547765478,4.143446927502021,4.146917136012779,661484000
2019-03-18,4.187817096710205,4.294402629756358,4.160798635174207,4.240613916460844,486992000
2019-03-19,4.355379104614258,4.399748612284668,4.265401404271132,4.282256503132672,854972000
2019-03-20,4.322909832000732,4.437674989944727,4.288207253746815,4.384382200664771,719148000
2019-03-21,4.559378623962402,4.585653401741003,4.341002716961014,4.345960293565358,824312000
2019-03-22,4.399747848510742,4.580695111348383,4.385867014405987,4.532112191981738,747644000
2019-03-25,4.307539939880371,4.423296473818147,4.241357755437834,4.359097603757411,525212000
2019-03-26,4.384134292602539,4.505096182838272,4.327866769172918,4.449076869281443,703508000
2019-03-27,4.374961853027344,4.4560163056173785,4.305557660121188,4.409664422261027,474372000
2019-03-28,4.393552303314209,4.459238546118691,4.340507267685018,4.400988196292479,480264000
2019-03-29,4.45081090927124,4.47510284912212,4.409912078172584,4.460230117103884,456896000
2019-04-01,4.518231391906738,4.548471848259924,4.470887629751247,4.542522851773016,483824000
2019-04-02,4.53607988357544,4.58044940319599,4.499394940844247,4.542277092500362,440920000
2019-04-03,4.675382614135742,4.73437663159882,4.580695090959375,4.585652666769136,783504000
2019-04-04,4.66646146774292,4.708847672703521,4.603749476431988,4.660016521717433,457376000
2019-04-05,4.7331390380859375,4.750490560887049,4.673154046983878,4.709591252026839,481744000
2019-04-08,4.753960609436035,4.778995762583968,4.678606940157051,4.70265067230615,424192000
2019-04-09,4.691247940063477,4.73165129477477,4.649109480661156,4.720496982792374,439972000
2019-04-10,4.761643409729004,4.787422242324242,4.686042489364285,4.690504119471046,444772000
2019-04-11,4.747762203216553,4.795601918392759,4.698435593307482,4.764121827522224,374600000
2019-04-12,4.709837913513184,4.790396881960387,4.701162390484168,4.78643072595546,471708000
2019-04-15,4.578217029571533,4.70711118439683,4.538557362360754,4.702153607800351,440092000
2019-04-16,4.665221214294434,4.684059630158757,4.584662709190543,4.617381963527399,394964000
2019-04-17,4.6424174308776855,4.720993099487899,4.62010880387607,4.700171840361227,351004000
2019-04-18,4.61787748336792,4.683068255652355,4.590115806147697,4.649109843021277,380988000
2019-04-22,4.671667098999023,4.687283045421213,4.562850948214162,4.594330578143774,279936000
2019-04-23,4.726198673248291,4.757431036430355,4.675136943623363,4.684803889778941,346856000
2019-04-24,4.73859167098999,4.779242762354824,4.67587969287701,4.736608356517647,318204000
2019-04-25,4.632997989654541,4.7207451253797705,4.553430904050099,4.698436499498399,499296000
2019-04-26,4.414373397827148,4.483778057349987,4.295642123758112,4.479315954390358,868988000
2019-04-29,4.44511079788208,4.4728724787623,4.350175021216706,4.422306222315708,391920000
2019-04-30,4.486504077911377,4.51203469825504,4.393799384304464,4.412885533510473,362920000
2019-05-01,4.473367214202881,4.580944171260318,4.473119004418908,4.538805714430242,354280000
2019-05-02,4.540788650512695,4.582431161421947,4.439904372692867,4.4830342512147485,394684000
2019-05-03,4.536326885223389,4.559130981628011,4.474854068726424,4.54921630099399,336824000
2019-05-06,4.457998752593994,4.470144483988638,4.312992714045154,4.3501735919769935,422176000
2019-05-07,4.290931224822998,4.409662456508353,4.242843785299951,4.409662456508353,555220000
2019-05-08,4.311010837554932,4.391073871553678,4.251521324991654,4.263419322060434,419168000
2019-05-09,4.2185540199279785,4.251769223608822,4.099823200114709,4.242102277915815,660248000
2019-05-10,4.184594631195068,4.253255601624408,4.065119682464196,4.187817103269643,569500000
2019-05-13,3.9275505542755127,4.075778844553139,3.911686638804407,4.052726536980217,656912000
2019-05-14,4.016537189483643,4.051735230769413,3.928542086269216,3.9672101006105938,524880000
2019-05-15,3.9555604457855225,3.991997646177927,3.901771961196913,3.9610134971586377,502320000
2019-05-16,3.970679998397827,4.013314402055822,3.907720522876861,3.9501067167506463,781088000
2019-05-17,3.879959106445313,4.057932163280862,3.84054740633614,3.928790250867808,1022068000
2019-05-20,3.761475563049317,3.836333274940559,3.7366881504321054,3.78130539858697,572064000
2019-05-21,3.843521118164064,3.859385032582024,3.78353590599983,3.822204153070433,361848000
2019-05-22,3.77263069152832,3.830880816477383,3.761724114149103,3.804854240348122,325868000
2019-05-23,3.651667594909668,3.710413414644653,3.5919301179758825,3.710413414644653,591844000
2019-05-24,3.597879409790039,3.705704114217534,3.5911867278095704,3.670506072343846,357584000
2019-05-28,3.5527658462524414,3.6481970641758896,3.5507827684198823,3.615477816475308,428356000
2019-05-29,3.478652000427246,3.540124343200313,3.4439496731796475,3.5051742789553133,559800000
2019-05-30,3.4521000385284424,3.5176132426818305,3.413883923885589,3.481878746174516,394300000
2019-05-31,3.361522436141968,3.470462996970709,3.3597853510032443,3.403212716131436,389720000
2019-06-03,3.3198320865631104,3.41140155089737,3.2905496616915424,3.3726891685254583,478644000
2019-06-04,3.5486326217651367,3.553843877651576,3.361770995956652,3.383856828522054,641836000
2019-06-05,3.5059502124786377,3.6277949277908506,3.4697194366685933,3.622335414771477,511616000
2019-06-06,3.567988634109497,3.592556083458452,3.507686691465688,3.510168309378134,408140000
2019-06-07,3.610671281814575,3.644916707929849,3.5548360649678163,3.57394423791498,348856000
2019-06-10,3.683380603790283,3.751871683944872,3.666754050748164,3.666754050748164,402780000
2019-06-11,3.740953922271729,3.780907124989225,3.7014972325431454,3.743187284081249,383872000
2019-06-12,3.628042221069336,3.703729908708087,3.612904730873607,3.6975258640966544,358892000
2019-06-13,3.6791625022888175,3.697525906565327,3.632508985583392,3.650128093826062,308080000
2019-06-14,3.589329719543457,3.6104229972255584,3.544661783074375,3.5861038057770656,394428000
2019-06-17,3.5990078449249268,3.6359831440619295,3.5647621832656573,3.5875925454851405,276040000
2019-06-18,3.793811321258545,3.84915003775768,3.64938449406362,3.660303283464218,581920000
2019-06-19,3.7997660636901855,3.840463552055667,3.773709551550996,3.8290484894629415,331644000
2019-06-20,3.824085712432861,3.904240126598576,3.809692754251881,3.8903434446776135,350168000
2019-06-21,3.7660164833068848,3.8583307149583774,3.759564419714578,3.809195823753906,434428000
2019-06-24,3.788351058959961,3.817881743458873,3.740208713863298,3.787358506481712,282948000
2019-06-25,3.759068965911865,3.868257794693554,3.7563393280233672,3.793314632724528,311868000
2019-06-26,3.952133655548096,4.013180360056078,3.873468318003197,3.886372445570069,584072000
2019-06-27,4.0506510734558105,4.0697590054385415,4.001764208089538,4.037746947876291,445440000
2019-06-28,4.075469017028809,4.103758900994328,4.02881572346617,4.094576959535593,397668000
2019-07-01,4.123610019683838,4.316675433416628,4.086138206588349,4.282429770761454,709756000
2019-07-02,4.025835514068604,4.128075970022572,4.012683368306694,4.10698245953639,400228000
2019-07-03,4.038740634918213,4.054870914754963,3.978935204940432,4.049163146200974,246636000
2019-07-05,3.976205825805664,3.98489125243947,3.91292574796479,3.980424529216406,396552000
2019-07-08,3.901262044906616,3.935507708463473,3.8712353210074615,3.916647791528399,329788000
2019-07-09,3.903743743896485,3.9317853634338737,3.846419695875436,3.8590755684712126,342860000
2019-07-10,3.971987009048462,4.029310823195761,3.933274620019533,3.9471713022370607,452076000
2019-07-11,4.126340389251709,4.167037886687036,4.007721594463587,4.044944921060779,682560000
2019-07-12,4.159344673156738,4.230317623047764,4.154133417324343,4.154133417324343,506392000
2019-07-15,4.150907039642334,4.196567767290937,4.122617637138921,4.180437961065009,289840000
2019-07-16,4.14619255065918,4.173241382538583,4.090605348098259,4.136018058733451,341444000
2019-07-17,4.211457252502441,4.21840559286607,4.118646736708043,4.147929163474818,348204000
2019-07-18,4.223121166229248,4.285904734954432,4.165300833974736,4.22188059377172,442192000
2019-07-19,4.179941654205322,4.267788943467835,4.17398586566886,4.261337115323473,344896000
2019-07-22,4.251410484313965,4.264314613440293,4.193838179494945,4.201283033217133,315940000
2019-07-23,4.359110355377197,4.361095460427464,4.274985257379087,4.290619497940688,428176000
2019-07-24,4.433557033538818,4.439264802250148,4.32635378692082,4.402289498828608,366236000
2019-07-25,4.3025312423706055,4.4047717408104745,4.279204597934952,4.392115629259536,392700000
2019-07-26,4.344468116760254,4.3911213876879325,4.329578885751874,4.329578885751874,274160000
2019-07-29,4.338265419006348,4.354395699492456,4.2501701091487964,4.337272866461397,248160000
2019-07-30,4.353899955749512,4.366059554883775,4.27746771644239,4.291860914187575,197772000
2019-07-31,4.186890602111816,4.32337677198391,4.144704036634304,4.322383745983711,359416000
2019-08-01,4.09259033203125,4.287640842295191,4.040477307617723,4.197311947079872,421212000
2019-08-02,4.000028133392334,4.069263993496458,3.952630557717164,4.000028133392334,428348000
2019-08-05,3.741946458816528,3.817882175171552,3.6950449173442688,3.816641366103382,589156000
2019-08-06,3.780658483505249,3.862053709637955,3.7330126475535,3.8166412352682992,361272000
2019-08-07,3.818875551223755,3.830787131518571,3.7024903334588073,3.719861190838596,372560000
2019-08-08,3.927318572998047,3.928559381922972,3.819122543341664,3.87644659037663,309300000
2019-08-09,3.826070070266724,3.8898461681513736,3.7756943745971294,3.886371998564509,341816000
2019-08-12,3.758324384689331,3.8260709437598064,3.7364865732577073,3.773958151399416,279200000
2019-08-13,3.872475862503052,3.91838484555554,3.7178748114695592,3.7568352172905617,351956000
2019-08-14,3.724077939987183,3.7955469109122046,3.6804025629374726,3.784379869413917,419880000
2019-08-15,3.6918184757232666,3.762791186877005,3.657573047446917,3.742938716669823,477200000
2019-08-16,3.9595787525177,4.008713411547251,3.893072769164578,3.954367497216686,1007960000
2019-08-19,4.238009929656982,4.253892189927733,4.056608058764237,4.072738338834775,815112000
2019-08-20,4.165796279907227,4.233046554902165,4.144702766969983,4.232550042054164,463188000
2019-08-21,4.249176979064941,4.304267667180546,4.210216571039822,4.2318061266537566,427244000
2019-08-22,4.255382061004639,4.301290818629002,4.216173152484569,4.2588562321403165,303488000
2019-08-23,4.031047821044922,4.233295188189043,4.011195350690422,4.178949032844092,568056000
2019-08-26,4.105742454528809,4.133784308031125,4.067526583961215,4.109713137439281,318208000
2019-08-27,4.015165328979492,4.146687744486093,3.985882904849924,4.143958107206244,290968000
2019-08-28,4.004733562469482,4.057394715003418,3.9495883352004126,3.988836052711197,255612000
2019-08-29,4.148310661315918,4.180602690054442,4.092668421383395,4.096146031767372,357976000
2019-08-30,4.160976886749268,4.244191705549204,4.142843573381755,4.194511174284586,290616000
2019-09-03,4.078011989593506,4.121233846385008,4.055159260760922,4.088196553572964,296140000
2019-09-04,4.192027568817139,4.199479791476243,4.138621157565341,4.138621157565341,227728000
2019-09-05,4.464774131774902,4.470984081943929,4.292383223962203,4.294122028961083,695676000
2019-09-06,4.437697410583496,4.498307311494924,4.399691971411544,4.441423285392116,376976000
2019-09-09,4.483651161193848,4.570095333288617,4.467256650349984,4.468747189641803,417524000
2019-09-10,4.550222396850586,4.576800991316352,4.441173784814077,4.450861340895248,352812000
2019-09-11,4.578789234161377,4.626979230477164,4.535815651439235,4.564878797911657,361512000
2019-09-12,4.577299118041992,4.679889068655952,4.569350364277171,4.625240853510472,327840000
2019-09-13,4.519421577453613,4.547739457034524,4.475702720883678,4.510727553957993,324592000
2019-09-16,4.4764485359191895,4.510976368804887,4.433971948267542,4.4444047777332525,231832000
2019-09-17,4.497810363769531,4.502033242595779,4.43670346411562,4.48315465741563,223048000
2019-09-18,4.470735549926758,4.506505660522714,4.384291826669806,4.490856414807801,258152000
2019-09-19,4.395221710205078,4.495079344485876,4.384540140464228,4.4766972844811965,245476000
2019-09-20,4.289648532867432,4.417823989792511,4.279464446465386,4.394225999961076,350244000
2019-09-23,4.343056201934815,4.388513864421871,4.286172175945748,4.289898524535677,249712000
2019-09-24,4.285675525665283,4.403914718861197,4.250154162024822,4.374355039009405,317268000
2019-09-25,4.42726469039917,4.44688854752959,4.240466360368865,4.285178754321207,308432000
2019-09-26,4.405155181884766,4.426269570932568,4.354232856731199,4.417575550086003,234564000
2019-09-27,4.26654863357544,4.414099239922448,4.205938261262975,4.363425165093212,362056000
2019-09-30,4.323927879333496,4.334112439034667,4.26108219076066,4.292381139328719,186184000
2019-10-01,4.322189807891846,4.4960712003874725,4.317470398867783,4.3470300745038895,366008000
2019-10-02,4.298344135284424,4.312254572772239,4.226059134377036,4.300331205271614,293372000
2019-10-03,4.503772258758545,4.509982207751677,4.272510290120743,4.302815239189767,450588000
2019-10-04,4.520166873931885,4.549478288687561,4.440926653211985,4.506007697163168,265524000
2019-10-07,4.578789234161377,4.678398096787563,4.576305160004113,4.584999182660187,480984000
2019-10-08,4.402424812316895,4.487129724048681,4.384291493041404,4.487129724048681,444436000
2019-10-09,4.48886775970459,4.538300033345435,4.450365792127868,4.479180201486422,292412000
2019-10-10,4.546496868133545,4.597419205277108,4.481415829074276,4.486632242810454,309124000
2019-10-11,4.620025157928467,4.70323953078141,4.611579398457308,4.63045798770267,446404000
2019-10-14,4.633436679840088,4.654302330772295,4.580278543979694,4.611328755139847,200040000
2019-10-15,4.877865314483643,4.950399059227821,4.709697305752132,4.723608217939063,664124000
2019-10-16,4.824210643768311,4.9486602675172895,4.812784279880855,4.843834501041377,428944000
2019-10-17,4.826196670532227,4.913633887689199,4.771796260484144,4.868673242227408,263436000
2019-10-18,4.731804370880127,4.859234576136827,4.657532308727944,4.826693821535992,307440000
2019-10-21,4.868921756744385,4.8823356610131095,4.77428057868226,4.793159161244128,261868000
2019-10-22,4.858987331390381,5.030881219658988,4.8512868422431765,4.925807185318741,328720000
2019-10-23,4.846069812774658,4.860228515074197,4.745218670685841,4.777014158325373,279916000
2019-10-24,4.890038013458252,4.923571839345654,4.85327436910926,4.887305199480482,232020000
2019-10-25,5.080808639526367,5.101674291975892,4.962817733779943,4.970518220820409,423092000
2019-10-28,5.136698246002197,5.189110633480323,5.095214739616401,5.124526143685335,330792000
2019-10-29,5.040568828582764,5.129248350416009,5.021193709756403,5.122789661614695,211236000
2019-10-30,5.042555332183838,5.073109020316152,4.97449321103498,5.067395601925326,205960000
2019-10-31,4.993370532989502,5.042554055635316,4.913633803734813,5.021688404898659,209732000
2019-11-01,5.032371044158936,5.064663061893138,4.9330099691241465,4.958098503171702,283640000
2019-11-04,5.228855609893799,5.241275979201212,5.090247794459039,5.1133487811724025,376716000
2019-11-05,5.206748008728027,5.254689258893449,5.158806284773975,5.228607194778429,300868000
2019-11-06,5.157566547393799,5.208240156857396,5.070128820646721,5.182655086783872,269012000
2019-11-07,5.175203800201416,5.258666927660653,5.130491393570078,5.244011215433221,280340000
2019-11-08,5.161291122436523,5.192838343074612,5.120801613860862,5.158310517720232,189100000
2019-11-11,5.171229362487793,5.194330360639648,5.074352329075755,5.16054779221556,243436000
2019-11-12,5.206748008728027,5.2626384845378045,5.174455523242987,5.209480347760748,283504000
2019-11-13,5.180916786193848,5.203024248480168,5.114593451757152,5.175451631622091,300188000
2019-11-14,5.211220264434815,5.213456073459919,5.129992976686992,5.189857604309165,518080000
2019-11-15,5.072114944458008,5.260651571996702,4.983931972589848,5.208983968056477,1053628000
2019-11-18,5.273073673248291,5.29965227975907,5.061683778986319,5.064664384597203,574588000
2019-11-19,5.166508674621582,5.265621028558215,5.108382842640245,5.242023029540466,414564000
2019-11-20,5.245748996734619,5.329460373239897,5.130987396550761,5.143656035633732,472588000
2019-11-21,5.220907211303711,5.296918076214719,5.199296288413104,5.241276334073819,288388000
2019-11-22,5.238543510437012,5.289962369352295,5.214945046231308,5.243511184248384,224100000
2019-11-25,5.494894504547119,5.4998626526423084,5.3535538656231445,5.366470766397429,506476000
2019-11-26,5.390316963195801,5.481977059647323,5.38385827655539,5.477257177288771,385244000
2019-11-27,5.42511796951294,5.470111786171922,5.398768214338787,5.435807414764339,215784000
2019-11-29,5.3878326416015625,5.422634398950764,5.363968308483034,5.39429609604549,141556000
2019-12-02,5.201642990112305,5.394296820525569,5.186479568432938,5.380873012808919,372036000
2019-12-03,5.162116527557373,5.166093599459817,4.98089803166497,5.018185688510928,465232000
2019-12-04,5.205868244171143,5.268014509863485,5.177281018849271,5.245641816283171,273424000
2019-12-05,5.188965320587158,5.243405421320501,5.158389081322822,5.227744628880031,184884000
2019-12-06,5.274228096008301,5.307041784962979,5.248126782890336,5.258070411204777,232236000
2019-12-09,5.274228096008301,5.328917103461136,5.242658071800371,5.251358509506359,211880000
2019-12-10,5.319223403930664,5.370929143014458,5.251607951361957,5.304307958637612,256388000
2019-12-11,5.402745723724365,5.408214908065848,5.327176152168349,5.329662058843892,233796000
2019-12-12,5.570044040679932,5.5881907344572985,5.364961698392132,5.37391058398652,404348000
2019-12-13,5.568057537078857,5.692101634976411,5.51411433295875,5.573029352729624,454704000
2019-12-16,5.596891403198242,5.669229732850712,5.587445146174056,5.6155354687860095,320976000
2019-12-17,5.674948692321777,5.697569835117651,5.606090521582747,5.615536780813981,321196000
2019-12-18,5.70527458190918,5.765680746547363,5.701297035911866,5.709749024819734,343548000
2019-12-19,5.853182792663574,5.8666065962247975,5.734856364274819,5.739828178492925,445360000
2019-12-20,5.950380325317383,5.9757358217799785,5.900414677876029,5.91955564300487,603044000
2019-12-23,5.936707496643066,6.011034365228068,5.926018522750285,5.97896696941142,355060000
2019-12-24,5.931735992431641,5.9488884205613335,5.886990610204326,5.921295466463711,138864000
2019-12-26,5.945905208587647,5.97399505772598,5.916323246235514,5.935215760730923,182852000
2019-12-27,5.888233184814453,5.974492213404706,5.861882950029795,5.9610684104857095,254644000
2019-12-30,5.77512788772583,5.871579007150527,5.743806308417609,5.86635874393249,258056000
2019-12-31,5.849206924438477,5.858653183741712,5.720688392693401,5.739829359820422,231004000
2020-01-02,5.963804244995117,5.963804244995117,5.8845060207937,5.934968570207183,237536000
2020-01-03,5.86834716796875,5.912098283248919,5.819375789570351,5.844234388573591,205384000
2020-01-06,5.89295768737793,5.89817795124296,5.749027284163017,5.775128603488166,262636000
2020-01-07,5.964301109313965,6.010040762284661,5.876301978898439,5.921295812236685,314856000
2020-01-08,5.97548770904541,6.016752920110511,5.920053346777654,5.960075367023141,277108000
2020-01-09,6.04111385345459,6.113452193523961,5.987419581657777,6.061746457974927,255112000
2020-01-10,6.073430061340332,6.178581626426708,6.0592609099923775,6.148254313226695,316296000
2020-01-13,6.263846397399902,6.288953447003874,6.133836231355337,6.156457847574533,319840000
2020-01-14,6.147011756896973,6.2464456898529646,6.13383639924978,6.221089716905771,359088000
2020-01-15,6.104503154754639,6.182061762177155,6.0786502856138,6.15968906872303,263104000
2020-01-16,6.188028335571289,6.193994419240896,6.134582505212435,6.157949468694057,284192000
2020-01-17,6.196728229522705,6.214626478954624,6.149248487016599,6.207168756490065,253792000
2020-01-21,6.163417816162109,6.196976854432715,6.129361406762414,6.160186089168899,217916000
2020-01-22,6.217362403869629,6.30386992007941,6.1897694401677,6.20866196253465,239240000
2020-01-23,6.285721302032471,6.294173292221765,6.168638052545545,6.25738300125643,244516000
2020-01-24,6.226558208465576,6.450782022304533,6.172366566956607,6.40106482430508,373512000
2020-01-27,5.971012115478516,6.021972024087734,5.772889640468227,5.922289191292471,470536000
2020-01-28,6.164163589477539,6.196479436751818,5.9836904141412175,6.036887788328454,310976000
2020-01-29,6.103755950927734,6.185788977238313,6.063981917010932,6.149744040520787,258848000
2020-01-30,6.110467910766602,6.1238917135787965,5.951125209315321,6.006062188703586,290504000
2020-01-31,5.877295970916748,6.076661182932319,5.835533866568299,6.064729017650381,370420000
2020-02-03,5.974244117736816,5.993633529611149,5.852934409802068,5.859148940575211,255564000
2020-02-04,6.143282413482666,6.162423853757808,6.0659727292741294,6.115938379346584,271544000
2020-02-05,6.233518123626709,6.274285957619516,6.150241893918573,6.264093880586738,208220000
2020-02-06,6.32027530670166,6.32027530670166,6.186785433211624,6.267824220309713,218284000
2020-02-07,6.254149436950684,6.3023749824226,6.228793473831808,6.28025074533346,189752000
2020-02-10,6.537041187286377,6.537786532770284,6.2718006088987535,6.276772423621559,529608000
2020-02-11,6.65934419631958,6.7739420040767095,6.583277238541487,6.645175046983783,638556000
2020-02-12,6.774936199188232,6.781399652596957,6.673264825343856,6.712044123381284,374644000
2020-02-13,6.731186866760254,6.798304955050314,6.689673202125797,6.717017713830288,528016000
2020-02-14,7.203746318817139,7.33251328983712,7.1095326552083975,7.140854235530953,1041924000
2020-02-18,7.372286796569824,7.390682416654508,7.081193817797439,7.100583231884326,620164000
2020-02-19,7.822971343994141,7.840621144248622,7.49459070572819,7.49459070572819,694332000
2020-02-20,7.6738200187683105,7.863241593793257,7.366817357632579,7.774994022694895,810052000
2020-02-21,7.310140609741211,7.586815992154604,7.225373204609657,7.56170894332457,768180000
2020-02-24,6.793333053588867,7.006867932102628,6.662080157687568,6.716520257731246,856916000
2020-02-25,6.514170169830322,6.930301423578362,6.412498802092312,6.868403619519949,1055496000
2020-02-26,6.653378009796143,6.847274499035752,6.512927812738994,6.514418977708999,747732000
2020-02-27,6.283013820648193,6.641190510087808,6.190733538467209,6.340222462355224,906416000
2020-02-28,6.717552661895752,6.777000110355166,6.014133807368848,6.0307988288926,1133252000
2020-03-02,6.875745296478272,6.904598685338675,6.491949395482949,6.887436000024887,890744000
2020-03-03,6.613582134246826,6.991159895490663,6.528266351897922,6.931463849885732,652792000
2020-03-04,7.076724052429199,7.086175961601068,6.646165702503717,6.720786112979837,597408000
2020-03-05,6.797645092010498,7.044140056322009,6.7531215361195445,6.877488416985179,540328000
2020-03-06,6.617312908172607,6.675765493007833,6.417330754575252,6.618307771090596,515412000
2020-03-09,6.104920864105225,6.45215313065251,5.924340216709666,5.967122164255437,614160000
2020-03-10,6.493941307067871,6.493941307067871,6.118602323837332,6.381016056279252,580648000
2020-03-11,6.130541324615479,6.382508765551171,6.033535302098226,6.354153034889596,499964000
2020-03-12,5.380358695983887,5.873099896236231,5.367673129494751,5.607949780649273,816540000
2020-03-13,5.99050235748291,5.994979476802565,5.462440911971198,5.733311612240155,634836000
2020-03-16,4.885129451751709,5.623868804393567,4.825433423913696,5.283352042146694,726972000
2020-03-17,5.404238700866699,5.49353441701588,4.750815329093607,4.997310313388122,833632000
2020-03-18,5.044816970825195,5.221915344621923,4.494120840313374,4.977161561552436,874268000
2020-03-19,5.2972822189331055,5.390805960383329,4.810261552941919,5.023425962403423,765512000
2020-03-20,5.11769437789917,5.728832584816338,5.102272825273129,5.4472661369532,804636000
2020-03-23,5.290316581726074,5.384587051709071,4.937860991668966,5.116700479033214,643876000
2020-03-24,6.197946548461914,6.284506249716404,5.672372465033583,5.6960019972439735,1101644000
2020-03-25,6.109397411346436,6.512345753100679,6.060645342640623,6.312861307665624,793432000
2020-03-26,6.39842700958252,6.522296211921472,6.218343548888782,6.316344419292104,696108000
2020-03-27,6.286248207092285,6.54468246183584,6.185510868111897,6.21834371533813,638828000
2020-03-30,6.606119632720947,6.615322944620109,6.307638944638565,6.351664829525948,602252000
2020-03-31,6.556620121002197,6.850125946668454,6.411110667854634,6.64616392544038,949960000
2020-04-01,6.045970439910889,6.505133062019152,6.001447365136863,6.358877795314713,656912000
2020-04-02,6.354399681091309,6.367582441170234,6.027066154897926,6.075071479118108,675764000
2020-04-03,6.066864490509033,6.358380162786701,5.929563462514171,6.316841676132549,663212000
2020-04-06,6.676013946533203,6.712826720238885,6.2912226117750105,6.348680332456353,727884000
2020-04-07,6.442949295043945,6.921015708413255,6.399918279480084,6.897385702203857,784520000
2020-04-08,6.639945983886719,6.664819448539944,6.482000028923903,6.551894232132744,542444000
2020-04-09,6.540452480316162,6.788439907863823,6.477522791428222,6.765556643407409,525564000
2020-04-13,6.712080001831055,6.720785644616619,6.392457189784047,6.480757551993029,398408000
2020-04-14,7.062795162200928,7.096871470661911,6.812568872966926,6.840178335247063,530948000
2020-04-15,6.985438346862793,7.068266728820845,6.849629840850387,6.894899184713868,366148000
2020-04-16,7.330184936523437,7.437140546741984,7.1274672305178495,7.140649996708756,745620000
2020-04-17,7.270983695983887,7.433655370807423,7.137164937154515,7.412264162275912,539120000
2020-04-20,7.139901161193848,7.30033451878303,7.095626685846547,7.144627352201528,449388000
2020-04-21,6.703624248504639,7.083191770395968,6.643928197428581,7.022003661998989,735160000
2020-04-22,7.117516040802002,7.160298464980973,6.850127550160316,6.895645491403493,483356000
2020-04-23,7.064287185668945,7.291381131883478,7.03916511801574,7.159552544590378,424160000
2020-04-24,7.203078746795654,7.205068472066318,6.979467120556103,7.054087511268315,352328000
2020-04-27,7.389381408691406,7.54906850647414,7.312771282405198,7.337396152234377,479388000
2020-04-28,7.247106552124023,7.566480789850535,7.241634568960474,7.536632530726662,442904000
2020-04-29,7.423707485198975,7.476439012322255,7.306553724860844,7.381671326882136,379160000
2020-04-30,7.269988536834717,7.423705966666164,7.256059510755734,7.369730516188236,375916000
2020-05-01,7.033693313598633,7.185918254969449,6.985438902892825,7.072744411880323,342096000
2020-05-04,7.245364665985107,7.259045096885763,6.986432764934915,6.986432764934915,317556000
2020-05-05,7.306304931640625,7.468728031635748,7.245364957293524,7.349335951665621,368896000
2020-05-06,7.407041549682617,7.511758806368057,7.3478431802598525,7.38565081334239,323464000
2020-05-07,7.583144664764404,7.646322956404003,7.494844309602577,7.546083299397135,373732000
2020-05-08,7.772929668426514,7.779147917276859,7.620953332367935,7.654781042582035,339216000
2020-05-11,8.024649620056152,8.071411503262857,7.739351653989757,7.767955982299536,469060000
2020-05-12,7.7629780769348145,8.131103816674749,7.753277573290924,8.082352226982069,493060000
2020-05-13,7.740593433380127,8.037581075925017,7.556281469377941,7.877396787105867,625852000
2020-05-14,7.989824771881103,7.99529675418394,7.648561706335305,7.802030552114325,602312000
2020-05-15,8.447744369506836,8.457444400932566,7.834117990428447,7.849788147818248,987660000
2020-05-18,8.705930709838867,8.871338897702698,8.636534153708487,8.716128885688486,774460000
2020-05-19,8.760899543762207,9.041470783714418,8.71836571880114,8.74572658115145,717320000
2020-05-20,8.924566268920898,8.997196470671472,8.84372761897781,8.945459810615404,587536000
2020-05-21,8.730799674987793,9.00664461328584,8.69324065354223,9.005650225288797,761068000
2020-05-22,8.980533599853516,9.046946047215028,8.66911916021186,8.780551415125013,1038764000
2020-05-26,8.673595428466797,9.135246032523414,8.628077479731227,9.11037208467669,770780000
2020-05-27,8.482067108154297,8.589021710730815,7.956243588369722,8.581311407410789,1175892000
2020-05-28,8.444013595581055,8.71612780265419,8.336808463910437,8.369641310493597,734896000
2020-05-29,8.830544471740723,8.830544471740723,8.442022323211523,8.511170268712194,745256000
2020-06-01,8.761648178100586,8.795973565725932,8.645489722813036,8.788511854970578,389876000
2020-06-02,8.780548095703125,8.792487396907989,8.614145567728748,8.7516956542315,391320000
2020-06-03,8.72508430480957,8.821344546678537,8.655936336485837,8.777567722833208,365440000
2020-06-04,8.726079940795898,8.902014215850874,8.63748960283906,8.68775667418007,424280000
2020-06-05,8.878870010375977,8.955514629700385,8.667847647401274,8.753948963501875,481748000
2020-06-08,8.764398574829102,8.848756999932231,8.645698165784353,8.83631482994791,387736000
2020-06-09,9.004288673400879,9.067744989711962,8.710898494136034,8.759423633292464,468488000
2020-06-10,9.32356071472168,9.456196549107496,9.111293827443436,9.125478874094505,632180000
2020-06-11,8.75568962097168,9.21854464450774,8.745486794003435,9.1078077095288,583652000
2020-06-12,8.891310691833496,9.144886249217148,8.663117846022635,9.12025061846293,570908000
2020-06-15,9.131450653076172,9.139911559125864,8.703433037578094,8.77460413262687,400004000
2020-06-16,9.026686668395996,9.224023347395825,8.797996315079203,9.182465893211678,535716000
2020-06-17,9.19340991973877,9.25611913325876,9.02842374462219,9.071724048368797,408304000
2020-06-18,9.175496101379396,9.239698546814658,9.072472976600096,9.184454427604352,254408000
2020-06-19,9.218546867370604,9.40144976678961,9.18470419227258,9.199884081125418,524160000
2020-06-22,9.48282241821289,9.487302056324824,9.230491304611464,9.257118524157914,398468000
2020-06-23,9.406426429748535,9.598038937764816,9.364122850339776,9.506960557763616,375108000
2020-06-24,9.192914009094238,9.512433926958058,9.10233306985164,9.432553235534522,449372000
2020-06-25,9.44624137878418,9.461172555518514,9.1399106647532,9.312610716944958,376072000
2020-06-26,9.112785339355469,9.456194784156567,9.082923937413549,9.456194784156567,592084000
2020-06-29,9.157577514648438,9.162057151917535,8.858960660515779,9.127467403493844,342248000
2020-06-30,9.45395565032959,9.482323840413832,9.223772146240533,9.271052779473228,367892000
2020-07-01,9.486055374145508,9.531595028681618,9.369595252046542,9.476848338743393,326648000
2020-07-02,9.567926406860352,9.692598718504769,9.534082792451692,9.59455267019897,364056000
2020-07-06,9.7938814163208,9.863060925578766,9.667715860624158,9.69683113490446,315892000
2020-07-07,9.826231002807615,10.023566685048234,9.805327925441164,9.90038756505966,357800000
2020-07-08,10.168895721435549,10.177854998888964,9.919550999022553,9.947670485855047,365480000
2020-07-09,10.460541725158691,10.521260318665224,10.186311788352295,10.332385556783915,494548000
2020-07-10,10.43092918395996,10.606117275097947,10.330892492239586,10.539924201198591,497676000
2020-07-13,10.005900382995604,10.742488118147886,9.978775740373257,10.546148195203145,457076000
2020-07-14,10.329150199890137,10.35478162287087,9.74037740000832,10.028542714415202,542676000
2020-07-15,10.180092811584473,10.384893623623142,10.009383383606286,10.36623083826327,403984000
2020-07-16,10.088019371032717,10.159686933380636,9.849872362524458,9.96882151149735,344964000
2020-07-17,10.154459953308104,10.201243163954526,10.041234957876576,10.178349454335391,266284000
2020-07-20,10.462284088134766,10.482689743606027,10.109916313278465,10.226874817153762,284852000
2020-07-21,10.280875205993652,10.51130838501067,10.23931776030554,10.464524220514964,277036000
2020-07-22,10.390616416931152,10.553611049792725,10.244045222912812,10.319694993925742,367292000
2020-07-23,10.08304214477539,10.49836789312907,9.984996075999454,10.401815036980182,411660000
2020-07-24,10.147493362426758,10.316958282802544,9.731918901066056,9.829466600023125,473292000
2020-07-27,10.373446464538574,10.393602461072309,10.170635352239849,10.185069107587438,292132000
2020-07-28,10.16839599609375,10.334128352270644,10.162175384539536,10.326414528145886,271636000
2020-07-29,10.417243957519531,10.467759731459614,10.299290598378333,10.342838679361162,284508000
2020-07-30,10.565057754516602,10.574016079653706,10.247777173412944,10.32715949631909,308880000
2020-07-31,10.565805435180664,10.716856279883505,10.38489318588376,10.51454258205135,386080000
2020-08-03,10.959481239318848,11.047573183866636,10.665841424159556,10.68301194424038,412720000
2020-08-04,11.175976753234863,11.175976753234863,10.85571070877814,10.999046753353358,310336000
2020-08-05,11.234704971313477,11.319313061745826,11.11476100189389,11.19215269021843,249924000
2020-08-06,11.283231735229492,11.305628025623456,11.127204783408471,11.297415830981054,244316000
2020-08-07,11.14785861968994,11.451701263494748,10.986605906099884,11.26033748740902,342516000
2020-08-10,11.113517761230469,11.35564602075613,10.806439976810289,11.281987829661926,427796000
2020-08-11,10.799971580505373,11.085399231333554,10.745971010645114,11.022689045250187,354512000
2020-08-12,11.38749885559082,11.414125122757872,10.907721031284495,10.940071438029332,464412000
2020-08-13,11.390235900878906,11.667700995815364,11.303388455676876,11.492760654115996,374460000
2020-08-14,11.510679244995115,11.65078018715928,11.387748824908543,11.47683562197929,366436000
2020-08-17,12.280113220214844,12.352527856575652,11.762760176683678,11.796602846193656,621300000
2020-08-18,12.204216003417969,12.438381746178354,12.03052110177565,12.39259337185212,503448000
2020-08-19,12.08253002166748,12.25821555613678,12.042216127810237,12.239801481703257,622624000
2020-08-20,12.085016250610352,12.31793745479944,11.823975568616628,11.91978228041564,921388000
2020-08-21,12.625015258789062,12.749687580406652,12.139015904821967,12.14548617561358,999868000
2020-08-24,12.66159725189209,12.85296104070654,12.449827806001334,12.824343188832731,490564000
2020-08-25,12.691211700439451,12.702409372757437,12.515773906574502,12.57251124777266,289076000
2020-08-26,12.714104652404783,12.809164303214024,12.619293712172963,12.740233502188827,321244000
2020-08-27,12.57002067565918,12.790748434338262,12.508554997682598,12.722563774605414,317604000
2020-08-28,13.087124824523926,13.087373535062817,12.584204585857163,12.616554992173452,537160000
2020-08-31,13.31283187866211,13.512406931273958,12.97763456666165,13.12196549348428,500840000
2020-09-01,13.761387825012209,13.933392246926289,13.37854573615063,13.421858060233896,511316000
2020-09-02,14.284621238708496,14.66323112605834,13.840046302454017,14.640329615319995,874012000
2020-09-03,12.95936107635498,13.824612353112618,12.823200691803295,13.76910292266537,945128000
2020-09-04,12.5680570602417,13.118173789760052,11.654265141820805,12.72861072124861,1463684000
2020-09-08,11.861616134643556,12.495868665952957,11.653766757408798,11.68388587841254,795728000
2020-09-09,12.66015911102295,12.754002328064084,12.178992800309702,12.346517205134733,736200000
2020-09-10,12.258646965026855,13.008896928842086,12.114520712963447,12.933224521841012,698684000
2020-09-11,12.112031936645508,12.597926996342265,11.844440927572224,12.431647488239708,636928000
2020-09-14,12.816729545593262,13.257569871709803,12.576769791725022,13.024579895343456,1201744000
2020-09-15,12.93496799468994,13.241390370947263,12.772422147421343,13.222721052667398,727556000
2020-09-16,12.46052360534668,13.036279497509602,12.459777250368292,12.901363965653175,556384000
2020-09-17,12.40973949432373,12.535445188714483,11.982838842675774,12.079918130588368,792512000
2020-09-18,12.136673927307127,12.578011754525583,11.937039210189646,12.539429199310243,698460000
2020-09-21,12.463258743286133,12.468486075393573,11.853151697144176,11.873563455723923,721044000
2020-09-22,12.583239555358888,12.593445435426194,12.10307037011186,12.520760350235271,646452000
2020-09-23,12.071455955505373,12.672104438360137,12.027148498974409,12.521257209528594,647012000
2020-09-24,12.294739723205566,12.51528473621098,11.962180709019703,12.020179888363415,731240000
2020-09-25,12.81822395324707,12.82793226514612,12.192933271803156,12.393812906216654,588016000
2020-09-28,12.978775024414062,12.99545310965322,12.695004487793115,12.984002356413695,573808000
2020-09-29,13.168705940246582,13.384770004371228,12.87746797882626,12.881699222732806,621460000
2020-09-30,13.472142219543455,13.563745423360237,13.093532292737644,13.100750855751826,689184000
2020-10-01,13.555778503417969,13.703388704944128,13.40269123424732,13.69865989133984,525004000
2020-10-02,13.005910873413086,13.46118833485087,12.994708902423616,13.167959153584208,552496000
2020-10-05,13.583656311035156,13.585398755238357,13.165716588093956,13.178909786872856,479820000
2020-10-06,13.677251815795898,14.081003232270978,13.60606038275203,13.770348670376706,784420000
2020-10-07,13.903770446777344,14.058351371895522,13.803703815426886,13.939366637867233,418084000
2020-10-08,13.779060363769531,14.023750816263338,13.698659142162176,14.01429129045017,378900000
2020-10-09,13.703388214111328,13.764623499410623,13.601828874328715,13.70762040717948,346892000
2020-10-12,14.164640426635742,14.285118819607398,13.852493157883188,13.929160708195548,434744000
2020-10-13,14.18679141998291,14.286609243411322,13.95828153059554,14.23483349531146,344604000
2020-10-14,14.034452438354492,14.280884353455278,13.899785727248714,14.22885981694376,276100000
2020-10-15,13.909746170043944,13.945341414351493,13.708368017226269,13.751182773950996,267224000
2020-10-16,13.751927375793455,14.060590691280174,13.733009274050568,13.976206063082346,242392000
2020-10-19,13.439532279968262,13.923186408800929,13.348924223292842,13.843033967891984,298068000
2020-10-20,13.586642265319824,13.740227074290004,13.44873945260384,13.524909419998732,229212000
2020-10-21,13.466416358947754,13.732016177737718,13.419370357324816,13.566234215252187,219596000
2020-10-22,13.303372383117676,13.5530404565409,13.174679330506804,13.46417579046509,290480000
2020-10-23,13.531630516052246,13.534617834284036,13.233920420278526,13.391985258225828,233484000
2020-10-26,13.08456802368164,13.633689579571246,12.982261385916676,13.369085896916106,336896000
2020-10-27,13.33896827697754,13.384023046239228,13.134602813833258,13.248609003917071,250520000
2020-10-28,12.57253646850586,13.20280655451587,12.554614456414914,13.141073702441242,376520000
2020-10-29,12.96782398223877,13.135845925987596,12.6950056543865,12.783123951718173,320080000
2020-10-30,12.479936599731444,12.880699670171047,12.246945723499536,12.794573559222506,416820000
2020-11-02,12.52648639678955,12.781381768805504,12.341537577545925,12.603153941396506,299652000
2020-11-03,12.963343620300291,13.048474603240864,12.548391206447642,12.653685165437649,272900000
2020-11-04,13.73475170135498,13.767859091534874,13.279474284873544,13.331498827212098,410228000
2020-11-05,14.09892463684082,14.277152471503854,13.930653897861085,14.1014143855421,319028000
2020-11-06,14.499190330505373,14.52582456291874,13.83506746873094,14.048890531552257,383348000
2020-11-09,13.571956634521484,14.62813134375432,13.55204339364055,14.489730948690765,582976000
2020-11-10,12.714921951293944,13.547813246458624,12.57378300138772,13.547813246458624,644068000
2020-11-11,13.360124588012695,13.377051459709095,12.892400350122854,12.997445519056676,404744000
2020-11-12,13.39870834350586,13.706624366727366,13.258565493925284,13.420862549659276,365812000
2020-11-13,13.239646911621094,13.609793346805214,13.002922328890708,13.568472254694552,346312000
2020-11-16,13.45695686340332,13.590627511150926,13.099256295266624,13.115684649662638,413776000
2020-11-17,13.364355087280272,13.537604353680525,13.246366460979496,13.49404325215184,312028000
2020-11-18,13.37082862854004,13.547065230799866,13.128130360392811,13.40717117252376,510924000
2020-11-19,13.382277488708496,13.429323476395687,13.04349510107986,13.155758820653856,565936000
2020-11-20,13.031302452087402,13.436297849853242,13.008649722926164,13.395972839403443,341088000
2020-11-23,13.083325386047363,13.324778798429609,12.959362101310216,13.114440599717945,361356000
2020-11-24,12.901862144470217,13.105230576855208,12.829425831915962,13.085814902758454,346500000
2020-11-25,13.17766284942627,13.212262943124284,12.96383981580718,12.976285708229922,259916000
2020-11-27,13.204051971435549,13.349671896984008,13.113693646794417,13.317311808022016,167276000
2020-11-30,13.343693733215332,13.354646916335152,12.916295495207995,13.207783104698644,286952000
2020-12-01,13.33224391937256,13.470395511124003,13.171190821745371,13.434052973003835,296948000
2020-12-02,13.486078262329102,13.614521552293276,13.177166196219105,13.29291480796753,283360000
2020-12-03,13.342161178588867,13.605100097734832,13.275431014926465,13.532891248388983,199520000
2020-12-04,13.503758430480955,13.505501389453034,13.334939318795286,13.394448782293155,202244000
2020-12-07,13.552063941955566,13.67606384940354,13.445743434248142,13.546586206055723,223244000
2020-12-08,13.296344757080078,13.544094728114343,13.228119551989275,13.530399915409005,271920000
2020-12-09,12.878780364990234,13.36008781733984,12.816531556571482,13.247044338391769,401300000
2020-12-10,12.92011547088623,13.016228039653043,12.797858512910157,12.817280873329809,207764000
2020-12-11,12.96094799041748,12.96767096745661,12.77146224084269,12.915132393146711,209264000
2020-12-14,13.255260467529297,13.334938860612665,13.024940082840144,13.035397836313283,270156000
2020-12-15,13.306802749633787,13.40988618458932,13.133751149437082,13.385733618093893,193016000
2020-12-16,13.189274787902832,13.383241862999984,13.159394682871708,13.3685506688835,223116000
2020-12-17,13.287632942199709,13.325729187944816,13.125536778993428,13.3130298061354,231384000
2020-12-18,13.218658447265623,13.351123325763458,13.017968362309006,13.325227800290302,342064000
2020-12-21,13.278664588928224,13.316263107075995,12.915380685357526,13.022199838320809,302332000
2020-12-22,13.22488498687744,13.283647883438702,13.001536398216391,13.26572057425923,185580000
2020-12-23,12.956964492797852,13.221646354324898,12.952731999410004,13.202722663623348,179144000
2020-12-24,12.941524505615234,13.079716910827765,12.886746210192788,12.984849615100142,97884000
2020-12-28,12.848154067993164,13.010001354735069,12.711954400513704,13.010001354735069,212564000
2020-12-29,12.891230583190918,13.019961649769131,12.7906366709136,12.873054416539937,170372000
2020-12-30,13.092913627624512,13.16064015717719,12.844914830469325,12.938038214953483,225396000
2020-12-31,13.002531051635742,13.0981449376047,12.863093382639896,13.083703548789822,192424000
2021-01-04,13.06079387664795,13.597628037496744,12.9104007529022,13.051581365786737,560640000
2021-01-05,13.350873947143556,13.389467900488006,13.034401060131556,13.0470994890118,322760000
2021-01-06,12.563803672790527,13.19176959882881,12.53541860648144,13.169359986011573,580424000
2021-01-07,13.290367126464844,13.323982009030514,12.834706422620524,12.915380241095589,461480000
2021-01-08,13.223388671875,13.367058829260577,12.989582367036666,13.3087946092629,292528000
2021-01-11,13.566754341125488,13.90489029458108,13.30879545335435,13.364819001093393,518344000
2021-01-12,13.430553436279297,13.69921988075956,13.291365574551168,13.697227113464349,291476000
2021-01-13,13.477364540100098,13.570240034440598,13.331204841612394,13.4357823822842,210028000
2021-01-14,13.14719581604004,13.545090057040834,13.12752555150125,13.520439774298518,283120000
2021-01-15,12.807816505432127,13.271694358141556,12.79686103451609,13.174835229375097,277780000
2021-01-19,12.972901344299316,13.0413744649296,12.79237922661994,12.963936740649542,226188000
2021-01-20,13.312031745910645,13.376521226677053,13.004273639082106,13.059051941538538,258572000
2021-01-21,13.81176471710205,13.942985300241656,13.199734440258004,13.364568959095964,337780000
2021-01-22,13.657387733459473,13.78611878930567,13.572480460380298,13.68477736022851,246820000
2021-01-25,13.598377227783203,13.772922949913667,13.183302194742383,13.726360770124714,251112000
2021-01-26,13.381255149841309,13.589912548799784,13.33369658192378,13.525920771704282,163980000
2021-01-27,12.86583423614502,13.179567840926634,12.742332042000513,13.176828497975237,371272000
2021-01-28,12.998547554016112,13.286137711006822,12.908411395926858,12.944018103883906,228316000
2021-01-29,12.937543869018556,13.28115757374475,12.859608425570046,13.02245114894574,271552000
2021-02-01,13.18380069732666,13.217414637475343,12.850893606397491,13.00078904025559,217204000
2021-02-02,13.502263069152832,13.51745103174744,13.23210255402486,13.344898109624282,220440000
2021-02-03,13.476119041442873,13.87575623581958,13.462175370601546,13.581194289613904,245408000
2021-02-04,13.609333038330078,13.618545550549245,13.284145319662846,13.476618341474891,201340000
2021-02-05,13.536376953125,13.682039891705488,13.491308875072331,13.66983917802764,169152000
2021-02-08,14.380717277526855,14.415576451699254,13.672076808823638,13.672076808823638,434624000
2021-02-09,14.205926895141602,14.524640523472256,14.165340166311497,14.283114817717069,287560000
2021-02-10,14.704910278320312,14.845094516583352,14.283859846653357,14.40512039530339,485352000
2021-02-11,15.18945598602295,15.21087016144193,14.865015793501902,14.920043907883056,450828000
2021-02-12,14.901119232177734,15.229792846310929,14.715617109549685,14.9895124212216,374756000
2021-02-16,15.268635749816896,15.31071657290368,14.889914041084143,15.003705039567253,321960000
2021-02-17,14.846088409423828,15.162312394769682,14.720594438842404,15.110022686286715,274756000
2021-02-18,14.769400596618652,14.813472286009498,14.516420797901691,14.66980213100204,233868000
2021-02-19,14.866510391235352,15.11600335273666,14.787080847428776,14.964116101576446,271724000
2021-02-22,14.298054695129396,15.072430094686014,14.267428005030796,14.715370418206222,325884000
2021-02-23,14.085162162780762,14.181523573742238,13.335685999500363,14.018679913027912,391780000
2021-02-24,14.440728187561035,14.44844754946419,13.70071427051266,14.065991018346836,448320000
2021-02-25,13.25401782989502,14.316978865969864,13.163135090164085,13.989051767919369,824436000
2021-02-26,13.659380912780762,13.798817635314652,13.307301288699822,13.69722734472465,500932000
2021-03-01,13.78611946105957,13.869034920751616,13.49877912411454,13.819235683276023,353184000
2021-03-02,13.35236930847168,13.864552302839884,13.34216041278066,13.844134511457842,264116000
2021-03-03,12.753288269042969,13.39743848526528,12.74731186627363,13.372290481495256,377592000
2021-03-04,12.32053279876709,12.922852894444349,12.03518428627184,12.749302617793662,573344000
2021-03-05,12.411416053771973,12.499560385516856,11.632309598213094,12.499560385516856,542840000
2021-03-08,11.546655654907228,12.421126179417165,11.520012603958923,12.399961813597908,543112000
2021-03-09,12.474236488342283,12.57038128120531,12.014930292870249,12.08566945584434,521824000
2021-03-10,12.422425270080566,12.932293687337854,12.41171496237117,12.793306731118925,384376000
2021-03-11,12.9457426071167,12.998299311661766,12.687694727286392,12.902402543037477,299916000
2021-03-12,12.808749198913574,12.84137895928212,12.543727056525295,12.601762440863276,243964000
2021-03-15,13.142769813537598,13.158212916875692,12.720328296789686,12.81746981607065,221988000
2021-03-16,13.242401123046877,13.462837548611631,13.068541996245395,13.30741075593314,272128000
2021-03-17,13.292219161987305,13.403807057347713,12.941761527782203,12.99182690409722,243864000
2021-03-18,12.675742149353027,13.135546212993678,12.670262522567052,13.088221126930026,293896000
2021-03-19,12.79853630065918,12.874008237088663,12.566143927350314,12.703138366761952,299208000
2021-03-22,13.137784004211426,13.34526863218992,12.85931129182006,12.865289755863182,297804000
2021-03-23,13.022714614868164,13.295457924632482,12.973396066012691,13.20553958242289,222048000
2021-03-24,12.59653377532959,13.110887048313955,12.590307315590085,13.102916077650947,245840000
2021-03-25,12.489177703857422,12.66801854798427,12.226895852352571,12.453559661763387,295144000
2021-03-26,12.79206085205078,12.8089985687058,12.328022905586126,12.508357423671487,363968000
2021-03-29,12.900660514831545,13.0144907889492,12.653322911949298,12.77313070071198,273520000
2021-03-30,12.82444190979004,12.927561877681123,12.65830481718946,12.794801380172224,200204000
2021-03-31,13.299192428588867,13.420992735807696,12.934786334230242,12.967665043865257,314776000
2021-04-01,13.760987281799316,13.819022667690524,13.461590860385282,13.522367484481046,308276000
2021-04-05,13.936094284057615,13.96249664222033,13.6825292174302,13.816535413893297,255672000
2021-04-06,13.810554504394531,14.0025960659606,13.722878585220863,13.948296742716591,191744000
2021-04-07,14.091520309448242,14.191152220575374,13.661107830911533,13.829735341708554,251284000
2021-04-08,14.264381408691406,14.418313585584368,14.196630537167836,14.2003675530113,244416000
2021-04-09,14.34707260131836,14.355043569885416,14.12290015608566,14.161756371198454,195172000
2021-04-12,15.153100967407228,15.296073878996914,14.087282859260704,14.237230012870905,869324000
2021-04-13,15.621872901916504,15.642297740883008,15.070158056314495,15.175519477903563,676212000
2021-04-14,15.220849990844728,15.66271947850448,15.17153146383329,15.567570495238932,385500000
2021-04-15,16.077938079833984,16.154654730181758,15.57404632136074,15.604932517003602,598480000
2021-04-16,15.85401725769043,16.10633661100152,15.806940170418816,15.99399999706804,335208000
2021-04-19,15.305290222167969,15.749402181564944,15.177013572325269,15.479398285932946,404420000
2021-04-20,15.115489959716797,15.440042098301998,14.90800531574817,15.266930774723033,334132000
2021-04-21,15.30404567718506,15.306038182131775,15.04674459132604,15.063183469763407,216776000
2021-04-22,14.79567050933838,15.381758649575245,14.729165313862191,15.318491630862203,277788000
2021-04-23,15.209144592285156,15.278638067216274,14.84548633446587,14.87936081660606,227500000
2021-04-26,15.421113014221191,15.422109741768356,15.069410715459696,15.129190614058306,197796000
2021-04-27,15.32521629333496,15.61290472261558,15.298066158653665,15.521242850194149,164572000
2021-04-28,15.22060203552246,15.475163771233229,15.159577417453752,15.30802995583941,209416000
2021-04-29,15.268427848815918,15.37976679134769,15.016108481125764,15.343400960325498,173196000
2021-04-30,14.95433521270752,15.30852886580958,14.941881343927635,15.118729701211407,201912000
2021-05-03,14.782217979431152,15.190710884111294,14.733149346062094,15.069408494381474,203912000
2021-05-04,14.298502922058104,14.583700949045893,13.95875663323446,14.583452004723556,405324000
2021-05-05,14.40536117553711,14.75905695265572,14.334622020113388,14.654940249491606,292024000
2021-05-06,14.469623565673828,14.51769643069274,14.1657451744412,14.441975539696038,193380000
2021-05-07,14.75780963897705,14.915726811597322,14.617825960036257,14.753824629308104,229328000
2021-05-10,14.21331787109375,14.751582071904844,14.197625826750052,14.732900795256858,268904000
2021-05-11,14.253671646118164,14.30199346093652,13.69946634233684,13.774190514170254,285584000
2021-05-12,13.707934379577637,14.207840322870007,13.658865734558306,13.9580113483226,303408000
2021-05-13,13.61502456665039,14.028998076504566,13.409532427846456,13.982169938542986,285404000
2021-05-14,14.190651893615724,14.275339526116127,13.697969198962545,13.838949606962355,258616000
2021-05-17,14.113436698913574,14.11717276437191,13.802584080647618,14.104967840462368,216980000
2021-05-18,13.964237213134766,14.35130955439113,13.952530178000735,14.214564048719184,186256000
2021-05-19,14.01405429840088,14.027753839066552,13.493474603613125,13.516638780467645,344000000
2021-05-20,14.558794975280762,14.629783072668266,14.218051917786887,14.249933897946976,321592000
2021-05-21,14.936650276184082,15.166054390870835,14.81484997940248,15.108018052622167,672992000
2021-05-24,15.554621696472168,15.687132304008871,15.120223305868196,15.156589134652451,554816000
2021-05-25,15.590239524841309,15.760361630715945,15.42559704511767,15.708054812680162,435408000
2021-05-26,15.64229965209961,15.73570510497859,15.528968196694532,15.676424035997474,370440000
2021-05-27,15.431077003479004,15.692114160752126,15.403180033259336,15.642048790934531,581476000
2021-05-28,16.18479347229004,16.21767312523201,15.444027357726569,15.444027357726569,644536000
2021-06-01,16.20472526550293,16.328021150399323,15.844802987740684,16.210205842744976,472804000
2021-06-02,16.716583251953125,16.85656787926671,16.17582865881313,16.19251743061265,594168000
2021-06-03,16.90738296508789,17.195571248695884,16.522055061608018,16.639372479155806,580008000
2021-06-04,17.513643264770508,17.596087541905547,17.032667639127915,17.04960345412486,617120000
2021-06-07,17.554244995117188,17.747034348298172,17.12956302093456,17.5066719180592,575756000
2021-06-08,17.392839431762695,17.556734115441593,17.18759528524921,17.462830794677384,323848000
2021-06-09,17.298418045043945,17.514422030951746,17.19627233755803,17.455376379612076,381656000
2021-06-10,17.36493492126465,17.43170530908903,17.1167945825232,17.290194588207186,287772000
2021-06-11,17.76380729675293,17.877414660065863,17.383622077318115,17.419248285060828,416308000
2021-06-14,17.956642150878906,17.977320675326887,17.60187021649912,17.844281675128062,321376000
2021-06-15,17.727184295654297,17.954150035131732,17.666893640244776,17.85324933990934,243032000
2021-06-16,17.748855590820312,17.8928582145457,17.52388380440414,17.729423980176904,307124000
2021-06-17,18.592937469482425,18.770074396069543,17.69504416542192,17.713230770641097,809656000
2021-06-18,18.574499130249023,19.30821107507077,18.51993742184449,18.719248748090177,968856000
2021-06-21,18.36372947692871,18.47260390090823,17.761313426706515,18.37170132235496,672384000
2021-06-22,18.821643829345703,18.898379965112767,18.322620399758176,18.407826383212395,580144000
2021-06-23,18.991559982299805,19.086731742850937,18.842575405432253,18.942231092149555,332356000
2021-06-24,19.139301300048828,19.3530623779209,19.022455001453505,19.161475733042387,320924000
2021-06-25,18.96540260314941,19.27881936597167,18.829373695027133,19.21404288081972,278364000
2021-06-28,19.916109085083008,20.00953591368963,19.252404529713026,19.294508567808425,495436000
2021-06-29,19.95771789550781,20.02946831088485,19.58924145905206,19.81396426181728,367632000
2021-06-30,19.933555603027344,20.09300396046819,19.795283772661914,19.93031668352851,326568000
2021-07-01,20.1423282623291,20.385486666849392,19.94999275088812,20.055628261505312,480136000
2021-07-02,20.4163818359375,20.434570343264514,20.21781937074688,20.369793862838424,342764000
2021-07-06,20.627147674560547,20.77015237695763,20.280098726893023,20.666012792523105,446708000
2021-07-07,20.301528930664062,20.8030443612869,20.26191679953485,20.78161883623467,418428000
2021-07-08,19.83414649963379,20.06360224946144,19.632843115344528,19.788056528694977,503300000
2021-07-09,19.98113250732422,20.011029776539825,19.68615334067024,19.893685513393702,296624000
2021-07-12,20.44179344177246,20.461972057856865,20.118161969430805,20.170231770581537,321984000
2021-07-13,20.180200576782227,20.390722726429324,20.04466967248551,20.33018116670877,290708000
2021-07-14,19.77310371398925,20.3473673991596,19.684660708468368,20.287574757322712,380100000
2021-07-15,18.9008731842041,19.77858791047465,18.793494657119066,19.743459705435733,550564000
2021-07-16,18.09839630126953,19.090963266733112,18.010700300983057,18.964900147522947,688224000
2021-07-19,18.71501541137696,18.976360409514456,17.80391558664098,17.85349537144191,749060000
2021-07-20,18.54784202575684,18.77306281313049,18.10138637367849,18.66543529797332,434687000
2021-07-21,19.343093872070312,19.459691152678595,18.677397187844907,18.816914001718725,371017000
2021-07-22,19.526456832885746,19.81844609442141,19.20955222893645,19.57429170526757,323826000
2021-07-23,19.49058532714844,19.63209605947266,19.183646421770963,19.58824710134041,195672000
2021-07-26,19.22749710083008,19.37498578095671,18.848805839371344,19.24443870206173,203943000
2021-07-27,19.141788482666016,19.554360946532352,18.676397315586588,19.19859120782868,248863000
2021-07-28,19.435773849487305,19.57828058191226,18.92952549207066,19.2524080782056,202191000
2021-07-29,19.594226837158203,19.78456845561129,19.261376580692936,19.451718199146026,190781000
2021-07-30,19.43178939819336,19.56233647021984,19.1966028063269,19.35106731996473,183497000
2021-08-02,19.681921005249023,19.892194121271995,19.29426196374256,19.63209411744404,217444000
2021-08-03,19.7466983795166,20.15229504307765,19.153748123448008,19.67195614363054,301811000
2021-08-04,20.20411872863769,20.247967690687908,19.75965497454836,19.921097238700884,231309000
2021-08-05,20.56586456298828,20.661534325497566,20.27188133525049,20.429337660982515,211435000
2021-08-06,20.295793533325195,20.4990907757572,20.14033115979174,20.4532498183851,178497000
2021-08-09,20.22504425048828,20.4373093965313,20.07356776092984,20.37552283364435,146443000
2021-08-10,19.86728286743164,20.359579568061065,19.76662927363891,20.25195203394984,179238000
2021-08-11,19.6310977935791,19.979891738651794,19.36302592227901,19.97391190338551,185925000
2021-08-12,19.836387634277344,19.95995884971804,19.55237018871305,19.80150843224481,151652000
2021-08-13,20.11841583251953,20.14432718905077,19.78257750881628,19.83639223344308,183063000
2021-08-16,19.88123321533203,20.21707147166275,19.385944729446937,20.0655949890892,210876000
2021-08-17,19.39093399047852,19.70185888892524,19.20059232836285,19.617150871347825,204585000
2021-08-18,18.97437286376953,19.56632529724626,18.93450982544956,19.432786399803497,285913000
2021-08-19,19.729755401611328,20.42435330122104,18.6973253565254,19.426802456904166,766555000
2021-08-20,20.74424934387207,20.79308023295475,19.86429353315697,19.92209227489408,675741000
2021-08-23,21.88231086730957,21.92117599317164,20.877786025238045,20.89871354691562,575807000
2021-08-24,21.71788215637207,21.88331034489348,21.46077202046187,21.6780210186126,297299000
2021-08-25,22.13643264770508,22.392546755792843,21.647125866786784,21.66207355456047,347701000
2021-08-26,21.99193382263184,22.262995617571487,21.71489219229339,22.12347879676051,237940000
2021-08-27,22.55797004699707,22.643674033280696,22.0905868960896,22.10752849226041,304722000
2021-08-30,22.609798431396484,22.963574356571417,22.47327151153993,22.75130918162133,262580000
2021-08-31,22.311771392822266,22.62075674664323,22.04763890496798,22.62075674664323,259850000
2021-09-01,22.36759376525879,22.62275688687017,22.283868900667112,22.411450461472807,201767000
2021-09-02,22.322736740112305,22.51909280352411,22.222067304803737,22.44433738767981,187834000
2021-09-03,22.768274307250977,22.91080616281464,22.12737809725463,22.2519691858628,280532000
2021-09-07,22.58786964416504,22.82409389275036,22.44832631369881,22.75830980446652,198107000
2021-09-08,22.26592254638672,22.53603592576677,21.90510535200124,22.439353122725205,254434000
2021-09-09,22.10445785522461,22.464277065145424,22.0586087952374,22.23901649091044,196856000
2021-09-10,22.40446853637696,22.551983198863454,22.19714878261406,22.27489273972057,248376000
2021-09-13,22.079532623291016,22.888876529423555,21.78649378800608,22.60979183386128,297500000
2021-09-14,22.16923713684082,22.33668680434653,22.013747345110296,22.20212822105422,199755000
2021-09-15,22.26791381835937,22.293829735980275,21.89414058393964,22.236018912995096,166538000
2021-09-16,22.16923713684082,22.204122484237843,21.855267109158763,22.110430136784576,156033000
2021-09-17,21.82835960388184,22.24798194306005,21.758588894411496,22.22705073021896,294503000
2021-09-20,21.043933868408203,21.362886747600268,20.59440901267256,21.076824957284188,349440000
2021-09-21,21.176498413085938,21.35491180235472,20.881467187077305,21.34693855063017,204688000
2021-09-22,21.86922645568848,21.8881634054524,21.12666266761119,21.296106638649068,268726000
2021-09-23,22.408456802368164,22.461282925863888,21.818392405906536,22.067574601135654,248555000
2021-09-24,22.008766174316406,22.076544517927047,21.78948654099759,21.99780247781684,217655000
2021-09-27,21.589147567749023,21.72769282238247,21.255244302712523,21.63898325171852,245215000
2021-09-28,20.631282806396484,21.348928549299167,20.58343950338847,21.14459928108021,343069000
2021-09-29,20.44989013671875,20.948254662209887,20.40005254350376,20.871506859879577,218394000
2021-09-30,20.648231506347656,20.99708693414732,20.620323224212417,20.70006144475727,221009000
2021-10-01,20.674148559570312,20.79076450155357,20.13691029679446,20.68212181172919,240978000
2021-10-04,19.667449951171875,20.474799620417603,19.49102893557556,20.436923825487423,345635000
2021-10-05,20.38409805297852,20.58045410102996,19.789050920867343,19.884737541485297,279282000
2021-10-06,20.63228225708008,20.65221538373166,20.014309704267788,20.054179759788724,297202000
2021-10-07,21.00605773925781,21.25224946522736,20.90339404621148,21.02300042346264,256919000
2021-10-08,20.76285552978516,21.136628803152057,20.707038964304346,21.031972742875528,151258000
2021-10-11,20.62729835510254,20.994094515339803,20.443900274983907,20.507691986086755,163388000
2021-10-12,20.60338020324707,20.98811719412353,20.460848337072985,20.75986621154856,162134000
2021-10-13,20.870500564575195,20.921334319318166,20.645240054992183,20.84956935399439,180652000
2021-10-14,21.674861907958984,21.68383134051635,21.052902671473788,21.21835999541032,243589000
2021-10-15,21.790483474731445,21.85925800191469,21.59113886513245,21.738653534036047,226994000
2021-10-18,22.14931297302246,22.218087520511,21.573202565670083,21.677860560301653,189494000
2021-10-19,22.217086791992188,22.30579445739423,21.964914136514288,22.20313074793577,161473000
2021-10-20,22.03069305419922,22.3596134186874,21.91008860370206,22.232031898354265,146276000
2021-10-21,22.617765426635746,22.636704274322128,22.010758438417145,22.02471257835069,187590000
2021-10-22,22.651655197143555,23.054332903700523,22.487195958001656,22.74833799814001,249384000
2021-10-25,23.09021759033203,23.27859849466737,22.695513113631097,22.89784815902832,230235000
2021-10-26,24.636144638061523,25.17637336256749,23.84573943509634,23.9105273389636,485898000
2021-10-27,24.371017456054688,25.007927133813123,24.20256965592996,24.39394293454579,245990000
2021-10-28,24.859411239624023,24.86838257384653,24.442779360511576,24.79661760339399,234204000
2021-10-29,25.48336601257324,25.62490170736269,24.91822131585797,24.91921749719109,292503000
2021-11-01,25.742515563964844,25.80929583390009,25.144477876307487,25.56509833131853,265740000
2021-11-02,26.31463432312012,26.590728607704555,25.71560052254652,25.7375298169848,294112000
2021-11-03,26.51098823547364,26.69638058585289,26.14917676933632,26.582753200243893,239910000
2021-11-04,29.70351791381836,31.26240105916876,27.029293768949643,27.13993073534517,1153631000
2021-11-05,29.65467643737793,31.29728433418583,29.313794225323047,30.088252938531244,851260000
2021-11-08,30.70322799682617,30.998259184712232,29.809161199196364,30.05037009323272,503101000
2021-11-09,30.55671119689941,32.20430550943804,29.86597932140083,32.17639722764453,646746000
2021-11-10,29.362632751464844,30.74908322904024,28.68386069593988,29.259970949508748,636206000
2021-11-11,30.290586471557617,30.489932984419298,29.679592774599925,30.368332333995184,332172000
2021-11-12,30.290586471557617,30.579638725096128,29.53307238423617,29.91183037845152,413054000
2021-11-15,29.9267807006836,30.543755287298133,29.15132584547051,30.45205718413863,384909000
2021-11-16,30.10420036315918,30.29058893056083,29.60882638673667,29.66165441463244,264484000
2021-11-17,29.1652774810791,30.409195964279,28.705785120196275,30.31849214904719,428508000
2021-11-18,31.571388244628903,32.65283822619273,31.21854611050917,32.26112600578859,781711000
2021-11-19,32.87709426879883,32.97975795583658,31.80062743099509,32.1375210519031,533867000
2021-11-22,31.851465225219727,34.533662437419686,31.795648655207987,33.40735781762492,754335000
2021-11-23,31.642152786254883,32.25414458908274,30.77898451965756,31.431842568314533,532163000
2021-11-24,32.56711196899414,32.74751961280794,30.82682344260041,31.35808076043458,435162000
2021-11-26,31.39995002746582,32.60300060926562,31.247450631165712,32.493359824591494,283069000
2021-11-29,33.26683044433594,33.302711992921004,31.931213276155148,32.260135709661235,454964000
2021-11-30,32.56910705566406,33.24389436052743,31.759764944757165,33.06049435573746,622066000
2021-12-01,31.33600234985352,33.184165606771984,31.28117525516569,33.11438635947544,484368000
2021-12-02,32.02482604980469,32.37571869369958,30.927293561836475,31.11569943003582,472890000
2021-12-03,30.596342086791992,32.027820642535175,30.03511346450326,31.899225278294047,544325000
2021-12-06,29.942407608032227,30.14576373785318,27.94970234622703,29.78590054452752,658938000
2021-12-07,32.324886322021484,32.346820208398555,30.554479830021183,30.85951790154796,593053000
2021-12-08,31.725770950317383,32.188310380047575,31.32204572776376,31.898226458005908,475551000
2021-12-09,30.39398002624512,32.103581165831095,30.33217500414839,31.634061878266102,488507000
2021-12-10,30.102901458740234,31.20641568253049,29.766962833942674,31.051903118678588,488825000
2021-12-13,28.07231330871582,30.19859728465225,28.027454948851968,30.1537389247884,598344000
2021-12-14,28.24776268005371,28.58768842743393,27.16418590298591,27.61177134537967,667035000
2021-12-15,30.36307907104492,30.403950320139508,27.750332756169268,28.31056319651723,698297000
2021-12-16,28.2976016998291,31.061869576386897,28.004528853648427,31.05389534830281,707366000
2021-12-17,27.71344566345215,28.83091553713764,27.672574421523933,27.89686619925289,713758000
2021-12-20,27.631704330444336,28.055365116089646,27.059512623643005,27.21900858303949,461847000
2021-12-21,28.983434677124023,29.02829303438996,27.314704927636463,28.284642127956108,524385000
2021-12-22,29.30741310119629,29.46192565947625,28.35940777869248,28.80001717025792,395184000
2021-12-23,29.54665946960449,29.964340611891693,29.338318000778614,29.66129709262339,343022000
2021-12-27,30.847551345825195,30.98910437388651,29.54666059393546,29.56659806861277,403686000
2021-12-28,30.22650718688965,31.231332106487933,29.917482103381964,31.21338914387757,420591000
2021-12-29,29.90652084350586,30.451799123179573,29.27352034590901,30.177665528495464,343139000
2021-12-30,29.49283218383789,30.36108963663272,29.446977512392152,29.73307248326084,308864000
2021-12-31,29.31837654113769,29.93542853604102,29.238628557646763,29.580548773634128,266530000
2022-01-03,30.0261459350586,30.61428811203806,29.691203595037003,29.7211098062086,391547000
2022-01-04,29.19775581359864,30.372045351703303,28.259719387641788,30.18164689692147,527154000
2022-01-05,27.517070770263672,29.323364772152377,27.446295212189224,28.857834470045624,498064000
2022-01-06,28.089263916015625,28.348445375941616,26.97976990821359,27.55295802996534,454186000
2022-01-07,27.16118812561035,28.332488725123685,26.971785978635044,28.05237356874024,409939000
2022-01-10,27.31371116638184,27.382494114013426,25.5632406683439,26.49729012896968,594681000
2022-01-11,27.729398727416992,27.97661882621992,26.75447988688372,27.23695493896439,404089000
2022-01-12,27.910829544067383,28.504951462178063,27.521060087800688,27.978614296455778,383413000
2022-01-13,26.491310119628903,28.390309630110423,26.41455104320911,28.289627869102336,540171000
2022-01-14,26.85715675354004,27.111354801279813,26.127461534880105,26.217178269218586,395832000
2022-01-18,25.82142639160156,26.554112344866216,25.68884581197269,26.177302480368454,424270000
2022-01-19,24.98805809020996,26.4594096830482,24.97310593684919,25.996872119985937,488315000
2022-01-20,24.073949813842773,25.49845065849649,24.00217604422895,25.2243170303434,435181000
2022-01-21,23.30039024353028,24.74482640351697,23.189739748176777,23.432970816782724,718958000
2022-01-24,23.298397064208984,23.30637129274654,20.82222037714528,22.2596786941814,913982000
2022-01-25,22.25369644165039,22.87074846480711,21.930717378924925,22.47499743870543,664616000
2022-01-26,22.700284957885746,23.98123803745793,22.229771275614063,23.166811526105583,755959000
2022-01-27,21.874895095825195,23.91943676370588,21.60674121571761,23.49378140901436,573353000
2022-01-28,22.7680721282959,22.78601509261585,21.22893388945279,21.94267865750041,543774000
2022-01-31,24.408891677856445,24.43181996391164,22.979407443957587,23.108997226913345,564680000
2022-02-01,24.56040954589844,25.06581285150228,23.81476408120491,25.024941605227585,518925000
2022-02-02,25.16250801086425,25.735696069563566,24.47567674227837,25.71276968802077,543419000
2022-02-03,23.87258720397949,24.99803167047953,23.70511696959125,24.380981431526827,410178000
2022-02-04,24.24241828918457,24.557423171481,23.557581418595635,23.89651089080567,354829000
2022-02-07,24.650127410888672,25.10269624776117,24.125782912567686,24.29524762592509,376868000
2022-02-08,25.0289306640625,25.150546207819467,23.90448265925914,24.28228883817864,410359000
2022-02-09,26.620899200439453,26.64083667175982,25.27315770145827,25.541309655752155,524282000
2022-02-10,25.742673873901367,26.840206412140088,25.519380273324217,25.91313678658992,513200000
2022-02-11,23.873580932617188,26.06964442204501,23.698136487325115,25.83438755548586,605472000
2022-02-14,24.190580368041992,24.79666550196861,23.68019168599295,23.85862884432096,440424000
2022-02-15,26.41156005859375,26.46140183291644,24.705948074593312,24.87042745093164,699869000
2022-02-16,26.4275131225586,26.498290583942875,25.47153350229462,26.17630779823109,732676000
2022-02-17,24.42982482910156,25.70380014996148,24.08890276641559,25.54928757690661,810595000
2022-02-18,23.56755256652832,24.90732023200253,23.02725948351776,24.59032080923309,761255000
2022-02-22,23.316341400146484,23.98821867816581,22.92757016662024,22.9624597952012,633422000
2022-02-23,22.31649780273437,24.07893155363586,22.23077009489436,23.72704258537858,566511000
2022-02-24,23.6732120513916,23.72504833875335,20.82421265561137,20.94881900592277,735801000
2022-02-25,24.0809268951416,24.14073741705025,23.30737152091748,23.64630098063684,528866000
2022-02-28,24.30820655822754,24.587325461796915,23.63234222968008,23.91644455057124,477319000
2022-03-01,23.403060913085938,24.300227977678063,23.05914813922005,24.214498384630563,412056000
2022-03-02,24.147838592529297,24.33627656876873,23.345238595457605,23.685222229370265,389642000
2022-03-03,23.64335060119629,24.2535268091343,23.399079682408747,24.18971640143085,365095000
2022-03-04,22.86766624450684,23.60944908419049,22.415018401859665,23.3143314460546,431415000
2022-03-07,21.28838539123535,22.96437885562465,21.266451574671656,22.749020877092576,450821000
2022-03-08,21.44990539550781,22.30634551586361,20.58847910622701,21.24551620790643,557467000
2022-03-09,22.945432662963867,23.150818288505107,22.18071764381372,22.320299923146024,492742000
2022-03-10,22.590496063232425,22.72010791806969,21.816807022974896,22.46387362746883,428066000
2022-03-11,22.03415298461914,23.07603946211015,21.980313026762005,22.95340484773141,367209000
2022-03-14,21.266450881958008,22.19567335822917,21.09596081846465,21.80384458359265,385354000
2022-03-15,22.9045524597168,22.969359327340563,21.25847247473295,21.45388764879963,491996000
2022-03-16,24.423015594482425,24.5237145023256,23.102960984324504,23.42998284118169,671422000
2022-03-17,24.692211151123047,24.76798302260017,23.83477288818977,24.04813598107445,471941000
2022-03-18,26.37418937683105,26.489844911193696,24.55063983028084,24.72511770324233,730719000
2022-03-21,26.65434837341309,27.07110416186951,25.889633364007818,26.42802540885607,591727000
2022-03-22,26.44497871398925,27.1568522339767,25.99432566672344,26.64737304519512,547007000
2022-03-23,25.557632446289062,26.53271754441825,25.498808202763563,26.04816536560368,502120000
2022-03-24,28.06612777709961,28.235621344703134,25.829810678924407,26.088039774263187,877379000
2022-03-25,27.609495162963867,28.27351127824337,27.189749942659294,27.802917411678862,579016000
2022-03-28,28.13492584228516,28.16583361963728,27.12494342778813,27.67330593129394,425494000
2022-03-29,28.57062149047852,28.85975646589663,27.896634994206327,28.60950485138546,488984000
2022-03-30,27.60750198364257,28.41110037401944,27.42105885059828,28.219672974520872,463487000
2022-03-31,27.20470428466797,28.163838026854247,27.188753110757293,27.699226807551824,523440000
2022-04-01,26.632413864135746,27.41407840137785,26.188740006342908,27.29343862106805,517235000
2022-04-04,27.278484344482425,27.475894378510496,26.533710211634048,26.648367352938315,397120000
2022-04-05,25.85373878479004,27.237603749312893,25.743069446541703,27.17279688323679,436615000
2022-04-06,24.33428192138672,25.224620987328382,23.931486259303167,24.85971221539124,703833000
2022-04-07,24.135873794555664,24.64834229932388,23.40804924530621,24.368179386256767,557992000
2022-04-08,23.05011940002441,23.851724837527705,22.99329001527572,23.84574219650176,524781000
2022-04-11,21.85169982910156,22.253499000395795,21.595465570939584,22.147815823189774,575207000
2022-04-12,21.43993377685547,22.657296773923992,21.21859505011573,22.46985714800616,662258000
2022-04-13,22.13684844970703,22.432964462991524,21.39107781519928,21.663265165709976,516943000
2022-04-14,21.194664001464844,22.70913934444599,21.09994772609378,22.437948470033938,569097000
2022-04-18,21.71810340881348,22.02219313271973,21.016200346382977,21.13684014323295,525701000
2022-04-19,22.13186264038086,22.3063404800413,21.25049567770769,21.655286167385736,512781000
2022-04-20,21.41799736022949,22.60245758579672,21.1368379554735,22.449913552276666,468974000
2022-04-21,20.12286949157715,22.32528786814397,19.940414139309308,21.6443221623934,656209000
2022-04-22,19.45685768127441,20.42496541698948,19.44190297982305,20.24251007228569,624713000
2022-04-25,19.842702865600582,19.885574017830244,19.039104567845087,19.144787739155014,641566000
2022-04-26,18.73202514648437,19.72904585331805,18.614376672651343,19.659254708106264,653143000
2022-04-27,18.36013603210449,19.10989445940128,18.235508451875702,18.5425894707866,499460000
2022-04-28,19.72306251525879,19.977303851455268,18.43491199008361,18.91049013542069,570327000
2022-04-29,18.491744995117188,20.06803419949643,18.46183368759277,19.34419729206804,500435000
2022-05-02,19.47480583190918,19.5156821431302,18.33620802071884,18.48576074197281,572049000
2022-05-03,19.54359436035156,19.765931398834063,19.07599190108986,19.3421965619345,475751000
2022-05-04,20.273414611816406,20.33921795002483,18.69513096764097,19.86363988350305,648855000
2022-05-05,18.78785896301269,19.865637775003147,18.44488396034569,19.807811910008564,626331000
2022-05-06,18.61935806274414,19.45386415893865,17.93639951654731,18.68017713798414,633297000
2022-05-09,16.899499893188477,18.20061017590368,16.776865264300895,17.980269856071814,644455000
2022-05-10,17.54257583618164,18.1437798648561,16.974274428777502,17.636295630660026,761474000
2022-05-11,16.580453872680664,17.70010924577166,16.518640215360524,17.29531869321598,670167000
2022-05-12,16.126808166503906,16.73798268883239,15.52062076316458,16.170677698614824,708728000
2022-05-13,17.653249740600586,17.8745884809046,16.5435666197067,16.737985372316167,670437000
2022-05-16,17.212566375732422,17.73500542241008,17.055038053763205,17.456837299175664,521446000
2022-05-17,18.12284469604492,18.31626694871044,17.581463204511554,18.020150928461515,585830000
2022-05-18,16.887537002563477,18.06402177879582,16.813758061200716,17.6522521071145,545161000
2022-05-19,17.072980880737305,17.634303190844598,16.684141563200637,16.88653775929863,621310000
2022-05-20,16.644264221191406,17.35813066451446,15.708061631405265,17.280363930362633,739105000
2022-05-23,16.8476505279541,16.86460007161556,16.130793035835357,16.225509284140784,639889000
2022-05-24,16.105871200561523,16.547552147553244,15.732985873904113,16.460811455935517,588550000
2022-05-25,16.92442512512207,17.060019607721216,15.952329656354774,15.97227052482503,781132000
2022-05-26,17.79781723022461,18.03809845495065,15.97426580795554,15.988224037593849,996575000
2022-05-27,18.754955291748047,18.82474642934616,18.046073205336302,18.1318174179565,738379000
2022-05-31,18.616369247436523,19.14279599466487,18.295328116993225,18.923450248875827,664100000
2022-06-01,18.265419006347656,18.9962349851399,18.068008952451528,18.668216603337324,544514000
2022-06-02,19.533626556396484,19.56054653843792,18.14378074438324,18.237500543404728,648656000
2022-06-03,18.66422843933105,19.27440657553001,18.46681836923716,19.02515137889632,598779000
2022-06-06,18.73003196716309,19.27939101888304,18.508693228823383,19.081980946985432,422406000
2022-06-07,18.869613647460938,18.9433925831492,18.13381153154524,18.416965795176733,388914000
2022-06-08,18.59637451171875,19.12690128125382,18.48368648012161,18.74695554636219,363252000
2022-06-09,17.99803352355957,18.880583584037574,17.991052933850728,18.42983530392258,395574000
2022-06-10,16.92700958251953,17.648007580932866,16.82229882218963,17.55127599699547,465248000
2022-06-13,15.603680610656738,16.266839478389468,15.562793756532251,15.95570299606834,604153000
2022-06-14,15.792158126831056,16.021520910273885,15.369331242158152,15.687448327103723,469680000
2022-06-15,16.481243133544922,16.82129863210318,15.881906301777963,16.05043807467459,563936000
2022-06-16,15.557806968688965,15.897863432906355,15.358360878066698,15.816089727372349,545749000
2022-06-17,15.836034774780272,15.950716157739642,15.285562995334534,15.604676739581116,630334000
2022-06-21,16.52013397216797,16.960909651002094,16.36157379723121,16.429386318006205,483089000
2022-06-22,16.314706802368164,16.61587073985761,16.135204840649315,16.181077014713374,437135000
2022-06-23,16.18008041381836,16.539082437023865,15.809109627633456,16.473265177528255,463680000
2022-06-24,17.078582763671875,17.092543941061024,16.26484203486428,16.454316515193973,472153000
2022-06-27,16.822298049926758,17.282022223468143,16.579970759321082,17.264072406028497,427968000
2022-06-28,15.937752723693848,17.15437435755345,15.900854507260869,16.853210426478878,461149000
2022-06-29,15.49897003173828,15.776200235548698,15.128000214513376,15.770217280899118,482352000
2022-06-30,15.117032051086426,15.523902477901675,14.820854376855518,15.318472470620367,686070000
2022-07-01,14.482791900634766,15.021296837715989,14.352155016267275,14.857751323588166,577610000
2022-07-05,14.92257022857666,14.929550817854716,14.016087452919178,14.135755105271844,651397000
2022-07-06,15.088111877441406,15.27658874989287,14.748055399282007,14.968444218161782,529066000
2022-07-07,15.814096450805664,15.900855482165372,15.346395028402622,15.41320992490336,492903000
2022-07-08,15.794154167175291,15.992603610521178,15.346396827149702,15.387283687402288,467972000
2022-07-11,15.110051155090332,15.484012943856513,14.996366451757986,15.483015309181384,437321000
2022-07-12,15.040243148803713,15.388276870570849,14.83581079611465,15.22572805239749,458483000
2022-07-13,15.122015953063965,15.33243221201758,14.424951823504246,14.549605743927154,521918000
2022-07-14,15.329440116882324,15.430160316266676,14.68722307156985,15.066171100260284,456235000
2022-07-15,15.71836280822754,15.73830694346338,15.40224003829484,15.615648276832916,385935000
2022-07-18,16.056425094604492,16.850220940420993,15.957700144549596,16.256868850127862,670517000
2022-07-19,16.944957733154297,17.062631077163257,16.127228231279975,16.440358091474902,702366000
2022-07-20,17.75769805908203,17.883350564875844,16.754484694338107,16.90008038178597,760538000
2022-07-21,18.000024795532227,18.093764403863,17.49642380939711,17.835482614701714,557049000
2022-07-22,17.271053314208984,17.917258166341586,17.089556062811305,17.843463625700892,536671000
2022-07-25,16.976869583129883,17.0765931156567,16.602907762705456,16.971882360366042,480748000
2022-07-26,16.48723030090332,16.87216136295546,16.432382260852247,16.842243731454445,397865000
2022-07-27,17.740745544433594,17.886341221329417,16.866172897497414,16.984842903526864,569776000
2022-07-28,17.93421173095703,18.08977999214664,17.39171903743578,17.925237772890636,474646000
2022-07-29,18.11271476745605,18.19348989029008,17.64301808926749,17.763683382729887,435460000
2022-08-01,18.38994407653809,18.79382347486427,17.940192505913,18.13166037008038,476469000
2022-08-02,18.47470474243164,18.885564661360405,18.041906375652,18.07182399714033,489527000
2022-08-03,18.840688705444336,18.91548180624685,18.08678140112906,18.133652150073047,418146000
2022-08-04,19.161800384521484,19.22063704890321,18.70806020009304,18.796814489472663,409652000
2022-08-05,18.936426162719727,19.17576145516048,18.614320486775554,18.75792090141288,386068000
2022-08-08,17.743738174438477,18.188504443935763,17.19426496293747,17.45354536402082,981859000
2022-08-09,17.038692474365234,17.398692993146874,16.67769527219368,17.2042332163322,668263000
2022-08-10,18.046899795532227,18.067841567146683,17.26905848827763,17.649004232789324,597422000
2022-08-11,17.892324447631836,18.655207729285816,17.826507193274058,18.08080225451468,509327000
2022-08-12,18.657201766967773,18.666177625548745,17.903294316475968,18.10972194522689,478094000
2022-08-15,18.979310989379883,19.110945527296405,18.56147223621757,18.64922796080583,457666000
2022-08-16,18.82673072814941,19.08900306515244,18.449777011947884,18.867617579479603,451240000
2022-08-17,18.28423309326172,18.636256345075683,18.094760535224413,18.47171418656249,446799000
2022-08-18,18.721025466918945,18.8127698107228,18.13265879882492,18.250332132443727,415447000
2022-08-19,17.799585342407227,18.468727183536902,17.72080358497965,18.35504247700877,441588000
2022-08-22,16.98683738708496,17.509386725743322,16.919024871308032,17.441574209966397,409593000
2022-08-23,17.133434295654297,17.4166484395593,16.923018006184385,16.94196640912856,369986000
2022-08-24,17.174320220947266,17.357810823683003,16.84822587028311,16.96490062655106,522661000
2022-08-25,17.8634033203125,17.897309578124734,16.7863936564912,16.797362880591006,770691000
2022-08-26,16.214984893798828,17.874377717185446,16.192047853448514,17.807563767738106,769127000
2022-08-29,15.757253646850586,16.29276663412164,15.723348333249264,15.97564814658675,496132000
2022-08-30,15.425175666809082,15.994593942634191,15.13996723606161,15.915813141555711,530181000
2022-08-31,15.052210807800291,15.496976116815032,14.91758433882462,15.341407879469896,573710000
2022-09-01,13.89841365814209,14.340186988303111,13.233260527452885,14.1696599474045,1178865000
2022-09-02,13.609216690063477,14.131765139366534,13.553371026300562,14.060962564890255,743157000
2022-09-06,13.42772102355957,13.740851814141765,13.314036323816168,13.692984371926862,535751000
2022-09-07,13.680093765258787,13.803787740228488,13.313003564331206,13.529467069211696,512657000
2022-09-08,13.955411911010742,13.973368010349136,13.335947888457856,13.425724579883743,624873000
2022-09-09,14.351433753967283,14.43821857334682,14.091079295828678,14.122001845912337,486612000
2022-09-12,14.469139099121094,14.511035078989412,14.16289794182431,14.333475654409431,484159000
2022-09-13,13.098535537719728,13.887580298232978,13.06661506291521,13.767877090741246,714956000
2022-09-14,13.09554386138916,13.25714305144816,12.881075254382225,13.221231803218425,588507000
2022-09-15,12.897037506103516,13.200285874328175,12.758381195489552,12.982825342829914,523625000
2022-09-16,13.165369033813477,13.17933435913264,12.585805179118893,12.71049612736367,670751000
2022-09-19,13.34891414642334,13.429714208269386,12.977834142605268,12.979829053180309,569685000
2022-09-20,13.143424987792969,13.44966616014184,13.024719705664902,13.182329079094677,524818000
2022-09-21,13.228216171264648,13.99631305335464,13.07758944681726,13.180335452104885,807679000
2022-09-22,12.529945373535156,13.116491960905076,12.397274767166287,13.037686800354493,759162000
2022-09-23,12.485057830810549,12.57982323887368,12.22669830375946,12.389295442898492,663309000
2022-09-26,12.197766304016112,12.627701376492643,12.183800979504168,12.460116531032906,547343000
2022-09-27,12.382311820983888,12.70451323216134,12.227695289178223,12.47607929062904,553854000
2022-09-28,12.704514503479004,12.791299318139588,12.323458902869692,12.37932021781137,542414000
2022-09-29,12.189788818359377,12.469096309319497,11.916466059827378,12.417224823009532,532763000
2022-09-30,12.108988761901855,12.601767882452046,12.04514685934064,12.057117275528151,565638000
2022-10-03,12.481067657470703,12.646657634128852,12.075073310975306,12.316475611950034,547478000
2022-10-04,13.134449005126951,13.187318430145416,12.847160878067555,12.847160878067555,584182000
2022-10-05,13.17634391784668,13.28806749206822,12.589798244962582,12.8790812595342,507131000
2022-10-06,13.097539901733398,13.62223953829422,13.07060622540916,13.187317554392024,644157000
2022-10-07,12.046144485473633,12.638675790831927,11.992278089651654,12.474083761565735,672478000
2022-10-10,11.641148567199709,12.094025672565364,11.379796220873162,12.007240867482556,698699000
2022-10-11,11.557355880737305,11.816712348676244,11.255104551505667,11.532417118510912,667482000
2022-10-12,11.471569061279297,11.705987738753208,11.316952527256786,11.550374224944592,492590000
2022-10-13,11.930431365966797,12.048139665363264,10.786266778590695,10.943876148054612,850103000
2022-10-14,11.199241638183594,12.08105578572046,11.17629874128277,12.027189398888956,713432000
2022-10-17,11.85860824584961,11.918460323463654,11.488526149600808,11.48952312929308,580774000
2022-10-18,11.937416076660156,12.461117830022587,11.589278871439754,12.313483940586105,659362000
2022-10-19,12.021204948425291,12.319466443972402,11.804741448040044,11.849630266886663,523131000
2022-10-20,12.163853645324709,12.73743191217373,12.075072975272215,12.08305357020032,652398000
2022-10-21,12.435181617736816,12.467103048862125,11.857613479696209,12.06809134335418,609494000
2022-10-24,12.567852973937988,12.678578622776968,12.034175742763328,12.477078338119243,517457000
2022-10-25,13.228216171264648,13.267120266355915,12.632691937809854,12.662618457515958,505482000
2022-10-26,12.864117622375488,13.354900896725308,12.676582681545735,12.837184898566916,532953000
2022-10-27,13.143424987792969,13.8037889983031,13.089558589412318,13.59630304820485,583113000
2022-10-28,13.799798011779783,13.815759201014696,13.028709325811905,13.07160323816218,521040000
2022-10-31,13.463631629943848,13.803789144395994,13.264126272475048,13.74393706149706,486341000
2022-11-01,13.509517669677734,13.890573215216364,13.4855768377865,13.77685473939127,432817000
2022-11-02,13.186319351196287,14.174869538553562,13.17833970749939,13.815759886644688,672628000
2022-11-03,13.38782024383545,13.746930863679363,12.923970612064814,13.010755424842651,500065000
2022-11-04,14.121002197265623,14.193821673388255,13.663136398930058,13.95142241289194,612576000
2022-11-07,14.265645027160645,14.376370676305802,13.919503702415724,14.192825541805425,410061000
2022-11-08,14.565898895263672,14.85418394300146,14.180852592961925,14.764406302820657,595292000
2022-11-09,13.741944313049316,14.175869366228325,13.724986140949705,14.1269897611206,454414000
2022-11-10,15.711064338684082,15.734007244331483,14.511038213082168,14.763413029153783,700819000
2022-11-11,16.286632537841797,16.34847952206211,15.44372241385744,15.767918688568072,655487000
2022-11-14,16.254714965820312,16.49911010478808,15.882636965812782,16.17790566297231,527852000
2022-11-15,16.624799728393555,16.955977806854108,16.341501419582265,16.680661045178866,545876000
2022-11-16,15.87066650390625,16.321548716407033,15.83375827360978,16.122044306055884,649547000
2022-11-17,15.638242721557615,16.225787271704426,15.496593581923412,15.676148882942352,710894000
2022-11-18,15.370904922485352,15.962439267152297,15.082618903576678,15.926527067026893,492072000
2022-11-21,15.279131889343262,15.43873616621096,15.0427173645285,15.1095521073422,404739000
2022-11-22,15.998350143432615,16.018301155042618,15.084614360133106,15.29010540365976,472866000
2022-11-23,16.47816276550293,16.486144313073122,16.008328349427657,16.05820398423219,427241000
2022-11-25,16.22977638244629,16.44623895293213,16.13201909254946,16.277658047637875,167934000
2022-11-28,15.787871360778809,16.316561753105944,15.686124245692138,15.986378789361892,303741000
2022-11-29,15.600335121154783,15.892610948250487,15.481629846314512,15.787870048545496,298384000
2022-11-30,16.885486602783203,16.892471055218984,15.562425774426714,15.662203530429233,565298000
2022-12-01,17.09701156616211,17.22672251600334,16.59812007687738,16.961313400800822,470977000
2022-12-02,16.838584899902344,16.895459640770735,16.408540682249722,16.622066938764753,371389000
2022-12-05,16.57317352294922,16.957320143368804,16.43547900431618,16.64202078226574,352255000
2022-12-06,15.951555252075195,16.53625550550943,15.78392750868016,16.493351572776334,352694000
2022-12-07,16.084260940551758,16.150114595724432,15.632264273659429,15.737031971375904,372388000
2022-12-08,17.130937576293945,17.140915635032428,15.923619112619104,16.236924067023104,515456000
2022-12-09,16.96331024169922,17.544020747196672,16.93736880935287,17.12195815331659,465338000
2022-12-12,17.496124267578125,17.499117875319435,16.75976146929497,16.99922915428006,457328000
2022-12-13,18.03193092346192,18.748339371405248,17.671731278565026,18.489912854613223,656589000
2022-12-14,17.634815216064453,18.211534767204142,17.38137864220524,17.94712099776623,496888000
2022-12-15,16.914417266845703,17.281601445328924,16.662977044280925,17.107987414571323,478542000
2022-12-16,16.534259796142578,17.003218983176044,16.373617447522786,16.826611361927757,478232000
2022-12-19,16.217960357666016,16.572172773420323,16.109202785089362,16.53525606050728,354039000
2022-12-20,16.049339294433594,16.27384085919094,15.81685699546008,16.028385941930914,403260000
2022-12-21,16.464414596557617,16.59013659325073,16.066299063788986,16.078273493531086,325025000
2022-12-22,15.304993629455566,16.10222300797655,14.849007005999164,16.0583199304805,565045000
2022-12-23,15.172286033630373,15.304990571413496,14.85000222535727,15.1623079769604,349326000
2022-12-27,14.089693069458008,15.066522651056324,14.024836646016348,15.04058027199165,464902000
2022-12-28,14.004881858825684,14.230380640006066,13.853218422811985,13.896123310795858,351066000
2022-12-29,14.570626258850098,14.65044883051526,14.19546036233586,14.370072594688445,354923000
2022-12-30,14.5816011428833,14.59656727894766,14.201445300640174,14.302221216588292,310490000
2023-01-03,14.28326416015625,14.96275513554216,14.06474980589438,14.81807613433421,401277000
2023-01-04,14.716300010681152,14.820069526606868,14.209426861493183,14.534704309371104,431324000
2023-01-05,14.233376502990724,14.5317134417493,14.11663529978249,14.458875319901486,389168000
2023-01-06,14.826056480407717,14.976721722809424,14.002885769126838,14.441909831289994,405044000
2023-01-09,15.593351364135742,16.020401941381497,15.1074306292161,15.250114184790576,504231000
2023-01-10,15.873729705810549,15.9266117009309,15.437698272766156,15.472620524555069,384101000
2023-01-11,15.965524673461914,15.992465239813418,15.528496008879635,15.804882316459198,353285000
2023-01-12,16.474395751953125,16.600115869170452,15.45765476249962,16.06430761543747,551409000
2023-01-13,16.861536026000977,16.884485751855593,16.129164009129322,16.24191245912775,447287000
2023-01-17,17.662752151489258,17.688695480685343,16.861533003782395,16.861533003782395,511102000
2023-01-18,17.338476181030273,17.833374940410984,17.243685577032387,17.62783226446367,439624000
2023-01-19,16.727828979492188,17.158872284903268,16.693905869643526,16.998228042242104,452932000
2023-01-20,17.79945182800293,17.816414337109105,16.787699916065623,16.973286475081306,564967000
2023-01-23,19.150449752807617,19.202334514054723,17.77849813911899,18.0239511412495,655163000
2023-01-24,19.222288131713867,19.45177965907979,18.778275018636265,18.785259468912272,496204000
2023-01-25,19.280160903930664,19.32705758807713,18.5388081029194,18.87107002531869,449537000
2023-01-26,19.75809860229492,20.121291926493868,19.235260153653364,19.657322688857523,489535000
2023-01-27,20.319849014282227,20.58226641043348,19.36197832095678,19.41885115591402,542142000
2023-01-30,19.119518280029297,20.095348779096263,19.107543848870183,19.905771381530464,488611000
2023-01-31,19.493682861328125,19.64334989796367,18.90798447502744,19.127496001884925,498017000
2023-02-01,20.89657211303711,21.14501874822768,19.56752430206783,19.647346873400743,660477000
2023-02-02,21.660865783691406,21.90033342006355,20.654104095633148,20.953438165318428,564276000
2023-02-03,21.05321884155273,21.696789246514708,20.74290754825101,20.95344017438409,429366000
2023-02-06,21.042245864868164,21.522178471104034,20.73991622267868,20.759872338931974,452197000
2023-02-07,22.12384033203125,22.20965010200628,21.10310772104417,21.334593701458743,664150000
2023-02-08,22.155771255493164,22.827279543884256,21.959207503696422,22.33736696829217,559651000
2023-02-09,22.287473678588867,22.96895987540229,22.07095576094419,22.555878249188314,523876000
2023-02-10,21.21785354614257,22.02905079986804,20.76486152389426,21.64191243623625,550737000
2023-02-13,21.73969459533692,21.999118385629707,20.91552568163133,21.490248862723064,474919000
2023-02-14,22.920072555541992,22.99789874171555,21.318629492503824,21.530159368940577,675474000
2023-02-15,22.713531494140625,22.804329348665444,22.056991258302705,22.499008003095835,420575000
2023-02-16,21.953224182128903,22.50000774301944,21.87838968971364,22.08393238042942,412026000
2023-02-17,21.34058380126953,21.69180271009104,20.928499305845392,21.583045106514625,465888000
2023-02-21,20.60920524597168,21.446343845986352,20.57228662621733,20.953439640659408,410015000
2023-02-22,20.707983016967773,21.057207361993,20.37572117670934,20.661088247534547,513184000
2023-02-23,23.61153793334961,23.8350422679196,22.97395461774742,23.388035501899783,1117995000
2023-02-24,23.23437118530273,23.42195599373008,22.89612399551086,23.17350751127071,589716000
2023-02-27,23.44889259338379,23.82705197819249,23.401997822738508,23.61751850763343,452994000
2023-02-28,23.164527893066406,23.7721788489206,23.154549835484183,23.320182165733303,455963000
2023-03-01,22.647676467895508,23.204439895549427,22.45809718193452,23.140580708274207,460026000
2023-03-02,23.262311935424805,23.328165597904217,22.38226736382536,22.438144871095187,389415000
2023-03-03,23.837032318115234,23.847010375257764,23.07871710336136,23.26829638282977,412393000
2023-03-06,23.501785278320312,24.19424512815878,23.434932467158927,23.83803809487831,437429000
2023-03-07,23.24031639099121,24.07560247170694,23.193411743392723,23.55167782451388,515154000
2023-03-08,24.131486892700195,24.150448993437568,23.37603695159869,23.438907679098733,513573000
2023-03-09,23.388015747070312,24.403931047691355,23.3351228633312,24.12550106515551,501257000
2023-03-10,22.917978286743164,23.57862346689309,22.67946733016357,23.36106942050816,474866000
2023-03-13,22.91897392272949,23.25029484322712,22.25134506080111,22.705413316762304,421890000
2023-03-14,24.013729095458984,24.169409811888126,23.411963139447696,23.447890629973315,474910000
2023-03-15,24.17839241027832,24.23627231190452,23.312169659954225,23.71234766041433,524486000
2023-03-16,25.488704681396484,25.535607427755508,23.845075681386035,23.97780468614888,583253000
2023-03-17,25.672325134277344,26.3449448193976,25.61544073749828,25.9287988632653,848547000
2023-03-20,25.84696578979492,25.97071243084908,25.07854201438664,25.562549518958868,432747000
2023-03-21,26.14535903930664,26.337964679003704,25.329034940797325,26.1263988387194,547408000
2023-03-22,26.413803100585938,27.532507969585293,26.183275210273973,26.37088997719431,797295000
2023-03-23,27.13532447814941,27.442694389660254,26.63535085947769,27.05947988036973,564889000
2023-03-24,26.724164962768555,27.1113709568097,26.30103338506209,26.97564975875482,454920000
2023-03-27,26.476675033569336,26.94471456809312,26.31101457113405,26.782048221700336,361026000
2023-03-28,26.355920791625977,26.458710520816368,25.79706802172804,26.39284568249232,356104000
2023-03-29,26.928747177124023,27.02255456693602,26.542540461107045,26.77007425091989,393694000
2023-03-30,27.326929092407227,27.4426926938408,27.04650434017596,27.1732450978703,364516000
2023-03-31,27.720121383666992,27.77700387277096,27.04949655680014,27.08442473492415,433933000
2023-04-03,27.907739639282227,27.942667821784,27.28002785503765,27.452673959085395,398716000
2023-04-04,27.396787643432617,27.94266851512213,27.25108667754047,27.908737736009,368592000
2023-04-05,26.82596015930176,26.9427192704289,26.3409552107088,26.77406658654195,515015000
2023-04-06,26.981639862060547,27.02455108460632,26.372888285157632,26.529566401792227,397654000
2023-04-10,27.52253150939941,27.564445330206645,26.61439491835625,26.76807892798276,395279000
2023-04-11,27.11336898803711,27.733097708803008,27.07045586293639,27.667232866582555,314378000
2023-04-12,26.44074821472168,27.4117554199044,26.39384357131544,27.31395651647884,446259000
2023-04-13,26.4088134765625,26.83194507729408,26.275088982964736,26.67925848324337,353615000
2023-04-14,26.70321083068848,26.827954885781043,26.166312310977247,26.44973120006375,395660000
2023-04-17,26.94671058654785,26.95070210668743,26.37887544680579,26.510605128627287,321471000
2023-04-18,27.6103458404541,28.052439497008624,27.3009811633416,27.476621360356017,604812000
2023-04-19,27.87381172180176,27.942670689641982,27.17624350095967,27.30497908731356,358660000
2023-04-20,27.04850196838379,27.972606485594795,26.944714827313312,27.6143404163382,427713000
2023-04-21,27.06346893310547,27.12733896388513,26.667282494525807,26.896811075410813,345103000
2023-04-24,26.986629486083984,27.30996548020969,26.61638884445198,26.957689535565127,339282000
2023-04-25,26.18726921081543,27.1912098835516,26.17130312906319,27.02255529680181,378527000
2023-04-26,26.90080451965332,27.27403926890777,26.65031901312097,26.94671176186849,406337000
2023-04-27,27.17025375366211,27.43870397284285,26.57048448729234,27.30697427738912,377161000
2023-04-28,27.69218063354492,27.70116107796209,27.015567531365026,27.169253428500934,292216000
2023-05-01,28.850805282592773,28.99850296142685,27.723119847489293,27.782996461743867,570329000
2023-05-02,28.15223503112793,28.77695456083641,28.02549617838008,28.621273856351937,402730000
2023-05-03,27.74507141113281,28.30891502450401,27.415747210218576,27.782993707204334,383387000
2023-05-04,27.50556182861328,27.8019526442902,27.18422068244442,27.59437838118308,321850000
2023-05-05,28.62127494812012,28.69612023556148,27.67421872062941,27.76902351276572,361494000
2023-05-08,29.0913143157959,29.160173286474592,28.291955620185565,28.46360244125181,344979000
2023-05-09,28.51249885559082,28.91367617051169,28.3917482221622,28.83982828241417,314869000
2023-05-10,28.82585525512696,29.0533890415106,28.402723651406696,28.94560847700235,369350000
2023-05-11,28.519481658935547,28.890721581405018,28.188162647959096,28.8368313012262,322149000
2023-05-12,28.28196907043457,28.72106862682804,27.988570462268328,28.47058123775665,274222000
2023-05-15,28.89371681213379,28.90968479771039,28.09435819789657,28.44962827012572,293926000
2023-05-16,29.153181076049805,29.80883725623324,28.772962619924,28.78194306415263,449405000
2023-05-17,30.1162109375,30.137167849257526,29.369743252376065,29.52342727193127,432535000
2023-05-18,31.613136291503903,31.76282877397273,30.257917101676483,30.34773297184641,748725000
2023-05-19,31.199981689453125,31.51533461156932,30.852694703812897,31.471424084571897,473908000
2023-05-22,31.112171173095703,31.455466733996577,30.61718638905539,30.83773268250388,372000000
2023-05-23,30.62516212463379,31.22393392865523,30.568279631249496,30.936523538862662,356253000
2023-05-24,30.47547149658203,30.544330458079507,29.744969965607368,30.14814207840876,721419000
2023-05-25,37.90222930908203,39.39915781484461,36.559982197378055,38.44411669724596,1543911000
2023-05-26,38.86626052856445,39.089800933075296,37.47311881105836,37.81242284228532,714397000
2023-05-30,40.02887344360352,41.85213235594063,39.867206384616175,40.51188361880298,923401000
2023-05-31,37.75653839111328,40.21249828360416,37.74456192441203,39.40715132535591,1002580000
2023-06-01,39.68856430053711,39.967989732477896,38.26149217560639,38.41018533563602,635873000
2023-06-02,39.2464714050293,40.4170698367897,38.97802122010776,40.014895164925456,482731000
2023-06-05,39.09079360961914,39.48398404045427,38.627743010740026,38.82932905392205,396094000
2023-06-06,38.574851989746094,39.0798164296081,38.069887549884086,38.750494112150655,388729000
2023-06-07,37.40213394165039,39.42220064737449,37.28336583715142,38.8393365135724,511998000
2023-06-08,38.43511962890625,38.788431404042456,37.43207648828261,37.650648624822814,417772000
2023-06-09,38.69462203979492,39.633790585447805,38.49201760502022,38.96110122045359,427717000
2023-06-12,39.40523147583008,39.45313848189554,38.542912981212005,39.12378209838564,388701000
2023-06-13,40.942230224609375,41.02107898127597,39.66272544646208,40.10785732644431,613208000
2023-06-14,42.91339874267578,42.91639126476324,40.47314927155152,40.744623565348384,740465000
2023-06-15,42.570068359375,43.20483334915505,42.06505167269896,42.51916882992291,568622000
2023-06-16,42.60899353027344,43.63599213320871,42.5780517641451,43.3655191410193,655709000
2023-06-20,43.72282409667969,43.90447325497645,42.591030025374586,42.914401391724816,451153000
2023-06-21,42.961307525634766,43.53020280046162,41.998187390967416,43.416422222584046,551603000
2023-06-22,42.941349029541016,43.341566542076215,42.15188658669768,42.17084684328712,417737000
2023-06-23,42.12693786621094,42.72576983708017,41.93331479288893,42.38144316710673,358140000
2023-06-26,40.553001403808594,42.68085624285854,40.02203424973249,42.37844394803587,594322000
2023-06-27,41.79458236694336,41.85845711307234,40.36936115095312,40.71967665079335,462175000
2023-06-28,41.037052154541016,41.76363726159132,40.43921783251657,40.58094002022697,582639000
2023-06-29,40.74263000488281,41.51911724853508,40.52106150883683,41.47719909021722,380514000
2023-06-30,42.219757080078125,42.46727602955201,41.42031564690152,41.59896849845373,501148000
2023-07-03,42.330528259277344,42.81458581035407,42.11994000015232,42.434326127886784,198209000
2023-07-05,42.23472213745117,43.09304679541421,42.003170973529485,42.05307299440359,323618000
2023-07-06,42.02114486694336,42.09699732253943,41.265616640980895,41.76264953628558,303582000
2023-07-07,42.42035675048828,43.12997664792233,42.09798673168024,42.239708925322894,355881000
2023-07-10,42.09798431396485,42.72775789742395,41.56801476475212,42.57405800948138,353908000
2023-07-11,42.32254409790039,42.67485834432988,41.98520388273632,42.39839653240351,298244000
2023-07-12,43.81663513183594,43.84957190915323,42.69382263938461,42.94932537767914,481277000
2023-07-13,45.88759994506836,46.06525142186957,44.40548688501648,44.43143730326463,478204000
2023-07-14,45.38059997558594,47.9945075426314,44.97239476607481,46.49243252940778,772075000
2023-07-17,46.37066650390625,46.40559830268811,45.1740001632929,46.1990038397671,510488000
2023-07-18,47.401649475097656,47.802868230083774,45.64507339337393,46.61019215993459,569164000
2023-07-19,46.98546600341797,47.72502637494664,46.65111827083296,47.37171457968649,427502000
2023-07-20,45.43149566650391,46.99545027981004,44.974385975713794,46.41657614955658,537865000
2023-07-21,44.22285079956055,45.77682663388391,44.01425751113396,45.698975360580505,963769000
2023-07-24,44.5252571105957,45.02129240158318,43.95437069346409,44.64402521232847,382516000
2023-07-25,45.59018707275391,46.093204951452925,44.835656447425045,44.85362300335587,348081000
2023-07-26,45.36362457275391,45.96345774796509,44.54322423850326,45.93151847506049,364237000
2023-07-27,45.81075286865234,47.302844902001375,45.6610430080092,46.428548757899605,455976000
2023-07-28,46.65910339355469,46.93556524542494,46.29082136263418,46.57726209617673,331194000
2023-07-31,46.63814163208008,47.03836291442901,46.41557565297474,46.66309454574556,251055000
2023-08-01,46.41657638549805,46.8088138287661,45.93751010661882,46.369666884333206,237858000
2023-08-02,44.18292617797852,45.75087073720943,43.30264113304632,45.74188936339505,530142000
2023-08-03,44.42844772338867,45.03027593449394,43.71483776411609,43.71483776411609,324176000
2023-08-04,44.59312438964844,45.55325186395774,44.30668368202593,44.897531651391645,362666000
2023-08-07,45.32869720458984,45.45145915668349,44.47635751419299,45.02329239286848,322154000
2023-08-08,44.57716369628906,45.15403903929904,43.97034409168303,44.76579541158173,353843000
2023-08-09,42.47126388549805,44.22584525940291,42.05207850406444,44.1879171318669,586449000
2023-08-10,42.30558776855469,43.48928271463046,41.753661535765616,42.07803041712352,492705000
2023-08-11,40.77556610107422,41.936306917018776,40.55998646089097,41.66982393739307,533085000
2023-08-14,43.667930603027344,43.71484010551156,40.23262525589616,40.40728424676243,690286000
2023-08-15,43.85456466674805,45.17998551740348,43.62501232005784,44.473361921944495,676512000
2023-08-16,43.40144729614258,44.588134620821634,43.32160101804752,44.43343721611258,527451000
2023-08-17,43.25972366333008,43.97632609118521,42.91738827793847,43.88450592025357,452395000
2023-08-18,43.21480941772461,43.49326626137414,41.57899634242321,42.55209903416188,583768000
2023-08-21,46.87568283081055,46.97349186656967,44.13602090022551,44.40749142092356,692573000
2023-08-22,45.57920455932617,48.09330773941367,45.24485683130546,48.041406896438666,755293000
2023-08-23,47.02439498901367,47.108231304990525,45.120103708429646,45.77682532419549,779046000
2023-08-24,47.0713005065918,50.16826807045973,47.06731047667301,50.11836604551162,1156044000
2023-08-25,45.928524017333984,47.71204812043245,44.9364534643998,46.92059076298821,925341000
2023-08-28,46.74394226074219,46.88866080793937,44.80072902830529,46.39162792536596,685192000
2023-08-29,48.68914794921875,48.985571364963455,46.30079918990067,46.5752660206421,701397000
2023-08-30,49.16820907592773,49.829918115562,48.33083976005429,48.94863563426867,735206000
2023-08-31,49.259037017822266,49.64728061160453,48.86280955740575,49.2839899324245,528570000
2023-09-01,48.41468048095703,49.7031706927899,48.0483934780796,49.66524637506185,463830000
2023-09-05,48.453609466552734,48.75602175102256,47.76694740479326,48.12924059584928,382653000
2023-09-06,46.97336196899414,48.4585899209421,46.49325871140174,48.35079314460042,468670000
2023-09-07,46.1548957824707,46.25770462589442,45.06792290826655,45.440229441727205,433330000
2023-09-08,45.48714065551758,46.519215678178135,45.18670244634744,45.85645443360831,473069000
2023-09-11,45.09387969970703,46.0770424255395,44.22949106974816,46.06207096484273,473966000
2023-09-12,44.78644561767578,45.587951736657104,44.44807617569655,44.6546914479524,349256000
2023-09-13,45.40030288696289,45.84447394684032,44.420129217307256,44.516948715229006,398355000
2023-09-14,45.496124267578125,45.90136648262812,45.04696145729557,45.864436629731664,370097000
2023-09-15,43.81825256347656,45.514086250608685,43.7264210191702,45.256567267439614,506831000
2023-09-18,43.88413238525391,44.15961943213608,41.92179358623107,42.66840186383008,500271000
2023-09-19,43.43896865844727,43.88413737856735,42.92193159188815,43.75138559586022,373064000
2023-09-20,42.16033935546875,43.82124205395876,42.144370308781234,43.518804910804434,367108000
2023-09-21,40.94062042236328,42.021603947761406,40.903690569058845,41.505568360727295,450736000
2023-09-22,41.53252410888672,42.03658488102936,41.1542281804466,41.49459285327168,479236000
2023-09-25,42.14338302612305,42.45679753767784,41.10032682953403,41.513557426280826,419091000
2023-09-26,41.832950592041016,42.740258203916966,41.57742680988832,41.92278314195725,402282000
2023-09-27,42.38892364501953,42.79217453974366,41.55148895907964,42.25118391944289,444935000
2023-09-28,43.00876998901367,43.3651037098535,42.03658452900842,42.380939557902295,424663000
2023-09-29,43.417999267578125,44.06179864340564,43.22635545841842,43.74538760189782,397830000
2023-10-02,44.698612213134766,45.09087814744479,43.77932579033049,43.9480098133722,433298000
2023-10-03,43.43597412109375,45.04597365311147,43.16547878657146,44.72457077755565,470850000
2023-10-04,43.9589958190918,44.06080708258773,43.21138991227506,43.66055277170503,361821000
2023-10-05,44.60478210449219,44.816389117042256,43.80627261934712,43.96796969540584,393483000
2023-10-06,45.676788330078125,45.70373848025028,43.9440208476475,44.11070969679084,434436000
2023-10-09,45.18869400024414,45.52007649973999,44.28538045832398,44.75849682767498,409675000
2023-10-10,45.71272277832031,46.17286291728584,45.00404573819931,45.22563248789511,368582000
2023-10-11,46.718841552734375,46.77174426177856,45.96424879463127,46.10997683430652,378137000
2023-10-12,46.85758590698242,47.52035097000379,46.24373319803527,46.68989946190785,481325000
2023-10-13,45.3763542175293,47.02827534455717,45.19569146704418,46.87256376174886,474115000
2023-10-16,46.00917053222656,46.13892572569301,44.82837085700402,44.97909066386404,375099000
2023-10-17,43.85617446899414,44.6706567296848,42.40088950368382,43.91805928121893,812333000
2023-10-18,42.11742401123047,43.13852165493323,41.74711648202066,42.51168892025405,627294000
2023-10-19,42.02260971069336,43.216381906827145,41.8040157217801,42.731286777485096,501233000
2023-10-20,41.3099365234375,42.39092011000652,41.00150997673177,41.81199826924351,477266000
2023-10-23,42.89497375488281,43.16746801501632,40.86875508234883,41.15222663549808,478530000
2023-10-24,43.581687927246094,43.61562500762833,42.61150169448096,42.99678065247912,401463000
2023-10-25,41.70119857788086,43.56871659941446,41.47761668487891,43.317183162193714,398379000
2023-10-26,40.25090789794922,42.17731428874224,39.80573926150373,41.775064849583806,541001000
2023-10-27,40.42457962036133,41.12926616420593,39.94048219347045,41.053407480582,416784000
2023-10-30,41.084354400634766,41.68822738791205,40.405620307517786,41.01049469201982,388028000
2023-10-31,40.70405960083008,40.80287807912132,39.15694672159714,40.37467609597359,517969000
2023-11-01,42.246185302734375,42.30208077870125,40.79289531240805,40.80786677095721,437593000
2023-11-02,43.424991607666016,43.802286120371775,42.81413164942189,43.24732164549146,409172000
2023-11-03,44.92120361328125,45.22463462313267,43.641589151801824,43.9380370334196,424610000
2023-11-06,45.66580581665039,45.849465106470674,44.81539115087882,45.20067395834923,400733000
2023-11-07,45.86943435668945,46.13194133469671,45.07391747451028,45.63387372397261,343165000
2023-11-08,46.48727798461914,46.77973167159943,45.88240358724271,46.01415776559104,346719000
2023-11-09,46.86257553100586,48.14019083451283,46.662947187934414,47.3786111235174,540496000
2023-11-10,48.24499130249024,48.38173722144184,47.194952159011976,47.411547124751294,421245000
2023-11-13,48.52946090698242,49.02453947075824,48.009431181663935,48.23002031531456,384136000
2023-11-14,49.56353759765625,49.74120755867973,48.948687284637685,49.58749498042509,416954000
2023-11-15,48.79696273803711,49.86696509098912,48.11024418489581,49.8420139297863,475497000
2023-11-16,49.38786315917969,49.432781344923285,48.24000685120362,48.58835600584551,339756000
2023-11-17,49.20620727539063,49.62442581647781,48.9157487529458,49.43178439121729,325205000
2023-11-20,50.31513595581055,50.4538770689416,49.08942192234672,49.22017851068948,414120000
2023-11-21,49.85099792480469,50.42292897370047,49.13034226224072,50.03265822480747,565747000
2023-11-22,48.62528610229492,50.2412708632355,47.6011956303171,49.7591723537565,899420000
2023-11-24,47.68703842163086,48.82990680127919,47.656094105123046,48.37974638442562,294645000
2023-11-27,48.15217208862305,48.43963402417859,47.56327053938668,47.7109937696309,395662000
2023-11-28,47.73195266723633,48.233020614585215,47.38460109717888,48.146180818273855,401491000
2023-11-29,48.05035400390625,48.67119737228817,47.77087663297862,48.288911166314,382005000
2023-11-30,46.68291091918945,48.02041588268528,46.335559349897565,47.934573676190574,526247000
2023-12-01,46.677921295166016,47.11211268040661,46.10099843511436,46.43837031596677,369317000
2023-12-04,45.42525863647461,45.99120422189831,44.92618963722372,45.99120422189831,437543000
2023-12-05,46.483375549316406,46.51731180808335,45.19067140687653,45.385325095795785,371718000
2023-12-06,45.42226028442383,47.30292009715476,45.33142214594344,47.13122440124437,380590000
2023-12-07,46.51332092285156,46.54626331215597,45.52308054469381,45.618910872891085,350823000
2023-12-08,47.42171859741211,47.65630228563276,46.46741338825399,46.51233553243195,359224000
2023-12-11,46.54427719116211,47.44667271999739,45.748694086196686,47.406746578668496,509728000
2023-12-12,47.57244110107422,47.58142400474077,45.96429952454466,45.96429952454466,372387000
2023-12-13,48.00268173217773,48.507784486050255,47.52353382296874,47.54449647259797,447792000
2023-12-14,48.26420593261719,48.58363781796952,47.33785498826681,48.30413587026834,391232000
2023-12-15,48.80324935913086,49.31633726064535,48.034615184125286,48.10848518903452,479948000
2023-12-18,49.98815155029297,50.343518919127504,49.062798119752,49.3123545622575,412587000
2023-12-19,49.51598358154297,49.61181391094036,48.80824198487287,49.33630266590499,464444000
2023-12-20,48.025634765625,49.91028529819524,48.012657344636494,49.5668939044448,397894000
2023-12-21,48.903079986572266,49.00789323083867,48.33309014213933,48.72439672866285,300425000
2023-12-22,48.74335861206055,49.29537497058781,48.38099994161529,49.107708829124014,252507000
2023-12-26,49.19156646728516,49.51199608268566,48.87313220671744,48.881117433977685,244200000
2023-12-27,49.329322814941406,49.59185668051367,48.997911127361846,49.42315780443188,233648000
2023-12-28,49.43412780761719,49.79548498947944,49.324322381717465,49.55491529927827,246587000
2023-12-29,49.43412780761719,49.90828725509975,48.66449595698359,49.72461182444803,389293000
2024-01-02,48.0825424194336,49.20754186524029,47.51056095219287,49.1566336563863,411254000
2024-01-03,47.48459243774414,48.098499031561545,47.23603372218609,47.40074185532866,320896000
2024-01-04,47.91283798217773,48.41394618414248,47.42370571637504,47.68224504410837,306535000
2024-01-05,49.009883880615234,49.45908617572525,48.220287041681374,48.37601228101952,415039000
2024-01-08,52.160282135009766,52.18224626703925,49.39120597722168,49.42414836733732,642510000
2024-01-09,53.045711517333984,54.22861030764682,51.59828353362604,52.30802433098523,773100000
2024-01-10,54.25356674194336,54.50312317370562,53.39409433002728,53.52087170860792,533796000
2024-01-11,54.724727630615234,55.247799966123495,53.46496957614301,54.9014155282273,596759000
2024-01-12,54.61292266845703,54.872463461679565,54.23359967517569,54.52308221048439,352994000
2024-01-16,56.281959533691406,56.73415487746208,54.80259064863885,54.92038130782368,449580000
2024-01-17,55.95354843139648,56.370806056804064,54.64287831771136,56.24702551752996,474394000
2024-01-18,57.00567626953125,57.49780159403606,56.00745052096862,57.15840468720761,491650000
2024-01-19,59.38544464111328,59.3944275450236,57.12346261571884,57.88610696898355,543501000
2024-01-22,59.548152923583984,60.223953645882176,58.96518950299891,59.942452516713104,452955000
2024-01-23,59.76677322387695,59.803706328736965,58.4810564086234,59.46430941121268,294654000
2024-01-24,61.25312805175781,62.73748925623283,59.83165479543139,60.197006547482026,560271000
2024-01-25,61.50766754150391,62.60771334377325,60.74202640224238,62.23936480631996,482777000
2024-01-26,60.92271423339844,61.67338271174931,60.46553046315559,60.85184105783135,390309000
2024-01-29,62.35416793823242,62.37812361839996,60.79893365210522,61.12335395532468,348733000
2024-01-30,62.66261291503906,63.38033889790534,62.14952501071203,62.78839260190601,410735000
2024-01-31,61.41782379150391,62.15850772780802,60.59229159742143,61.33097637138223,453795000
2024-02-01,62.9151725769043,63.07888305643791,61.54061686379006,61.98981538927627,369146000
2024-02-02,66.04261779785156,66.48183193924027,63.57699522405565,63.8604917267368,476578000
2024-02-05,69.208984375,69.37369252800232,67.08575942583846,68.10394628020288,680078000
2024-02-06,68.1019515991211,69.630233381063,66.18236704818828,69.50645284574946,683111000
2024-02-07,69.97462463378906,70.09541214076467,67.48005798042527,68.19778404882926,495575000
2024-02-08,69.51742553710938,70.66837949372972,69.33175856710787,69.9496558671256,414422000
2024-02-09,72.0050048828125,72.05690694381363,70.08740841333696,70.40783795325798,436637000
2024-02-12,72.11981201171875,74.4786183227707,71.1235816589561,72.47118484090161,613710000
2024-02-13,72.00001525878906,73.31966811582932,69.49646981196616,70.27508457037247,602580000
2024-02-14,73.76888275146484,74.10428513350574,71.81036588559786,73.0721231436502,504917000
2024-02-15,72.52909088134766,73.84375566502169,72.27155299901098,73.7379485382384,420122000
2024-02-16,72.48416137695312,74.2699886080868,72.37236058649458,73.9685224984471,495327000
2024-02-20,69.32877349853516,71.82832841143384,67.61381946264177,71.81934169951924,704833000
2024-02-21,67.35227966308594,68.76576751724065,66.13045246980936,67.88532873628714,673755000
2024-02-22,78.3986587524414,78.43558804957509,74.08831901858908,74.89189108055353,865100000
2024-02-23,78.6771469116211,82.24779566972408,77.43235796782388,80.64664555528343,829388000
2024-02-26,78.95166015625,80.50290355503131,78.3656961376025,79.55857539682756,503973000
2024-02-27,78.56136322021484,79.338988045559,77.02509990421383,79.24015705268404,391705000
2024-02-28,77.52519226074219,78.79293534780788,76.98814490868608,77.48226929356848,393110000
2024-02-29,78.97162628173828,79.84806674793919,78.21097730890395,78.95366047452625,507289000
2024-03-01,82.13301849365234,82.15398495162512,79.29406260115205,79.8580626053772,479135000
2024-03-04,85.08575439453125,87.5393930852347,83.57045019844777,83.98071640863849,615616000
2024-03-05,85.81549835205078,85.94827183043155,83.27290109267872,85.12269695886387,520639000
2024-03-06,88.5467758178711,89.56900902315816,86.87966241798968,87.86995321567885,582520000
2024-03-07,92.50891876220705,92.60674904676836,89.44721547430589,90.00225477502153,608119000
2024-03-08,87.37680053710938,97.23174889760968,86.35656281212522,94.9736553303792,1142269000
2024-03-11,85.62582397460938,88.64359662209651,84.02060015441661,86.27969121669621,678364000
2024-03-12,91.75422668457033,91.80114256968416,86.0011815049168,87.8969031445505,668075000
2024-03-13,90.73098754882812,91.345920701362,88.28222228746216,90.8976988663388,635713000
2024-03-14,87.79208374023438,90.4894197158164,86.4504036300163,89.42226608746894,602318000
2024-03-15,87.68526458740234,89.39131202190967,86.10799973550625,86.77983369344113,642086000
2024-03-18,88.30218505859375,92.24535790675831,86.93454915835915,90.23184422557269,668976000
2024-03-19,89.24357604980469,90.38759254394184,84.86315541638959,86.5502309225731,672171000
2024-03-20,90.21588897705078,90.253825344818,88.07059918494765,89.64187768825083,479063000
2024-03-21,91.27703857421876,92.48794810720764,90.24881917443112,92.14054972284488,480372000
2024-03-22,94.12611389160156,94.61426754269417,90.6770806979814,90.9835495525749,586719000
2024-03-25,94.837890625,96.59884339661212,93.3484711637127,93.7787264023212,552136000
2024-03-26,92.40109252929688,96.20850660908964,92.34219634403308,95.68540977780972,513648000
2024-03-27,90.0940933227539,93.0789259717654,88.96904130951937,92.95114873658731,586067000
2024-03-28,90.19992065429688,91.14229021994063,89.03892762518525,89.8445328106342,435212000
2024-04-01,90.20690155029295,92.06568455405532,89.0499070749777,90.14301673764524,452441000
2024-04-02,89.29747009277344,89.93835929549583,87.46863424504667,88.295199136712,433064000
2024-04-03,88.81031036376953,90.21787822523544,88.24728931215489,88.33114383542578,370067000
2024-04-04,85.75659942626953,90.47743406262694,85.73164109008061,90.2498234806904,434965000
2024-04-05,87.85596466064453,88.32814710111496,85.77756069682601,86.71593161708087,399678000
2024-04-08,86.98247528076172,88.67654220104028,86.58216705957724,88.54676191015398,283220000
2024-04-09,85.20655059814453,87.48361610941927,82.87858592167979,87.2909487172583,501700000
2024-04-10,86.88864135742188,87.24901778988773,83.56439211342133,83.78102010903869,431929000
2024-04-11,90.4594497680664,90.58223837088433,86.77582976459976,87.26897200773683,431637000
2024-04-12,88.03365325927734,90.01922323878227,87.37878828439109,89.54403999734934,426805000
2024-04-15,85.85242462158203,90.45645646962656,85.78055040974887,88.94407438415881,443077000
2024-04-16,87.26399993896484,87.96578088273147,85.91533573267348,86.28369399477991,370453000
2024-04-17,83.88983917236328,88.62164902707342,83.80497930154608,88.18739527959683,495400000
2024-04-18,84.52472686767578,86.0411075798554,82.25964941091485,84.82321393436638,447260000
2024-04-19,76.06837463378906,84.17834237736079,75.47540651529913,83.00637428065669,875198000
2024-04-22,79.38063049316406,79.93467203595871,76.26802061217705,77.96907171420484,596341000
2024-04-23,82.28060913085938,82.62601207910251,80.12534225900131,80.62946711947102,438559000
2024-04-24,79.53936004638672,83.93674919660243,79.0462101404743,83.80497344877082,512208000
2024-04-25,82.48926544189453,83.17906608261447,78.08787733468318,78.73175981196158,424641000
2024-04-26,87.58344268798828,88.17841379736606,83.24295407183207,83.67320929669376,551011000
2024-04-29,87.60540771484375,87.8399947565515,85.11870586410434,87.44368500312586,388971000
2024-04-30,86.25273132324219,88.66555550305353,86.15091015960982,87.08928102561724,363709000
2024-05-01,82.89754486083984,85.85143274518,81.11462711525115,84.93003072487383,559863000
2024-05-02,85.66875457763672,86.08802721004574,83.05627099401435,84.30311392551386,377898000
2024-05-03,88.6356201171875,89.12676696706856,86.88964093377092,87.63734759857738,398341000
2024-05-06,91.9808349609375,92.06069859527176,88.90116496394158,89.23558536447402,376203000
2024-05-07,90.39757537841795,91.62245320483288,88.8572415302883,90.9406343783052,437342000
2024-05-08,90.2558135986328,91.03646035901208,89.26552291616532,89.32841761603471,325721000
2024-05-09,88.59368896484375,90.91466942223298,88.07858152551931,90.37260819958134,378013000
2024-05-10,89.72272491455078,91.24309639621146,89.07284860877868,90.14898917811551,335325000
2024-05-13,90.24283599853516,90.84080023922876,88.37606371894472,90.32169428450598,289680000
2024-05-14,91.19818878173828,91.4926773525484,88.78036800318161,89.44422015487879,296507000
2024-05-15,94.4665298461914,94.6981313350878,91.44076747625896,92.31226052004403,417735000
2024-05-16,94.19599151611328,95.65346838301872,93.94042944222824,94.74604213563502,323952000
2024-05-17,92.3192367553711,94.57633241179128,91.64740285082289,94.2059787452818,359691000
2024-05-20,94.6162567138672,95.0355292933575,93.27857535562268,93.58803736197784,318764000
2024-05-21,95.22122192382812,95.23519767784772,93.01903151729088,93.4373064137498,328946000
2024-05-22,94.78597259521484,95.85412388547536,93.08791463591838,95.29409598809328,548648000
2024-05-23,103.61969757080078,106.1363388077003,101.34462744914428,101.85175314144692,835065000
2024-05-24,106.28507995605467,106.29106630104066,102.82207077625,104.26856517672162,429494000
2024-05-28,113.70423889160156,114.74044777454472,109.69318217417998,110.0535586136133,652728000
2024-05-29,114.62663269042967,115.29248024146612,110.70941556106892,112.8547051589029,557442000
2024-05-30,110.3091049194336,115.61891628592592,109.47355289556609,114.45193707992216,484553000
2024-05-31,109.44361877441406,112.52229098316288,106.75526997887016,112.3256250740568,613263000
2024-06-03,114.80133819580078,114.80133819580078,111.80951385006522,113.42472260342709,438392000
2024-06-04,116.2358627319336,116.39858317577006,113.8479963882228,115.51611513617264,403324000
2024-06-05,122.22848510742188,122.2374646244509,117.265074206108,118.16651413530396,528402000
2024-06-06,120.78897094726562,125.37004011083056,118.11559592598994,123.83369734866147,664696000
2024-06-07,120.6791763305664,121.48178833918006,117.8181297926402,119.56310374577735,412386000
2024-06-10,121.5796127319336,122.88734731323206,116.80787124184928,120.16206756268632,313434100
2024-06-11,120.71104431152344,122.66781818606157,118.5446092925346,121.56962216023484,222551200
2024-06-12,124.99398040771484,126.6712162731191,122.36831081363356,122.85750238613136,299595000
2024-06-13,129.396728515625,129.5864183097163,126.9507630154097,129.1770893049594,260704500
2024-06-14,131.66299438476562,132.62140615970972,128.10885485479358,129.7461556011969,309320400
2024-06-17,130.7644805908203,133.5099557271365,129.3667902512595,132.77118307637525,288504400
2024-06-18,135.35691833496094,136.10568428406987,130.474964956118,130.9242214788469,294335100
2024-06-20,130.56480407714844,140.52837801062054,129.30688285479897,139.56996619369176,517768400
2024-06-21,126.36173248291016,130.4150570517715,124.09547105255643,126.9108305208226,649445800
2024-06-24,117.9156494140625,124.25519890170064,117.84576490444157,123.03720520530106,476060900
2024-06-25,125.88250732421876,126.2918362995336,119.12365113611966,121.00055473590018,414192600
2024-06-26,126.19200897216795,127.90917229563556,122.39825886605338,125.92244899462368,362975900
2024-06-27,123.7859878540039,126.2020118359468,122.71774870964305,123.89580747213049,252571700
2024-06-28,123.3367156982422,127.49985213027983,122.54801473015355,124.3750052910358,315516700
2024-07-01,124.095458984375,124.63456367500989,118.63445902087864,123.26682297750608,284885500
2024-07-02,122.46815490722656,123.20694278300527,120.83085399993702,120.93068793490032,218374000
2024-07-03,128.06893920898438,128.06893920898438,121.16032653936864,121.45983599496338,215749000
2024-07-05,125.62294006347656,128.6379747149119,125.4731853752408,127.17038486367323,214176700
2024-07-08,127.9890365600586,130.55481479101948,126.83094936680692,127.28020581947078,237677300
2024-07-09,131.163818359375,133.59980576329167,128.43829962119838,130.1355144487565,285366600
2024-07-10,134.68801879882812,134.87770860466375,132.20211043348235,133.80946190177127,248978600
2024-07-11,127.19036865234376,135.92596317348227,126.84094609019272,135.52662745493282,374782700
2024-07-12,129.02734375,131.70292655352904,127.01066335258952,128.04894535138322,252680500
2024-07-15,128.2286376953125,131.1737800395054,126.97070905664152,130.34514408452472,208326200
2024-07-16,126.15206909179688,128.82765170945768,124.37499938694933,128.22864817880884,214769500
2024-07-17,117.79584503173828,121.64949400158038,116.52793817127537,121.15031675281162,390086200
2024-07-18,120.8907470703125,122.19859669151472,116.36820224234276,121.64949865015036,320979500
2024-07-19,117.73595428466795,121.3999137142076,117.17687816504188,120.15197050658448,217223800
2024-07-22,123.3367156982422,123.86584236392233,119.662770837911,120.15196240961752,258068900
2024-07-23,122.38827514648438,124.48482570104972,121.89908357161131,122.57796493987696,173911000
2024-07-24,114.06201171875,119.75262982559674,113.25334693957733,118.97391446537992,327776900
2024-07-25,112.09524536132812,116.43808604158576,106.12508953993542,112.85399693651604,460067000
2024-07-26,112.87395477294922,116.00878722251284,111.3963944118867,115.9988091618642,293399100
2024-07-29,111.4063720703125,116.08865698961546,111.1168559757427,113.50292255867154,248152100
2024-07-30,103.5593032836914,111.80570498592245,102.37125913301428,111.33647720819822,486833300
2024-07-31,116.82744598388672,118.14527368402076,110.6975496617802,112.71423011638636,473174200
2024-08-01,109.03028869628906,119.96227450650746,106.63423649015628,117.3365974252001,523462300
2024-08-02,107.09347534179688,108.54109382170915,101.20319035397924,103.58925680976456,482027500
2024-08-05,100.28470611572266,103.239842127859,90.5407717150732,91.90851250035082,552842400
2024-08-06,104.07846069335938,107.5327664843651,100.38455194570304,103.6691316762756,409012100
2024-08-07,98.74724578857422,108.62097103799088,98.52760658313277,107.6325946135043,411440400
2024-08-08,104.7972640991211,105.32639072006307,97.35951914167632,101.83215026963444,391910000
2024-08-09,104.57763671875,106.42459107060564,103.2598090475883,105.46617163856445,290844200
2024-08-12,108.84060668945312,110.88723650727508,106.08515369153116,106.14505252549102,325559900
2024-08-13,115.94889831542967,116.03875418683984,111.39640394640423,112.25498947976828,312646700
2024-08-14,117.8856964111328,118.40483737868666,113.88229289564154,118.3349528711921,339246400
2024-08-15,122.6578369140625,123.03720888953038,117.27670666159618,118.56458490618095,318086700
2024-08-16,124.37499237060548,124.79429938850936,120.9805859038701,121.73933737686733,302589900
2024-08-19,129.78607177734375,129.78607177734375,123.21689800857207,124.07548340044627,318333600
2024-08-20,127.04060363769533,129.66628071339343,125.68284097768198,128.18870516059542,300087400
2024-08-21,128.28857421875,129.13718177592708,126.45160529458104,127.11051541152284,257883600
2024-08-22,123.53638458251952,130.5348518103843,122.8974383072882,129.80605728559254,376189100
2024-08-23,129.15711975097656,129.38675225949072,125.01395457447234,125.65290085977207,323230300
2024-08-26,126.25191497802734,131.04401222890846,124.1653576328901,129.35680584239554,331964700
2024-08-27,128.08889770507812,128.98741074794592,123.67616460225028,124.84424526829238,303134600
2024-08-28,125.40330505371094,128.11883041927797,122.4381910717034,127.90916927864866,448101100
2024-08-29,117.39649963378906,124.22524823697071,116.51795043355128,121.16030028839228,453023300
2024-08-30,119.17356872558594,121.5496494805563,117.02710521960448,119.33330147051215,333751600
2024-09-03,107.82228088378906,116.01877002584148,107.1134501364442,115.81910218205196,477155100
2024-09-04,106.03523254394533,113.0836130103624,103.9486752554176,105.23655349888746,372470300
2024-09-05,107.03359985351562,109.46958760825204,104.58763403652246,104.81725133789038,306850700
2024-09-06,102.66079711914062,107.97204286084109,100.78388574677186,107.86222325429438,413638100
2024-09-09,106.2947998046875,106.37466998895036,103.5193756446925,104.7074122640328,273912000
2024-09-10,107.922119140625,109.21998302790868,104.77730096516092,107.6325954237128,268283700
2024-09-11,116.71763610839844,116.9971741685222,107.24324578146684,109.21000549756162,441422400
2024-09-12,118.95413208007812,120.60155948017248,115.19999582839206,116.6577172050991,366052700
2024-09-13,118.91419219970705,119.77285113489948,117.4165323291377,118.89422675312926,238358300
2024-09-16,116.59781646728516,117.99563392468085,114.18159360974668,116.60780299971084,248772300
2024-09-17,115.40966796875,118.61466685067688,114.65085910577872,117.98564481894722,231925900
2024-09-18,113.19313049316406,117.51636932909096,113.04336298957726,115.70919560695408,310318900
2024-09-19,117.68611907958984,119.4733274955448,117.06708357128667,117.16692604230532,293506400
2024-09-20,115.81903839111328,118.43495389707196,115.2099893901744,116.87738233881376,382462400
2024-09-23,116.07862091064452,116.80747774675662,114.68080357526898,116.36816938577525,206228500
2024-09-24,120.68143463134766,121.60998405209612,115.1999940423364,116.33821493002908,354966800
2024-09-25,123.31730651855467,124.74507579152808,121.42026930294443,121.82962567540989,284692900
2024-09-26,123.8464813232422,127.47081527785902,121.6099781665842,126.60217747362805,302582900
2024-09-27,121.21060943603516,123.83650371853182,119.07394858799772,123.7765997601264,271009200
2024-09-30,121.25054931640624,121.31045327548796,117.96568098439478,118.1254274144435,226553700
2024-10-01,116.81746673583984,122.24898215671048,115.60935538711524,121.58002164337384,302094500
2024-10-02,118.66458129882812,119.19375323018366,114.96037016184738,116.25834508658102,221845900
2024-10-03,122.65834045410156,124.16598683922705,120.15225416683852,120.73135113827638,277118000
2024-10-04,124.72511291503906,124.84492844767551,121.63993722019764,124.7450859792245,243678100
2024-10-07,127.52074432373048,130.43618698242878,124.7550615549546,124.79500006476454,346250200
2024-10-08,132.6826934814453,133.27176943610752,129.21810539760597,130.05679135695408,285722500
2024-10-09,132.44305419921875,134.31014727855833,131.1750464230449,133.9007832398008,246191600
2024-10-10,134.5996856689453,134.7893916948541,130.79563194093248,131.70421594134592,242311300
2024-10-11,134.58969116210938,135.5681579226704,133.45147037350253,133.8009151704973,170209500
2024-10-14,137.85459899902344,139.3822107684187,136.0873561782587,136.2570891265267,232347700
2024-10-15,131.3946990966797,138.3538265330219,128.5391603262797,137.654906403531,377831000
2024-10-16,135.5082550048828,136.40684475827754,131.37471471629812,133.7709642153392,264879700
2024-10-17,136.71636962890625,140.6701983777905,136.65646567187505,139.12261346955344,306435900
2024-10-18,137.7847137451172,138.6833036103306,137.06583575895257,138.45366668655112,176090200
2024-10-21,143.48580932617188,143.48580932617188,137.78471061125512,137.9145126776056,264554500
2024-10-22,143.36598205566406,144.194689003585,141.55880826832362,142.68705023422552,226311600
2024-10-23,139.34228515625,142.20780310560568,137.2455702792771,141.80843319617813,285930000
2024-10-24,140.19094848632812,141.12948441968888,138.2439937495604,140.6003124972593,172354900
2024-10-25,141.31918334960938,143.90515439009727,140.5803475394567,140.71013437273555,205122100
2024-10-28,140.30076599121094,142.91667341121004,139.83149806296922,142.77689244758375,173586700
2024-10-29,141.02963256835938,142.0380513591214,138.68329276437913,140.0711235834401,157593600
2024-10-30,139.12261962890625,140.11108066863528,136.59656776236113,139.32230457284558,179418100
2024-10-31,132.55287170410156,137.39531116933003,131.90389188236236,137.38533225522045,270039600
2024-11-01,135.18875122070312,137.09577501351765,134.36005954202903,134.48984636430032,207127800
2024-11-04,135.83773803710938,138.7432015157854,135.3584911981984,136.99593186321135,187528200
2024-11-05,139.6917266845703,140.151000495864,137.11574997671616,137.2355578866217,160537400
2024-11-06,145.38284301757812,146.2614750565614,141.73854326176877,142.73698322061895,242043900
2024-11-07,148.6477508544922,148.69766066609404,145.9419717733186,146.1616297903136,207323300
2024-11-08,147.399658203125,149.53631855776948,146.03178545046896,148.53787885494532,175665800
2024-11-11,145.03338623046875,148.61779734270107,143.3460354590936,148.44804913905642,182325600
2024-11-12,148.05865478515625,149.4165337385062,145.7822128979203,146.55101593198214,198634700
2024-11-13,146.0417938232422,149.0970171738845,145.6723607374253,148.83742831045777,191903300
2024-11-14,146.53102111816406,148.76753177848803,145.32291747893564,147.40965302668107,194463300
2024-11-15,141.7584991455078,145.0134231170618,139.86146934373124,144.64398997756967,250132900
2024-11-18,139.9313507080078,141.3291757571169,136.93603090489682,139.28237084466085,221205300
2024-11-19,146.7806396484375,146.90046279249913,140.77004260660007,141.09952959154865,227834900
2024-11-20,145.6623992919922,147.32979212988033,142.50732548898966,147.18003223590216,309871700
2024-11-21,146.44119262695312,152.65149063112756,140.4805046221909,149.11701974284432,400946600
2024-11-22,141.7285614013672,146.93044074143577,140.87989650374584,145.7023485163706,236406200
2024-11-25,135.80780029296875,141.82839170792872,135.60811535874635,141.76848775116036,344941900
2024-11-26,136.70640563964844,139.08269776121745,135.45835561529256,137.48518763604767,190287700
2024-11-27,135.12884521484375,137.00591700209634,131.59437486042492,134.7993582371888,226370900
2024-11-29,138.03433227539062,139.13262238748922,135.837767286179,136.56662423239774,141863200
2024-12-02,138.41372680664062,140.23087948399635,137.60499293345052,138.6134117376161,171682800
2024-12-03,140.0411834716797,140.32074544201365,137.73478959893222,138.04430354930304,164414000
2024-12-04,144.9135284423828,145.5625081130571,140.07109010434277,141.77842858862508,231224300
2024-12-05,144.8436737060547,146.32146235801875,143.73532840807314,144.89360218968224,172621200
2024-12-06,142.2275848388672,145.4827177885172,141.09926510716355,144.38436733563313,188505600
2024-12-09,138.60299682617188,139.74129618907318,136.9255094433844,138.76276188244717,189308600
2024-12-10,134.8685760498047,141.60850970621567,133.5904709096604,138.80268748950093,210020900
2024-12-11,139.1022491455078,139.96096726526153,135.00837248215075,137.155160163518,184905200
2024-12-12,137.1351776123047,138.23354324797214,135.59748095840345,136.8755708420711,159211400
2024-12-13,134.0498046875,139.3918327936691,132.34234795745746,138.73281333743972,231514900
2024-12-16,131.80316162109375,134.19957664706322,130.22551588851704,133.97990349214524,237951100
2024-12-17,130.195556640625,131.39376410572794,126.67082193579633,128.89749220508244,259410300
2024-12-18,128.71775817871094,136.49613412730267,128.08869283192976,133.6603731199009,277444500
2024-12-19,130.485107421875,133.8301176053825,129.3568029702355,131.56349862817564,209719200
2024-12-20,134.49911499023438,135.07825184796977,128.02878306565836,129.6164081965347,306528600
2024-12-23,139.4617156982422,139.58153187306692,134.91849782504636,136.07677163513355,176053500
2024-12-24,140.01089477539062,141.6883821217358,138.44322876231024,139.79122163679293,105157000
2024-12-26,139.72132873535156,140.6399702368576,137.52461242783102,139.4916759779926,116205600
2024-12-27,136.8056640625,138.81267619141968,134.50910636621433,138.34337590905767,170582600
2024-12-30,137.2849578857422,140.06081067569033,133.82013169900247,134.628921256616,167734700
2024-12-31,134.08973693847656,137.8641141320975,133.63043143330796,137.82416524884428,155659200
2025-01-02,138.10372924804688,138.6728864930968,134.42922472124587,135.79717669922962,198247200
2025-01-03,144.2545623779297,144.6839138332244,139.5216253508109,139.80120658589456,229322500
2025-01-06,149.2071533203125,151.93309314343088,147.599568879649,148.36840963752263,265377400
2025-01-07,139.93101501464844,152.90164910642062,139.80120400217487,152.80179213743568,351782200
2025-01-08,139.9010467529297,143.7353162901366,137.35484666292894,142.36736432306787,227349900
2025-01-10,135.7073211669922,139.7113355717742,134.0198390250661,137.24501786219508,207602500
2025-01-13,133.03131103515625,133.29093305056014,129.31685741876072,129.79615256902926,204808900
2025-01-14,131.56350708007812,136.1766278538369,129.85606565410438,135.84711813885167,195590500
2025-01-15,136.03683471679688,136.2465130176968,131.09420431967888,133.45068552943664,185217300
2025-01-16,133.3708038330078,138.54307117698642,133.2909213149963,138.4332346192246,209235600
2025-01-17,137.504638671875,138.29345383465838,135.25799411499426,136.4861555399997,201188800
2025-01-21,140.61996459960938,141.61847317570314,136.88553704004724,138.95245710585658,197749000
2025-01-22,146.85067749023438,147.56958971587568,143.45573886876412,144.44426793757484,237651400
2025-01-23,147.00047302246094,147.01045262591376,143.5056920734559,144.8337106624021,155915500
2025-01-24,142.40731811523438,148.74785499769604,141.66843136501245,148.14874363197046,234657600
2025-01-27,118.24340057373048,128.20851331467108,116.5259643596482,124.61389107098998,818830900
2025-01-28,128.7976531982422,128.80763280108368,116.07664583818588,121.62835222502514,579666400
2025-01-29,123.51553344726562,126.70077890376498,119.87098248262684,126.31136108771857,467120600
2025-01-30,124.464111328125,124.81358785050304,117.92387627755193,122.91641979157204,392925500
2025-01-31,119.89094543457033,127.65934229890306,119.01226047612724,123.59541198682592,388161100
2025-02-03,116.48603057861328,118.39317826666118,112.84147223806173,114.57887527254844,371235700
2025-02-04,118.47306060791016,121.01925326141507,116.52596404203554,116.78557844108887,256550000
2025-02-05,124.64383697509766,124.81358161777388,120.5799070623436,121.5784157152858,262230800
2025-02-06,128.4880828857422,128.57796024161053,125.02326434711814,127.22996749994309,251483600
2025-02-07,129.64637756347656,130.17558600299384,124.81359867926386,129.0273069895586,228186300
2025-02-10,133.3708038330078,134.79866384787866,129.76618710141213,129.89598286165247,216989100
2025-02-11,132.60195922851562,134.27944654160947,130.82461495038982,132.38228609427233,178902400
2025-02-12,130.94442749023438,132.04279313100764,128.88750205027108,129.8261026458349,160278600
2025-02-13,135.08824157714844,136.29644386397356,130.9743904181038,131.36380821970238,197430000
2025-02-14,138.6429443359375,139.04234173663804,135.29793396994222,136.2764682668825,195479600
2025-02-18,139.19210815429688,143.226091877041,137.72429913092634,141.05932980350207,219176600
2025-02-19,139.02235412597656,141.14918241151278,137.01535723812603,139.3019353271886,167536000
2025-02-20,139.9010467529297,140.4502295544644,136.58599074078032,139.8211642330671,143903600
2025-02-21,134.22950744628906,141.2490371129211,133.83011008980694,139.83114145453473,228217600
2025-02-24,130.08570861816406,138.383313247837,129.88600993089565,136.35634186179794,251381100
2025-02-25,126.44115447998048,130.00583024952502,124.25442559786757,129.78615711570163,271428700
2025-02-26,131.08421325683594,133.53055638167015,128.29838085048883,129.79614381296275,322553800
2025-02-27,119.9708251953125,134.80865788512716,119.83103458283094,134.7986782828192,443175800
2025-02-28,124.73371124267578,124.90345590188022,116.22642004317107,117.8439993429124,389091100
2025-03-03,113.88990020751952,123.51552349340125,112.11255593535712,123.32581202011416,411381400
2025-03-04,115.81703186035156,119.132080722439,109.94580294596078,110.4849986041218,398163300
2025-03-05,117.12507629394533,118.10361057672029,114.3392360416895,117.40465751759533,284337900
2025-03-06,110.40510559082033,115.17797591196371,110.05562907278994,113.3606904001891,321181900
2025-03-07,112.5219497680664,113.31077256873957,107.39959517379882,111.08409477767312,341755500
2025-03-10,106.8204574584961,111.6831896506324,105.30272006245757,109.73610085349598,366487400
2025-03-11,108.5978012084961,112.0726069900584,104.61374627233778,106.83043665954976,354865700
2025-03-12,115.57803344726562,116.59661034457648,112.72203506897392,113.96030532134075,323857500
2025-03-13,115.41825103759766,117.59520049683546,113.63075517539951,116.86621875800482,299033100
2025-03-14,121.49972534179688,121.7094305400334,117.98465480860956,118.44401014075396,277593500
2025-03-17,119.36272430419922,122.71802281178024,117.86482345684048,122.5682312033008,255501500
2025-03-18,115.26846313476562,118.853435494066,114.37970924440413,117.83486627342975,299686900
2025-03-19,117.35553741455078,120.28143743378796,115.51811599486,117.10588726826336,273426200
2025-03-20,118.36412048339844,120.03178155242584,116.30700581426808,116.3868956857552,248829700
2025-03-21,117.5352783203125,117.82487338576216,115.25847035053428,116.77634740953133,266498500
2025-03-24,121.24009704589844,122.04896105750126,119.17298658297102,119.71223179694545,228452500
2025-03-25,120.5210952758789,121.12025404464302,118.75356814650011,120.38129181712452,167447200
2025-03-26,113.60079956054688,118.6736845133834,112.55226594608844,118.5638454632065,293463300
2025-03-27,111.27405548095705,114.2898256783234,110.50513643809543,111.19416561141584,236902100
2025-03-28,109.51651763916016,112.71204388720729,108.9173588485005,111.33397028810096,229872500
2025-03-31,108.22832489013672,110.80471613819728,103.5049485540766,104.98287310192076,299212700
2025-04-01,109.99585723876952,110.04578269736857,106.32100673854832,108.36813339033893,222614000
2025-04-02,110.26546478271484,111.82328673498284,106.64054773013802,107.1398479774266,220601200
2025-04-03,101.65754699707033,105.48218161280622,101.45782230020173,103.36515315702636,338769400
2025-04-04,94.17801666259766,99.98987163475934,91.98109847139008,98.7715853475697,532273800
2025-04-07,97.50334930419922,101.60759784636036,86.4987754744505,87.33759621246332,611041300
2025-04-08,96.1652374267578,105.70186824827938,94.3278084260022,103.66472218207365,476243400
2025-04-09,114.17000579833984,114.9389248904037,97.39351305704147,98.751610451276,612918300
2025-04-10,107.4194564819336,110.70485307181583,99.01124202201945,109.21694044618194,437812400
2025-04-11,110.77476501464844,111.39390013023588,107.32959598741144,108.34816524857224,313417300
2025-04-14,110.55506896972656,114.13006086401796,108.91736463288024,113.95031245540224,264705000
2025-04-15,112.04297637939452,113.46099492172468,110.3453585264742,110.81470199440513,228966900
2025-04-16,104.3437728881836,106.64055727885454,100.30942561460589,104.40369410395132,397016900
2025-04-17,101.34796905517578,104.32380208660638,99.9099894244808,104.30382580885473,292517500
2025-04-21,96.7743911743164,99.30084956133582,94.90700524452376,98.63178134580184,288501100
2025-04-22,98.75160217285156,99.67031279819464,97.14385476914264,98.6417555090913,241004800
2025-04-23,102.56625366210938,104.65333261230082,101.87721689778672,104.37371808015348,247526000
2025-04-24,106.2810516357422,106.39089830035944,102.96569827687256,103.335183205014,220815000
2025-04-25,110.85465240478516,111.76337496991528,105.58204256681438,106.70047033928223,251064700
2025-04-28,108.57784271240234,110.21554702841466,105.8716284785824,109.53649833991804,207708500
2025-04-29,108.867431640625,110.04578062718969,107.2896485179105,107.51932238432488,170444300
2025-04-30,108.76756286621094,108.76756286621094,103.93434018163836,104.32379376082017,235044600
2025-05-01,111.4538116455078,114.77915341441684,111.14424790285813,112.92175572108304,236121500
2025-05-02,114.33976745605467,115.23850951002052,113.21135153306962,114.02021557227994,190194800
2025-05-05,113.66072082519533,114.50952981770942,112.50234808238876,112.75199823422923,133163200
2025-05-06,113.38111114501952,114.57942879752297,110.66491633937942,111.32399638135878,158525600
2025-05-07,116.89617919921876,117.51531428959991,112.12286973799952,112.89179643623136,206758800
2025-05-08,117.20574951171876,118.51391379663416,115.68787240644632,118.084515254596,198428100
2025-05-09,116.48676300048828,118.06455379711826,115.0487756801452,117.1857803819228,132972200
2025-05-12,122.82786560058594,122.82786560058594,120.11167093091152,121.79930827024248,225023300
2025-05-13,129.7481689453125,131.03637225526788,124.295818189616,124.8051066300396,330430100
2025-05-14,135.1505889892578,135.25045513495294,131.49570747587302,133.01358451331882,281180800
2025-05-15,134.6413116455078,136.1092556474961,132.47435031815246,134.10205882491402,226632600
2025-05-16,135.21051025390625,136.15919297953724,133.27323795943153,136.02937003025397,226542500
2025-05-19,135.3802947998047,135.6798627990254,132.20473687113784,132.20473687113784,193154600
2025-05-20,134.19192504882812,134.3916420789913,132.43437861355363,134.10203943343691,161514200
2025-05-21,131.61557006835938,137.20772462329396,130.4072565649854,132.87380141479636,270608700
2025-05-22,132.6441192626953,134.0621302833829,131.36591171623223,132.04495280891254,187344000
2025-05-23,131.1062469482422,132.49430097030302,128.97923834191374,129.8180590665907,198821300
2025-05-27,135.31036376953125,135.47014350181522,133.1234263008756,133.96224703921547,192953600
2025-05-28,134.621337890625,137.0579256739289,134.60136161311598,135.83963178227697,304021100
2025-05-29,138.9951934814453,143.28917829117677,137.71698617586475,142.05090829751865,369241900
2025-05-30,134.94090270996094,139.42460961066672,132.73398869983464,138.5258751739265,333170900
2025-06-02,137.187744140625,137.9266987725352,135.21050414256473,135.30038976970178,197663100
2025-06-03,141.02235412597656,141.80126124338923,137.7569264491721,138.58576663563605,225578800
2025-06-04,141.7213897705078,142.19073325311265,139.34471555965237,141.99101618842522,167120800
2025-06-05,139.79408264160156,143.79846496522654,138.63570246128648,141.97102431113476,231397900
2025-06-06,141.52166748046875,143.0695013401578,141.31195466595716,142.31055518995854,153986200
2025-06-09,142.43040466308594,144.7970831461155,141.74136782943543,142.98961854621228,185114500
2025-06-10,143.75852966308594,144.08805440763362,141.33192260937977,142.4903028059026,155881900
2025-06-11,142.64002990722656,144.79716064315863,141.6813000562032,144.4176611881815,167694000
2025-06-12,144.80714416503906,144.80714416503906,141.66133988719625,141.78117540604916,162365000
2025-06-13,141.78115844726562,143.38901749969733,140.6626531024409,142.2904745799642,180820600
2025-06-16,144.49755859375,145.9855670778393,143.0095348711665,143.15934450789308,183133700
2025-06-17,143.9282989501953,145.02684191909495,143.58875484653294,144.29781716982143,139108000
2025-06-18,145.28648376464844,145.4562558084884,142.92962233744194,143.81843788371728,161494100
2025-06-20,143.65867614746094,146.00554135001877,142.46026003548073,145.25653889927807,242956200
2025-06-23,143.97824096679688,144.58743022935184,141.84108794116847,142.31046402404658,154308900
2025-06-24,147.70326232910156,147.76319531946535,145.3064608232896,145.36637857516104,187566100
2025-06-25,154.10475158691406,154.24456476496755,149.06146548674553,149.0714619384952,269146500
2025-06-26,154.81381225585938,156.51154803915952,153.79516469048193,155.77252682686714,198145700
2025-06-27,157.5401611328125,158.49889084686143,155.05346784206984,155.83242906789442,263234500
2025-06-30,157.7798614501953,158.4489684480595,155.7525627920192,158.1893045239527,194580300
2025-07-01,153.09608459472656,156.99089075003695,151.288494680634,156.0820975676339,213143600
2025-07-02,157.0408477783203,157.3903883520798,152.76654166200262,152.77652287552658,171224100
2025-07-03,159.1280517578125,160.76586971787668,157.56014800239086,158.15934077500395,143716100
2025-07-07,158.02952575683594,159.09809459400483,157.1307137305003,157.98957042846925,140139000
2025-07-08,159.78717041015625,160.00687898854957,158.17931139836438,159.11806346268276,138133000
2025-07-09,162.66334533691406,164.2012901564699,160.9456320255445,161.0055497766517,183656400
2025-07-10,163.88172912597656,164.28119097215313,161.3950357038234,164.10143771292147,167704100
2025-07-11,164.70062255859375,167.6666731011634,163.2525543877531,163.50222183922534,193633300
2025-07-14,163.8517608642578,165.26987014699793,161.80448473325933,165.1500194092157,136975800
2025-07-15,170.4729461669922,172.17068192225182,168.97494134085255,170.96229989605533,230627400
2025-07-16,171.14205932617188,171.52155877211666,168.67534340451817,170.83247408910898,158831500
2025-07-17,172.76988220214844,173.92834287299638,170.60277047944578,171.7911900263939,160841100
2025-07-18,172.18067932128906,174.01822826089457,171.03219980516573,173.40903901870553,146456400
2025-07-21,171.1520538330078,173.1493936504508,170.7725543913757,172.52022673163836,123126100
2025-07-22,166.80783081054688,171.1620321483939,164.3610926233022,171.1120956061046,193114300
2025-07-23,170.55284118652344,171.03219846298632,167.74658125695927,169.30450383433347,154082200
2025-07-24,173.50892639160156,173.5988030318276,171.07216922217725,172.21065238052367,128984600
2025-07-25,173.2692413330078,174.4876199263022,172.7299662493585,173.3790956402227,122316800
2025-07-28,176.51490783691406,176.7645753161742,173.73860668662087,173.78854323017163,140023500
2025-07-29,175.2765350341797,179.14139760883538,174.7871965738649,177.72328828972238,154077500
2025-07-30,179.03155517578125,179.65072563032518,175.80584046425426,176.27521653092245,174312200
2025-07-31,177.6334228515625,183.0562087176856,175.69600066981488,182.6567315862202,221685400
2025-08-01,173.4889373779297,176.3051785902702,170.66269971388826,173.85844036702034,204529000
2025-08-04,179.76058959960938,179.9603205403546,174.28788258302183,174.9270307365029,148174600
2025-08-05,178.02288818359375,180.0202279532499,175.6660266458598,179.38107983649965,156407600
2025-08-06,179.1813507080078,179.66070799076476,176.01556896990587,176.09546439011424,137192300
2025-08-07,180.5295562744141,183.6354201729052,178.56217541570945,181.32849521637667,151878400
2025-08-08,182.4569854736328,183.05619350177665,180.16004168373897,181.3085211979325,123396700
2025-08-11,181.81784057617188,183.59547178906817,180.01025048518693,181.80785936297343,138323200
2025-08-12,182.9163818359375,184.234618174838,179.22130626788388,182.7166509044063,145485700
2025-08-13,181.3484649658203,183.7253042235628,179.11145412417423,182.3770937521473,179871700
2025-08-14,181.77789306640625,182.7765629312542,179.22130065055427,179.51090820642335,129554000
2025-08-15,180.20997619628903,181.658044469753,177.8031781362909,181.6380820439347,156602200
2025-08-18,181.7678985595703,182.69666946783065,180.3497891649352,180.359785616326,132008000
2025-08-19,175.40638732910156,182.25726371442747,175.25659293377495,182.1873495042791,185229200
2025-08-20,175.1667022705078,175.76591033294957,168.57548977611862,174.93701244991922,215142700
2025-08-21,174.7472381591797,176.66468235557974,173.57879631630271,174.61742144674352,140040900
2025-08-22,177.7532501220703,178.35244288234992,170.97227338198675,172.38040151215634,172789400
2025-08-25,179.57083129882812,181.6680441727565,176.33515059315872,178.11278178635797,163012800
2025-08-26,181.5282287597656,182.14739921043056,178.57215920342722,179.82049655621498,168688200
2025-08-27,181.35845947265625,182.24727507184863,178.86178472902657,181.7379436715125,235518900
2025-08-28,179.9303436279297,184.22462699678687,176.17535050737845,180.5794881684096,281787800
2025-08-29,173.94830322265625,177.91302365652732,172.91967451951007,177.87308356836775,243257900
2025-09-02,170.55284118652344,172.15071909272382,166.99757884564528,169.77387989783634,231164900
2025-09-03,170.39305114746094,172.18067877773825,168.6553752976972,170.83246833565184,164424900
2025-09-04,171.43167114257812,171.6314020660847,169.1846639665207,170.34312465674856,141670100
2025-09-05,166.7978515625,168.80517258283567,163.8517783946414,167.8065026792569,224441400
2025-09-08,168.0861358642578,170.73262035939155,167.12742125141602,167.32715219255022,163769100
2025-09-09,170.53286743164062,170.7525760297424,166.51822538667548,168.86509051949955,157548400
2025-09-10,177.09414672851562,179.05153132643002,175.23661998400823,176.40506201448144,226852000
2025-09-11,176.94432067871094,180.050359799309,176.2551971559751,179.4511179779685,151159300
2025-09-12,177.59349060058594,178.37249577533527,176.22522541777622,177.5435512454145,124911000
2025-09-15,177.52359008789062,178.62219505337407,174.28771156721004,175.44623766911022,147061600
2025-09-16,174.65725708007812,177.2739150624347,174.1578939390572,176.77455192141375,140737800
2025-09-17,170.0730743408203,172.97937117956877,168.1954794867923,172.42008695754546,211843800
2025-09-18,176.01551818847656,176.87442336525442,172.73969733735942,173.7583871307785,191763300
2025-09-19,176.4449462890625,177.8531538116004,174.95683884616588,175.54609885389235,237182100
2025-09-22,183.37612915039065,184.31493427279133,174.4874715349329,175.07671637070237,269637000
2025-09-23,178.2027130126953,182.18763613663097,175.9855548133895,181.73821238324945,192559600
2025-09-24,176.74456787109375,179.5509859124944,175.17656050171237,179.54100413716742,143564100
2025-09-25,177.46365356445312,180.0303718676576,172.90946471941734,174.25773588995062,191586700
2025-09-26,177.96302795410156,179.54101721374016,174.70717071687335,177.94304916264082,148573700
2025-09-29,181.6183624267578,183.76561762390497,180.09031258631592,180.2001578366391,193063500
2025-09-30,186.3423309326172,187.11135435179563,181.2488213615314,181.848063160254,236981000
2025-10-01,187.0015106201172,187.9003581593927,183.665753326035,185.00405809785752,173844900
2025-10-02,188.6493988037109,190.806651138866,187.8204541960536,189.3585011391996,136805800
2025-10-03,187.38101196289065,190.11752734214045,185.14387494216948,188.9490194719917,137596900
2025-10-06,185.3036499023437,186.9914995955013,183.09647356463947,185.2637075602064,157678100
2025-10-07,184.80430603027344,188.8191899838309,183.76563739379807,185.99279275388864,140088000
2025-10-08,188.86911010742188,189.35849142592937,186.30237648821537,186.33235229407293,130168900
2025-10-09,192.32470703125,195.0512252247688,190.816620752273,191.9851285494953,182997200
2025-10-10,182.9266967773437,195.3708168536685,181.81811007166195,193.26350393527704,268774400
2025-10-13,188.0801239013672,189.8678370807686,185.72312947730663,187.73056363822363,153482800
2025-10-14,179.80067443847656,184.56460262310264,179.47109296765566,184.5346420566055,205641400
2025-10-15,179.60093688964844,184.63451030281777,177.06416377208902,184.56460739230212,214450500
2025-10-16,181.57839965820312,183.04652832403656,179.5410050089342,181.99786281424807,179723300
2025-10-17,182.98660278320312,183.8654866543178,179.52102189247293,179.950466813544,173135200
2025-10-20,182.4073486328125,184.96408521149223,181.4985041529273,182.89672994644727,128544700
2025-10-21,180.9292449951172,182.55715836486127,179.5709767314294,182.55715836486127,124240200
2025-10-22,180.0503692626953,183.2063479075077,176.5348485540517,180.9092744574391,162249600
2025-10-23,181.927963256836,182.7968501503985,179.5609718650331,180.1901742303588,111363700
2025-10-24,186.0227203369141,187.23118563906056,183.26624175096785,183.60580497197225,131296700
2025-10-27,191.2460784912109,191.75542334831323,188.18996363054163,189.74798924630224,153452700
2025-10-28,200.77392578125,202.8912204382634,191.665547758556,192.8040950113927,297986200
2025-10-29,206.7762756347656,211.9197249544373,204.5191598009532,207.715080745974,308829600
2025-10-30,202.63156127929688,205.89740027142088,201.1534507471854,204.8886770404504,178864400
2025-10-31,202.2320709228516,207.7050861560208,201.81260775338424,206.18701808603035,179802200
2025-11-03,206.6164703369141,211.07078042213968,205.2981445069072,207.81493866642376,180267300
2025-11-04,198.43690490722656,203.7101778590782,197.67786326579136,202.7414122562426,188919300
2025-11-05,194.9613647460937,202.6615358672701,194.4020652255917,198.51682788141107,171350300
2025-11-06,187.84043884277344,197.3682807609907,186.14260723026612,196.16981228388872,223029800
2025-11-07,187.9103240966797,188.0801209573904,178.68210397488247,184.66446402160463,264942300
2025-11-10,198.7964630126953,199.6853287651845,193.5431531870904,194.8614791513322,198897100
2025-11-11,192.91395568847656,195.17107140540628,191.05632435423007,194.91140808059745,176483300
2025-11-12,193.5531463623047,195.6404805249176,190.88654915774768,195.4706988945922,154935300
2025-11-13,186.6219787597656,191.1961465947379,183.6158183771961,190.8066439854392,207423100
2025-11-14,189.92774963378903,190.7666759402113,180.34996953708983,182.62706393415107,186591900
2025-11-17,186.36231994628903,188.7592567939633,184.08522536919267,185.73311754704963,173628900
2025-11-18,181.1289825439453,184.5646030780414,179.42115405263684,183.14641371605563,213598900
2025-11-19,186.28240966796875,187.620699079564,182.5971076589588,184.5546024199349,247246400
2025-11-20,180.409896850586,195.7503316108911,179.62090987236718,195.70039225393623,343504800
2025-11-21,178.6521453857422,184.32490281868388,172.70971237567008,181.00913979899244,346926200
2025-11-24,182.3174743652344,183.26626122561635,176.25519889972114,179.2613745727385,256618300
2025-11-25,177.59349060058594,177.93305383278917,169.3340211059625,174.68719385821646,320600300
2025-11-26,180.03038024902344,182.67701383620675,178.01296428701193,181.3986455127995,183852000
2025-11-28,176.7745361328125,179.0616124091028,176.27517303639212,178.7819702942556,121332800
2025-12-01,179.69081115722656,180.07033197943204,173.45875435362808,174.5373804488289,188131000
2025-12-02,181.22886657714844,185.4235136530611,179.7707195907086,181.5284722516508,182632200
2025-12-03,179.36123657226562,182.2175941452396,178.88185225801445,180.8493441127912,165138000
2025-12-04,183.1566162109375,184.2952268834804,179.74078419330877,181.3987504426599,167364900
2025-12-05,182.1877899169922,184.43504894381925,180.6896172324408,183.66598269849337,143971100
2025-12-08,185.323974609375,187.7709870845105,182.17780264974235,182.41751577930148,204378100
2025-12-09,184.7446746826172,185.4937610485011,183.09669077375293,185.33395229946427,144719700
2025-12-10,183.55612182617188,185.2540478736652,181.8182359713298,184.74467463147755,162785400
2025-12-11,180.70957946777344,181.09911899111663,176.40483245042134,180.060377409269,182136600
2025-12-12,174.80679321289062,182.59729422559727,174.40727135263347,180.88937065842447,204274900
2025-12-15,176.0752410888672,178.20265125135413,174.8167814768023,177.7232402429772,164775600
2025-12-16,177.50350952148438,178.27257580423,174.68693742218818,176.0452813318811,148588100
2025-12-17,170.7317657470703,175.91544580087532,170.10252832729947,175.88548356566727,222775500
2025-12-18,173.9278564453125,175.93540231223645,171.6106906687844,174.3173807251694,176096000
2025-12-19,180.7695159912109,181.2289470656948,176.12517166919682,176.45477147838753,324925900
2025-12-22,183.4662322998047,183.935660967629,182.1278683380167,183.6959478478248,129064400
2025-12-23,188.97950744628903,189.099356383118,182.6771816078249,182.7471036477755,174873600
2025-12-24,188.38023376464844,188.67987134928,186.3626902843432,187.71105179508496,65528500
2025-12-26,190.2978973388672,192.45526970950263,187.7709805748158,189.68863982420257,139740300
2025-12-29,187.9907073974609,188.53004285167208,185.68352392965696,187.4813341773615,120006100
2025-12-30,187.31153869628903,188.75978454971104,186.70228116711607,188.0106981731968,97687300
2025-12-31,186.27281188964844,190.32786369396132,186.26282955778905,189.33907943283364,120100500
2026-01-02,188.6199493408203,192.6949656802433,188.0306564952844,189.6087335707417,148240500
2026-01-05,187.89083862304688,193.39413642527967,185.9232371396652,191.5264039837752,183529700
2026-01-06,187.0119171142578,191.935904267691,186.5924305704924,190.2879203285983,176862600
2026-01-07,188.879623413086,191.1368647540468,186.3327268208183,188.3402879564672,153543200
2026-01-08,184.8145904541016,189.31910643994627,183.48622397884648,188.87963997886857,172457000
2026-01-09,184.63479614257807,186.1129888751533,183.44624341374129,184.8545293482555,131327500
2026-01-12,184.71470642089844,186.89204340473577,182.7970472156232,182.9968005253017,137968500
2026-01-13,185.58364868164065,187.88084992986475,183.17658082293008,184.7746378408776,160128900
2026-01-14,182.91688537597656,184.23528457453645,180.57973978602013,184.0954557419801,159586100
2026-01-15,186.8221435546875,189.46890929684608,186.103019420931,186.27281050248445,206188600
2026-01-16,186.0031280517578,190.20800608356456,185.85331687968656,188.8496622427164,187967200
2026-01-20,177.8530731201172,182.1578200140757,177.39362681050815,181.6783938022576,223345300
2026-01-21,183.09669494628903,185.15418310637224,178.18267486272933,178.8318922054109,200381000
2026-01-22,184.6148223876953,185.94320399708803,183.70592730123704,184.5249356842524,139636600
2026-01-23,187.44137573242188,189.3690325020707,186.5924203594268,187.27158465782284,142748100
2026-01-26,186.2428436279297,188.88960930416167,185.76343263076708,186.93200550896395,124799600
2026-01-27,188.29034423828125,189.76853699604692,185.47377232125424,187.01190478720807,143711600
2026-01-28,191.2866973876953,192.1156881225865,189.60873601436583,191.03700193406064,148552700
2026-01-29,192.2754821777344,193.244301759811,185.8333425036608,191.1069092802216,171764400
2026-01-30,190.8971710205078,194.25307849059112,189.23918956869625,190.9770753936289,179489500
2026-02-02,185.38389587402344,190.0681850900544,184.6547894061738,186.9719553243457,165794100
2026-02-03,180.12030029296875,186.04308409913696,176.01530661894333,186.01312186532803,204019600
2026-02-04,173.97779846191406,179.36123157735668,171.70057725198066,179.24138264216026,207014100
2026-02-05,171.6706085205078,176.604592702014,170.82163795446576,174.71688060291817,206312900
2026-02-06,185.1841278076172,186.7721871314613,174.3872995354016,176.47474973392875,231346200
2026-02-09,189.80848693847656,193.42408742490235,183.7259094221984,184.03552934237337,196387400
2026-02-10,188.3103179931641,192.2455208098368,187.89083145679504,191.1468699498802,136764800
2026-02-11,189.8184814453125,193.0245624433192,188.54004197866425,192.2155516352278,144192700
2026-02-12,186.7122802734375,193.3741533411549,186.28279615580217,192.79485804306623,189932500
2026-02-13,182.5873107910156,187.27160018883805,181.36879569323744,187.25162028422807,161888000
2026-02-17,184.7446746826172,186.92201173748992,178.9617194034806,181.5285959992061,162276900
2026-02-18,187.75099182128903,190.13807962880853,186.53247684939709,188.52005804720127,164749100
2026-02-19,187.6710968017578,188.20044994409497,185.43383529156333,186.8321237354349,126554500
2026-02-20,189.5887756347656,190.09814888521723,185.7134972299297,186.342734664171,178422300
2026-02-23,191.3166656494141,193.7137359837344,189.3490641935772,191.16683922839312,171584800
2026-02-24,192.61508178710932,193.5339592408144,187.171708627792,191.2567378902843,175123600
2026-02-25,195.3217620849609,197.38924768090467,193.5539140704845,194.2131137016724,250637100
2026-02-26,184.66476440429688,194.0533071271398,184.0954667093304,194.03334246429927,360807900
2026-02-27,176.97415161132812,182.3675672971408,176.1651407824763,181.0292033274304,311636500
2026-03-02,182.25770568847656,183.2365228635074,174.42725972943845,174.79680413295333,209095300
2026-03-03,179.83065795898438,180.67961330625167,176.70446619030554,178.27256086028186,178099400
2026-03-04,182.8170166015625,184.47499807111,179.84065106191534,180.22019302825052,177731200
2026-03-05,183.1166534423828,183.83577756501344,177.6633132926684,180.94929874286032,198779700
2026-03-06,177.60337829589844,182.5373473445644,176.60459654479843,179.6209064601764,189021900
2026-03-09,182.427490234375,182.6871832569013,175.34613090826778,176.61458806542095,177213600
2026-03-10,184.544921875,186.2128856921408,181.7882742872215,182.17779858894656,179118500
2026-03-11,185.8134307861328,187.401576119786,184.2352683241476,185.6935753620157,145280400
2026-03-12,182.9268035888672,184.72471123223085,181.53842231669145,183.83574790315467,155762700
2026-03-13,180.0401611328125,185.87335881208497,179.73052445930352,184.7047227018936,160988400
2026-03-16,183.0067138671875,188.66012868968363,181.1988233361376,182.7570048934839,217307400
2026-03-17,181.7182006835937,185.1841623368753,181.4684917186082,184.8445618023411,182497800
2026-03-18,180.1899871826172,183.16652908726184,180.12007659614625,182.2675676480169,156683100
2026-03-19,178.3521270751953,179.77047215436778,175.5853475010711,177.80276430906588,170968500
2026-03-20,172.4989471435547,178.05247199547227,171.52009228430225,177.79278016290235,241323500
2026-03-23,175.43553161621094,178.16234927411983,174.55655117338722,177.0536408486584,182836300
2026-03-24,174.99603271484375,176.01484951930743,173.777451794472,174.6264683383626,147667800
2026-03-25,178.47198486328125,181.00903649280792,176.64412864426953,176.89383761026875,162602100
2026-03-26,171.04066467285156,176.30451888215924,170.9407749866337,175.86504388946904,186152200
2026-03-27,167.32498168945312,170.77096223786808,166.81556566439232,169.80209026823204,196212700
2026-03-30,164.97772216796875,169.25273855906806,164.07877596313077,168.58352034150624,185627000
2026-03-31,174.1969757080078,174.41672082635512,166.7656493784466,166.77563225072552,226181300
2026-04-01,175.54541015625,177.16351944386196,174.54657425208924,175.79511913229018,168132000
2026-04-02,177.18348693847656,177.28337661769746,171.170490985778,171.97954556798163,143143200
2026-04-06,177.43319702148438,177.58301630024127,175.55538077559635,176.953760088437,107564300
2026-04-07,177.89266967773438,178.0225079733855,173.4578360976707,175.52541836668527,132534900
2026-04-08,181.8680419921875,185.0443328296099,180.09011531444295,184.2852230345028,147732700
2026-04-09,183.69590759277344,183.8657078609029,180.40972906189933,181.6283100364998,116428500
2026-04-10,188.4104156494141,189.77881591864653,184.08545448929232,184.0954373612556,160459500
2026-04-13,189.0896148681641,189.4392135167764,185.52377876103736,185.81343445538195,133648200
2026-04-14,196.2812347412109,196.2812347412109,190.54792650193752,190.61783708872017,161307000
2026-04-15,198.63848876953125,200.166706463506,195.5121427945441,196.3111993145372,185338400
2026-04-16,198.1190948486328,199.6173486077875,195.58204328149,197.20015246424893,134012900
2026-04-17,201.44520568847656,201.46518667284232,199.03802288778024,199.66727910556,160324400
2026-04-20,201.82476806640625,201.9346406188145,197.6096795882359,199.7471876833392,119381400
2026-04-21,199.64732360839844,202.51397775047528,198.76834314349972,201.89470437258373,107945300
2026-04-22,202.26426696777344,202.26426696777344,198.7683413658613,200.7560302662893,107501000
2026-04-23,199.4075927734375,203.59271751351983,196.9904117933692,202.22431724671492,113561800
2026-04-24,208.0275421142578,210.70441481695207,199.57738430538976,199.72721882416832,214134400
2026-04-27,216.3578338623047,216.5775789683675,207.13858324348888,209.4059296471886,187172400
2026-04-28,212.92184448242188,214.4800260296235,207.95762889823203,209.2461357291284,180275400
2026-04-29,209.00640869140625,212.47237042757808,207.33835459433345,212.4523894424142,123711800
2026-04-30,199.33767700195312,210.0551813566716,198.4686794524716,209.68560172993963,225239200
2026-05-01,198.218978881836,202.7636852194425,196.8905253221648,201.0456862731779,128647000
2026-05-04,198.2489318847656,201.49514834231712,194.5132956232549,199.2677487020073,125368100
2026-05-05,196.271240234375,200.00689171848023,195.8017861758556,199.06798360144137,113406600
2026-05-06,207.5880584716797,208.0275486883452,198.3787906294548,199.65729931010404,188362800
2026-05-07,211.2537841796875,213.9506379507976,206.25960488465944,208.0974592073836,168307900
2026-05-08,214.9494781494141,217.5464575316693,212.642169707093,212.7820061205359,136421400
2026-05-11,219.18453979492188,222.0412109151316,213.64099781886503,213.79081709888328,160685800
2026-05-12,220.52297973632807,223.48952345691532,214.6698009927987,218.2955800381889,159176600
2026-05-13,225.56710815429688,227.5747627822776,221.3120728008497,224.6681467194947,150405400
2026-05-14,235.465576171875,236.2646326841873,229.0330706569892,229.58243343997336,180782900
2026-05-15,225.0577087402344,231.23050718880447,223.9789641563916,229.49252726355343,180977600
2026-05-18,222.0612030029297,229.7322553439391,218.1157890335498,229.60240180074675,146280900
2026-05-19,220.35317993164065,224.21866983705235,217.6563261548179,219.3643269423612,140948200
2026-05-20,223.20985412597656,225.8667612103758,220.2433103590018,222.9201831873553,184201600
2026-05-21,219.25445556640625,227.1352699433697,217.6762930684293,222.03121805596584,203381800
2026-05-22,215.079330444336,220.75271088945505,214.54994865072536,220.642838333742,169275700
2026-05-26,214.60987854003903,217.9260057479501,211.75320730356688,216.28791550863892,187202600
2026-05-27,212.35250854492188,213.9006919249857,208.53694826896,213.87072806866348,167601200
2026-05-28,214.0005798339844,215.2691056248748,210.9741084423121,211.03403615445995,143996000
2026-05-29,210.8942108154297,217.6063892667686,210.88422794322287,214.33020874183248,289410600
2026-06-01,224.09881591796875,224.60821672379728,215.448893644638,215.47885750139108,212850700
2026-06-02,222.56060791015625,232.0095863674792,221.09231801448132,226.91551751623655,193362900
2026-06-03,214.5,222.56061267075637,214.2602739078757,221.46188713313535,160907000
2026-06-04,218.66000366210935,221.6000061035156,210.97000122070312,213.91000366210935,169022200
2026-06-05,205.1000061035156,214.8699951171875,204.3300018310547,214.52999877929688,219655500
2026-06-08,208.63999938964844,210.47000122070312,206.0,210.17999267578125,137741400
2026-06-09,208.19000244140625,211.39999389648438,199.33999633789062,210.6199951171875,180327000
2026-06-10,,,,,150398224
