date,open,high,low,close,volume,gold_close,oil_close,vix,next_return,target,lag_1,lag_2,rolling_5,rolling_10,daily_return,price_range,gold_return,oil_return,open_scaled,high_scaled,low_scaled,close_scaled,volume_scaled,gold_close_scaled,oil_close_scaled,vix_scaled,lag_1_scaled,lag_2_scaled,rolling_5_scaled,rolling_10_scaled,daily_return_scaled,price_range_scaled,gold_return_scaled,oil_return_scaled,true_label,pred_label,pred_proba_up,correct,error_type
2024-09-30,428.21,430.42,425.37,430.3,15793208.0,2636.10009765625,68.16999816894531,16.73,-0.022333255867999058,0,428.02,431.31,430.462,431.53000000000003,0.005326853885332605,5.050000000000011,-0.0031009911963315595,-0.00014670190944121586,1.4311105663152734,1.4302743305029395,1.4469244905122753,1.4627043947444291,-0.8383840571369386,3.3883191401305033,-0.10736465021533415,-0.25559269735150414,1.4528133866258,1.471611137406623,1.409536448048568,1.38321874219027,-0.03338820547499127,0.037056854351888054,-0.3261144981249852,-0.06747803627206998,0,1,0.5459746098645908,0,false_positive
2024-10-01,428.45,428.48,418.81,420.69,18195547.0,2667.300048828125,69.83000183105469,19.26,-0.008462288145665409,0,430.3,428.02,427.898,430.899,-0.022333255867999058,9.670000000000016,0.011835647363927837,0.024350941861482678,1.4330718313312087,1.4144350097975182,1.3927443166566869,1.3835413320153216,-0.643346039122296,3.5177929624475777,-0.04393916073601318,0.004628439187451962,1.4717004576801211,1.4445290473936578,1.3891619352608597,1.3783290034735745,-1.045033931866685,1.3047552409175776,0.9592678160884393,0.6440488023985571,0,1,0.5459714772659896,0,false_positive
2024-10-04,418.24,419.75,414.97,416.06,17319719.0,2645.800048828125,74.37999725341797,19.21,-0.0156708167091284,0,420.69,430.3,425.276,429.371,-0.011005728683828986,4.779999999999973,-0.00806058546335875,0.06515817418094083,1.3496363487782956,1.3431580666231222,1.3610290929363427,1.345401375674451,-0.7144516396398451,3.428572079873683,0.12990725501547593,-0.0005142710208278739,1.3920931099467766,1.4632971827217918,1.3683265325582965,1.3664882415732404,-0.6307389573114558,-0.03702941499287057,-0.7529156643172487,1.829282830563498,0,1,0.5460960401143974,0,false_positive
2024-10-07,416.0,417.11,409.0,409.54,19304152.0,2644.800048828125,77.13999938964844,22.64,0.012623919519460847,1,416.06,420.69,420.922,426.81000000000006,-0.0156708167091284,8.110000000000014,-0.00037795751059988003,0.03710677921682293,1.3313312086295663,1.3216035271064666,1.3117218310586196,1.291692409077804,-0.5533420380378851,3.424422271381874,0.2353615322861335,0.3522756492671638,1.3537391016215545,1.3841911386413686,1.3337280034328352,1.3466425666866213,-0.8013607084947374,0.8767012402590328,-0.09178203258890331,1.0145383365314002,1,1,0.5460551177372923,1,correct
2024-10-08,410.9,415.66,408.17,414.71,18121969.0,2615.0,73.56999969482422,21.42,0.006631139832654176,1,409.54,416.06,418.26000000000005,425.2,0.012623919519460847,7.490000000000009,-0.011267410873396222,-0.04627948824307726,1.2896543270409415,1.3097648595689095,1.3048667175982327,1.3342806540631817,-0.6493195954311607,3.300757775698597,0.09895883435622163,0.2267935201851377,1.2997287054486717,1.3460786533039744,1.3125747456165795,1.3341663712288083,0.23349595839121906,0.7065772143562769,-1.0288811467919612,-1.4073912102075576,1,1,0.5460771996098893,1,correct
2024-10-11,416.135,417.13,413.25,416.32,13455365.0,2657.60009765625,75.55999755859375,20.46,0.006773635664873101,1,414.71,409.54,415.46399999999994,422.963,0.0038822309565720303,3.8799999999999955,0.016290668319789647,0.027049039989455625,1.3324344202010299,1.3217668190725016,1.3468233156449383,1.3475431442810657,-1.0281858566121194,3.4775400227043973,0.17499275611998544,0.1280534841861662,1.3425559674446537,1.2924083715761536,1.2903566731694518,1.3168314338132021,-0.08622409893893737,-0.28398364614202437,1.3426475921346175,0.7224142668232741,1,1,0.5460664089746541,1,correct
2024-10-15,422.18,422.48,415.26,418.74,17712232.0,2661.39990234375,70.58000183105469,20.64,-0.006256865835602032,0,416.32,414.71,415.07399999999996,421.486,0.005812836279784905,7.220000000000027,0.0014297879845996952,-0.06590783335689332,1.3818337827898997,1.3654474199869369,1.3634242530610559,1.367478067465711,-0.6825847975476252,3.493308484463801,-0.015283129309525596,0.14656724093597331,1.3558928904259946,1.3349659415965265,1.2872575858109472,1.305385880588861,-0.015613799775460256,0.6324909450115339,0.06378470210539658,-1.9774907053984325,0,1,0.5461831412159301,0,false_positive
2024-10-21,416.12,418.96,413.7501,418.78,12621668.0,2723.10009765625,70.55999755859375,18.37,0.020846267730073142,1,418.74,416.32,415.61800000000005,420.447,9.55246692457834e-05,5.209900000000005,0.02318336122961595,-0.00028342691898508576,1.3323118411375339,1.3367080339647288,1.3509537279841424,1.3678075703282668,-1.095870979529723,3.74935247891789,-0.016047453389931788,-0.08691180251992787,1.3759396939134758,1.3482188792624457,1.29158041535717,1.297334472464223,-0.2247197617123916,0.08093238941938698,1.9358028410784691,-0.07144917385238807,1,1,0.5460517125192423,1,correct
2024-10-22,418.49,430.5793,418.04,427.51,24276062.0,2744.199951171875,72.08999633789062,18.2,-0.006806858319103548,0,418.78,418.74,419.212,420.067,0.020846267730073142,12.539299999999969,0.007748467834063577,0.02168365691943719,1.3516793331698949,1.43157495101241,1.3863847535669305,1.4397215700811399,-0.14968898484798082,3.8369128302129574,0.042410804079426725,-0.10439701722807923,1.3762710460372356,1.3681394439528334,1.3201396973224677,1.2943897803685904,0.5342215701964435,2.0920727691801035,0.6075428773408137,0.5665782978719163,0,1,0.5460370851208237,0,false_positive
2024-10-24,425.325,425.9782,422.4,424.73,12832122.0,2734.89990234375,70.19000244140625,19.08,0.008052174322510597,1,427.51,418.78,421.216,419.738,-0.0065027718649856014,3.578200000000038,-0.003388983672328094,-0.026355860632576222,1.4075345264362182,1.394008817766166,1.4223947471660712,1.4168211211334898,-1.0787849100602378,3.7983194086117655,-0.030184242330961064,-0.01388531756235552,1.4485886470478597,1.3684687094849055,1.336064238518477,1.2918402969489504,-0.4660470214321866,-0.36679563165403106,-0.35089788119869675,-0.8287153219829005,1,1,0.5460509457666934,1,correct
2024-10-28,431.655,431.94,426.3,426.59,13235584.0,2742.89990234375,67.37999725341797,19.8,0.012564757729904619,1,424.73,427.51,423.27,419.367,0.004379252701716352,5.639999999999986,0.002925152760854033,-0.040034265425963445,1.459262891231511,1.4426845199216198,1.4546055212570463,1.4321430042423489,-1.0460291545968234,3.8315178765462377,-0.13754903829840817,0.06016970943687331,1.4255596744465386,1.4403309118597334,1.3523860986066023,1.2889653475608458,-0.06804593808263668,0.1989490725496639,0.19246930734241718,-1.226000555277356,1,1,0.5459682062959146,1,correct
2024-10-30,437.435,438.5,432.1,432.53,28858471.0,2788.5,68.61000061035156,20.35,-0.06052759346172509,0,426.59,424.73,426.02799999999996,420.55100000000004,0.013924377036498736,6.399999999999977,0.016624776433615374,0.018254725542767858,1.5064966903652859,1.4962442847811888,1.5025087237513166,1.4810741793319324,0.22234176064316769,4.020749549027466,-0.09055301849710913,0.11673952172795077,1.440967548201379,1.4174469573806934,1.3743022086957208,1.2981403881956597,0.281059120692369,0.4074882010756188,1.3713994869343893,0.4669859972705088,0,1,0.5459267944508214,0,false_positive
2024-10-31,415.36,416.16,406.3,406.35,52514317.0,2738.300048828125,69.26000213623047,23.16,0.009892949427833031,1,432.53,426.59,423.54200000000003,419.58000000000004,-0.06052759346172509,9.860000000000014,-0.018002492799668257,0.009473859788609929,1.3261011685870723,1.3138471587197913,1.2894220643802525,1.2654145557889533,2.142882249849566,3.8124293653660195,-0.0657177329599747,0.40575983543327326,1.4901733385797418,1.4327578046220653,1.3545475133797138,1.2906159249723455,-2.4419603628762534,1.3568900230490664,-1.608473078261863,0.21194834102608806,1,1,0.5461815047204851,1,correct
2024-11-04,409.8,410.415,405.5713,408.46,18822868.0,2736.10009765625,71.47000122070312,21.98,0.007344660431866101,1,406.35,432.53,419.73199999999997,419.47200000000004,0.005192567983265617,4.8437000000000126,-0.0008034003332894057,0.03190873543615713,1.280665195717905,1.2669415414761596,1.2834036051289466,1.2827958317887882,-0.5924159062397331,3.8032999893114074,0.01872200466290159,0.2843918745178709,1.2733033735788104,1.4816537361348345,1.3242718138004739,1.2897790124820077,-0.03829960171138398,-0.01955054329930242,-0.12839379619206953,0.8635626878888794,1,1,0.5460313074773258,1,correct
2024-11-05,408.37,414.9,408.08,411.46,17020289.0,2740.300048828125,71.98999786376953,20.49,0.021192825548048466,1,408.46,406.35,417.078,419.14700000000005,0.007344660431866101,6.819999999999993,0.0015350137136695974,0.007275732953475611,1.2689793249979573,1.3035597648595687,1.304123392042287,1.3075085464804972,-0.73876137849607,3.8207289823496375,0.03859005819007357,0.1311391103111338,1.290782198107151,1.2661494453933702,1.3031821270069566,1.2872605258212693,0.040411406590536346,0.5227335089452312,0.07283997184369818,0.14810439535419756,1,1,0.5461257309690988,1,correct
2024-11-06,412.42,420.45,410.52,420.18,25299404.0,2667.60009765625,71.69000244140625,16.27,0.012494645152077766,1,411.46,408.46,415.796,419.533,0.021192825548048466,9.930000000000007,-0.026529923685898793,-0.00416718198729471,1.3020756721418651,1.3488732854343566,1.3242757737812558,1.3793401705177313,-0.06660720686779553,3.519038107622488,0.0271278205220141,-0.30290563126767805,1.3156336073891524,1.2835182022101952,1.2929948706131025,1.2902517130552538,0.5468966368765437,1.3760975743606658,-2.3423067853986907,-0.18425169444439826,1,1,0.5459642417319301,1,correct
2024-11-07,421.28,426.85,419.88,425.43,18279603.0,2698.39990234375,72.36000061035156,15.2,-0.006793126953905437,0,420.18,411.46,414.37600000000003,420.20200000000006,0.012494645152077766,6.970000000000027,0.01154588527514333,0.009345768532968313,1.3744790389801422,1.4011267145656436,1.4015816315995953,1.4225874212282217,-0.6365218083862347,3.6468513986607354,0.05272713863532878,-0.412959629724865,1.3878683703688366,1.3082131171156341,1.2817110140770085,1.295435920981513,0.22876785490712745,0.5638925474701005,0.9343321478153847,0.20822796828166093,0,1,0.5460961609143934,0,false_positive
2024-11-08,425.32,426.5,421.78,422.54,15896229.0,2687.5,70.37999725341797,14.94,-0.01072087849671044,0,425.43,420.18,417.6139999999999,420.578,-0.006793126953905437,4.720000000000027,-0.004039394729551615,-0.02736323024091214,1.4074936667483862,1.3982691051600262,1.4172740600028906,1.3987808394085424,-0.8300201203012604,3.6016188913547524,-0.022924912592457845,-0.43970172280791975,1.4313583366123388,1.379993003107444,1.3074413855304396,1.2983496163182435,-0.4766665195998123,-0.053493030402799596,-0.40686943507617446,-0.8579740751713543,0,1,0.5460875026480949,0,false_positive
2024-11-11,422.515,424.81,416.0,418.01,19364976.0,2611.199951171875,68.04000091552734,14.97,0.012009282074591399,1,422.54,425.43,419.524,419.628,-0.01072087849671044,8.810000000000002,-0.028390715843023218,-0.03324803110555652,1.3845713818746426,1.3844709340300458,1.3695360409654973,1.3614646402240616,-0.5484039371255148,3.284988300802355,-0.11233159072107066,-0.43661609668295176,1.4074181456706776,1.4232091041919623,1.3226189672092716,1.2909878860791617,-0.6203207963919879,1.0687767533750432,-2.5024384856835535,-1.0288963807849392,1,1,0.5459938448853828,1,correct
2024-11-12,418.25,424.44,417.2,423.03,18217447.0,2600.0,68.12000274658203,14.71,0.005129659834999911,1,418.01,422.54,421.838,419.45799999999997,0.012009282074591399,7.240000000000009,-0.004289197066983941,0.0011758058491799783,1.3497180681539596,1.3814500326583932,1.379447048378105,1.4028172494748543,-0.6415680500064715,3.238510648321461,-0.10927487740789775,-0.4633581897660065,1.3698925176548553,1.3994196694997227,1.3410068855364004,1.2896705238258523,0.21101610021539993,0.6379788168148436,-0.42836634050702455,-0.029066188446689244,1,1,0.5460320931040686,1,correct
2024-11-14,425.0,428.17,420.0,426.89,27218675.0,2568.199951171875,68.69999694824219,14.31,-0.02785260840029047,0,423.03,418.01,423.18,419.488,0.00912464837009197,8.170000000000016,-0.01223078801081734,0.008514300914194584,1.4048786467271392,1.4119039843239714,1.402572732340856,1.43461427571152,0.08921210584076934,3.106546535654566,-0.08711443464795907,-0.5044998714322446,1.4114772091867376,1.3621303479925095,1.3516709246007936,1.289902999517613,0.10551299898454576,0.8931648556689775,-1.1117852037765976,0.18407823650438504,0,1,0.546105717141754,0,false_positive
2024-11-19,413.11,417.94,411.55,417.79,16903922.0,2627.10009765625,69.38999938964844,16.35,-0.005505158093779161,0,426.89,423.03,421.65199999999993,418.014,-0.02131696690013818,6.389999999999986,0.02293440838105254,0.010043704105636042,1.307714309062679,1.32838014369693,1.332782721810411,1.3596523744800033,-0.7482088332650723,3.3509708637042217,-0.060750792454238194,-0.29467729493443023,1.4434526891295794,1.403453172267611,1.3395288592577281,1.2784806938624482,-1.0078640001388601,0.40474426517396395,1.9143790389743025,0.22849930116002756,0,1,0.5460607539073729,0,false_positive
2024-11-20,416.87,417.29,410.58,415.49,17202555.0,2648.199951171875,68.87000274658203,17.16,-0.006305807600664237,0,417.79,426.89,420.242,418.928,-0.005505158093779161,6.710000000000036,0.008031613844653007,-0.007493826886298849,1.3384407943123318,1.323073154800784,1.3247713241518861,1.3407059598830264,-0.7239638002227885,3.4385312149992893,-0.08061884598141017,-0.2113653895602982,1.3680700809741755,1.4352272961126091,1.3283244665000575,1.2855634532714173,-0.42956011963639984,0.4925502140270123,0.631909194627226,-0.2808731144675581,0,1,0.5460538552261525,0,false_positive
2024-11-21,419.5,419.78,410.2887,412.87,18154614.0,2672.10009765625,70.0999984741211,16.87,0.010003148690871155,1,415.49,417.79,419.21400000000006,419.36899999999997,-0.006305807600664237,9.491299999999967,0.009025053593026078,0.01785967298513147,1.3599329901119557,1.3434030045721748,1.3223654271024758,1.3191235223856006,-0.6466692550345355,3.5377122458356287,-0.03362311768433706,-0.24119310876832073,1.3490173338579743,1.360319387566111,1.320155590078153,1.2889808459402963,-0.45884321573403347,1.2557211063549476,0.7174003094884269,0.4555118122398084,1,1,0.5460419407354999,1,correct
2024-11-25,418.38,421.08,414.85,418.79,24447471.0,2616.800048828125,68.94000244140625,14.6,0.02196805081305664,1,412.87,415.49,418.366,420.10200000000003,0.01433865381354904,6.229999999999961,-0.02069535077545548,-0.016547732638583112,1.350780420037591,1.3540169823644677,1.360037992195082,1.3678899460439062,-0.1357728507678731,3.308227633611221,-0.07794429470844037,-0.4746721522242221,1.3273137697516932,1.341386619471941,1.3134170616678649,1.2946610020089777,0.2962109525102375,0.3608412907474397,-1.8402087531127478,-0.5438411369347111,1,1,0.5460412263764187,1,correct
2024-11-26,419.585,429.0414,418.85,427.99,22825574.0,2620.300048828125,68.7699966430664,14.1,-0.011682515946634275,0,418.79,412.87,418.58600000000007,420.883,0.02196805081305664,10.191399999999987,0.0013375114394267307,-0.002465996407301163,1.3606276048050994,1.4190186152841282,1.3930746835704406,1.4436756044318133,-0.2674493445116348,3.3227519633325526,-0.08443988337498927,-0.5260992543070198,1.376353884068176,1.3198197271211909,1.315165264793176,1.3007131191844752,0.5752498622733417,1.447824058829983,0.05584378295524578,-0.13484126097399532,0,1,0.5460677483500675,0,false_positive
2024-11-29,420.09,424.8849,417.8,423.46,15132529.0,2657.0,68.0,13.51,0.017758465970811876,1,427.99,418.79,419.71999999999997,420.686,-0.010584359447650682,7.084900000000005,0.01400601094835996,-0.011196694498370907,1.3647544332761297,1.385082462442848,1.384402552084409,1.4063594052473327,-0.8920224165457881,3.4750497323545764,-0.1138599473776571,-0.5867832347647209,1.45256487253298,1.368551025867924,1.3241764572663661,1.2991865288085813,-0.6153277246441173,0.5954203709801371,1.1460398903799294,-0.3884218122390794,1,1,0.5459781931174057,1,correct
2024-12-03,429.84,432.47,427.74,431.2,17100500.0,2644.699951171875,69.94000244140625,13.3,0.014424860853432309,1,423.46,427.99,422.86199999999997,421.552,0.018277995560383564,4.730000000000018,-0.004629299521311636,0.028529447667738905,1.4444308245485005,1.4470117570215548,1.4664987301521755,1.4701182091519416,-0.7322493106892483,3.4240068852779575,-0.03973625280645692,-0.6083826176394959,1.4150392445171578,1.4442820982446036,1.3491439764469355,1.3058973271107341,0.4402891314661802,-0.05074909450114476,-0.4576340822448822,0.7654122712486157,1,1,0.5459870830029405,1,correct
2024-12-04,433.03,439.67,432.63,437.42,23888329.0,2653.800048828125,68.54000091552734,13.45,0.011887888070961417,1,431.2,423.46,427.77200000000005,423.49300000000005,0.014424860853432309,7.0400000000000205,0.0034408809408483787,-0.020017178681853598,1.4704993053853068,1.5057968647942523,1.5068860853585515,1.5213559042794182,-0.18116775442998875,3.4617705478081553,-0.09322756977007893,-0.5929544870146567,1.4791558804647214,1.4069927767373904,1.3881606916527276,1.3209385043676376,0.2993639039721268,0.5831000987817,0.23685063710626048,-0.6446101740792767,1,1,0.5459074142489413,1,correct
2024-12-06,442.3,446.1,441.7703,443.57,17936304.0,2638.60009765625,67.19999694824219,12.77,0.00552336722501523,1,437.42,431.2,432.72800000000007,425.547,0.014059713776233274,4.3297000000000025,-0.005727617338234348,-0.019550684992500234,1.5462531666258073,1.558295231874592,1.5823774029030995,1.5720169693974213,-0.6643931273576242,3.3986936613600256,-0.14442649750093423,-0.6628953458472614,1.5306811357094043,1.4707056571934234,1.4275429402392656,1.3368553400635048,0.2860089504507176,-0.16058884864449213,-0.5521505486882822,-0.6310610024467235,1,1,0.5460629940757558,1,correct
2024-12-09,442.6,448.33,440.5,446.02,17082222.0,2664.89990234375,68.37000274658203,14.19,-0.006031119680731778,0,443.57,437.42,436.334,427.4599999999999,0.00552336722501523,7.829999999999984,0.009967332568076914,0.017410801361211092,1.5487047478957265,1.5765022860875244,1.5718857756395699,1.5921990197289835,-0.7337332415138619,3.5078328141851323,-0.09972286693240189,-0.5168423759321161,1.581626524737507,1.5219064474307005,1.4561975787386712,1.3516795400080974,-0.026200891974004867,0.7998710350126194,0.7984887501505717,0.4424744683007929,0,1,0.5459632948369435,0,false_positive
2024-12-10,444.39,449.62,441.6,443.33,17619491.0,2697.60009765625,68.58999633789062,14.18,0.0127670132858142,1,446.02,443.57,440.308,430.01399999999995,-0.006031119680731778,8.019999999999982,0.012270703032313035,0.003217691713777171,1.5633325161395768,1.5870346178967996,1.5809708657677937,1.5700399522220845,-0.6901141349261951,3.6435323623767593,-0.09131734257751532,-0.517870917973772,1.601921842317808,1.5725310229868505,1.4877764842840508,1.37147097056664,-0.4487967313646927,0.8520058171441081,0.9967068194883396,0.030239784313330534,1,1,0.5459889552209046,1,correct
2024-12-12,449.11,456.1648,449.11,449.56,19709789.0,2687.5,70.0199966430664,13.92,-0.00509386956134894,0,443.33,446.02,443.98,433.421,0.014052737238625879,7.0548,-0.003744104867517306,0.020848525754852965,1.601904061452971,1.6404702808621818,1.6429972538250297,1.6213600230652,-0.5204097014636524,3.6016188913547524,-0.03667983099750996,-0.5446130110568268,1.579638411994947,1.5926985368262923,1.5169555837210502,1.3978724599609054,0.2857537893353615,0.5871611239161473,-0.381458070618626,0.5423221594869992,0,1,0.5460030847951298,0,false_positive
2024-12-13,448.435,451.43,445.58,447.27,19711728.0,2656.0,71.29000091552734,13.81,0.00965859547924075,1,449.56,443.33,445.95,436.86100000000005,-0.00509386956134894,5.850000000000023,-0.011720930232558158,0.01813773683730524,1.5963880035956528,1.6018125408229915,1.6138423736862753,1.6024959841838622,-0.5202522804181919,3.4708999238627674,0.011844545460375536,-0.5559269735150423,1.6312465052705698,1.5705554297944153,1.5326099480704205,1.4245296726161074,-0.4145175804036397,0.2565717264844779,-1.067909055318258,0.46358809482175234,1,1,0.546125430107237,1,correct
2024-12-16,447.27,452.18,445.28,451.59,21473178.0,2651.39990234375,70.70999908447266,14.69,0.006355322305631184,1,447.27,449.56,447.554,440.14099999999996,0.00965859547924075,6.900000000000034,-0.0017319644790098065,-0.008135808999945704,1.5868676963308002,1.6079359895493144,1.6113646218331232,1.6380822933399228,-0.37724593667074746,3.4518103995457103,-0.010316188803789086,-0.4654152738493185,1.6122765961853087,1.6218385364147105,1.5453559381295017,1.4499470149152527,0.12504167460827498,0.5446849961585011,-0.2083019981416903,-0.29951929563002533,1,1,0.545990163005743,1,correct
2024-12-17,451.01,455.29,449.57,454.46,19693532.0,2644.39990234375,70.08000183105469,15.87,-0.03756106147955818,0,451.59,447.27,449.242,442.788,0.006355322305631184,5.720000000000027,-0.002640114753648559,-0.00890959215917042,1.617430742829125,1.633327890267799,1.6467964733331957,1.6617241237283245,-0.5217295539319611,3.4227617401030472,-0.034387150260517314,-0.34404731293391616,1.6480626255513906,1.6029880847035585,1.5587694239273382,1.4704591201182529,0.0042271796916764515,0.2209005597629338,-0.28645347090842804,-0.32199359929155535,0,1,0.5459860265158201,0,false_positive
2024-12-23,436.74,437.65,432.83,435.25,16519390.0,2612.300048828125,69.23999786376953,16.78,0.009373923032739873,1,454.46,451.59,447.62600000000003,443.967,-0.04226994674998896,4.819999999999993,-0.012138804530727243,-0.011986357667486902,1.50081719375664,1.4893043762246896,1.5085379199273192,1.5034803739857487,-0.7794277241639864,3.28955349539808,-0.06648205704038089,-0.2504499871432243,1.6718371404311718,1.6385487621673906,1.5459280773341493,1.4795954148044395,-1.7742019759930463,-0.026053671386235617,-1.1038695045360611,-0.41135734610469177,1,1,0.5460940347353129,1,correct
2024-12-26,439.08,440.94,436.63,438.11,7968756.0,2638.800048828125,69.62000274658203,14.73,-0.017301590924653665,0,435.25,454.46,445.33600000000007,444.658,0.006570936243538217,4.310000000000002,0.010144317078693899,0.005488227824041347,1.5199395276620087,1.5161659046374918,1.53992277673391,1.5270398286585114,-1.473625632173062,3.3995234204310196,-0.05196281455492259,-0.4613011056826946,1.5127052829954233,1.6621735640935942,1.5277308720752367,1.484950104904656,0.012113081836654781,-0.16599440237075716,0.8137192693145059,0.09618683602698372,0,1,0.5459943593138739,0,false_positive
2024-12-27,434.6,435.22,426.35,430.53,17626515.0,2617.199951171875,70.5999984741211,15.95,-0.013239495505539711,0,438.11,435.25,441.988,443.96899999999994,-0.017301590924653665,8.870000000000005,-0.008185575737669981,0.014076352899701217,1.4833292473645505,1.4694644023514045,1.4550184798992385,1.4645990362041266,-0.6895438794216494,3.309887151753209,-0.01451909673334534,-0.33581897660066856,1.5363969598442646,1.5040437923157661,1.5011263990591486,1.4796109131838897,-0.8610049319109944,1.0852403687849876,-0.7636717850736147,0.3456263961060203,0,1,0.5461029333200561,0,false_positive
2024-12-30,426.06,427.55,421.9,424.83,12601099.0,2606.10009765625,70.98999786376953,17.4,-0.0078384294894428,0,430.53,438.11,436.63599999999997,442.09499999999997,-0.013239495505539711,5.650000000000034,-0.0042411178827413964,0.005524070794298952,1.4135409005475201,1.406841933376878,1.4182651607441514,1.4176448782898798,-1.0975409091243986,3.263824885376232,0.00038201628809012836,-0.1866803805605555,1.4736057323917409,1.5275862778589515,1.4585973848470517,1.4650889316385853,-0.7124371385222885,0.20169300845133434,-0.42422885449517167,0.09722788452758394,0,1,0.5460163124779717,0,false_positive
2024-12-31,426.1,426.73,420.66,421.5,12788944.0,2629.199951171875,71.72000122070312,17.35,-0.006927639383155437,0,424.83,430.53,430.044,439.6429999999999,-0.0078384294894428,6.069999999999993,0.008863762959987476,0.010283186067063577,1.413867778050176,1.4001469627694318,1.4080237864177905,1.3902137649820832,-1.0822903901535288,3.3596848536549175,0.028274015138397453,-0.19182309076883497,1.4263880547559384,1.4651904595312084,1.4062148621104782,1.4460879184320283,-0.5148975986625193,0.3169383163209311,0.7035203373434421,0.23545498410352023,0,1,0.54600603609473,0,false_positive
2025-01-02,425.53,426.07,414.85,418.58,15068088.0,2658.89990234375,73.12999725341797,17.93,0.011395671078407998,1,421.5,424.83,426.7099999999999,437.168,-0.006927639383155437,11.21999999999997,0.011296193413755873,0.01965973241377794,1.4092097736373295,1.3947583278902678,1.360037992195082,1.3661600560154863,-0.8972541698157811,3.482933963234278,0.08214720263799662,-0.1321676523527899,1.3988029904529171,1.4182701212108744,1.3797216383841826,1.4269086738617895,-0.48158620088129883,1.7300653056744517,0.9128447494736728,0.507794007485224,1,1,0.5460038999363312,1,correct
2025-01-03,421.08,424.03,419.54,423.35,15083807.0,2645.0,73.95999908447266,16.13,0.010629502775481248,1,418.58,421.5,423.758,434.547,0.011395671078407998,4.489999999999952,-0.005227689215189235,0.011349676770511463,1.3728446514668629,1.37810254735467,1.3987735128326901,1.4054532723753037,-0.8959779958015507,3.425252030452868,0.1138599473776571,-0.3173052198508614,1.3746142854184356,1.390858765665837,1.3562639309936544,1.4065980475916489,0.1885737835546312,-0.11660355614093887,-0.5091289032794011,0.2664308920639644,1,1,0.5460563354449055,1,correct
2025-01-06,428.0,434.32,425.4774,427.85,18692564.0,2638.39990234375,73.55999755859375,16.04,-0.012808227182423804,0,423.35,418.58,423.22200000000004,432.605,0.010629502775481248,8.842600000000004,-0.002495311023156921,-0.005408349524478107,1.4293944594263301,1.462116263879817,1.4478115256757036,1.442522344412867,-0.6029948602921711,3.3978628891521927,0.09857667231601853,-0.326562098225765,1.414128026176818,1.366822381824543,1.3520046724701713,1.3915491211450204,0.1605518090843649,1.0777219844144466,-0.2739922900707733,-0.2203010395263479,0,1,0.5459822304951463,0,false_positive
2025-01-07,429.0,430.65,420.8,422.37,17384904.0,2656.699951171875,74.25,17.82,0.00518502734569215,1,427.85,423.35,422.73,429.683,-0.012808227182423804,9.849999999999966,0.006936040594857751,0.009380131379920664,1.4375663969927273,1.4321521881123447,1.409180070615928,1.3973804522426787,-0.7091594834519448,3.473804587179666,0.12494031450973941,-0.14348161481100533,1.45140514009982,1.4060872965241915,1.3480950545717498,1.3689059887675494,-0.6966638549055896,1.3541460871473958,0.5376289137239373,0.20922602703736662,1,1,0.5460692563343357,1,correct
2025-01-08,423.46,426.97,421.54,424.56,14067768.0,2664.5,73.31999969482422,17.7,-0.013213680045223275,0,422.37,427.85,423.342,426.6929999999999,0.00518502734569215,5.430000000000007,0.002935991633034929,-0.01252525663536408,1.3922938628748878,1.4021064663618552,1.4152918585203695,1.4154207339676261,-0.9784668671829749,3.506173296043144,0.08940682388072578,-0.15582411931087686,1.4060098991446974,1.44312966888235,1.3529582378112495,1.3457359114887544,-0.03857539431826426,0.1413264186148655,0.1934020536595445,-0.4270095076987637,0,1,0.5459784408550138,0,false_positive
2025-01-14,417.81,419.74,410.72,415.67,15785352.0,2677.5,77.5,18.71,0.025597228570741093,1,424.56,422.37,422.76000000000005,424.73499999999996,-0.02093932541925758,9.019999999999982,0.004878964158378629,0.05701036992053954,1.3461224156247449,1.3430764206401047,1.325927608350024,1.3421887227645288,-0.8390218599905421,3.560120806436662,0.2491164506911856,-0.051941373103625496,1.4241514279205585,1.3980202909884145,1.3483334459070195,1.3305629980065208,-0.9940520740963371,1.1263994073098416,0.3606058399066166,1.5926322587076336,1,1,0.5460676198424783,1,correct
2025-01-16,428.695,429.49,424.39,424.58,14443042.0,2746.39990234375,78.68000030517578,16.6,0.010480945875924519,1,415.67,424.56,423.00600000000003,423.38199999999995,0.021435273173430858,5.100000000000023,0.025732923377684402,0.015225810389364991,1.4350739560349761,1.4226812540822993,1.4388305011253122,1.415585485398904,-0.9479996029157641,3.8460422062675694,0.2942019517956951,-0.2689637438930314,1.3505084184148946,1.416047578869385,1.3502882548562303,1.320078344308123,0.5557639590339464,0.050776533860177844,2.1552070986625305,0.3790120499041813,1,1,0.5459771785419115,1,correct
2025-01-21,430.2,430.8999,425.595,428.5,23647173.0,2755.0,75.88999938964844,15.06,0.04130688448074671,1,424.58,415.67,423.1360000000001,423.179,0.009232653445758299,5.304899999999975,0.003131407647120499,-0.03546010300846181,1.4473727220724035,1.4341925212279556,1.4487828044021394,1.4478767659294038,-0.20074641850376818,3.8817309645518625,0.1876014799086542,-0.4273592183080482,1.4243171039824383,1.3428683143662674,1.3513212839757323,1.3185052587938773,0.10946319564684542,0.10699978048512354,0.21021870804977502,-1.093145356837666,1,1,0.5459171408249462,1,correct
2025-01-23,442.0,446.75,441.5048,446.71,16975809.0,2763.10009765625,74.62000274658203,15.02,-0.005932260303104897,0,428.5,424.58,428.004,425.367,0.042497082847141154,5.245200000000011,0.002940144339836692,-0.01673470356147655,1.5438015853558882,1.563602220770738,1.5801845925130598,1.5978829441080766,-0.7423725636956989,3.9153448185902513,0.13907739495499463,-0.4314733864746721,1.4567896121109203,1.4162122116354212,1.3900042513121456,1.335460485912942,1.3260822960361276,0.09061848315223917,0.19375941759103188,-0.5492716522501309,0,1,0.5460760076687639,0,false_positive
2025-01-24,445.16,446.65,441.4,444.06,14586274.0,2777.300048828125,74.66000366210938,14.85,-0.021393505382155564,0,446.71,428.5,431.904,427.62299999999993,-0.005932260303104897,5.25,0.005139137443453512,0.0005360615660010559,1.5696249080657028,1.5627857609405615,1.5793190311990253,1.576053379463734,-0.9363710669779663,3.974271896546572,0.14060575161158106,-0.44895860118282327,1.6076376664526684,1.4484802337785283,1.4209951248971935,1.3529426579333295,-0.44518103107348433,0.09193557238503161,0.3829952240988424,-0.04764737248317905,0,1,0.545982420351399,0,false_positive
2025-01-27,424.01,435.2,423.5,434.56,32833252.0,2737.5,73.16999816894531,17.9,0.02908689248895424,1,444.06,446.71,435.68199999999996,429.221,-0.021393505382155564,11.699999999999989,-0.014330482169155112,-0.01995721162709041,1.396788428536406,1.469301110385369,1.4314798372942952,1.4977964496066558,0.5450411832817956,3.8091093159452045,0.08367555929458308,-0.1352532784777579,1.5856855882535674,1.5983783672545433,1.4510165403854782,1.3653258631144383,-1.0106633320622653,1.861774228954009,-1.292475773846718,-0.6428684486587004,1,1,0.5461836571594805,1,correct
2025-01-28,434.6,448.38,431.38,447.2,22446799.0,2766.800048828125,73.7699966430664,16.41,-0.0108899821109123,0,434.56,444.06,440.206,431.60600000000005,0.02908689248895424,17.0,0.010703214183789944,0.008200061352136911,1.4833292473645505,1.5769105160026127,1.4965621193037517,1.601919354174389,-0.2982008434772247,3.930698907382577,0.10660032613492795,-0.28850604268449465,1.506989458860563,1.576564525754739,1.4869659537441344,1.3838076806093969,0.8356156316974287,3.316060256832399,0.8618155294909363,0.1749512410975241,0,1,0.5460442031647681,0,false_positive
2025-01-29,446.69,446.88,440.4,442.33,22973096.0,2769.10009765625,72.62000274658203,16.56,-0.06180905658671121,0,447.2,434.56,442.97200000000004,433.054,-0.0108899821109123,6.480000000000018,0.0008313028724642457,-0.015588910787790566,1.58212797254229,1.5646636185499674,1.5710598583551856,1.5618023806581816,-0.2554725175552577,3.940243669541106,0.06266131115102774,-0.2730779120596555,1.6116967299687286,1.4983639618875153,1.5089456348559918,1.395028507331702,-0.6265056217650722,0.4294396882888887,0.012281669789564388,-0.515992439046775,0,1,0.5460105553283987,0,false_positive
2025-01-31,418.98,420.69,414.91,415.06,31979227.0,2812.5,72.52999877929688,16.43,-0.009974461523635125,0,442.33,447.2,436.642,432.323,-0.06165080369859599,5.779999999999973,0.01567292651518204,-0.0012393825926891866,1.3556835825774294,1.35083278902678,1.3605335425657124,1.337163804110548,0.47570569676846214,4.120344952830883,0.05922243579765174,-0.2864489586011828,1.5713546089009465,1.6024118700224317,1.4586450631141057,1.3893638496424716,-2.4830408519308196,0.23736417517286282,1.2894874124067957,-0.09921462447206111,0,1,0.5459029953807752,0,false_positive
2025-02-05,412.35,413.827,410.4,413.29,15340591.0,2871.60009765625,71.02999877929688,15.77,0.006121609523578986,1,415.06,442.33,430.488,431.196,-0.004264443694887432,3.427000000000021,0.021013368055555537,-0.020681097824975625,1.3015036365122175,1.2947991508817767,1.323284673039995,1.3225833024424398,-0.875130545704844,4.365599039951532,0.0019103729446765785,-0.35433273335047566,1.345455298527554,1.5623237914926023,1.4097430538724685,1.3806305128220033,-0.38418201266195906,-0.4082839424870946,1.7490626426966005,-0.663893509793351,1,1,0.5459200793900387,1,correct
2025-02-06,414.0,418.2,414.0,415.82,15771619.0,2856.0,70.61000061035156,15.5,-0.014597662450098636,0,413.29,415.06,426.74000000000007,431.21099999999996,0.006121609523578986,4.199999999999989,-0.005432545314712378,-0.005912968832370691,1.3149873334967723,1.3305029392553887,1.3530176952778181,1.3434243584991141,-0.840136797183584,4.300861622224576,-0.014136934693142242,-0.38210336847518633,1.3307929670511736,1.3378470150021613,1.3799600297194534,1.380746750667883,-0.0043206727671425416,-0.19617769728899156,-0.5267579304680472,-0.2349575585056599,0,1,0.5459605092941965,0,false_positive
2025-02-07,416.48,418.65,408.1,409.75,21605948.0,2867.300048828125,71.0,16.54,0.006028065893837864,1,415.82,413.29,419.25,429.72799999999995,-0.014597662450098636,10.549999999999955,0.003956599729735721,0.0055232882917048975,1.335253738661437,1.3341770084911821,1.304288575499164,1.2934222991062232,-0.3664667761726645,4.347754660809386,0.0007641783282932251,-0.2751349961429674,1.3517509888789945,1.3232770152079525,1.320441659680476,1.36925470230519,-0.7621109755909937,1.5462216002634062,0.28123115871217697,0.09720515697050926,1,1,0.546036430988777,1,correct
2025-02-11,409.64,412.49,409.3,411.44,15230883.0,2912.5,73.31999969482422,16.02,-0.005833171300797191,0,409.75,415.82,413.072,428.02200000000005,0.004124466137888971,3.1899999999999977,0.015763941827555916,0.03267605203977775,1.2793576857072813,1.283883082952319,1.3141995829117716,1.3073437950492193,-0.884037378121231,4.535325802011787,0.08940682388072578,-0.32861918230907683,1.3014683040984116,1.3441030601115391,1.2713489373706228,1.3560345846337447,-0.07736454674820596,-0.47331522335637977,1.297319795333919,0.8858491723499549,0,1,0.5460773605025891,0,false_positive
2025-02-13,407.0,411.0,406.36,410.54,20517341.0,2925.89990234375,31.46999931335449,15.100000381469728,-0.014673601456123397,0,411.44,409.75,412.168,424.40500000000003,-0.0021874392377988494,4.639999999999986,0.004600824839055884,-0.5707856049598974,1.2577837705319934,1.2717178314826911,1.2899176147508828,1.2999299806417068,-0.4548472052781596,4.590932830547293,-1.5095997442924927,-0.42324501090565914,1.3154679313272724,1.2941370156195342,1.2641654118011656,1.328005765397156,-0.30821728578819546,-0.0754445176160695,0.3366703767498641,-16.64151668695545,0,1,0.5460766539250494,0,false_positive
2025-02-18,404.0899662104477,406.6650553734785,402.6043413346739,405.7142639160156,21423100.0,270.70001220703125,27.46999931335449,15.350000381469728,0.012523125260212042,1,410.54,411.44,410.6528527832032,420.57042639160153,-0.011754606333084228,4.060714038804576,-0.9074814514364654,-0.1271051823093805,1.2340031560876663,1.2363247499467545,1.2588989806914903,1.2601776343013764,-0.3813116051155994,-6.427638220992498,-1.6624319119004263,-0.3975314598642603,1.3080125085426721,1.308048484349598,1.2521254795297583,1.2982909269898586,-0.6581285403686261,-0.23439687224108577,-78.15317339247083,-3.7549496578740174,1,1,0.5460758576063431,1,correct
2025-02-19,403.9711199361536,411.50817561028913,403.74331324145845,410.7950744628906,24114200.0,270.8500061035156,28.36000061035156,15.270000457763672,0.005290717961377478,1,405.7142639160156,410.54,409.64786767578124,418.19393383789065,0.012523125260212042,7.764862368830677,0.000554096378723612,0.032399028731114665,1.2330319517541362,1.2758668812074554,1.2683059465339015,1.3020311747838922,-0.16283002933499371,-6.427015775047148,-1.6284267050519428,-0.4057597883503551,1.2680370610393326,1.3006400098779667,1.2441394881402792,1.279875035310273,0.22980949139874493,0.7819976865411818,-0.011573518444510216,0.8778031120474098,1,1,0.546059678949277,1,correct
2025-02-20,412.1348608394034,416.1243081620841,409.4057538443196,412.9684753417969,23508700.0,270.989990234375,29.299999237060547,15.65999984741211,-0.019032524836591014,0,410.7950744628906,405.7142639160156,410.2915627441406,414.77078137207036,0.005290717961377478,6.718554317764529,0.0005168326664386491,0.03314522589840441,1.2997455327237348,1.313555749200556,1.3150730221909073,1.3199347200609322,-0.21198858685242405,-6.426434867712189,-1.592511198134839,-0.36564671150299716,1.3101254951675658,1.2609162958945994,1.2492545323687008,1.253348377393834,-0.03470984712299726,0.49489746398982987,-0.014780271860935989,0.8994761887086361,0,1,0.5460478371388139,0,false_positive
2025-02-21,414.16928284227896,414.8738801834256,404.79109677447474,405.108642578125,27524800.0,270.739990234375,35.790000915527344,18.209999084472656,-0.010313305109005189,0,412.9684753417969,410.7950744628906,409.0252912597656,411.04864562988286,-0.019032524836591014,10.082783408950888,-0.0009225433005247696,0.22150176953785783,1.3163707023149382,1.3033465070495234,1.276959771836012,1.2551887851898758,0.11406538977144376,-6.427472319835141,-1.3445409420600367,-0.10336856935225955,1.3281295200927528,1.3027396905965112,1.2391922607029013,1.224504841344119,-0.9243124137067583,1.4180203624604575,-0.1386467230691183,6.370236450059759,0,1,0.546122225524521,0,false_positive
2025-02-24,405.4063787741937,406.2598304371672,396.2861968407472,400.9306335449219,26443700.0,272.2099914550781,31.299999237060547,18.979999542236328,-0.015099071793035268,0,405.108642578125,412.9684753417969,407.10341796875,409.635708984375,-0.010313305109005189,9.973633596419972,0.005429568123388684,-0.12545408112909062,1.244760797370219,1.233016251119915,1.2067163332637956,1.2207721367842321,0.02629442935510366,-6.421372096286498,-1.516095114330872,-0.024170785061833035,1.2630202131267216,1.32063034051651,1.2239203293674286,1.2135557272081803,-0.6054141355168141,1.3880703535341827,0.4079884284257446,-3.706993911022503,0,1,0.5461627289467845,0,false_positive
2025-02-26,394.9861511086002,400.5336777638087,391.25470780563023,396.6930847167969,19619000.0,269.0299987792969,33.36000061035156,19.100000381469727,-0.018012224014775424,0,400.9306335449219,405.108642578125,405.29918212890624,407.97601745605465,-0.01056928174995686,9.278969958178493,-0.011682130618287934,0.06581474196497372,1.1596073474593465,1.1862645147273736,1.1651603956608803,1.1858650250570193,-0.5277805623694327,-6.434568456896345,-1.4373864955420255,-0.0118281942432783,1.2284104089707117,1.2559310400932238,1.2095831896673743,1.2006944626696707,-0.6147762702727569,1.197459103879513,-1.0645701288402523,1.8483526482208346,0,1,0.5460995909239181,0,false_positive
2025-02-27,398.22134834414993,402.657388820498,389.1905096396701,389.5477600097656,21127400.0,264.92999267578125,31.71999931335449,21.1299991607666,0.011362193286000188,1,396.6930847167969,400.9306335449219,401.0497192382812,405.34879345703126,-0.018012224014775424,13.466879180827902,-0.015239958822878874,-0.04916070944219897,1.186045177283239,1.2036037624142555,1.1481118262242787,1.1270049014355255,-0.40531851751511083,-6.451582697041183,-1.5000477338169966,0.1969657146584316,1.1933073888773118,1.221539180910188,1.1758153519115504,1.1803356054502474,-0.8869957517257137,2.34659455077047,-1.3707413890432225,-1.491075430228549,1,1,0.5461233737659749,1,correct
2025-02-28,389.67678725566606,394.6090291195634,383.6330593862238,393.973876953125,32845700.0,263.2699890136719,29.96999931335449,19.6299991607666,-0.021411127229867488,0,389.5477600097656,396.6930847167969,397.25079956054685,403.77118115234373,0.011362193286000188,10.975969733339582,-0.006265820058134697,-0.05517024079074395,1.1162195575358835,1.1378921384680225,1.102211884010025,1.1634653565066517,0.546051795542699,-6.458471394334639,-1.5669118071454677,0.04268440841003874,1.1341169259615684,1.1866572116707914,1.1456277007596485,1.168110388388178,0.1873493608780614,1.6631049646964067,-0.5984659398541414,-1.665620495962476,0,1,0.5461047613141302,0,false_positive
2025-03-04,380.48712304915495,389.59737098453536,378.1053630399061,385.6575317382813,29342900.0,269.0599975585937,37.52000045776367,23.51000022888184,0.031934381801828726,1,393.973876953125,389.5477600097656,393.36057739257814,401.1929343261719,-0.02110887472834444,11.492007944629279,0.02199266451377091,0.25191862920880803,1.0411221953841217,1.096973962969753,1.056557684457526,1.0949588676492548,0.26167096107192284,-6.434443967707275,-1.2784410470598588,0.44175883043269104,1.1707820071913766,1.1278394831335021,1.1147145255223998,1.1481310645733929,-1.0002532003926534,1.8047025421548897,1.833336647365294,7.253685168897222,1,1,0.5461191074948943,1,correct
2025-03-05,386.3820118850688,398.6183524988304,385.85603973587394,397.9732666015625,23433100.0,269.6199951171875,35.040000915527344,21.93000030517578,-0.010298610789470586,0,385.6575317382813,393.973876953125,392.76910400390625,399.93626098632814,0.031934381801828726,12.76231276295647,0.0020813110966890758,-0.06609806801649876,1.0892948589120601,1.1706266533216068,1.1205718629462447,1.1964106149475882,-0.2181263027043113,-6.4321200850832305,-1.3731969734865244,0.2792491956982032,1.1018910409698786,1.1642736768927628,1.1100144544923356,1.138392864440155,0.9397602074060815,2.153266041860517,0.11985195460015312,-1.9830160149841363,0,1,0.5461696305097803,0,false_positive
2025-03-06,391.2845082082749,399.09471206990673,389.6966579412498,393.8746948242188,23304600.0,268.25,37.13999938964844,24.8700008392334,-0.009020270893254745,0,397.9732666015625,385.6575317382813,392.2054260253907,398.7523040771485,-0.010298610789470586,9.398054128656952,-0.005081207410422395,0.05993146173664954,1.1293577527847911,1.1745159378666454,1.1522921925316412,1.1626483366219267,-0.22855879591816727,-6.437805302454272,-1.2929601437932041,0.5816406108751244,1.2039121635352166,1.095816531091156,1.1055352562936558,1.129218157724284,-0.6048767028857804,1.2301350369490056,-0.49652331464968663,1.6774745090407155,0,1,0.5461442982246374,0,false_positive
2025-03-07,389.33936956128906,391.8005084637196,382.61088158953936,390.3218383789063,22034100.0,268.3900146484375,29.75,23.3700008392334,-0.033434151160752545,0,393.8746948242188,397.9732666015625,392.3602416992188,396.70498046875,-0.009020270893254745,9.189626874180249,0.0005219558189655249,-0.1989768312087845,1.1134622012036373,1.1149616954908526,1.093769540910073,1.133381427397391,-0.33170652065127254,-6.437224268477209,-1.5753175501285237,0.42735930462673155,1.169960401965074,1.1971952059067155,1.1067654801338074,1.1133530586536173,-0.558122474344551,1.172943934304756,-0.01433939558047322,-5.84244050432572,0,1,0.5462190366359425,0,false_positive
2025-03-11,376.1205744700273,383.0673924681545,374.0464567305875,377.5595703125,30380200.0,269.1600036621094,31.82999992370605,26.920000076293945,0.007412217003214927,1,390.3218383789063,393.8746948242188,389.0773803710938,393.1640899658204,-0.0326967820181695,9.020935737566958,0.002868918259423703,0.06991596382205212,1.005439033014851,1.0436593114643573,1.0230344756919125,1.0282513308826555,0.345885943256614,-6.434028961529673,-1.4958448258874404,0.7924916509430644,1.1405292387508548,1.1634572454816032,1.0806786236165855,1.0859140263497278,-1.4240713627975463,1.126656167700297,0.18763001011395827,1.9674714275590082,1,1,0.5461707136173327,1,correct
2025-03-12,380.0405779726452,382.2933209136247,376.0709676751301,380.3581237792969,24253600.0,270.3299865722656,31.09000015258789,24.229999542236328,-0.011741173780395964,0,377.5595703125,390.3218383789063,388.0174987792969,390.68903808593757,0.007412217003214927,6.222353238494634,0.004346793335703092,-0.023248500562107477,1.0374730568983022,1.0373393281648,1.0397552615071346,1.0513046153408037,-0.15151260089910637,-6.429173756513836,-1.5241187681497814,0.515813786807542,1.0348091230558951,1.1342114162855255,1.0722564040200475,1.0667343797524333,0.04288223253100403,0.35874306840485176,0.31480952764747705,-0.7384629651347636,0,1,0.5460940705354822,0,false_positive
2025-03-13,380.24893433302753,382.3925273041687,374.58232470495466,375.8922729492188,20473000.0,275.1300048828125,32.79999923706055,24.65999984741211,0.02584694718085312,1,380.3581237792969,377.5595703125,383.60130004882814,388.1852020263672,-0.011741173780395964,7.810202599214051,0.017756144523255468,0.055001578516567395,1.0391757320669082,1.0381493084925597,1.027460301913689,1.01451684953432,-0.45844710552403967,-6.409254599767889,-1.4587830514778968,0.5600411259873601,1.0579917889228727,1.02915704165209,1.0371636202809689,1.0473316790856517,-0.657637255820488,0.7944387551350174,1.468760116464381,1.5342875047965057,1,1,0.5461644093963627,1,correct
2025-03-17,383.7620820869245,389.7264008785539,382.6406623483486,385.7468872070313,22474300.0,276.7300109863281,30.899999618530277,20.51000022888184,-0.013326499028413874,0,375.8922729492188,380.3581237792969,381.9757385253906,387.09058227539066,0.026216591739154582,7.085738530205276,0.005815454785446317,-0.05792681898551599,1.0678849561732822,1.0980274402233334,1.0940155053444993,1.095694939717709,-0.29596812755602425,-6.402614880852574,-1.531378316516454,0.1331962179359053,1.0209975599993275,1.052193721559047,1.0242462942097972,1.0388492629582196,0.7306367464764855,0.595650458293624,0.4411961604531788,-1.7456844966808833,0,1,0.5460776819801595,0,false_positive
2025-03-18,384.1292790671939,384.4269877309022,378.2046343736099,380.6062316894531,19486900.0,279.9599914550781,36.119998931884766,21.700000762939453,0.011211939345903366,1,385.7468872070313,375.8922729492188,380.0326171875,386.1964294433594,-0.013326499028413874,6.22235335729232,0.011671955843306048,0.16893201869893004,1.0708856669706133,1.0547598606376734,1.0573775835610242,1.053348422006286,-0.5385053277667119,-6.389211080474978,-1.3319323640234808,0.25559277582303447,1.1026312440783756,1.0154324528159928,1.008805517865444,1.0319203030193511,-0.7156192206933857,0.35874310100217544,0.9451812339739226,4.843363540407919,1,1,0.546166296030995,1,correct
2025-03-20,382.8093521082507,388.8134057411041,380.36805030146087,383.9010009765625,18470500.0,280.75,29.71999931335449,19.799999237060547,0.011425977219748473,1,380.6062316894531,385.7468872070313,381.3009033203125,385.18914184570315,0.00865663515934667,8.445355439643208,0.0028218622983084973,-0.17718714860981644,1.060099306269925,1.0905732016745924,1.0752456096422611,1.080489319795399,-0.6210235075531961,-6.385932696306659,-1.5764638176209635,0.06016963096534296,1.060047065996671,1.096552072990195,1.0188837986889467,1.0241146403171213,0.08839580137515057,0.968720623324337,0.18358057824534987,-5.209565599283559,1,1,0.5461472033769463,1,correct
2025-03-24,392.3959479956855,392.3959479956855,386.8484215764684,390.0935668945313,21004500.0,277.25,29.670000076293945,17.479999542236328,0.0052916522525252585,1,383.9010009765625,380.6062316894531,383.2479919433594,385.63274536132815,0.01613063238234913,5.5475264192170926,-0.012466607301869992,-0.0016823431431937097,1.1384403693363203,1.1198232200823441,1.1287681160948022,1.1315010247088535,-0.4152963651103085,-6.400457026027991,-1.57837419056564,-0.1784520913102259,1.0873402860112453,1.054236056135272,1.0343561005801603,1.0275522081225315,0.3617510923389942,0.1735749147231647,-1.1320787888992843,-0.1120802830269613,1,1,0.5460253681472027,1,correct
2025-03-25,390.9272368910712,393.34867131877104,389.6569628025314,392.1578063964844,15775000.0,278.4700012207031,28.270000457763672,17.149999618530273,-0.013133931408371269,0,390.0935668945313,383.9010009765625,386.50109863281256,385.0511993408203,0.0052916522525252585,3.6917085162396575,0.004400365088198743,-0.04718569649242632,1.1264381538863382,1.1276018233080587,1.1519643435199058,1.1485053453312275,-0.8398623048913191,-6.3953942546023,-1.6318654346532058,-0.21239397083771933,1.1386382827223172,1.0813574051946786,1.0602065154959337,1.0230456976755942,-0.03467567619398481,-0.3356496223686564,0.3194196802545395,-1.4337117615579646,0,1,0.546064777502902,0,false_positive
2025-03-27,387.1659858818112,389.2599405856522,384.4567161979595,387.612548828125,13766800.0,281.9700012207031,28.489999771118164,18.690000534057617,-0.03016016958280132,0,392.1578063964844,390.0935668945313,386.8742309570313,384.42498474121095,-0.011590378909259735,4.803224387692694,0.012568678797203914,0.0077820767524634515,1.095701445467118,1.0942189793080683,1.1090146079821561,1.1110634608354955,-1.0029014712108957,-6.380869924880968,-1.6234596916701498,-0.05399840225686629,1.155738036295354,1.1323323679915325,1.0631715659293586,1.0181930419344376,-0.6521220576413349,-0.030656791874463872,1.0223493210933527,0.16281100166879767,0,1,0.5461180871631293,0,false_positive
2025-03-28,385.13158343812927,386.1736243280803,374.0663006272135,375.9220886230469,21632000.0,284.0599975585937,28.700000762939453,21.649999618530277,-0.009002034791566804,0,387.612548828125,392.1578063964844,385.93740234375,382.985009765625,-0.03016016958280132,12.1073237008668,0.007412123023167627,0.007371042243186521,1.0790764357124236,1.0690204468327913,1.0231983698640414,1.0147624582812047,-0.3643516998052919,-6.3721968403301394,-1.6154359649751837,0.25044994790745967,1.1180860175875496,1.1493244409399248,1.0557271717947292,1.0070344026488671,-1.3312968527671531,1.9735412415944464,0.5785985020947406,0.15087262556597147,0,1,0.5461212023831064,0,false_positive
2025-03-31,369.7096714477169,374.2052539943911,364.4499195195616,372.53802490234375,35184700.0,288.1400146484375,30.8799991607666,22.280000686645508,0.018114368371910494,1,375.9220886230469,387.612548828125,383.66480712890626,382.48285522460935,-0.009002034791566804,9.75533447482951,0.014363222998346359,0.07595813030925758,0.9530495337723047,0.9713035107314755,0.9437750161637101,0.986885991205105,0.7359475280501632,-6.35526555076398,-1.5321424948447473,0.3152482063919267,1.0212445471704341,1.1119095246486124,1.0376682715349321,1.0031431118390908,-0.5574555039491632,1.3281704738309499,1.1767800096928565,2.1429643712708257,1,1,0.5461401232572395,1,correct
2025-04-02,375.0983928958324,382.1543604865691,373.7586433966847,379.2367248535156,16092600.0,288.1600036621094,29.979999542236328,21.51000022888184,-0.023630163414979033,0,372.53802490234375,375.9220886230469,381.4934387207031,382.37071533203124,0.017981251586137725,8.395717089884386,6.937257116557127e-05,-0.029145066158995703,0.9970858290090087,1.0362047720980494,1.0206573756204473,1.0420670114379966,-0.8140774033759832,-6.355182600185302,-1.5665297179813211,0.23605042210150057,0.993211629650579,1.0156778846586703,1.020413757728473,1.0022741185357227,0.42943596508125176,0.9551001783241112,-0.053286746424131136,-0.909726973926807,0,1,0.5460808488358735,0,false_positive
2025-04-03,371.9425583652147,374.61212363444304,366.54388609690864,370.2752990722656,30198000.0,286.4200134277344,35.45000076293945,30.020000457763672,-0.035565858615312806,0,379.2367248535156,372.53802490234375,377.1169372558594,381.80901794433595,-0.023630163414979033,8.0682375375344,-0.006038278082531101,0.18245501348313553,0.9712965462549215,0.9746254379036825,0.9610694480552426,0.9682466252503448,0.33109372330669523,-6.362403226435576,-1.3575316821367955,1.1113397230921749,1.0487023410318772,0.9878214961195546,0.9856364234613577,0.9979214189102389,-1.0924672569376166,0.8652418882489317,-0.5788846645891553,5.2361349358180105,0,1,0.5461674768316833,0,false_positive
2025-04-04,361.363555677575,371.7440781664607,356.74888974568233,357.10614013671875,49209900.0,279.7200012207031,44.720001220703125,45.310001373291016,-0.00550246999270354,0,370.2752990722656,379.2367248535156,371.0156555175781,378.9449432373047,-0.035565858615312806,14.99518842077839,-0.02339226273628292,0.26149507075483114,0.8848455967767835,0.9512089987464135,0.8801708801856856,0.8597647360823653,1.8746074799799135,-6.3902069939875386,-1.0033431162151556,2.6839805989499625,0.974467654418503,1.042962771209974,0.9371533334465276,0.9757271606178793,-1.529005475643604,2.765952810003948,-2.0722932963286103,7.531830089391301,0,1,0.5462650506460363,0,false_positive
2025-04-07,348.2142236601539,368.1813588125757,342.17049555544185,355.14117431640625,50425000.0,273.7099914550781,52.810001373291016,46.97999954223633,-0.009221409908478528,0,357.10614013671875,370.2752990722656,366.85947265625,376.3984375,-0.00550246999270354,26.01086325713385,-0.02148580630415131,0.18090339740068306,0.7773900764905933,0.9221208263600237,0.759765402782861,0.8435781895169178,1.9732574605570063,-6.415147383548784,-0.6942400513980249,2.855746931574834,0.8653769348828361,0.9691955555101819,0.9041267340486394,0.9559938045228147,-0.42946180455415645,5.78858337644985,-1.9082319266439818,5.191068704293808,0,1,0.5462458789398289,0,false_positive
2025-04-08,365.46220003690814,370.8112344321485,347.5890190857086,351.86627197265625,35868900.0,275.20001220703125,55.2599983215332,52.33000183105469,0.10133683100557045,1,355.14117431640625,357.10614013671875,362.7251220703125,373.19496459960936,-0.009221409908478528,23.222215346439896,0.005443793790763651,0.04639266965596578,0.9183394625881193,0.9435927043774374,0.8045179251777468,0.8166009470954836,0.7914954802440952,-6.408964082779358,-0.6006304653398559,3.406017159275359,0.8490995449409262,0.860791802413671,0.8712736221601632,0.9311694852376725,-0.5654789681175834,5.023396264526364,0.4092126276441897,1.2842442858132292,1,1,0.5461577669594805,1,correct
2025-04-09,350.854026698487,390.2424886537646,350.4173671278774,387.5232849121094,50199700.0,285.3800048828125,42.900001525878906,33.619998931884766,-0.0234065603574255,0,351.86627197265625,355.14117431640625,364.38243408203124,372.9379364013672,0.10133683100557045,39.8251215258872,0.03699125081478161,-0.2236698728026919,0.7989623821074368,1.10224108959638,0.8278777405205543,1.1103281429392426,1.9549660930777708,-6.366719062726847,-1.0728817408165963,1.4816147011452572,0.8219708987732206,0.8446169145054332,0.8844432496078957,0.9291777249647293,3.4780976096871785,9.57912729828975,3.12404991539714,-6.559642615139686,0,1,0.5460120416489188,0,false_positive
2025-04-10,379.1572950457799,380.983312003396,365.0056257671045,378.4526977539063,38024400.0,292.3500061035156,49.0,40.720001220703125,0.018618130045807035,1,387.5232849121094,351.86627197265625,366.0179138183594,371.5674255371094,-0.0234065603574255,15.977686236291504,0.0244235794430141,0.1421911015653774,1.0302549239664944,1.0266436316410517,0.9483646901125685,1.0356085320969255,0.9664934500687378,-6.337794892473253,-0.8398127435153425,2.211879786135574,1.1173465728838767,0.8176591029379234,0.8974393895462169,0.9185573762569429,-1.0842891593234196,3.0355439129325816,2.0425306400297525,4.066681488488591,1,1,0.5461972271800196,1,correct
2025-04-14,390.2325491274343,391.651677567929,381.29099206627785,384.8636474609375,19251200.0,296.2300109863281,47.7599983215332,30.88999938964844,-0.005363402026704489,0,378.4526977539063,387.5232849121094,371.5694152832031,371.29253540039065,0.016939896967520074,10.360685501651176,0.01327177972227811,-0.02530615670340397,1.1207612088537577,1.1137465510118307,1.082868345202683,1.0884191891011779,-0.5576410371091699,-6.321693615262298,-0.8871907796047317,1.2008227708561008,1.0422076149183532,1.1111747363785682,0.9415537177780584,0.9164272004338823,0.39134927782738405,1.49427491539106,1.0828551364112655,-0.7982269809306664,0,1,0.5460954081710694,0,false_positive
2025-04-15,385.558347033726,388.91267269542334,381.24138963056953,382.7994689941406,17199900.0,297.7799987792969,42.310001373291016,30.1200008392334,-0.03660599735019676,0,384.8636474609375,378.4526977539063,377.10107421875,371.9802734375,-0.005363402026704489,7.67128306485381,0.005232379352138938,-0.11411216791825107,1.0825639211712514,1.0913836764812488,1.0824586701126926,1.071415371260271,-0.7241793509580632,-6.315261462756836,-1.0954244913688511,1.1216251827444994,1.0953146599369397,1.0365089437071706,0.9855103697747597,0.9217566129647818,-0.4243755082691614,0.7563201253577588,0.39101921824479624,-3.3775713866830968,0,1,0.546215163508295,0,false_positive
2025-04-16,377.7779079921512,378.71073856569086,365.2041538267982,368.7867126464844,21967800.0,307.4700012207031,43.560001373291016,32.63999938964844,-0.010306425563596289,0,382.7994689941406,384.8636474609375,380.48516235351565,371.6051422119141,-0.03660599735019676,13.506584738892684,0.0325408102664011,0.029543842104176488,1.0189826590843443,1.0080889824109314,0.9500043676719306,0.9559842880389172,-0.3370892000293165,-6.275049808339838,-1.0476644389913718,1.380817628145892,1.0782154119671186,1.0892815628665655,1.0124016127453195,0.9188496499258139,-1.5670476929516202,2.3574895013973998,2.7410643093474176,0.7948750584975742,0,1,0.5461773320456637,0,false_positive
2025-04-17,370.9104847853966,371.4761615558506,364.10261724728616,364.98583984375,21120200.0,306.1199951171875,41.27000045776367,29.649999618530277,-0.023546688187550124,0,368.7867126464844,382.7994689941406,375.97767333984376,370.1800537109375,-0.010306425563596289,7.373544308564419,-0.004390692094044635,-0.05257118556776419,0.9628625053967198,0.9490215672424117,0.9409065866679289,0.9246743263211004,-0.40590306188195724,-6.280652075132201,-1.135160889927421,1.0732835812322217,0.9621364975789292,1.0722899923375027,0.9765834019225763,0.9078063687563326,-0.6051625218112108,0.6746225190880325,-0.43710056221548393,-1.5901317035043177,0,1,0.546145141443437,0,false_positive
2025-04-21,360.06353397111536,361.7109259917268,352.9678611353571,356.3916320800781,20807300.0,315.5899963378906,41.209999084472656,33.81999969482422,0.021441242735100285,1,364.98583984375,368.7867126464844,371.5654602050781,368.79168701171875,-0.023546688187550124,8.743064856369699,0.03093558529908469,-0.0014538738217951819,0.8742219005566346,0.8692923415392457,0.8489427113655065,0.8538789248328028,-0.4313063858244906,-6.241353383649085,-1.1374534249123007,1.5021856204499064,0.930650815695736,0.956942050472162,0.9415222892328813,0.8970476517957294,-1.0894142192656364,1.0504101790060651,2.6029256126789413,-0.1054444589653484,1,1,0.5461095357482403,1,correct
2025-04-22,360.6192443688487,364.9758758256959,357.12596800122816,364.0331115722656,19485000.0,311.1099853515625,43.150001525878906,30.56999969482422,0.02063680871502771,1,356.3916320800781,364.98583984375,367.39935302734375,369.48438415527346,0.021441242735100285,7.849907824467721,-0.014195668551963636,0.04707601272762996,0.878763131231909,0.8959493454090127,0.8832852346738921,0.9168261590037943,-0.5386595825301853,-6.2599445712835475,-1.0633297303411005,1.1679094569117219,0.8594580908325482,0.9256546403288543,0.9084168274670025,0.9024154933833425,0.5559822908339704,0.8053336144407108,-1.280874298819123,1.3040917838034554,1,1,0.5460386554597111,1,correct
2025-04-23,373.20288850682186,377.50000836988784,370.1859763720142,371.5455932617188,20545500.0,303.6499938964844,43.560001373291016,28.450000762939453,0.034482684980770895,1,364.0331115722656,356.3916320800781,365.14857788085936,371.1248260498047,0.02063680871502771,7.314031997873656,-0.023978630729734163,0.009501734250605187,0.9815958854851833,0.998203856710384,0.991150101150207,0.9787107645431754,-0.4525610684967668,-6.290902107172653,-1.0476644389913718,0.9498586539408024,0.922758602292672,0.854910230527674,0.8905313177149343,0.9151275888574767,0.5265607792843828,0.6582927224985353,-2.122753581978714,0.21275794655421934,1,1,0.5460307549596723,1,correct
2025-04-24,372.8456379358323,385.4987700338485,372.3395029604808,384.35748291015625,22232300.0,308.07000732421875,44.369998931884766,26.46999931335449,0.01174818529744348,1,371.5455932617188,364.0331115722656,368.2627319335937,374.3739471435547,0.034482684980770895,13.159267073367687,0.014556277018207942,0.018594984689105143,0.978676456123497,1.0635105326081684,1.0089364494681572,1.0842496223910065,-0.3156153132194729,-6.272559897916331,-1.0167160183321176,0.746207180597016,0.9849905213553861,0.9178121257980834,0.9152775624771537,0.9403056446535798,1.032962296751251,2.262187760226014,1.193393401107315,0.4768687238292763,1,1,0.5461529190872368,1,correct
2025-04-28,388.9821118643913,389.7561846754867,383.7025530868883,388.1882019042969,16579400.0,309.07000732421875,43.54999923706055,25.149999618530277,0.007362727061966501,1,384.35748291015625,371.5455932617188,372.9032043457031,374.44043884277346,0.009966552401000195,6.053631588598364,0.0032460154387816686,-0.018480949167545724,1.1105427136094739,1.098270612961191,1.1027858444953713,1.1158054442464422,-0.7745557092397568,-6.268410089424522,-1.0480466010315748,0.6104396624870431,1.0911216924651046,0.9796521578146552,0.9521525096306371,0.940820901445987,0.13630494531070442,0.31244692915112837,0.22008135739206228,-0.5999908408891456,1,1,0.5460969160360015,1,correct
2025-04-30,387.3347110069874,393.6464071015826,381.5192464831796,392.2570495605469,36461100.0,303.7699890136719,54.459999084472656,24.700000762939453,0.07625351859990581,1,388.1882019042969,384.35748291015625,380.0762878417969,375.8208740234375,0.010481636578056452,12.127160618403025,-0.017148277687737856,0.2505166484165591,1.0970802566559403,1.1300327163747763,1.0847535378842443,1.1493228679974203,0.839574254417212,-6.290404150416373,-0.6311968697110201,0.5641553883198203,1.122854614321013,1.0851149993633347,1.0091525413851083,0.9515181555644996,0.15514372473341373,1.9789843646150327,-1.5349630316084941,7.212965050247697,1,1,0.5461542757840647,1,correct
2025-05-01,427.8346397458207,433.669971462135,421.6718285206496,422.16802978515625,58938100.0,297.4599914550781,51.959999084472656,24.600000381469727,0.023225259769653617,1,392.2570495605469,388.1882019042969,391.703271484375,379.5513122558594,0.07625351859990581,11.998142941485355,-0.02077228754256477,-0.045905252332491986,1.4280431457532134,1.4568090419834665,1.4163806530581622,1.3957167081441264,2.664408106307025,-6.316589431868319,-0.7267169744659786,0.5538699286674955,1.1565601471248732,1.1166480925589852,1.1015449465755085,0.9804260291862336,2.560696123386788,1.9435827410507507,-1.8468295975119795,-1.3965216385513721,1,1,0.5461894130897517,1,correct
2025-05-05,429.58128511716615,436.1609188409604,428.827049490993,432.8562316894531,20136100.0,306.8800048828125,42.58000183105469,23.63999938964844,-0.006557113299345829,0,422.16802978515625,392.2570495605469,403.96539916992185,384.55698852539064,0.025317411907614495,7.333869349967415,0.031668169496189114,-0.18052342992094117,1.4423166226784847,1.477146626722407,1.4754768597880943,1.483761536220216,-0.48579891068939435,-6.277498180152953,-1.085108302565062,0.4551297906555351,1.404336817654079,1.1501413747704148,1.1989844463156367,1.01921596430251,0.6977499849289986,0.6637359647589237,2.665968630479187,-5.306466906054865,0,1,0.5460706254173088,0,false_positive
2025-05-07,430.54391525930873,434.79139692835327,427.8346454163337,430.0576477050781,23295300.0,310.75,42.65999984741211,23.549999237060547,0.01112266287088337,1,432.8562316894531,422.16802978515625,413.1054321289063,390.68408203125,-0.006465389151155354,6.9567515120195935,0.012610776380381328,0.0018787696786588537,1.4501831760996058,1.4659650304405067,1.4672804230045524,1.460708000371334,-0.22931383239201056,-6.2614384415523885,-1.082051735004002,0.4458728965863251,1.492875777658195,1.3963577452320812,1.2716146016989853,1.0666959743443702,-0.46467977947166844,0.5602572472888817,1.025972056467786,-0.008648811332137525,1,1,0.5461136403873648,1,correct
2025-05-09,436.6570993033328,437.3914674607305,432.5684058555715,435.3967590332031,15324200.0,306.8399963378906,39.81999969482422,21.899999618530277,0.02400112538787713,1,430.0576477050781,432.8562316894531,422.5471435546875,397.7251739501953,0.01241487357942872,4.823061605159012,-0.012582473570746155,-0.06657290583089803,1.5001397344392648,1.4871935618936194,1.506377368673548,1.5046893120244087,-0.8764612771933135,-6.277664207952414,-1.1905625798357196,0.2761634989488585,1.469692858989609,1.4843391574050022,1.3466420081663932,1.1212587314979015,0.22585027535745733,-0.02521358655498256,-1.1420497373309861,-1.996807539267863,1,1,0.5460157175846075,1,correct
2025-05-13,444.3780388716834,447.24609694771215,441.9764112331301,445.7277221679688,23618800.0,299.4599914550781,36.709999084472656,18.21999931335449,0.008460518515972515,1,435.3967590332031,430.0576477050781,433.24127807617185,406.6587829589844,0.0237276987493098,5.269685714582067,-0.02405163919597264,-0.07810147248081967,1.5632347705457499,1.5676526530675388,1.5840797112025777,1.5897913601710842,-0.2030499292427311,-6.308289814884701,-1.3093896134712262,-0.10234000376914487,1.5139210059287438,1.4613022262883806,1.431621641770706,1.190486962639098,0.6396075358523504,0.09733720628418298,-2.1290363738473252,-2.3316513576990183,1,1,0.5460510580031736,1,correct
2025-05-16,449.4391826540583,451.735838870633,446.13838030321216,451.6463623046875,23849800.0,294.239990234375,37.880001068115234,17.239999771118164,0.010126052498360183,1,445.7277221679688,435.3967590332031,439.13694458007814,415.42010803222655,0.013278600011529695,5.597458567420858,-0.017431381051402184,0.03187147951026392,1.604594121549876,1.6043095923467752,1.6184541331231004,1.638546581858293,-0.1842957974730756,-6.329951820277629,-1.2646861286548068,-0.20313707676850967,1.5995006703085204,1.505251859594618,1.4784708354430551,1.2583801328771118,0.2574403580288122,0.18727597613348346,-1.5593256788855492,0.8624806005085409,1,1,0.5460751577776702,1,correct
2025-05-20,452.9587181303489,455.6928353955898,451.69606398891386,455.5238342285156,15441800.0,303.5799865722656,34.619998931884766,18.09000015258789,-0.012222605207279247,0,451.6463623046875,445.7277221679688,443.67046508789065,423.81793212890625,0.008585194628917048,3.9967714066759186,0.03174278360480809,-0.08606130000810674,1.6333555457248423,1.6366168794545215,1.6643560032946987,1.6704875343178516,-0.8669137192014889,-6.291192624161185,-1.389244426876456,-0.11571096399198859,1.648529519785346,1.5902926114293736,1.5144959023540399,1.3234564650823932,0.08578292283111015,-0.25194232063551497,2.6723895969652345,-2.5628422007782268,0,1,0.5458994394049852,0,false_positive
2025-05-21,451.944595050179,455.1360468945702,449.2005259832327,449.9561462402344,19216900.0,305.82000732421875,39.119998931884766,20.8700008392334,0.005060036300466919,1,455.5238342285156,451.6463623046875,447.65016479492186,430.37779846191404,-0.012222605207279247,5.935520911337505,0.007378683875855163,0.12998267298776645,1.6250681952290513,1.6320709250046554,1.6437449235674069,1.624623306068902,-0.5604257415234521,-6.2818969670229015,-1.2173082383175307,0.17022379421274345,1.6806497337048534,1.639012716273435,1.5461200999250801,1.3742901138698023,-0.6752452136305059,0.2800381163806151,0.575720874147568,3.712091280867327,1,1,0.5460242329162045,1,correct
2025-05-22,452.32244757902833,457.5918252828005,451.2784936511554,452.2329406738281,18025600.0,303.1099853515625,41.43999862670898,20.280000686645508,-0.010288911312403837,0,449.9561462402344,455.5238342285156,451.01740112304685,436.7822723388672,0.005060036300466919,6.3133316316451555,-0.008861493387459118,0.0593046972946949,1.6281559825041134,1.6521213690627086,1.6609072177006907,1.6433785631519262,-0.657143478221247,-6.29314303921802,-1.1286655927650984,0.1095397980607362,1.6345281027211,1.6709306626758231,1.5728774320727477,1.423919597033356,-0.04314683882325599,0.383706956328933,-0.8218383256509059,1.6592703206646704,0,1,0.5461303475968123,0,false_positive
2025-05-23,447.3811293692874,451.06969358680703,446.3173019248347,447.5799560546875,16883500.0,309.75,43.130001068115234,22.290000915527344,0.02334617456345489,1,452.2329406738281,449.9561462402344,451.3878479003906,442.31456298828124,-0.010288911312403837,4.752391661972354,0.021906288045034472,0.04078191354757954,1.58777583859841,1.5988707836937217,1.6199318777215808,1.6050492693660157,-0.7498668284122579,-6.265588250044197,-1.0640939086693937,0.3162767719750417,1.6533886194945069,1.625099468978943,1.5758211421359911,1.4667903668914415,-0.6045219525029976,-0.04460496598277811,1.8259034631967068,1.1212815293259994,1,1,0.5459842800439153,1,correct
2025-05-27,453.8435596609756,458.2877438900054,453.4856231037271,458.02923583984375,20974300.0,304.5,41.93999862670898,18.959999084472656,-0.0072282733043803615,0,447.5799560546875,452.2329406738281,452.6644226074219,445.90068359375,0.02334617456345489,4.802120786278294,-0.016949152542372836,-0.027591059864034873,1.6405864154692786,1.657803264941259,1.67913628133821,1.6911259593874848,-0.4177482039823587,-6.287374744626194,-1.1095615718141065,-0.026227916228063107,1.6148442111101333,1.6438412172438681,1.5859652871020107,1.4945798958412035,0.6256536030741662,-0.030959613028672985,-1.517827185471843,-0.8645913193852016,0,1,0.5460330582268349,0,false_positive
2025-06-04,461.3201109572232,463.0003525817652,460.3457601448262,461.19085693359375,14162700.0,310.8999938964844,37.70000076293945,17.610000610351562,0.00821350711493185,1,458.02923583984375,447.5799560546875,453.7978271484375,448.73414611816406,0.006902662202234344,2.6545924369389695,0.021018042352986432,-0.10109675733440138,1.7016843258741787,1.6962798218628772,1.7357953388930745,1.7171700394051956,-0.9707596497061051,-6.260815995607038,-1.2715635878573328,-0.16508093490855613,1.701403987324487,1.6055395308352032,1.5949717478331218,1.5165369345225554,0.02424568548287506,-0.6202276267865816,1.749464892454791,-2.999542624679528,1,1,0.5459049751727799,1,correct
2025-06-05,462.2745597878388,466.937474562979,461.3499383952383,464.9788513183594,20131700.0,309.3299865722656,34.88999938964844,18.479999542236328,0.005773203914539948,1,461.19085693359375,458.02923583984375,456.8023681640625,452.2262664794922,0.00821350711493185,5.587536167740666,-0.00504987891618125,-0.0745358439369942,1.70948402212829,1.7284248413045313,1.7440890206292528,1.748373914233365,-0.4861561322469116,-6.267331225333283,-1.378928238072667,-0.07559788714463066,1.7275942339229504,1.6915542225410558,1.618846965986026,1.5435980377462428,0.07218875822259892,0.18455333326217613,-0.49382732034909177,-2.228088728191233,1,1,0.5460437392177544,1,correct
2025-06-06,467.3749354769993,470.6061647142377,466.0725039656027,467.6632690429688,15285600.0,305.17999267578125,35.720001220703125,16.770000457763672,0.005038569235055856,1,464.9788513183594,461.19085693359375,459.8884338378906,455.4529174804687,0.005773203914539948,4.533660748634986,-0.013416073696802311,0.02378910420104341,1.7511639738252787,1.758378222683195,1.7830935059412587,1.7704869973472448,-0.8795950844933511,-6.28455290524587,-1.3472154933330065,-0.2514784821019622,1.758973233527528,1.7175795438321884,1.643370009876478,1.5686019685302983,-0.01706332088309166,-0.10462332657364824,-1.2137857477349265,0.6277303932439212,1,1,0.545964467169376,1,correct
2025-06-11,467.30536072753216,472.72389606625393,466.9474544926898,469.8903503417969,16399200.0,308.3699951171875,43.2400016784668,17.260000228881836,0.013224209048209312,1,467.6632690429688,464.9788513183594,464.3505126953125,457.8691802978516,0.004762147139298678,5.776441573564114,0.01045285575059074,0.2105263214102333,1.7505954133164354,1.775668648483458,1.7903198735742796,1.788832738924971,-0.7891855557544405,-6.27131500602563,-1.0598910007398374,-0.20107994560227962,1.7812104213802376,1.7487609434968778,1.6788273744397801,1.5873260475285051,-0.054041889476406736,0.2363877657677868,0.8402707688709236,6.0514577959872815,1,1,0.5459354845720453,1,correct
2025-06-12,472.276508194471,477.6453447348738,470.78517145354215,476.1042785644531,18950600.0,312.20001220703125,45.369998931884766,18.020000457763672,-0.008165125471244261,0,469.8903503417969,467.6632690429688,467.96552124023435,460.3149719238281,0.013224209048209312,6.86017328133164,0.0124202002480438,0.04925987906422047,1.791219320049612,1.8158502999254882,1.822016241279694,1.840020417352058,-0.5820457644250073,-6.255421168582423,-0.9785079764301341,-0.12291072689496814,1.79965912433406,1.7708580992568386,1.7075535982409447,1.606278950866868,0.25545105335547247,0.5337567998385598,1.009571901303718,1.3675215375007372,0,1,0.5459405758103814,0,false_positive
2025-06-13,473.6584649544854,476.4124557062983,470.0295518485209,472.2168273925781,16814500.0,316.2900085449219,57.22999954223633,20.81999969482422,0.008800795626047186,1,476.1042785644531,469.8903503417969,470.17071533203125,461.98427124023436,-0.008165125471244261,6.382903857777421,0.013100564311248064,0.26140623516781014,1.80251258441191,1.805784256256518,1.8157754483576298,1.8079972601225593,-0.7554687119278694,-6.238448467047976,-0.5253605761522724,0.16508096629716829,1.8511340821707967,1.789190626977523,1.7250769037100147,1.6192146679780959,-0.5268462350477736,0.40279712923318767,1.0681210809294424,7.5292498859649815,1,1,0.5459624382796613,1,correct
2025-06-18,475.2392860574369,478.2219594008936,471.71972301658775,477.4663391113281,17526500.0,310.260009765625,66.86000061035156,20.13999938964844,-0.005913732900402757,0,472.2168273925781,476.1042785644531,472.668212890625,464.73529052734375,0.011116740052945717,6.5022363843058315,-0.01906477794552419,0.16826841071365362,1.8154309557688726,1.8205581270484454,1.8297348641703683,1.8512404885813096,-0.6976637689841693,-6.263471807187901,-0.15741709182558014,0.09514007607595176,1.8189312021254427,1.8403414365398572,1.7449229629708722,1.640532838372002,0.17837211109622814,0.43554120961086573,-1.6998887293553937,4.824089242181706,0,1,0.5460511800906831,0,false_positive
2025-06-20,479.4448516392065,480.6677282539423,474.1157929854165,474.6427307128906,37576200.0,310.1300048828125,64.66999816894531,20.6200008392334,0.018014294648659224,1,477.4663391113281,472.2168273925781,474.06410522460936,466.97626953125,-0.005913732900402757,6.551935268525824,-0.00041901914110908933,-0.03275504668582341,1.8497985751344816,1.8405268472725531,1.8495244201888583,1.8279808123307433,0.930105563232549,-6.2640113025545725,-0.2410927968722762,0.14451024317134464,1.8624171235432156,1.8083413445770231,1.75601525088391,1.6578986098437958,-0.44450340658349113,0.44917826487922063,-0.09531561837103042,-1.0145777937009477,1,1,0.5459668625358315,1,correct
2025-06-23,475.4480677233997,484.932977511559,469.7810065395394,483.1930847167969,24864000.0,311.0799865722656,53.650001525878906,19.82999992370605,0.008456685924216112,1,474.6427307128906,477.4663391113281,476.7246520996094,470.53758239746094,0.018014294648659224,15.15197097201957,0.0030631724583116693,-0.17040354036005267,1.8171371065081288,1.8753508941178887,1.813722669691226,1.8984149653346254,-0.10195622846535,-6.260069060472618,-0.6621452903702744,0.0632553277146877,1.8390269075559935,1.8515534263069018,1.777156961619864,1.685495898915392,0.43064448787038284,2.808972937114358,0.20434668372863754,-5.012537698238512,1,1,0.5458704881945224,1,correct
2025-06-25,489.1982276680394,491.7036624656625,486.56353883181055,489.4268798828125,17495100.0,307.1199951171875,42.75,16.760000228881836,0.010522686147626192,1,483.1930847167969,474.6427307128906,479.38917236328126,473.67734680175784,0.012901250790187335,5.1401236338519425,-0.012729817493926765,-0.20316870859027136,1.9295025551036973,1.930630816995938,1.9523325046504145,1.9497662991293914,-0.7002130319173605,-6.276502266640391,-1.078613005402739,-0.25250704768507726,1.9098563565083513,1.8283105032650029,1.798330246403519,1.709826528977187,0.24363912113812164,0.06178620180330146,-1.154729516131223,-5.96419234663491,1,1,0.5460080818178696,1,correct
2025-06-30,494.1693427257206,497.86785899517616,492.4691970236715,494.5372009277344,28369000.0,304.8299865722656,38.88999938964844,16.729999542236328,-0.010775874969415344,0,489.4268798828125,483.1930847167969,483.8532470703125,477.01198120117186,0.010441439273105368,5.39866197150468,-0.007456396787347219,-0.09029241193804827,1.970126196990444,1.9809590055125423,2.001108356413632,1.9918629344514547,0.18260321678418479,-6.2860053635464235,-1.2260960704647332,-0.25559274443442237,1.9614958881919564,1.8986939247776178,1.833803470741933,1.7356672436029228,0.15367354142145742,0.1327274644673167,-0.7009218080382655,-2.6857335989765327,0,1,0.5459936638114047,0,false_positive
2025-07-02,487.1600396387865,490.6497772469701,485.8775119148357,488.2536926269531,16319600.0,309.25,40.2400016784668,16.639999389648438,0.01578120315165288,1,494.5372009277344,489.4268798828125,486.0107177734375,479.33946533203124,-0.012705835453821535,4.7722653321343955,0.014499929870536388,0.034713353304338,1.9128466097800647,1.9220262675291484,1.9466664897675927,1.9401020851513908,-0.7956480184767979,-6.267663154290101,-1.1745151264457878,-0.26484963850363197,2.003828781475216,1.950008271831849,1.8509475481327002,1.753703359715692,-0.6929189617875908,-0.039151758277245825,1.1885444100320346,0.9450219867539565,1,1,0.5458970927026993,1,correct
2025-07-08,494.36812324816447,495.3226005030518,491.2561960700141,493.751708984375,11846600.0,304.1600036621094,35.709999084472656,16.809999465942383,0.013873876524359341,1,488.2536926269531,494.5372009277344,489.8325134277344,481.94830932617185,0.011260573018589737,4.06640443303769,-0.016459163582508096,-0.11257461245132683,1.971750619009271,1.9601779923501943,1.991089971877633,1.9853923883551625,-1.1587962063801271,-6.288785664316357,-1.3475976553732096,-0.24736441594832775,1.9517774359720268,1.9920745862797888,1.8813169804378802,1.7739197867901257,0.18363268331758345,-0.23283546453800344,-1.4756608613267517,-3.3329135415902624,1,1,0.5459674936206138,1,correct
2025-07-14,498.6234399223271,501.0593019842245,498.1362796464767,500.1147766113281,12058800.0,308.010009765625,33.529998779296875,17.200000762939453,0.005566410200881222,1,493.751708984375,488.2536926269531,493.21685180664065,484.970751953125,0.012887180968024659,2.9230223377477955,0.012657831592455482,-0.06104733579015087,2.0065248011957766,2.0070158555211015,2.0479137713157,2.037808613298143,-1.1415683849016818,-6.272808876294471,-1.4308911983797026,-0.20725114292214414,1.9973219208845032,1.940351018681318,1.908210211942934,1.7973412681403689,0.2431245289839727,-0.5465721825958162,1.0300214238771712,-1.8363189869927932,1,1,0.5458370390825747,1,correct
2025-07-16,502.2623068754336,503.793421043838,498.99133023831314,502.6997680664063,15154400.0,308.260009765625,33.15999984741211,17.15999984741211,0.01202485408074283,1,500.1147766113281,493.751708984375,495.8714294433594,487.6303009033203,0.005168796396286313,4.80209080552487,0.000811661933293184,-0.011034862670893486,2.036261394748988,2.0293388393520413,2.054975781943905,2.0591026654014275,-0.8902467818447746,-6.2717714241715194,-1.4450281330728447,-0.2113654052546043,2.0500323201799917,1.9856087007130663,1.929304488856074,1.8179506175392859,-0.03916902792088284,-0.030967839555241076,0.010591455773661608,-0.3837214545361901,1,1,0.5458781524852436,1,correct
2025-07-21,503.7834473494323,509.132409924825,502.630143381304,507.1141052246094,14066800.0,313.1300048828125,31.3799991607666,16.649999618530273,-0.009391040502518044,0,502.6997680664063,500.1147766113281,498.3868103027344,491.1200286865234,0.00878125958796927,6.502266543521046,0.0157983357000806,-0.05367915243776522,2.048692059732225,2.0729295389028826,2.085029368638302,2.0954660836493213,-0.9785454559256287,-6.251561877079146,-1.5130384738937557,-0.26382107292051693,2.071445880393533,2.0379871719081204,1.9492926555820074,1.8449931802211497,0.09295383717993887,0.43554948510620495,1.3002795827909286,-1.6223122744904674,0,1,0.5458409471999275,0,false_positive
2025-07-23,503.8232255681408,503.8630030405687,497.80817995491657,502.94830322265625,16396600.0,312.17999267578125,32.38999938964844,15.369999885559082,0.00990375963025647,1,507.1141052246094,502.6997680664063,501.325732421875,493.66822509765626,-0.008214723193526674,6.054823085652117,-0.0030339226270788,0.03218611395454096,2.0490171248520133,2.029906948404382,2.0452039392530947,2.061149991537182,-0.7893966412202461,-6.255504245803206,-1.4744483428276256,-0.39547442678744327,2.1080133802026166,2.059265886579601,1.9726464411898506,1.8647396376684724,-0.5286602308790708,0.3127738683053796,-0.3203428680216457,0.8716190651530078,1,1,0.5459093982613116,1,correct
2025-07-24,505.8315529966592,510.7032466418327,504.370041868975,507.9293823242188,16107000.0,310.2699890136719,32.369998931884766,15.390000343322754,0.005539530264368153,1,502.94830322265625,507.1141052246094,504.16126708984376,496.99689025878905,0.00990375963025647,6.333204772857698,-0.006118276977772341,-0.0006174886736819429,2.065429051210748,2.0857547896949113,2.0993994909787124,2.102181987101765,-0.8129083146422904,-6.263430395219614,-1.4752125211559188,-0.3934172956212132,2.0735046966898443,2.095603113408182,1.9951786710465278,1.890534095534251,0.1340083514527017,0.38916001889411317,-0.5857690224508559,-0.08115189899864621,1,1,0.5459217529212701,1,correct
2025-07-30,512.1945721471376,512.9700963143614,506.4976856980785,510.2757263183594,26380400.0,300.9599914550781,37.75,15.479999542236328,0.03947468753579009,1,507.9293823242188,502.94830322265625,506.19345703125,499.7051544189453,0.004619429542358722,6.4724106162829,-0.03000611689254773,0.16620331311830472,2.117427246442246,2.104262706681592,2.116972069113407,2.1215101636670317,0.02115531012991235,-6.302065102146988,-1.2696532149126563,-0.3841604996414164,2.114766975162829,2.061311738091135,2.0113272201683037,1.9115209483376656,-0.059261668006309665,0.42735721004360333,-2.6414528918395095,4.764109091547427,1,1,0.5459505137460334,1,correct
2025-07-31,552.0231773044421,552.2419382207228,528.8279664536001,530.418701171875,51617300.0,302.9599914550781,36.77999877929688,16.719999313354492,-0.01760072632036802,0,510.2757263183594,507.9293823242188,511.73724365234375,503.80433654785156,0.03947468753579009,23.41397176712269,0.0066454015709211944,-0.02569539657491704,2.442904121144416,2.424901520417397,2.301401717524727,2.2874393605327645,2.0700563839724184,-6.2937654851633695,-1.3067150621982562,-0.2566213100175374,2.1342036268010802,2.102314179607918,2.0553802433367134,1.9432862883733217,1.2155406775298483,5.076012997234847,0.512617780216144,-0.8095323382071474,0,1,0.5458328245488743,0,false_positive
2025-08-01,531.9100652869249,532.7054326872741,517.8517174087783,521.0829467773438,28977600.0,309.1099853515625,39.369998931884766,20.3799991607666,0.021999378500983324,1,530.418701171875,510.2757263183594,514.5310119628906,506.4589111328125,-0.01760072632036802,14.85371527849577,0.020299689958884537,0.07041871230419328,2.278541025471316,2.2653938005166077,2.2107469794865136,2.210535415604792,0.23201345312622954,-6.268244188267166,-1.2077562278420346,0.11982506153423518,2.3010640642150064,2.1216284346993146,2.077580581936219,1.9638570904722743,-0.8719455625659566,2.7271334865809918,1.6876466018784801,1.9820736089560995,1,1,0.5459005167455045,1,correct
2025-08-04,525.2190177406763,535.1413592423181,525.0798117410876,532.5464477539062,25349000.0,310.9100036621094,38.790000915527344,17.520000457763672,-0.014730137540040489,0,521.0829467773438,530.418701171875,520.4506408691407,510.8881866455078,0.021999378500983324,10.061547501230507,0.005823229257701401,-0.014731979479117974,2.223862202669579,2.285282162331141,2.270445059908634,2.304966825272097,-0.0625806704208352,-6.260774456996646,-1.2299168163540863,-0.17433782897776576,2.2237285130767597,2.28743811801597,2.1246201899116017,1.9981803867659944,0.5763956466498823,1.4121933655006338,0.44186519780711303,-0.49110312190594135,0,1,0.5458214467402581,0,false_positive
2025-08-05,534.0774948252555,534.196796907337,524.1949011418618,524.7019653320312,19171600.0,311.1600036621094,35.29999923706055,17.850000381469727,-0.0053244744476292905,0,532.5464477539062,521.0829467773438,523.8051574707031,513.9832122802734,-0.014730137540040489,10.001895765475183,0.0008040912066364925,-0.08997168332289918,2.296253124338118,2.277570190295044,2.263136430318282,2.240347339940123,-0.5641034998315274,-6.259737004873694,-1.3632629467229382,-0.14039594945027237,2.3186898979344854,2.2105895645656277,2.151276446305952,2.022164327614613,-0.7669561428657508,1.3958253115671129,0.009939951882006451,-2.6764181309363333,0,1,0.5459993079878774,0,false_positive
2025-08-06,527.8338028961505,528.6291703469228,521.0034855448089,521.908203125,21355700.0,310.5,36.66999816894531,16.770000457763672,-0.007810365732719093,0,524.7019653320312,532.5464477539062,526.1316528320312,516.1625549316407,-0.0053244744476292905,7.625684802113938,-0.00212110700071233,0.03881016888086619,2.245230063709655,2.232112755935033,2.2367779772856964,2.2173335238271754,-0.38678358988302275,-6.26247589367534,-1.3109179701278126,-0.2514784821019622,2.253707750177325,2.3049529582771706,2.16976365749547,2.0390524672966035,-0.4229517641350494,0.7438082543392448,-0.2417899153251232,1.0640127869730158,0,1,0.545907050326957,0,false_positive
2025-08-11,519.2833770884752,524.542862850504,516.7182612189127,518.7564697265625,20194400.0,308.54998779296875,31.399999618530277,16.25,0.014316698328075361,1,521.908203125,524.7019653320312,523.7992065429687,517.7682250976562,-0.006038865416496675,7.824601631591236,-0.0062802325508253265,-0.14371417544487453,2.175356517843223,2.198749696689288,2.201385568903494,2.1913708944072035,-0.48106572505229084,-6.27056807089121,-1.5122742955654624,-0.3049627153509899,2.230564774162818,2.2403800163153655,2.151229157985662,2.0514951100493914,-0.449080025268954,0.7983897573239056,-0.5997062164487398,-4.23735296529849,1,1,0.5460423187266404,1,correct
2025-08-12,520.7250669698358,527.9132904806338,519.6811434112465,526.183349609375,18667000.0,308.2699890136719,30.309999465942383,14.729999542236328,-0.016362973710205786,0,518.7564697265625,521.908203125,524.819287109375,519.6751495361328,0.014316698328075361,8.232147069387338,-0.0009074665058316222,-0.03471338107738853,2.187137917543808,2.226267884394463,2.225856525045913,2.2525503489383825,-0.6050703175413463,-6.271730012203232,-1.553921067068709,-0.46130115276561284,2.204456435285377,2.217382776325809,2.159335103595934,2.066272229315052,0.295407948717108,0.9102176131564437,-0.1373492795261541,-1.071457038567106,0,1,0.5458880832095896,0,false_positive
2025-08-15,519.7507304052322,523.0614541020369,516.0820397908819,517.1657104492188,25213300.0,307.42999267578125,37.220001220703125,15.09000015258789,-0.005901990536563151,0,526.183349609375,518.7564697265625,521.7431396484375,521.096890258789,-0.017137826894086827,6.979414311154983,-0.002724872247792387,0.22797762707073344,2.1791756999692096,2.186654589337336,2.196130906162433,2.1782669010191418,-0.0735977080015376,-6.275215836139299,-1.2899034304800314,-0.42427357648877434,2.265979245837389,2.1914388469661277,2.1348908735726315,2.07728956791517,-0.8550153974103345,0.5664757741068461,-0.2937473331472444,6.558325822292253,0,1,0.5459334133672847,0,false_positive
2025-08-18,518.5775217659684,519.8003983365775,511.0512359172718,514.1134033203125,23760600.0,306.95001220703125,32.150001525878906,14.989999771118164,-0.014175078123200624,0,517.1657104492188,526.183349609375,519.6254272460938,521.7152923583984,-0.005901990536563151,8.749162419305662,-0.0015612675411803556,-0.1362170749205699,2.1695883122167885,2.16002937897271,2.1545806274268284,2.153123302609765,-0.1915376526845616,-6.277207663164421,-1.4836181912629183,-0.434559036141099,2.191278898661907,2.252574235872452,2.118062730662241,2.0820816831115976,-0.4440739393000273,1.0520833111913257,-0.19361256021419487,-4.019601891557033,0,1,0.5460019566886025,0,false_positive
2025-08-19,512.0256106523992,512.1846598699071,505.6128505766311,506.8258056640625,21481000.0,305.2699890136719,33.040000915527344,15.56999969482422,-0.007944703615221593,0,514.1134033203125,517.1657104492188,516.6089477539062,521.3703002929688,-0.014175078123200624,6.571809293276033,-0.005473279447945512,0.027682716871165303,2.1160465036561185,2.097849933621058,2.109664062907073,2.0930911953874745,-0.37661089416554294,-6.2841794376786595,-1.449613057290491,-0.3749036055722066,2.165994187423634,2.1783442919697804,2.0940926448637094,2.079408274142843,-0.7466553019816368,0.454631569881473,-0.5302633332553912,0.740819224973441,0,1,0.5459088979581175,0,false_positive
2025-08-21,501.6041452591809,505.5278315490841,500.6381609615915,502.15185546875,18443300.0,307.2900085449219,31.540000915527344,16.600000381469727,0.005929802111420912,1,506.8258056640625,514.1134033203125,513.2880249023438,518.5436157226562,-0.009222005160507751,4.889670587492617,0.006617157283546504,-0.0453995144804934,2.0308829391123715,2.0434996044177347,2.0685772415320063,2.0545891961674694,-0.6232317862723936,-6.275796743474258,-1.5069251201434664,-0.26896370465726643,2.1056251634109597,2.153218803698579,2.067703337099999,2.0575037591137737,-0.5655007389701526,-0.006936508755178737,0.5101871993781245,-1.3818326317883738,1,1,0.5458530389750068,1,correct
2025-08-22,502.1618461633245,508.6150227226763,500.32946944945456,505.1295166015625,24324200.0,310.5799865722656,30.350000381469727,14.220000267028809,-0.005855335195253941,0,502.15185546875,506.8258056640625,509.07725830078124,516.9482727050781,0.005929802111420912,8.285553273221751,0.01070642694476942,-0.037729882673268156,2.035440436081757,2.0687052802308648,2.0660277049778415,2.079117892842065,-0.1457808186353069,-6.262143964718522,-1.5523927104121225,-0.5137567223421127,2.0669070803218257,2.0932299357031883,2.0342429946781615,2.0451411433935496,-0.011335870845906246,0.9248719331636913,0.8620920057627665,-1.1590704378160814,0,1,0.5458390480690437,0,false_positive
2025-08-26,502.2713680297872,502.8888260614156,496.4456179190968,499.96099853515625,30835700.0,312.0799865722656,33.72999954223633,14.619999885559082,0.009361814233312282,1,505.1295166015625,502.15185546875,505.6363159179688,513.6897277832031,-0.010232065037852678,6.443208142318838,0.004829673722878347,0.11136735150851163,2.036335441936645,2.021953184694772,2.033950303888805,2.036541855390718,0.38286649313141086,-6.255919251980808,-1.4232495608488833,-0.4726150799116397,2.091573438826703,2.0547556682546877,2.0068999663706806,2.0198900605653662,-0.6024428468442052,0.41934423837088286,0.35636411886634795,3.171414758389179,1,1,0.5459192824723978,1,correct
2025-08-27,499.92117896114246,505.1892811692936,497.82986914621193,504.64154052734375,17277900.0,312.7099914550781,31.940000534057617,14.850000381469728,0.005722875063482347,1,499.96099853515625,505.1295166015625,503.741943359375,511.6836853027344,0.009361814233312282,7.359412023081688,0.0020187288833615202,-0.0530684563436562,2.0171298435984513,2.0407354765618355,2.0453830740328462,2.0750981550092154,-0.7178467869838937,-6.253304852368232,-1.4916419179578841,-0.4489585619470579,2.0487584528768097,2.079266697685367,1.991846566245972,2.0043448567871036,0.11418714504226075,0.670744710537179,0.11446640082437945,-1.6045747865388453,1,1,0.5459316989779159,1,correct
2025-08-28,504.99008260275673,508.9735181763212,503.406670609209,507.529541015625,18015600.0,315.0299987792969,33.97999954223633,14.43000030517578,-0.005788441732677008,0,504.64154052734375,499.96099853515625,503.8826904296875,510.2458190917969,0.005722875063482347,5.566847567112177,0.007419038046796889,0.06386972367152777,2.0585526076878056,2.0716322516028836,2.091442841231517,2.098888265708019,-0.6579553453974225,-6.24367726627313,-1.4136975503733873,-0.49215733554376134,2.0875311411132915,2.0367213264063246,1.9929649956468747,1.9932025587188797,-0.01890405714699944,0.17887651386021997,0.5791935790285206,1.7918601654974666,0,1,0.5459051417209657,0,false_positive
2025-09-03,501.70375627159575,505.68719181229375,500.2398424947412,503.2572937011719,16345100.0,328.1400146484375,35.220001220703125,16.350000381469727,0.005184547565648234,1,507.529541015625,504.64154052734375,504.10377807617186,508.69590148925784,-0.008417731322405086,5.4473493175525505,0.041615134812368115,0.03649210403683223,2.0316969540867515,2.0448007169521043,2.0652874604673968,2.0636953227165193,-0.7935777571775503,-6.189273211091619,-1.3663195142839981,-0.2946772556986652,2.1114547684935907,2.0752498551424594,1.9947218416221086,1.9811919531581461,-0.5360850859441482,0.1460869601450333,3.5219613122281115,0.9966852772038262,1,1,0.5459074488646515,1,correct
2025-09-04,502.2116394820944,506.0457023892234,501.0664078062513,505.866455078125,15509500.0,326.69000244140625,35.029998779296875,15.300000190734863,-0.025533004123011738,0,503.2572937011719,507.529541015625,504.25116577148435,506.6642120361328,0.005184547565648234,4.979294582972102,-0.004418882618094533,-0.00539473125556178,2.035847343973968,2.0477278117996685,2.0721142062418805,2.0851884762809423,-0.8614173784187803,-6.195290484061584,-1.3735791355267273,-0.4026741896904228,2.0760643129717886,2.09902283057745,1.9958930399383705,1.9654480061228892,-0.03859294187810275,0.017655741129434632,-0.43952651641501556,-0.21990550092186786,0,1,0.5458842585544166,0,false_positive
2025-09-05,506.9619070760115,509.8498918622262,490.3310509759443,492.9501647949219,31994800.0,331.04998779296875,33.33000183105469,15.18000030517578,0.00646462317721852,1,505.866455078125,503.2572937011719,502.8489990234375,504.24265747070314,-0.025533004123011738,19.51884088628185,0.01334594055214322,-0.048529746145663744,2.0746662341751376,2.0787874907105337,1.9834490386400805,1.978789610732912,0.47697001752192036,-6.177197379825507,-1.4385326901584088,-0.4150166824195649,2.0976780920589393,2.06385523594898,1.984750893160453,1.9466829203650886,-1.1620620881748125,4.007214050675514,1.0892370956942348,-1.4727492873595047,1,1,0.5458593055218878,1,correct
2025-09-11,500.1701275152439,501.08633106619584,495.8182290284252,498.9352722167969,18881600.0,334.760009765625,33.959999084472656,14.710000038146973,0.01774414523211698,1,492.9501647949219,505.866455078125,501.70774536132814,502.72484436035154,0.012141404647597387,5.268102037770632,0.011206833135352312,0.01890180674490627,2.0191642356398134,2.007236537117863,2.0287685906004436,2.028092361438254,-0.5876476479406187,-6.16180149913858,-1.4144617287016805,-0.46335818584243005,1.9906820866479333,2.0853329086751184,1.9756820603474006,1.9349210986053516,0.2158483744736495,0.09690265551823098,0.9051547915899272,0.4857802799544295,1,1,0.5459004248484802,1,correct
2025-09-12,504.55191069082485,510.42747218178897,501.7635178992086,507.7884521484375,23624900.0,335.4200134277344,31.770000457763672,14.760000228881836,0.010707959006712509,1,498.9352722167969,492.9501647949219,501.7595275878906,502.82110900878905,0.01774414523211698,8.663954282580391,0.0019715725978484144,-0.06448759380886748,2.0549718941801496,2.0835032020067685,2.0778717589908,2.1010210646932532,-0.20255469026526401,-6.159062610336933,-1.4981372879962638,-0.45821545601626773,2.0402615380271865,1.9790106788625683,1.9760935414851826,1.935667071629938,0.4207639955234842,1.0287027446439458,0.11040833547332952,-1.9362402665720984,1,1,0.5459300703531538,1,correct
2025-09-15,506.68306017742736,513.3353599697668,504.9004642300766,513.225830078125,17143800.0,338.9100036621094,30.979999542236328,15.6899995803833,-0.012263262823754228,0,507.7884521484375,498.9352722167969,503.75323486328125,503.9285064697266,0.010707959006712509,8.434895739690262,0.01040483601055886,-0.024866254458434822,2.072387514729324,2.1072449377022116,2.1037803409392875,2.1458118545090406,-0.7287339258164081,-6.144579819225993,-1.5283216760793377,-0.3625611128430649,2.113599537336654,2.02827791835694,1.9919362928024191,1.944248504656113,0.16342128110532617,0.9658505487021917,0.8361383983699511,-0.7854501499581092,0,1,0.5458513528535871,0,false_positive
2025-09-18,509.3718409712672,510.9453149965379,505.55771489166153,506.3444519042969,18913700.0,335.6199951171875,31.8799991607666,15.699999809265137,0.018644946824940778,1,513.225830078125,507.7884521484375,503.8488342285156,504.05,-0.013408090104858217,5.3876001048763555,-0.009707617094129817,0.029050988761418983,2.094360063506311,2.0877311805726477,2.109208687755046,2.0891260093438513,-0.5850415543050952,-6.158232724623834,-1.4939344529427638,-0.3615325472599499,2.158641705453849,2.1011540933750754,1.9926959614800572,1.9451899810726043,-0.718603347095367,0.12969215916923624,-0.8946520610709277,0.7805602785056831,1,1,0.5460094844892737,1,correct
2025-09-19,508.4457417060914,517.1495391803752,508.1967769692645,515.7852172851562,52474100.0,339.17999267578125,30.530000686645508,15.449999809265137,-0.006719029657569653,0,506.3444519042969,513.225830078125,508.4158447265625,505.632421875,0.018644946824940778,8.952762211110723,0.010607227252210416,-0.04234625187137653,2.0867920381310077,2.1383861788077665,2.131005157599591,2.166894989786698,2.1396171636271406,-6.143459416524363,-1.5455152512095964,-0.38724609830134865,2.1016377236465043,2.145912621802524,2.02898715250738,1.957452468407522,0.4537100716538314,1.1079497890217123,0.8535553105835708,-1.2931515197511965,0,1,0.5457729789145983,0,false_positive
2025-09-22,513.4549348866175,515.5959951267806,510.41751650985566,512.3196411132812,20009300.0,345.04998779296875,30.8799991607666,16.100000381469727,-0.010146780170470104,0,515.7852172851562,506.3444519042969,511.09271850585935,506.4002319335938,-0.006719029657569653,5.178478616924963,0.01730643093326134,0.011464083401550251,2.1277268520602886,2.125702115666073,2.149346629306483,2.138347058060721,-0.49609338648330054,-6.1191000609401796,-1.5321424948447473,-0.32039080674006404,2.1798431651181995,2.08926760565758,2.050258602993872,1.963402374224597,-0.4739564720315359,0.07231056330945343,1.4300597159219288,0.26975379892256623,0,1,0.545914987521412,0,false_positive
2025-09-24,508.266442508536,510.35772177145367,504.82077941210207,508.0373840332031,13533700.0,343.32000732421875,34.08000183105469,16.18000030517578,-0.006115801241625585,0,512.3196411132812,515.7852172851562,511.1425048828125,506.4510162353516,-0.008358565115271999,5.536942359351599,-0.005013709694109636,0.10362703229453851,2.08532681628288,2.0829337179249974,2.103122210254606,2.103071658908547,-1.021826095087548,-6.126279148580062,-1.4098766587319214,-0.3121624782539695,2.151135014503127,2.1669805715650927,2.0506542243565415,1.9637959114139876,-0.5339211306624528,0.17067071653814284,-0.4907147540121513,2.946599469534479,0,1,0.5459376449759484,0,false_positive
2025-09-25,506.1950582100621,507.89799878212006,502.94857891661616,504.9303283691406,15786500.0,344.75,36.84999847412109,16.739999771118164,0.008737088754400935,1,508.0373840332031,512.3196411132812,509.4834045410156,506.6183197021484,-0.006115801241625585,4.949419865503899,0.004165188877066628,0.0812792398544504,2.0683995931197363,2.0628510677834755,2.0876593827640657,2.0774770655228023,-0.8389286576387172,-6.120344952830881,-1.3040405109252868,-0.25456417885130733,2.1156616400538706,2.1384532020108358,2.0374703861623016,1.965092377719905,-0.4518938896893114,0.009458310148147332,0.2991814357999121,2.29751442875043,1,1,0.5459257832744425,1,correct
2025-09-26,507.9477531769938,511.8116903059077,504.52199636524745,509.3419494628906,16213100.0,346.739990234375,35.849998474121094,15.289999961853027,0.00613926193567127,1,504.9303283691406,508.0373840332031,510.08290405273436,506.965869140625,0.008737088754400935,7.289693940660243,0.00577227044053652,-0.02713704318610133,2.0827225069624404,2.0948047869522184,2.100654509427825,2.1138181099953917,-0.8042944039030677,-6.112086874457654,-1.34224855282727,-0.4037027552735378,2.0899234027306783,2.1032032106122545,2.042234235798705,1.9677856042575985,0.09133832533240605,0.6516145156020879,0.43747990307880325,-0.8514045388697132,1,1,0.5458507370915748,1,correct
2025-09-29,509.3817950243417,514.7096154882738,506.77264973451184,512.4689331054688,17617800.0,352.4599914550781,35.540000915527344,16.1200008392334,0.006510017339799168,1,509.3419494628906,504.9303283691406,509.4196472167969,508.91774597167966,0.00613926193567127,7.936965753761967,0.016496514338703028,-0.008647073132165617,2.0944414074065683,2.118465181974803,2.11924304461615,2.139576861530283,-0.6902514216656863,-6.088349964818822,-1.3540929525355325,-0.31833367557383396,2.126468403196642,2.0776270522020925,2.036963746373844,1.9829110681419548,-0.003675050337842057,0.8292217522121538,1.3603618074913761,-0.3143688115722843,1,1,0.5458330461649278,1,correct
2025-10-01,512.6680995330014,518.3544751787417,509.5709932440202,517.5578002929688,22632300.0,356.0299987792969,36.38999938964844,16.290000915527344,-0.007638979219349085,0,512.4689331054688,509.3419494628906,510.4672790527344,510.7799987792969,0.009930098897239281,8.783481934721522,0.010128829968702346,0.023916670011950636,2.121296882675504,2.1482239972137633,2.1423550473376163,2.181496769166512,-0.2831406261724504,-6.073535118108959,-1.3216161752196918,-0.30084845301852975,2.1523717199699197,2.1139419213704915,2.045288624781847,1.9973420184647452,0.13497168844294055,1.0615003662390314,0.8123865158170501,0.6314355046009981,0,1,0.5458886624567696,0,false_positive
2025-10-03,514.9585548343116,518.3345307125708,512.8672756929882,515.20751953125,15112300.0,357.6400146484375,36.5,16.649999618530273,0.02168765904212222,1,517.5578002929688,512.4689331054688,511.90130615234375,511.52190551757815,-0.004541098135103616,5.467255019582581,0.004522135423028484,0.003022825287071873,2.140014340396434,2.1480611586591345,2.169579613825758,2.1621361631965894,-0.8936647426564737,-6.066853860583252,-1.3174132672901355,-0.26382107292051693,2.1945268937226894,2.1396821196918805,2.056683945951469,2.003091194538202,-0.3943004208905554,0.15154895718982261,0.32989870698833473,0.02457994641817638,1,1,0.5458986444113249,1,correct
2025-10-06,516.4623876768178,528.8309994124726,516.0541122577388,526.3811645507812,21388600.0,364.3800048828125,32.439998626708984,16.3700008392334,-0.008683906700529431,0,515.20751953125,517.5578002929688,516.1914733886719,512.8374389648437,0.02168765904212222,12.7768871547338,0.01884573861512795,-0.11123291433674021,2.1523035684956917,2.233760609180867,2.195900247839101,2.2541798636746258,-0.3841125468734051,-6.038884191873932,-1.472537969882949,-0.2926201245324352,2.175057630676994,2.181571833745345,2.0907752358180742,2.013285512811106,0.5649947642527333,2.157265161544781,1.5625258569764822,-3.2939443155353376,0,1,0.5458591671249198,0,false_positive
2025-10-09,520.1769452354545,522.158694647609,515.2574000210162,520.2366943359375,18343600.0,365.4299926757813,32.47999954223633,16.43000030517578,-0.02189895346520776,0,526.3811645507812,515.20751953125,518.3704223632812,514.2266632080078,-0.011673043468581334,6.901294626592744,0.0028815735740124193,0.0012330738970627309,2.182658700951659,2.1792839210288126,2.1893200637692076,2.2035643505575804,-0.631326102018864,-6.034526943614375,-1.4710096132263626,-0.28644892721257065,2.2676179058610497,2.1622251726071666,2.108089987669456,2.0240508750424393,-0.6551454457951609,0.5450402333971988,0.18871907158434983,-0.027402854884984985,0,1,0.5458969794466993,0,false_positive
2025-10-10,517.4881335274953,521.4118200258811,507.5195762105422,508.8440551757813,24133800.0,369.1199951171875,37.72999954223633,21.65999984741211,0.006047450965292578,1,520.2366943359375,526.3811645507812,517.6454467773438,513.5325469970704,-0.02189895346520776,13.892243815338873,0.01009770001194199,0.16163793331256082,2.160685899546419,2.173185989760623,2.1254120394833245,2.10971667017407,-0.1612387696696896,-6.0192141401482315,-1.2704173932409495,0.2514785134905743,2.2167183244843334,2.2542025769208025,2.1023290577371396,2.0186720368324447,-1.0291496792854913,2.46331187996347,0.809707606790728,4.6315089814761405,1,1,0.5459100532466172,1,correct
2025-10-17,506.9320087638593,513.3453119402852,505.20916197429216,511.4532165527344,19867800.0,388.989990234375,37.2400016784668,20.780000686645508,0.0062500824169315905,1,508.8440551757813,520.2366943359375,516.4245300292969,513.4459045410156,0.005127624761287031,8.13614996599307,0.05383072003693323,-0.01298695652569537,2.0744219070348886,2.107326191543805,2.1063299289652675,2.1312098237384927,-0.5075813070261848,-5.936757465678722,-1.2891392521517382,0.16096690014353382,2.1223439449606007,2.2036235205559453,2.0926271919431425,2.018000628002205,-0.04067484655164823,0.8838766233105795,4.573181581238233,-0.44041944485247103,1,1,0.5458371201535304,1,correct
2025-10-21,515.3569857054445,516.5420602391357,510.9154330870712,515.5162963867188,15586200.0,377.239990234375,35.869998931884766,17.8700008392334,0.0055634361363350315,1,511.4532165527344,508.8440551757813,516.4862854003907,514.1937957763672,0.007944186687044663,5.626627152064486,-0.030206432800289673,-0.03678847166578414,2.1432702925998566,2.133426357275765,2.153459008379519,2.16467973464079,-0.8551903571775137,-5.985517715457479,-1.3414843744989768,-0.1383388182840423,2.143957724047751,2.1098434356864684,2.0931179234556465,2.023796179078871,0.06233858545279499,0.19527964879390164,-2.658691209820381,-1.13172743273737,1,1,0.5459149370303127,1,correct
2025-10-23,520.2964530626382,521.7802730707533,516.4623598997719,518.404296875,14023500.0,378.7900085449219,40.459999084472656,17.299999237060547,0.00585904386582925,1,515.5162963867188,511.4532165527344,514.8909118652343,515.5411926269531,0.005602151684676926,5.3179131709814556,0.004108838804666171,0.12796209337234887,2.1836353114541,2.176194260865066,2.1992720356777427,2.1884698453395934,-0.9820608407984689,-5.979085436309911,-1.1661094563387882,-0.19696587944864516,2.1776154773476817,2.1313211084126067,2.080440482545656,2.0342374129093996,-0.02331941526861206,0.1105705111901725,0.2943321930351507,3.653404141831255,1,1,0.5459135990506068,1,correct
2025-10-24,520.6250388201142,523.1744351060786,518.5536961256696,521.441650390625,15532400.0,377.5199890136719,38.70000076293945,16.3700008392334,0.015106808844357555,1,518.404296875,515.5162963867188,515.1319030761719,516.7511627197266,0.00585904386582925,4.620738980408987,-0.0033528327110016187,-0.04349971234202621,2.1863204937494016,2.1875770338510665,2.2165447430420153,2.213490262289427,-0.8595582025853382,-5.984355774145456,-1.2333555459553494,-0.2926201245324352,2.201539104727981,2.1647669119973565,2.0823554897644443,2.0436137007202997,-0.013923795384099985,-0.0807296179318963,-0.3477868863022615,-1.326653438951565,1,1,0.5459127437506602,1,correct
2025-10-27,529.577902779321,532.3662956890146,526.819354031342,529.3189697265625,18734700.0,367.010009765625,38.959999084472656,15.789999961853027,0.019848571819303773,1,521.441650390625,518.404296875,519.2268859863282,518.436166381836,0.015106808844357555,5.546941657672619,-0.027839530498784404,0.006718302749548988,2.259482739064485,2.262624883156553,2.2848122403530136,2.2783802440509286,-0.5995739767586378,-6.027970175277738,-1.2234215191917635,-0.3522756531907402,2.2266999431782883,2.188539887432347,2.1148957712263896,2.0566711137858937,0.3243055899160096,0.1734144599035857,-2.4550058661902217,0.13191399947415838,1,1,0.5459446763841023,1,correct
2025-10-29,542.6832878753321,544.0077970763692,534.5072653816836,539.3073120117188,36023000.0,363.0,37.13999938964844,16.920000076293945,-0.029156935182629407,0,529.3189697265625,521.441650390625,524.797705078125,520.611117553711,0.018870176314134568,9.500531694685606,-0.010926159120798418,-0.04671457232014087,2.366579127852677,2.3576730656137266,2.348308029003602,2.360659928429661,0.8040063534289607,-6.044610947855365,-1.2929601437932041,-0.23605039071288805,2.291954105465757,2.2135422829677123,2.1591636046210168,2.0735252230601238,0.46194765466533183,1.2582542242030539,-0.9995145014310297,-1.420028098914235,0,1,0.5459779383164471,0,false_positive
2025-10-30,528.2831883129468,532.7545848667123,519.9578228356851,523.582763671875,41023100.0,370.1300048828125,34.7400016784668,16.90999984741211,-0.01512103683912347,0,539.3073120117188,529.3189697265625,526.4109985351563,521.4486419677735,-0.029156935182629407,12.796762031027242,0.01964188672951095,-0.06462029484713894,2.2489024132789637,2.265795108317377,2.2281416682346853,2.2311278361701468,1.2099480601885038,-6.015022793046031,-1.3846593569066967,-0.2370789562960031,2.3746955661914697,2.278385526529028,2.1719834440011305,2.080015358644306,-1.2946043810975205,2.1627187002050383,1.6310389097355564,-1.9400945290935276,0,1,0.5459332305761406,0,false_positive
2025-11-03,517.657371934483,522.7860691817526,512.4590180581705,514.888916015625,22374700.0,368.7799987792969,34.310001373291016,17.170000076293945,-0.005222061797499733,0,523.582763671875,539.3073120117188,525.7079223632812,520.2994171142578,-0.016604533723150516,10.327051123582123,-0.0036473835833521484,-0.012377670823266351,2.1620689052421587,2.1844061820848517,2.1662077434549816,2.1595116439361175,-0.3040543246307329,-6.020625059838394,-1.4010888265847186,-0.21033683967148925,2.2444365040021124,2.3606059474551384,2.1663965350874794,2.0711097972173267,-0.8355106390379781,1.485045857639701,-0.37313465651361566,-0.42272292131125283,0,1,0.5458881718353632,0,false_positive
2025-11-04,509.6407695643784,513.4150529816625,505.73698923396887,512.2001342773438,20958700.0,362.3200073242188,34.27000045776367,19.0,-0.013940547578869977,0,514.888916015625,523.582763671875,523.859619140625,519.4957611083985,-0.005222061797499733,7.6780637476936135,-0.01751719582531963,-0.001165867500036999,2.096557731179034,2.107895599131797,2.110689345534628,2.13736261194731,-0.4190147167771926,-6.0474327872356906,-1.402617183241305,-0.022113653895602964,2.1724183818885,2.2311671530621706,2.151709219313075,2.064882114354006,-0.41920610582942625,0.7581807012659477,-1.5667105260348395,-0.09707940028648154,0,1,0.5460008385971823,0,false_positive
2025-11-05,511.17434154282535,512.6980347767452,504.4821687767013,505.0597839355469,23024300.0,366.510009765625,33.689998626708984,18.010000228881836,-0.019835950877711617,0,512.2001342773438,514.888916015625,519.0077819824219,519.117333984375,-0.013940547578869977,8.215866000043889,0.011564369498526794,-0.016924476898373952,2.1090899856404786,2.102041433513596,2.100325566490069,2.0785434650154193,-0.2513154328663683,-6.030045079523642,-1.4247779175054698,-0.12393929247808318,2.150145043405834,2.1596025437048554,2.113154688024585,2.06194961077273,-0.7380775405411986,0.9057501920875574,0.9359228198888382,-0.5547835628538293,0,1,0.5458464769287132,0,false_positive
2025-11-07,494.8920702735404,497.31199999791255,491.2073803526309,494.7626037597656,24019800.0,368.30999755859375,33.33000183105469,19.07999992370605,0.01847754503178778,1,505.0597839355469,512.2001342773438,510.0988403320313,517.4482727050781,-0.020388042175013776,6.104619645281673,0.004911155889357088,-0.010685568724508543,1.9760322813887428,1.9764206400874638,1.990686794430269,1.9937197064110186,-0.17049405547809102,-6.022575474895228,-1.4385326901584088,-0.013885325409508736,2.09099578715221,2.137469464962804,2.042360871495399,2.049015738256224,-0.9738893436139167,0.32643772508003543,0.36337612061580643,-0.3735763148745118,1,1,0.5458448868186938,1,correct
2025-11-10,497.96929153220975,504.7510881917551,496.73440583349895,503.9046020507813,26101500.0,378.3800048828125,32.119998931884766,17.600000381469727,0.00529640782497709,1,494.7626037597656,505.0597839355469,506.1632080078125,516.2871032714844,0.01847754503178778,8.016682358256162,0.02734111859838051,-0.03630371535241028,2.001179141392578,2.03715780692158,2.0363354531890647,2.069027571570339,-0.0014876654136241013,-5.980786872988606,-1.4847645316314146,-0.16610950049167117,2.005695974152593,2.078692683600905,2.0110868499987085,2.04001761601203,0.4475874889835606,0.8510954775151377,2.2936014024508813,-1.1176478285760136,1,1,0.5458296554665174,1,correct
2025-11-12,507.2506574723947,509.5511194130969,497.0530724082431,509.0233154296875,26574900.0,385.989990234375,33.0,17.510000228881836,-0.015357852274828332,0,503.9046020507813,494.7626037597656,504.990087890625,515.3490051269531,0.010158100080995824,12.498047004853788,0.020112017689516648,0.027397294438938458,2.077025884386653,2.076348133679759,2.038967375509431,2.111193339344186,0.03694612670652705,-5.949206891154149,-1.4511414139470775,-0.1753663945608808,2.0814264878810556,1.9939300208652746,2.0017647942931096,2.0327481155090585,0.1433106438996076,2.0807532117368535,1.6714963405636214,0.7325292146039911,0,1,0.5458889977353346,0,false_positive
2025-11-13,508.1967287528611,511.3735209246628,499.2140928412288,501.205810546875,25273100.0,382.8699951171875,32.630001068115234,20.0,0.013689946462120961,1,509.0233154296875,503.9046020507813,502.7912231445313,513.3254211425781,-0.015357852274828332,12.159428083433966,-0.008083098515826892,-0.011212088844992918,2.0847571198239856,2.0912273099662215,2.056815616784529,2.0467960834208574,-0.06874274228800772,-5.962154273385857,-1.4652783486402199,0.08074055026999229,2.12382890160654,2.0691836441527083,1.984291784196492,2.017066979288958,-0.7899142921465839,1.98783835019042,-0.7548530399432816,-0.38886893649673393,1,1,0.546005904962238,1,correct
2025-11-14,496.16679552350377,509.48142428367663,495.3800584752997,508.0672912597656,28505700.0,375.9599914550781,33.119998931884766,19.82999992370605,-0.005272654964164958,0,501.205810546875,509.0233154296875,503.392724609375,511.20025329589845,0.013689946462120961,14.101365808376954,-0.018047911171504505,0.015016789694448862,1.986449256545753,2.0757791009444535,2.025149664267099,2.1033180218276337,0.19370144108250473,-5.99082946526131,-1.4465564897294312,0.0632553277146877,2.0590702304709345,2.1113190412585157,1.9890715421088494,2.000598650446826,0.2724850155705966,2.520693614415803,-1.6123815863015507,0.372941105463111,0,1,0.545975781721265,0,false_positive
2025-11-17,506.3444741681719,509.9992593431845,502.8191251226507,505.388427734375,19092800.0,371.6499938964844,32.380001068115234,22.3799991607666,-0.02699557164947486,0,508.0672912597656,501.205810546875,505.51788940429685,507.80836486816406,-0.005272654964164958,7.18013422053383,-0.011463979297139493,-0.022342931389926268,2.0696206110008335,2.080007016191905,2.086590201504414,2.081250691827299,-0.5705010131797909,-6.008715129729638,-1.4748303591157157,0.3255334698654257,2.115909385629802,2.0469681686405456,2.0059589045464947,1.974314263493095,-0.42105650921892596,0.6215520306590486,-1.0457969725577836,-0.7121609755922251,0,1,0.5460039331529227,0,false_positive
2025-11-18,493.3186219236693,500.8971240097586,484.7641975590384,491.74517822265625,33815100.0,374.3500061035156,33.33000183105469,24.690000534057617,-0.01350779898552179,0,505.388427734375,508.0672912597656,503.08600463867185,504.6246063232422,-0.02699557164947486,16.13292645072022,0.007264932736103624,0.029339120803023144,1.9631741597096457,2.005691737506194,1.9374714340735348,1.9688634476103317,0.6247541996011581,-5.997510596144912,-1.4385326901584088,0.5631268227367052,2.0937182076697662,2.1034493960839273,1.9866342293298567,1.9496427144887931,-1.2155542905160366,3.078140832707775,0.5659319445521726,0.7889289886804001,0,1,0.5458694517178707,0,false_positive
2025-11-19,488.070453670226,493.1393718315724,480.8305400064438,485.102783203125,23245300.0,374.9599914550781,34.119998931884766,23.65999984741211,-0.016001348276606597,0,491.74517822265625,505.388427734375,498.30189819335936,501.6459930419922,-0.01350779898552179,12.308831825128607,0.0016294519610446923,0.02370228195109214,1.9202864564045603,1.9423528072466723,1.9049826764381808,1.9141462432812304,-0.23337316827288837,-5.994979273753119,-1.4083484478274477,0.45718692182176485,1.9807002151523703,2.081397960482992,1.948617911877525,1.9265608750539418,-0.7222501172602777,2.0288337792582065,0.08096691770715564,0.6252086665990338,0,1,0.545914927495549,0,false_positive
2025-11-20,491.5879641710541,492.4460215630244,474.417164289732,477.3404846191406,26802500.0,374.8500061035156,36.380001068115234,26.420000076293945,-0.01318895836861611,0,485.102783203125,491.74517822265625,493.5288330078125,498.1600280761719,-0.016001348276606597,18.028857273292374,-0.0002933255655774847,0.06623687593725336,1.9490313326064734,1.9366918808215576,1.8520134978813736,1.8502037531952764,0.055424223636282854,-5.995435691899008,-1.3219981915077819,0.7410645488602668,1.925675922738004,1.9690916652411363,1.9106893324471466,1.8995474711578793,-0.8134496282661635,3.5983720978192206,-0.08449897456280211,1.8606134049532064,0,1,0.5459226747520286,0,false_positive
2025-11-24,473.9183160323131,475.8139832068258,466.9542001322548,472.9205932617188,34421000.0,380.2000122070313,36.29999923706055,20.520000457763672,0.006307939090366643,1,477.3404846191406,485.102783203125,486.49949340820314,494.94610900878905,-0.009259410211032826,8.859783074570998,0.014272391667077278,-0.002199060712090084,1.804636071196479,1.8008979687036726,1.7903755869773892,1.8137945818338381,0.6739452318056355,-5.973234191139408,-1.3250549048209548,0.13422478351901998,1.861374569711439,1.9144138719825907,1.8548315440066678,1.8746422025428118,-0.5668687978768819,1.0824369099360671,1.1689634593814382,-0.1270881924292027,1,1,0.5458505379522735,1,correct
2025-11-25,472.9904142849383,478.0588322743821,463.8313270788984,475.90374755859375,28019800.0,380.0799865722656,37.56999969482422,18.559999465942383,0.01784106796189966,1,472.9205932617188,477.3404846191406,480.60255737304686,493.0602233886719,0.006307939090366643,14.227505195483673,-0.0003156907704157108,0.03498623924121369,1.7970533160491815,1.8192262595883582,1.7645832386603493,1.83836852884051,0.1542528149921341,-5.973732274537793,-1.2765306741151823,-0.06736955865853607,1.8247610600096822,1.850517437648556,1.8079722621593235,1.860028117072216,0.0024941776301319867,2.5553054537053206,-0.08642362706321832,0.9529478783130985,1,1,0.5458965820431169,1,correct
2025-11-26,485.2025316262965,487.1979770584782,480.1041831621511,484.3943786621094,25709100.0,383.1199951171875,35.70000076293945,17.190000534057617,0.013408926747197292,1,475.90374755859375,472.9205932617188,479.1323974609375,491.1092010498047,0.01784106796189966,7.0937938963270994,0.007998338908444147,-0.04977372763040999,1.8968499765162747,1.8938437055721606,1.8989835697148614,1.9083107101784205,-0.03334533340675319,-5.961116821262904,-1.3479796716612997,-0.20827970850525918,1.8494729228040157,1.8141344906609502,1.7962898160090706,1.8449092748099392,0.42430886451530203,0.5978607991238905,0.6290456979752251,-1.5088803627185496,1,1,0.5458337001755147,1,correct
2025-11-28,486.489626354464,491.5081706450152,485.541777548382,490.88958740234375,14386700.0,387.8800048828125,35.95000076293945,16.350000381469727,-0.01071121950431042,0,484.3943786621094,475.90374755859375,480.2897583007813,489.2958282470703,0.013408926747197292,5.966393096633169,0.012424331348639184,0.007002800970792311,1.9073680342768984,1.9290347048090724,1.943893601605435,1.961815456998589,-0.9525738249597725,-5.94136369231642,-1.338427661185804,-0.2946772556986652,1.9198076390093348,1.8386907378313242,1.8054866425423741,1.8308571049187619,0.2622069510159143,0.28850924614015405,1.0099274058988197,0.14017716640815306,0,1,0.5459075243503262,0,false_positive
2025-12-01,487.3277021324389,488.7444513856018,483.5463243869077,485.6315612792969,23964000.0,389.75,35.81999969482422,17.239999771118164,0.006697657758429676,1,490.88958740234375,484.3943786621094,481.9479736328125,487.7384033203125,-0.01071121950431042,5.198126998694079,0.004821066034977672,-0.003616163153166041,1.9142167372104186,1.9064700472371146,1.9274128090430322,1.918502090525119,-0.17502427432115067,-5.933603570699474,-1.3433947474436534,-0.20313707676850967,1.9736126692678673,1.9085825420295883,1.8186634481146222,1.8187883236783273,-0.6199675267025373,0.07770195332402811,0.35562337858873067,-0.168247514909349,1,1,0.5458651522889824,1,correct
2025-12-02,485.6116258193264,492.3761849539621,485.2125428025972,488.8841552734375,19562700.0,387.239990234375,35.88999938964844,16.59000015258789,-0.02504083083412756,0,485.6315612792969,490.88958740234375,485.14068603515625,485.82008972167966,0.006697657758429676,7.163642151364854,-0.006440050713598433,0.001954207019000398,1.9001930687204904,1.9361216929618068,1.9411743949338007,1.9452955663201736,-0.5323513745713011,-5.944019630539388,-1.3407201961706836,-0.26999227024038147,1.9300562162014363,1.9620487510739721,1.844033947205507,1.8039229476498038,0.016747816844037918,0.6170267125905118,-0.6134594741907593,-0.006457756029315035,0,1,0.5459228317140158,0,false_positive
2025-12-03,475.23529714339696,483.13724409881166,474.1178525596479,476.64208984375,34615100.0,386.8800048828125,33.720001220703125,16.079999923706055,0.006509927133071081,1,488.8841552734375,485.6315612792969,485.2883544921875,482.94545593261716,-0.02504083083412756,9.019391539163792,-0.0009296182229129313,-0.060462474389765375,1.8153983586123805,1.8606894521457518,1.8495414305684201,1.8444506762531403,0.6897035736952031,-5.945513500808229,-1.4236315771369734,-0.3224479379062941,1.9570000643936256,1.918766581847566,1.84520737656047,1.7816468650274586,-1.1440612556118162,1.126232449556524,-0.13925556019639343,-1.8193318601014028,1,1,0.546033456038888,1,correct
2025-12-05,481.4211657314621,482.299166614698,477.78947078944657,482.0597229003906,22608700.0,386.4400024414063,32.060001373291016,15.40999984741211,0.01626790556904023,1,476.64208984375,488.8841552734375,484.82142333984376,481.97691040039064,0.011366249796396666,4.509695825251413,-0.001137309852804247,-0.04922893793944816,1.8659488905079853,1.8538468861422108,1.8798659601449204,1.8890788162641838,-0.2850566327082247,-5.947339426675994,-1.4870569208641813,-0.391360262544396,1.8555892049102243,1.9455407591499811,1.8414969651975965,1.7741414219405958,0.18749772440384838,-0.11119914793891371,-0.15712860082701716,-1.4930571068097305,1,1,0.545938781197325,1,correct
2025-12-09,487.9862027558801,490.9993144973556,487.3875630167038,490.8995361328125,14696100.0,387.3999938964844,30.81999969482422,16.93000030517578,-0.027356619467261645,0,482.0597229003906,476.64208984375,484.8234130859375,482.55658569335935,0.018337589332781734,3.611751480651833,0.002484192756994963,-0.03867753042268529,1.9195979631926134,1.9248800987700492,1.959138262820952,1.9618974103777953,-0.9274546545289005,-5.943355645983646,-1.5344349569535705,-0.23502182512977302,1.9004678103869832,1.8447685044656645,1.8415127764718675,1.7786334357649078,0.4424687245951954,-0.3575893204226089,0.15452220244667628,-1.1865945872249484,0,1,0.5458838849821459,0,false_positive
2025-12-10,482.9277288439703,483.1472290611573,473.9980982856002,477.4701843261719,35756200.0,389.0499877929688,30.780000686645508,15.770000457763672,0.010259979343901993,1,490.8995361328125,482.0597229003906,483.1911376953125,482.5695556640625,-0.027356619467261645,9.149130775557126,0.00425914796716631,-0.0012978263651777233,1.878260430203239,1.8607709753523622,1.8485523593202717,1.8512721638137637,0.7823457371685966,-5.936508487300582,-1.5359632407341004,-0.35433268626755743,1.9736950825921056,1.8893645002398758,1.8285420994752406,1.7787339425286186,-1.228759317001626,1.1618320644158517,0.30726714746699685,-0.10091210660820477,1,1,0.5458288377993987,1,correct
2025-12-11,475.5445986070271,484.9231863556336,474.7763326037194,482.3690185546875,24669200.0,393.239990234375,31.8799991607666,14.850000381469728,-0.010217781958397731,0,477.4701843261719,490.8995361328125,481.8881103515625,483.5143981933594,0.010259979343901993,10.146853751914193,0.010769830543307712,0.035737441506892065,1.8179259508623613,1.875270953262848,1.8549799310666262,1.8916266613508586,-0.11777140105724997,-5.919120779588534,-1.4939344529427638,-0.4489585619470579,1.8624489765458354,1.9621306454247531,1.8181877518629286,1.7860557065487195,0.1470367940069674,1.4356008538893086,0.867548244386324,0.9747663265809576,0,1,0.5458921294879658,0,false_positive
2025-12-12,478.72734800157895,481.3513637649093,475.2552617920193,477.4402770996094,21248100.0,395.4400024414063,29.93000030517578,15.739999771118164,-0.007752945826024926,0,482.3690185546875,477.4701843261719,482.04774780273436,483.6680511474609,-0.010217781958397731,6.096101972889983,0.005594579039939651,-0.06116684149699114,1.8439351802041266,1.8461084566044197,1.858935490012755,1.8510258008946772,-0.39551928069867176,-5.909991150249712,-1.5684400909259977,-0.35741838301690254,1.9030299546850085,1.8515850787246884,1.8194562913677252,1.7872463924419124,-0.6019204549802839,0.324100530372624,0.4221885520299324,-1.839789995004269,0,1,0.5459143244116643,0,false_positive
2025-12-17,475.8239455574328,478.9069051052783,473.9182915104317,475.0357360839844,24527200.0,399.2900085449219,36.7400016784668,17.6200008392334,0.01650851077648796,1,477.4402770996094,482.3690185546875,480.6429504394531,482.73218688964846,-0.005036317903952869,4.98861359484664,0.009736005663933955,0.22753094900949145,1.82020875670044,1.8261504335832652,1.8478932213700456,1.8312182222001263,-0.12929991495894297,-5.894014362227826,-1.3082432731027298,-0.1640523693254411,1.862201230969904,1.8919105101943703,1.8082932407271974,1.7799942027509505,-0.41241267594842573,0.0202128182544863,0.7785817603558116,6.545352189734323,1,1,0.5459305887979438,1,correct
2025-12-30,484.8234150126488,488.5648753746365,484.39440153201394,486.3699035644531,13944500.0,398.8900146484375,30.76000022888184,14.329999923706056,-0.007918308222643278,0,475.0357360839844,477.4402770996094,479.7370239257813,482.28021850585935,0.02385961017144389,4.170473842622528,-0.00100176284886766,-0.1627654103535281,1.893751859219162,1.9050038812429497,1.9344172247693747,1.9245842379377494,-0.9884745914902558,-5.895674260296129,-1.5367274190623936,-0.5024427951960856,1.8422824866650187,1.8513388932530155,1.8010944063521854,1.7764918139951091,0.6444320874414173,-0.20427948561559153,-0.1454640137178222,-4.790690464777303,0,1,0.5459260492710163,0,false_positive
2025-12-31,486.7290680267604,487.0284031238816,482.1993981667827,482.5186767578125,15601600.0,396.30999755859375,30.170000076293945,14.949999809265137,-0.022083435687120456,0,486.3699035644531,475.0357360839844,480.74672241210936,481.96893005371095,-0.007918308222643278,4.829004957098903,-0.006467991163222386,-0.019180759044140627,1.909324736673698,1.89245920251373,1.9162883125831203,1.892859481509226,-0.8539400817262034,-5.9063808371245745,-1.5592701696146485,-0.4386732003841463,1.936172498307645,1.8315455813305164,1.809117852031367,1.7740795807201009,-0.5178190975210736,-0.02358276887857744,-0.615863908070103,-0.6203166123723217,0,1,0.5459166010254405,0,false_positive
2026-01-05,472.98042932285466,474.9858617296903,468.4308161640092,471.773193359375,25250300.0,408.760009765625,29.40999984741211,14.899999618530272,0.011970000253572977,1,482.5186767578125,486.3699035644531,478.6275573730469,480.25783386230466,-0.022269569896526287,6.555045565681155,0.03141483253949584,-0.02519059419820835,1.796971719562431,1.7941366894977984,1.802571214007633,1.8043427930258658,-0.07059379944968801,-5.85471567074471,-1.5883082902052827,-0.4438159302103088,1.904269693771098,1.9248443484819064,1.7922781659207419,1.760819971694571,-1.0427046699278826,0.4500317104821542,2.6441675510491356,-0.7948705020480609,1,1,0.545842021397571,1,correct
2026-01-06,472.72102257015473,477.6497753472042,468.6802576477938,477.4203186035156,23037700.0,413.1799926757813,30.059999465942383,14.75,0.010365499243197629,1,471.773193359375,482.5186767578125,478.6235656738281,480.3356567382813,0.011970000253572977,8.969517699410403,0.010813149047262716,0.022101313223483965,1.7948518637750654,1.8158864740953968,1.8046313943366339,1.850861391354797,-0.25022753085029303,-5.836373588130493,-1.5634730775442047,-0.45924402159938277,1.8152562251485909,1.8931424423913945,1.7922464463705166,1.7614230359254859,0.20957939997405747,1.1125473876112413,0.8712760469061019,0.5787090020509841,1,1,0.5458943282924501,1,correct
2026-01-07,478.6674756822987,488.5848422406915,476.86159994291296,482.3690185546875,25564200.0,409.2300109863281,32.97999954223633,15.380000114440918,-0.011086551233978836,0,477.4203186035156,471.773193359375,480.09022216796876,480.36658630371096,0.010365499243197629,11.72324229777854,-0.009559953917112063,0.09713905948675317,1.843445907349013,1.9051669026836342,1.8722025144466394,1.8916266613508586,-0.04510928878953709,-5.852765255687876,-1.4519055922753707,-0.39444586120432823,1.862035898718211,1.8046895096773203,1.8039010530378505,1.7616627149961233,0.15089609739092646,1.8681517664851668,-0.8819448086704993,2.7581582127151743,0,1,0.5460474266179853,0,false_positive
2026-01-12,475.5845048686955,479.89464390147504,474.5967386659474,476.0933227539063,23519900.0,422.2300109863281,38.84999847412109,15.119999885559082,-0.013642593572847805,0,482.3690185546875,477.4203186035156,478.0349060058594,478.88596496582034,-0.013010155211843677,5.297905235527651,0.0317669761527688,0.17798662866466253,1.8182520623412235,1.8342149240812788,1.853496633692861,1.8399301680786382,-0.2110792956151074,-5.798817745294358,-1.22762442712132,-0.42118797782884204,1.9030299546850085,1.8511746021321236,1.7875687342283024,1.7501890993374083,-0.704049206222813,0.10508046194919876,2.674471502687128,5.106352016546995,0,1,0.5459362755524304,0,false_positive
2026-01-13,473.5990225282599,474.6965236309785,464.888922501957,469.5981750488281,28545800.0,421.6300048828125,40.43000030517578,15.979999542236328,-0.023987065591537404,0,476.0933227539063,482.3690185546875,475.4508056640625,478.09876403808596,-0.013642593572847805,9.80760112902152,-0.0014210408732292512,0.04066928939796921,1.8020268246160003,1.7917743601484202,1.7733181020582436,1.7864259240399365,0.19695702845896873,-5.801307655717864,-1.1672556509551715,-0.3327333975586188,1.8510433263934916,1.8919105101943703,1.7670344965299158,1.7440889299964235,-0.7271801182409379,1.3425121087206464,-0.18154526152190478,1.1180103941148116,0,1,0.5459010291817596,0,false_positive
2026-01-14,465.39775666549855,467.13381499707015,456.1289340170423,458.3338928222656,28184300.0,425.9400024414063,44.18999862670898,16.75,-0.005921024377300688,0,469.5981750488281,476.0933227539063,472.7629455566406,475.69525146484375,-0.023987065591537404,11.004880980027849,0.010222226854542216,0.09300020512371465,1.7350065920200914,1.7300278820792796,1.700967843051288,1.6936355930826277,0.16760803004022212,-5.783421991249536,-1.0235934775346438,-0.2535356132681923,1.797238801738175,1.8402512522701326,1.7456757445290427,1.725463655059107,-1.1055206600106713,1.6710380254713673,0.820423846624571,2.637946408339677,0,1,0.5459339600755999,0,false_positive
2026-01-15,463.0630900555096,463.1927988881192,454.8618076165624,455.6200866699219,23225800.0,423.3299865722656,42.060001373291016,15.84000015258789,0.007007346870100184,1,458.3338928222656,469.5981750488281,468.40289916992185,473.513232421875,-0.005921024377300688,8.330991271556854,-0.0061276608305878,-0.04820088978528647,1.7159278422449098,1.697851068648916,1.6905024270947318,1.671280420692136,-0.2349563092664307,-5.794253057267052,-1.104976501844347,-0.3471329233645779,1.7039277057780822,1.786785545645078,1.7110291685301333,1.7085547755108168,-0.4447700863439352,0.9373398286568049,-0.5865765561137689,-1.4631977513561243,1,1,0.5460187101591613,1,correct
2026-01-16,456.78739866953146,462.13520850615447,455.4404972994736,458.8127746582031,34246700.0,421.2900085449219,43.18999862670898,15.859999656677246,-0.011612253703628617,0,455.6200866699219,458.3338928222656,463.691650390625,471.89093627929685,0.007007346870100184,6.694711206680893,-0.004818883830700504,0.026866315181233835,1.6646432840527212,1.689216268012365,1.6952819252088422,1.6975804164768162,0.6597943869248953,-5.8027185754080275,-1.0618015194366273,-0.34507589028776064,1.6814470699767796,1.6940620486264746,1.6735918056206716,1.6959832949112765,0.0280744409653964,0.4883550671388706,-0.47394888542885816,0.7171070786562612,0,1,0.5458804151046868,0,false_positive
2026-01-20,450.1924514863621,455.7597309230742,448.2568669541529,453.4849243164063,26130000.0,437.2300109863281,42.77999877929688,20.09000015258789,-0.022903278470751465,0,458.8127746582031,455.6200866699219,459.169970703125,468.60243835449216,-0.011612253703628617,7.502863968921304,0.03783617488689295,-0.009492934949031251,1.6107497874181753,1.6371630545646163,1.6359510805405868,1.6536918680045,0.0008261560384762528,-5.736570617917223,-1.0774668107863554,0.08999744433920191,1.7078946686122818,1.671722977959146,1.637660830341853,1.6705001005805473,-0.6529221102237839,0.7101070049723713,3.1967604154714113,-0.33893661858811386,0,1,0.5458755991328554,0,false_positive
2026-01-21,451.5693196059127,451.6591109990197,437.68100562513575,443.0986328125,37980500.0,443.6000061035156,45.45000076293945,16.899999618530273,0.015829449808587803,1,453.4849243164063,458.8127746582031,453.87006225585935,464.6604339599609,-0.022903278470751465,13.97810537388392,0.014568979615140476,0.062412390365347514,1.6220014677283054,1.603683140096503,1.5486032138517543,1.5681340484575146,0.962929353165327,-5.710136358087136,-0.9754512631169612,-0.23810752187911813,1.663759805466534,1.6980040306892203,1.5955457552901764,1.639952760629164,-1.0658820389480999,2.486871741269871,1.1944865314910884,1.749532349404942,1,1,0.5459578510722733,1,correct
2026-01-22,446.600636936346,451.8087507279656,443.6873036586902,450.1126403808594,25349400.0,451.7900085449219,44.70000076293945,15.640000343322754,0.032827950848620446,1,443.0986328125,453.4849243164063,452.22581176757814,462.4943786621094,0.015829449808587803,8.121447069275405,0.01846258414950319,-0.01650164988801406,1.5813977031653677,1.6049048883733315,1.598210267462495,1.6259124377516319,-0.06254819573378818,-5.676149416407852,-1.0041072945434488,-0.36770374457981436,1.5777218117712843,1.6541470937493579,1.5824799196428747,1.6231675871705145,0.3507355878335358,0.8798422426943833,1.529553245920852,-0.5425026770348018,1,1,0.5458393162072456,1,correct
2026-01-23,450.8409629929935,470.0271819611143,449.50401819491054,464.888916015625,38000200.0,458.0,47.63999938964844,16.09000015258789,0.009292820813103786,1,450.1126403808594,443.0986328125,454.07957763671874,461.2412384033203,0.032827950848620446,20.523163766203766,0.013745304981574558,0.06577178023555019,1.6160493829614575,1.7536510610802933,1.6462515182004134,1.7476330657409693,0.9645287315023929,-5.650379141133507,-0.891775703822378,-0.3214193723231791,1.6358244693674022,1.5686508987920076,1.5972106436702627,1.6134567655526846,0.9724417591238529,4.282793811382876,1.123604665910653,1.8471048374596695,1,1,0.5459011590759018,1,correct
2026-01-26,464.2503622118351,473.1700058760031,460.9479024031912,469.20904541015625,29291200.0,464.7000122070313,47.77999877929688,16.149999618530273,0.02190185886971885,1,464.888916015625,450.1126403808594,456.15883178710936,459.9252410888672,0.009292820813103786,12.222103472811852,0.014628847613605389,0.002938694194837943,1.7256301561807237,1.779310955878536,1.740768535881491,1.7832204407937413,0.2574736077710952,-5.622575373581544,-0.8864266012764382,-0.31524817500331453,1.7582282271884773,1.6263876721409212,1.6137331827794787,1.6032588526849372,0.11166376753850141,2.0050360752968537,1.199638511710982,0.022136383655533696,1,1,0.5458899678218803,1,correct
2026-01-28,482.10959164059926,482.63838346935967,476.9114647448887,480.533203125,36875400.0,494.55999755859375,50.38999938964844,16.350000381469727,-0.09993146244609463,0,469.20904541015625,464.888916015625,461.5684875488281,460.3692291259766,0.02413456821776494,5.726918724470977,0.0642564763657878,0.05462538043183196,1.871574664056544,1.8566164554977114,1.8726143564649809,1.8765040003706905,0.8732099115261656,-5.498662152804337,-0.7867035885919236,-0.2946772556986652,1.7940153284333775,1.7480206286142044,1.6567203514589794,1.606699400220283,0.6544884514608766,0.22279901340988517,5.470376940377699,1.5233609423707979,0,1,0.5458725928362134,0,false_positive
2026-01-29,438.98802836564175,441.4923222419712,420.06122635013605,432.5128173828125,128855300.0,495.8999938964844,55.369998931884766,16.8799991607666,-0.007404862064634532,0,480.533203125,469.20904541015625,459.4513244628906,456.660693359375,-0.09993146244609463,21.431095891835128,0.0027094717415592218,0.09882912487709539,1.5191879412081537,1.520675393876316,1.4030784113492272,1.4809326362931956,8.34075607931723,-5.493101424622365,-0.5964275574102996,-0.2401646530453482,1.8878224211485495,1.783582371207016,1.6398965736243079,1.5779612529616434,-3.8831244080237672,4.5319245669616715,0.17390873452045155,2.807245663556635,0,1,0.545922594983717,0,false_positive
2026-01-30,438.1699022937122,438.5989157576861,425.47886802078926,429.3101196289063,58566800.0,444.9500122070313,55.90999984741211,17.440000534057617,-0.01608216420757047,0,432.5128173828125,480.533203125,455.2908203125,453.75831604003906,-0.007404862064634532,13.120047736896822,-0.10274245274560034,0.009752590318660603,1.5125022660269039,1.4970518922084104,1.4478236503131405,1.454550184347842,2.634263478055626,-5.704534091294772,-0.5757951798027214,-0.18256615746386035,1.4900310011623212,1.8767987415882952,1.6068356356307634,1.5554701804595585,-0.4990402272955418,2.251426225687856,-8.900826400076692,0.22004398707035516,0,1,0.5461736475165805,0,false_positive
2026-02-02,429.2602343395754,429.7590957240154,421.2884391596101,422.4058837890625,42219900.0,427.1300048828125,48.70000076293945,16.34000015258789,-0.028721958392058156,0,429.3101196289063,432.5128173828125,446.7942138671875,450.4368957519531,-0.01608216420757047,8.470656564405317,-0.04004945911975233,-0.12895723670452452,1.4396930157683698,1.4248783125736073,1.4132141740588475,1.397676047523065,1.3071123238331952,-5.778483709012915,-0.851275126935515,-0.29570582128178025,1.4635004835993648,1.4815122950450688,1.5393183904388188,1.529731864489556,-0.8164054043608018,0.9756630897830431,-3.5057393524350626,-3.8087420315874003,0,1,0.5462365778881306,0,false_positive
2026-02-03,421.0489834358989,421.0888704228976,407.6296003977664,410.2735595703125,61424100.0,454.2900085449219,52.34000015258789,18.0,0.00724696002125591,1,422.4058837890625,429.3101196289063,435.0071166992187,445.5829742431641,-0.028721958392058156,13.459270025131218,0.06358720612372104,0.07474331278488333,1.3725911860415045,1.3540894058041937,1.3004034638786433,1.2977351585346388,2.8662382863042697,-5.665774895178329,-0.7121978777326333,-0.12496785806119821,1.4063071533875577,1.455148845544884,1.4456536626779986,1.492117905805996,-1.2786954633388705,2.3445066472207268,5.412782446870252,2.107680354539976,1,1,0.5459403619752635,1,correct
2026-02-04,410.0640575889883,418.84400576689177,408.3080557741746,413.2467956542969,45012400.0,453.9700012207031,55.130001068115234,18.63999938964844,-0.04954246909318927,0,410.2735595703125,422.4058837890625,421.5498352050781,441.5591613769531,0.00724696002125591,10.535949992717178,-0.0007044119795716064,0.053305328761818815,1.2828230578490507,1.3357609876460792,1.3060069440992306,1.3222274035528387,1.533826232780221,-5.667102864289813,-0.6055974058455924,-0.05914123017244111,1.30580536848686,1.3983156733608755,1.3387170191950963,1.4609366164864253,0.036838094563146136,1.5423663683232305,-0.11987528791668738,1.4850204309147073,0,1,0.5461123987474544,0,false_positive
2026-02-05,406.5121603821184,407.37018733348754,391.4265972483441,392.7735290527344,66289200.0,441.8800048828125,54.970001220703125,21.770000457763672,0.018975241101618856,1,413.2467956542969,410.2735595703125,413.6019775390625,436.5266510009766,-0.04954246909318927,15.943590085143455,-0.026631707613677613,-0.0029022282661381738,1.25379717563225,1.2420818691499635,1.1665800602782852,1.153577404775603,3.2612197861854426,-5.7172740337587316,-0.6117106867198252,0.26279253872601405,1.3304350707585635,1.2984467686317993,1.2755603391439563,1.421938738788194,-2.040188489213606,3.026188147608235,-2.3510658686496013,-0.14751148666378636,1,1,0.5462073519983661,1,correct
2026-02-06,398.2609865133262,400.87501513504304,392.0252195920243,400.22650146484375,53515300.0,455.4599914550781,53.18000030517578,20.3700008392334,0.03106151286708836,1,392.7735290527344,413.2467956542969,407.78525390625,431.538037109375,0.018975241101618856,8.849795543018729,0.03073229479090611,-0.03256323223171376,1.1863690979269936,1.1890513972488819,1.1715241856829248,1.2149717983841486,2.2241487740105406,-5.660919690162491,-0.6801031167048827,0.11879669212994583,1.160838561540244,1.3229213726610576,1.2293384553532758,1.38328102327566,0.46579031270973564,1.0796963952965464,2.5854313134893343,-1.00900659944977,1,1,0.5458882561042996,1,correct
2026-02-10,418.6644027817824,422.7151545880433,411.76017861217,412.328857421875,44857900.0,462.3999938964844,48.02000045776367,17.790000915527344,-0.02153555363583015,0,400.22650146484375,392.7735290527344,405.7698486328125,426.28203125,0.03023876707998152,10.954975975873253,0.015237348113134486,-0.09702895482890606,1.3531045418140268,1.3673673627371268,1.3345186232964013,1.3146658216720208,1.5212828849083087,-5.632120009097968,-0.8772566070890327,-0.14656714677013688,1.2225775174671756,1.1543928471404064,1.2133232835451373,1.3425512366738153,0.8777444958900796,1.657344412214152,1.2520034248157115,-2.8813945005523074,0,1,0.5460190088329151,0,false_positive
2026-02-11,415.2322299614449,415.51159110220135,400.096793508188,403.4491271972656,42491000.0,467.6300048828125,44.33000183105469,17.649999618530273,-0.006256627631262779,0,412.328857421875,400.22650146484375,404.40496215820315,419.70603942871094,-0.02153555363583015,15.41479759401335,0.011310577541873812,-0.07684295275995567,1.3250570398091437,1.3085531605339757,1.2381887097783486,1.241518408478649,1.3291220429793147,-5.610416465094649,-1.018244229236591,-0.1609668687549217,1.3228310511887258,1.2157430203102817,1.202477379906019,1.2915926284183008,-1.0158586299136771,2.8810908775143638,0.9140825851362007,-2.295098023559438,0,1,0.5462157838350941,0,false_positive
2026-02-13,403.528974460687,404.6164885937556,397.1435245648219,400.4060974121094,34091600.0,462.6199951171875,42.18000030517578,20.600000381469727,-0.011113366274641545,0,403.4491271972656,412.328857421875,401.8368225097656,411.6933288574219,-0.0075425365430729086,7.4729640289336885,-0.010713619129038787,-0.048499919627180255,1.2294187665333578,1.2195990250959798,1.2137971511207444,1.2164512328523363,0.6472023270224124,-5.631207046164086,-1.1003915776267006,0.14245311200511457,1.2492731144802174,1.315365237148355,1.1820699719076917,1.2295006139870697,-0.5040755579210326,0.7019026530934296,-0.9812242318118825,-1.4718829849263582,0,1,0.5461265351212892,0,false_positive
2026-02-17,398.31087932693146,399.607906728736,393.6315571718042,395.9562377929688,32078800.0,448.2000122070313,42.540000915527344,20.290000915527344,0.006904209070364153,1,400.4060974121094,403.4491271972656,402.4733642578125,408.03767089843757,-0.011113366274641545,5.97634955693178,-0.03117025433910059,0.008534865048528406,1.1867768188847878,1.178705966106597,1.1847912053998821,1.1797951957903439,0.4837897018017951,-5.691047213696393,-1.0866366592216485,0.11056836364385124,1.2240652549308044,1.242270509721694,1.187128173150083,1.201172226891917,-0.6346757135179819,0.2912412350268324,-2.741633510060657,0.18467551572149526,1,1,0.5460486670895623,1,correct
2026-02-20,396.1099853515625,400.1199951171875,395.1600036621094,397.2300109863281,34015200.0,468.6199951171875,56.119998931884766,19.09000015258789,-0.032122471647954565,0,395.9562377929688,400.4060974121094,401.8740661621094,404.8296600341797,0.0032169544807760797,4.959991455078125,0.045559978478367125,0.31922890747754185,1.1687912507278133,1.182886962093301,1.1974149091458726,1.1902879936268222,0.6409996617964311,-5.606308195213232,-0.5677715259838121,-0.012856759826393336,1.1872034940499,1.2172213891886439,1.1823659240414433,1.1763127420638009,-0.11055603795182703,0.012359086565177962,3.861437444033494,9.208692350585299,0,1,0.5461647510879932,0,false_positive
2026-02-23,395.0,395.3599853515625,383.1000061035156,384.4700012207031,43238300.0,481.2799987792969,59.04999923706055,21.01000022888184,0.01178245055508631,1,397.2300109863281,395.9562377929688,396.302294921875,401.03607177734375,-0.032122471647954565,12.259979248046875,0.027015500392687075,0.05220955739382771,1.1597205197352294,1.144023394444501,1.097809304813162,1.0851765000263858,1.3897928770549144,-5.553771604509876,-0.4558219515508315,0.18462332001870294,1.197755180370105,1.1805917543100353,1.1380905245155686,1.1469155069217216,-1.4030664341536754,2.015428945243902,2.2655801123128287,1.4531940746878327,1,1,0.546218729562724,1,correct
2026-02-24,384.1400146484375,389.3599853515625,381.7099914550781,389.0,33884700.0,474.6099853515625,58.81999969482422,19.549999237060547,0.029820067104153303,1,384.4700012207031,397.2300109863281,393.4124694824219,398.9087158203125,0.01178245055508631,7.649993896484375,-0.01385890426498504,-0.003894996531887851,1.0709733974702746,1.09503580463392,1.0863289335762478,1.122492689155237,0.6304047951473399,-5.581450882872769,-0.46460978369803413,0.034456079923944144,1.0920537719941446,1.1910769945163144,1.115126879675326,1.1304302219973346,0.20271992426509963,0.7504785140172268,-1.251893825281209,-0.17634614816293792,1,1,0.5460295062889224,1,correct
2026-02-26,404.7099914550781,407.489990234375,398.739990234375,401.7200012207031,34405900.0,477.4800109863281,59.79999923706055,18.6299991607666,-0.022353905603506474,0,389.0,384.4700012207031,393.6752502441406,397.75603637695315,0.03269923192982804,8.75,0.006047124424994221,0.016660991963972416,1.2390699636763762,1.2430600117110957,1.2269826370248396,1.227274609503712,0.6727193123696104,-5.569540826121909,-0.4271659201243439,-0.06016979575555651,1.1295793898979023,1.0860412093980876,1.1172150348976355,1.1214978902982327,0.967733970714358,1.0523131379650985,0.4611326445699842,0.4206964754859907,0,1,0.5460499189201735,0,false_positive
2026-02-27,390.8800048828125,396.8200073242188,389.8800048828125,392.739990234375,51367200.0,483.75,64.68000030517578,19.86000061035156,0.014793496213936885,1,401.7200012207031,389.0,393.03200073242186,397.7526824951172,-0.022353905603506474,6.940002441406307,0.01313141674919538,0.08160537007316382,1.1260521768637126,1.1559438873629884,1.1538064866123972,1.153301126359199,2.0497515858962676,-5.543521572469424,-0.24071063483207308,0.06634102446403281,1.2349493753656524,1.123330520856914,1.1121035312306304,1.1214719004315694,-1.0457891789305431,0.5556614096713626,1.0707761078906863,2.3069867847731564,1,1,0.5460405749683558,1,correct
2026-03-02,392.8599853515625,401.1900024414063,390.6300048828125,398.5499877929688,35474900.0,490.0,68.9000015258789,21.440000534057617,0.013498946299321357,1,392.739990234375,401.7200012207031,393.29599609375003,397.5850311279297,0.014793496213936885,10.559997558593807,0.012919896640826822,0.06524429809511667,1.1422324536370232,1.1916231420754924,1.1600008662452768,1.201161397034217,0.759507913502778,-5.517585269395617,-0.07947265136502682,0.22885065919852063,1.1605607325729494,1.228036970104362,1.114201338120364,1.1201727381795195,0.31284643858160704,1.5489648662588655,1.0525736050115695,1.8317842742517358,1,1,0.5460856214465037,1,correct
2026-03-04,401.2699890136719,411.0299987792969,400.30999755859375,405.2000122070313,35808000.0,471.7999877929688,75.19999694824219,21.149999618530277,0.013524136978431578,1,398.5499877929688,392.739990234375,397.44199829101564,396.8721466064453,0.016685546650968552,10.720001220703125,-0.037142882055165694,0.09143679655793613,1.210958478496951,1.2719627594651934,1.2399495988816565,1.2559414490467589,0.786551209141186,-5.593111834603384,0.1612378377149333,0.19902284582466204,1.2086896083249639,1.154116767718602,1.1471470381149254,1.114648460770272,0.3820466245465261,1.5928688455447062,-3.2556119399891164,2.5925376676150167,1,1,0.5460345604912846,1,correct
2026-03-09,404.9200134277344,410.2099914550781,403.5,409.4100036621094,30131900.0,472.5299987792969,100.52999877929688,25.5,-0.008915253325116002,0,405.2000122070313,398.5499877929688,401.5239990234375,397.4682342529297,0.010389909497157346,6.709991455078125,0.0015472891166083969,0.33683514440151563,1.2407862501244946,1.2652677290584433,1.2662963804175014,1.2906215549413844,0.32572728127217476,-5.590082428813205,1.1290476090531882,0.6464386731807662,1.2637771011413532,1.2019425661553629,1.1795841582873767,1.1192676570358162,0.15178888231906687,0.4925478693552114,0.07389633976568546,9.720060309746732,0,1,0.5460779240961767,0,false_positive
2026-03-11,405.5700073242188,409.010009765625,401.5899963378906,404.8800048828125,25512100.0,476.239990234375,120.91000366210938,24.229999542236328,-0.007459048347235875,0,409.4100036621094,405.2000122070313,402.1559997558594,397.915625,-0.01106469978451119,7.420013427734375,0.00785133529016635,0.202725605593159,1.2460979596651045,1.255470360594587,1.250521330039773,1.2533053658125333,-0.049339116777411776,-5.574686674768383,1.9077276895783153,0.515813786807542,1.2986518413826444,1.2566831618301513,1.184606274903824,1.1227345728162297,-0.6328957767354488,0.687373347528916,0.6163952043385645,5.824888305607207,0,1,0.5461379245280817,0,false_positive
2026-03-12,404.6300048828125,406.1199951171875,401.7099914550781,401.8599853515625,27263900.0,466.8800048828125,120.22000122070312,27.290000915527344,-0.01570198026328362,0,404.8800048828125,409.4100036621094,403.97999877929686,398.50599975585936,-0.007459048347235875,4.410003662109375,-0.019653925633074443,-0.005706744028678545,1.2384163184016714,1.2318745519038823,1.2515123904530416,1.2284277387994766,0.09288377514502333,-5.613528821463506,1.8813640473845945,0.8305477928030179,1.2611262234788867,1.2913382887420775,1.1991004603280808,1.127309498808441,-0.5010220459402093,-0.13855403849484546,-1.7505882234203873,-0.22896781990064757,0,1,0.5460877705215244,0,false_positive
2026-03-13,401.0,404.7999877929688,394.25,395.5499877929688,26848000.0,460.8399963378906,119.0199966430664,27.190000534057617,0.011123813803188609,1,401.8599853515625,404.8800048828125,403.3799987792969,398.33799743652344,-0.01570198026328362,10.549987792968807,-0.012936961278600778,-0.009981738192081036,1.2087521451336114,1.2210972223462508,1.1898990316119842,1.1764486823425082,0.05911821928788167,-5.638593700213821,1.8355142221996787,0.8202623331506933,1.2361089763419761,1.254048977283251,1.1943326336226892,1.1260076169616082,-0.8025004898138086,1.5462182507323041,-1.172555411579187,-0.35313376462841845,1,1,0.546077090294241,1,correct
2026-03-17,400.2699890136719,404.3999938964844,397.75,399.4100036621094,26228300.0,459.2699890136719,95.91999816894533,22.3700008392334,-0.019078127856892224,0,395.5499877929688,401.8599853515625,402.2219970703125,399.8319976806641,0.00975860444511234,6.649993896484375,-0.003406838244716104,-0.1940850203802017,1.202786540930554,1.2178314328582984,1.218806136565423,1.2082458393023547,0.008806810380282035,-5.645108929940067,0.952908512564707,0.32450510046113634,1.1838381990429625,1.2291892688375903,1.1851307145010468,1.1375849083031722,0.128699420142443,0.47608492385149337,-0.35243436823912444,-5.700359301464593,0,1,0.5461827440971372,0,false_positive
2026-03-18,397.1300048828125,398.0,391.0,391.7900085449219,25908500.0,444.739990234375,97.27999877929688,25.09000015258789,-0.007070163788856276,0,399.4100036621094,395.5499877929688,398.697998046875,400.1109985351562,-0.019078127856892224,7.0,-0.03163716142328721,0.014178488702180303,1.1771267866536939,1.1655780535597648,1.1630567198695052,1.1454755842079316,-0.017156701913812463,-5.705405642260368,1.004871472871742,0.6042684651671781,1.21581381044264,1.1772476512499237,1.1571276867448457,1.1397469388581665,-0.9259803066041361,0.572124355175065,-2.781813508122016,0.3485929003679235,0,1,0.5460501681123758,0,false_positive
2026-03-19,390.1000061035156,392.489990234375,387.05999755859375,389.0199890136719,25138800.0,426.4100036621094,92.68000030517578,24.059999465942383,-0.018379502592174246,0,391.7900085449219,399.4100036621094,395.5259948730469,398.84099731445315,-0.007070163788856276,5.42999267578125,-0.041215062676522196,-0.04728616911845673,1.1196780755374327,1.1205910371846424,1.1305155587007805,1.1226573500858508,-0.07964611846404554,-5.781471576192701,0.8291145384234633,0.4983285642522378,1.1526912713146138,1.2090219057239473,1.131921751008569,1.129905458447513,-0.486798913600792,0.14132440889618564,-3.606046137740995,-1.4366299593504073,0,1,0.5460612307469592,0,false_positive
2026-03-23,383.8999938964844,387.2099914550781,381.6799926757813,383.0,29680100.0,404.0400085449219,89.77999877929688,26.149999618530277,-0.02678853724706265,0,389.0199890136719,391.7900085449219,391.7539978027344,397.86699829101565,-0.015474754983503702,5.529998779296818,-0.05246123431689853,-0.03129047816497421,1.069011962870674,1.0774819681178816,1.086081168472931,1.0730672597718192,0.28904712225256285,-5.874302771891733,0.7183111586068661,0.7132938666526383,1.1297449749512034,1.1462968620576786,1.1019480370677417,1.122357755222591,-0.7941899124058566,0.16876544267830837,-4.57384287934584,-0.9720398329321173,0,1,0.546026803759141,0,false_positive
2026-03-25,376.9200134277344,377.05999755859375,369.6300048828125,371.0400085449219,31181200.0,416.2900085449219,90.16000366210938,25.32999992370605,-0.013664314379738696,0,383.0,389.0199890136719,386.852001953125,395.1160003662109,-0.031227131736496383,7.42999267578125,0.030318779677577457,0.004232622944745801,1.0119719982653788,0.9946113451877348,0.9865582365246434,0.9745459742569451,0.41091650406827657,-5.823467617867072,0.7328304010923244,0.6289534506254616,1.0798765713338996,1.1234950631874707,1.0629949258652611,1.1010397503692368,-1.3703201145196584,0.6901115892276525,2.549845996807253,0.05971816260113606,0,1,0.5460830383317198,0,false_positive
2026-03-26,370.8200073242188,374.7200012207031,365.1900024414063,365.9700012207031,36836600.0,400.6400146484375,92.37000274658205,27.440000534057617,-0.02513870584021738,0,371.0400085449219,383.0,380.16400146484375,391.1929992675781,-0.013664314379738696,9.529998779296818,-0.0375939695290467,0.024511967554427194,0.9621231292328088,0.97550621506126,0.9498874889339994,0.932781426094181,0.8700598668826044,-5.888412095435463,0.8172701387152013,0.8459758841920921,0.9808023571141044,1.0739406910460358,1.0098495469757574,1.070639670563177,-0.7279745388582423,1.2663398033412419,-3.2944305710184922,0.6487257461616771,0,1,0.5460333730517939,0,false_positive
2026-03-27,361.8999938964844,362.4500122070313,356.510009765625,356.7699890136719,37883400.0,414.7000122070313,96.63999938964844,31.049999237060547,0.0061384155305796995,1,365.9700012207031,371.0400085449219,373.1599975585938,385.9289978027344,-0.02513870584021738,5.940002441406307,0.03509384246336822,0.046227092303777084,0.8892293364099403,0.8753266835975776,0.878197929141459,0.8569956671499802,0.9550461228846623,-5.830065798171996,0.9804183493748106,1.2172794278282895,0.9388034147551361,0.9754903672950583,0.9541930855276097,1.0298479244975862,-1.147640953325033,0.28126781950562924,2.960767184285431,1.2794351404497022,1,1,0.5460885360842358,1,correct
2026-03-30,361.8999938964844,365.3599853515625,356.2799987792969,358.9599914550781,44797000.0,414.5799865722656,95.83999633789062,30.61000061035156,0.031229168262500107,1,356.7699890136719,365.9700012207031,367.147998046875,381.3369964599609,0.0061384155305796995,9.079986572265625,-0.00028942761329309175,-0.008278177326266678,0.8892293364099403,0.8990854453915945,0.876298228649393,0.8750359689861864,1.5163386138053994,-5.830563881570382,0.9498517992515335,1.1720237192441818,0.8625923251696886,0.9337559008145466,0.9064194658196487,0.9942636348733757,-0.003706006906753719,1.1428593382355476,-0.08416353369986679,-0.303654341681851,1,1,0.5459907178727925,1,correct
2026-04-01,373.489990234375,373.989990234375,368.2000122070313,369.3699951171875,29417200.0,437.8200073242188,91.8000030517578,24.540000915527344,0.011072898156205158,1,358.9599914550781,356.7699890136719,364.4219970703125,378.08799743652344,0.029000456624459492,5.789978027343693,0.056056783985404035,-0.04215352087336843,0.9839420628779523,0.9695459686020167,0.9747476798499417,0.9607891191333043,0.2677031341909073,-5.734122246104108,0.7954915664912386,0.547698731347631,0.8807338741696783,0.8580247279540009,0.8847576320613498,0.969086525023284,0.8324543111638921,0.24010208191847812,4.764746987211528,-1.2875537047527885,1,1,0.5460097658893682,1,correct
2026-04-07,370.3399963378906,372.4500122070313,366.55999755859375,372.2900085449219,21443300.0,431.80999755859375,98.79000091552734,25.780000686645508,0.005479540091115842,1,369.3699951171875,358.9599914550781,364.6719970703125,375.7619995117187,0.007905388814291703,5.890014648437557,-0.013727124537674329,0.07614376504789999,0.9582005094213504,0.9569726666152132,0.9612025154020669,0.9848429387118238,-0.3796716334197248,-5.759062635665354,1.0625656977649203,0.67523792097151,0.966968294714416,0.8760520359317446,0.8867442265219299,0.9510619258032034,0.06091958522056007,0.2675514895284725,-1.2405534336546935,2.1483560775087316,1,1,0.5460822440883203,1,correct
2026-04-09,372.5,373.5,367.0499877929688,373.0700073242188,30435300.0,437.9100036621094,81.73999786376953,19.489999771118164,-0.005897049250382036,0,372.2900085449219,369.3699951171875,366.0919982910156,373.1279998779297,0.002095137557801996,6.450012207031193,0.014126597665650165,-0.1725883479476512,0.975851924491297,0.9655453951665578,0.965249429439564,0.9912682344760393,0.3503593313973413,-5.7337487785368975,0.41111846673441216,0.028284882604079624,0.9911571109816049,0.961743420798778,0.8980280927581924,0.9306505629044716,-0.15158556769850184,0.42121123011502604,1.1564170601232129,-5.075994790293736,0,1,0.5461472540523078,0,false_positive
2026-04-10,372.9800109863281,375.6400146484375,370.0299987792969,370.8699951171875,28111100.0,437.1300048828125,78.01000213623047,19.229999542236328,0.036400895671633515,1,373.0700073242188,372.2900085449219,368.91199951171876,371.03599853515624,-0.005897049250382036,5.610015869140625,-0.0017811851128632927,-0.04563244219501439,0.9797745443027551,0.9830177551309398,0.9898618552521887,0.9731454764791587,0.161665162310617,-5.7369856240948245,0.2686026336823804,0.0015427659795657768,0.9976184672828614,0.9857799151723246,0.9204368879737034,0.9144392475936344,-0.4438932158288415,0.19072161923516456,-0.21253771235505925,-1.3885979485633937,1,1,0.5461855181235571,1,correct
2026-04-13,373.6099853515625,384.5400085449219,371.0199890136719,384.3699951171875,35745800.0,435.3599853515625,80.55000305175781,19.1200008392334,0.022738482049594833,1,370.8699951171875,373.0700073242188,373.99400024414064,370.5709991455078,0.036400895671633515,13.52001953125,-0.004049183335572026,0.03255993905873367,0.984922655483881,1.055682630183882,0.9980383557116053,1.0843526925918487,0.781501395305374,-5.7443308661762735,0.36565109509392546,-0.009771063077048229,0.9793939993554167,0.9922005829993525,0.9608203859884746,0.9108358791010771,1.10311927244786,2.3611759223054545,-0.40771180004394675,0.8824767050586729,1,1,0.5460751495463733,1,correct
2026-04-14,387.9200134277344,394.6900024414063,386.5199890136719,393.1099853515625,37504500.0,445.0899963378906,75.3499984741211,18.36000061035156,0.04606857252161789,1,384.3699951171875,370.8699951171875,378.74199829101565,371.5819976806641,0.022738482049594833,8.170013427734432,0.022349346089928224,-0.06455623067196448,1.1018633114957457,1.1385532531140292,1.1260555347911205,1.156348987615326,0.9242844755793702,-5.703953183959814,0.166969102301076,-0.08794028178436007,1.0912253411244228,0.9740908782514975,0.998549772463541,0.9186702985620533,0.6034277500284202,0.8931685401532317,1.864031116401868,-1.938233804018897,1,1,0.5460314073877515,1,correct
2026-04-15,398.0,414.3699951171875,396.7300109863281,411.2200012207031,45063400.0,440.4599914550781,72.2300033569336,18.170000076293945,0.0219833872819577,1,393.1099853515625,384.3699951171875,386.5279968261719,375.59999694824216,0.04606857252161789,17.639984130859375,-0.010402401583740839,-0.04140670445081773,1.1842363324344203,1.2992324878934316,1.2103818710026895,1.30553153936079,1.5379667553787164,-5.723166817539626,0.04776019812959227,-0.10748263550589399,1.1636256992694722,1.0852179953259733,1.0604202587036426,0.9498065372028306,1.4567065885012451,3.4916678001479995,-0.9544422000324411,-1.2658626420051335,1,1,0.5462486017825449,1,correct
2026-04-16,419.8599853515625,420.8200073242188,412.1400146484375,420.260009765625,41642400.0,440.0799865722656,73.04000091552734,17.940000534057617,0.0060200797613549906,1,411.2200012207031,393.1099853515625,395.96599731445315,381.02899780273435,0.0219833872819577,8.679992675781307,-0.0008627455164704756,0.011214142613160893,1.362874767929742,1.3518942466053137,1.3376557547722534,1.3799992566878783,1.2602269944090565,-5.724743765029251,0.07870861878884657,-0.13113905538106274,1.3136455047586566,1.1571624336967263,1.1354181766595266,0.9918768948433743,0.5758107809884176,1.0331035769348347,-0.13350078519678832,0.26249434243440384,1,1,0.5460618021912316,1,correct
2026-04-17,424.8200073242188,431.5799865722656,420.6900024414063,422.7900085449219,48568200.0,445.9299926757813,69.01000213623047,17.479999542236328,-0.011163937475598074,0,420.260009765625,411.2200012207031,406.35,387.63099975585936,0.0060200797613549906,10.889984130859318,0.013293051904224695,-0.055175229035904216,1.4034077578182467,1.4397451549009277,1.4082715817671023,1.4008403026889233,1.8225099632847277,-5.7004673600237465,-0.07526974343547056,-0.1784520913102259,1.388531155512871,1.306237533971586,1.2179333855145478,1.0430370605452668,-0.008034040174988707,1.6395110665292834,1.084685728103537,-1.6657653780720614,0,1,0.5459155982171049,0,false_positive
2026-04-20,421.1499938964844,423.3299865722656,416.2999877929688,418.0700073242188,27582200.0,442.0899963378906,73.79000091552734,18.8700008392334,0.01456692953620009,1,422.7900085449219,420.260009765625,413.0900024414062,393.54200134277346,-0.011163937475598074,7.029998779296818,-0.008611208936292858,0.06926530403318676,1.3734166372189622,1.3723872189113784,1.3720136919986687,1.3619589548516724,0.1187255073626915,-5.716402609435241,0.10736465021533415,-0.03548461411844704,1.4094891672286278,1.3806516145586818,1.271491991572121,1.0888425333091052,-0.6365253135297826,0.5803558279269084,-0.8002999316036887,1.9485732058789724,1,1,0.5461225412513426,1,correct
2026-04-21,420.239990234375,427.1799926757813,417.2000122070313,424.1600036621094,32048500.0,429.5700073242188,85.56999969482422,19.5,0.02065260677572822,1,418.0700073242188,422.7900085449219,419.3000061035156,399.0210021972656,0.01456692953620009,9.97998046875,-0.028320000717914406,0.15964220942051854,1.3659801441070116,1.4038209722059218,1.3794471491980864,1.412125735508953,0.48132974425798314,-5.768358166161533,0.5574553371800229,0.02931344818719466,1.3703896065128818,1.401477649413882,1.3208390270734331,1.131300350435916,0.3045599490007917,1.3898118946191427,-2.4963530488032575,4.573543769595246,1,1,0.5459655929731013,1,correct
2026-04-22,426.1900024414063,433.7000122070313,423.6700134277344,432.9200134277344,29378200.0,435.260009765625,76.7699966430664,18.920000076293945,-0.03966093711350327,0,424.1600036621094,418.0700073242188,423.6400085449219,405.08400268554686,0.02065260677572822,10.029998779296932,0.013245809401007946,-0.10283981632747496,1.4146032723821715,1.457054312598231,1.432884007579727,1.4842869428537777,0.26453685220382256,-5.7447457457117705,0.22122445184087827,-0.030341982381697555,1.4208379370191513,1.3626243065809385,1.3553263263094388,1.1782836915244932,0.5271385803392402,1.40353659842414,1.0806202432309535,-3.050169259083857,0,1,0.5458684831094076,0,false_positive
2026-04-23,419.8900146484375,423.6600036621094,411.4100036621094,415.75,38308000.0,431.0400085449219,78.66999816894531,19.309999465942383,0.021334925116506254,1,432.9200134277344,424.1600036621094,422.7380065917969,409.352001953125,-0.03966093711350327,12.25,-0.00969535708776803,0.024749271967703157,1.3631201654689673,1.3750816758826696,1.3316264678582674,1.342847728489641,0.9895180031850768,-5.762257942612889,0.293819789755492,0.009771094465660369,1.49340413301911,1.4127549536938195,1.348158677975397,1.2113572275966082,-1.678779597976358,2.0126907035451653,-0.8935970181115624,0.6556181828612931,1,1,0.546207381121629,1,correct
2026-04-27,422.3800048828125,427.1099853515625,417.0700073242188,424.8200073242188,30867300.0,429.8900146484375,73.11000061035156,18.020000457763672,0.010427928533036868,1,415.75,432.9200134277344,423.1440063476563,414.74700317382815,0.021816012806298968,10.039978027343693,-0.0026679516371727052,-0.07067494201097535,1.383468210205218,1.403249390525494,1.378373416400395,1.4175625629080175,0.3854319934081257,-5.767030197050048,0.08138317006181636,-0.12291072689496814,1.3511711226624143,1.4848641856047944,1.3513849054393452,1.2531641156243283,0.5696891974329941,1.406274840122845,-0.28884899233852784,-2.1159499703773865,1,1,0.5459740745273594,1,correct
2026-04-28,424.5700073242188,429.9200134277344,421.8999938964844,429.25,30438100.0,421.9100036621094,70.5,17.829999923706055,-0.011159018159398681,0,424.8200073242188,415.75,425.3800048828125,419.23500366210936,0.010427928533036868,8.02001953125,-0.0185629131043068,-0.03569963874384119,1.4013647734266472,1.4261921409841147,1.418265110334161,1.454054944602331,0.3505866542066705,-5.800145714405843,-0.018339842622698495,-0.14245308061650244,1.426305277397385,1.3435268454304123,1.3691529946545709,1.28794248289548,0.15317939723430207,0.852011176393921,-1.6567004183827565,-1.1001026016297313,0,1,0.5460503921100328,0,false_positive
2026-04-29,424.5799865722656,426.8200073242188,420.2900085449219,424.4599914550781,38288300.0,417.4100036621094,75.95999908447266,18.809999465942383,-0.039296972651300055,0,429.25,424.8200073242188,425.44000244140625,422.37000427246096,-0.011159018159398681,6.529998779296932,-0.010665781709228828,0.0774467955244349,1.4014463232186456,1.400881836415895,1.4049679630395564,1.4145969064218304,0.9879186248480109,-5.818819852618983,0.19027603118162398,-0.04165600761713725,1.4630024644314206,1.4181878651181765,1.3696297579247734,1.3122361974141803,-0.6363453935925782,0.44315903284407293,-0.9771075509982405,2.186202213420006,0,1,0.546165605653404,0,false_positive
