date,msft_open,msft_high,msft_low,msft_close,msft_volume,gold_close,gold_volume,vix_close,vix_volume,asml_close,asml_volume,nvda_close,nvda_volume,amd_close,amd_volume,amzn_close,amzn_volume,crm_close,crm_volume,pltr_close,pltr_volume
2019-01-02,92.73067813841664,94.77997198732668,92.1624634871992,94.19313049316406,35329300.0,1281.0,149.0,23.21999931335449,0.0,145.22427368164062,602500.0,3.37305235862732,508752000.0,18.82999992370605,87148700.0,76.95649719238281,159662000.0,133.58872985839844,4783900.0,9.5,338584400.0
2019-01-03,93.24302540223349,93.3268639870067,90.54167754942657,90.7279815673828,42579100.0,1291.800048828125,10.0,25.450000762939453,0.0,137.2151336669922,1078600.0,3.169261693954468,705552000.0,17.049999237060547,117277600.0,75.01399993896484,139512000.0,128.51319885253906,6365700.0,9.5,338584400.0
2019-01-04,92.88904362449492,95.48792562993351,92.15315886108225,94.9476547241211,44060600.0,1282.699951171875,34.0,21.3799991607666,0.0,143.15232849121094,589500.0,3.372309446334839,585620000.0,19.0,111878600.0,78.76950073242188,183652000.0,135.96383666992188,6650600.0,9.5,338584400.0
2019-01-07,94.67752075279836,96.1958609703722,94.06273534882985,95.0687484741211,35656100.0,1286.800048828125,2.0,21.399999618530277,0.0,146.4228515625,971900.0,3.550842523574829,709160000.0,20.56999969482422,107157000.0,81.47550201416016,159864000.0,140.16220092773438,9064800.0,9.5,338584400.0
2019-01-08,95.98160666219536,96.84790055480003,94.7427119468028,95.75804901123048,31514400.0,1283.199951171875,54.0,20.46999931335449,0.0,145.34503173828125,531700.0,3.462441921234131,786016000.0,20.75,121271000.0,82.8290023803711,177628000.0,143.61155700683594,9057300.0,9.5,338584400.0
2019-01-09,96.74543914679175,97.69556453271322,96.167907492278,97.12734985351562,32280800.0,1289.300048828125,102.0,19.979999542236328,0.0,151.3751678466797,779900.0,3.530537843704224,617260000.0,20.190000534057617,163944100.0,82.97100067138672,126976000.0,143.87765502929688,5445900.0,9.5,338584400.0
2019-01-10,96.14928322503938,96.64297632847756,95.3668207332209,96.50325012207033,30067600.0,1284.699951171875,0.0,19.5,0.0,151.08712768554688,1028100.0,3.596156120300293,523156000.0,19.739999771118164,115629400.0,82.81099700927734,130154000.0,144.91246032714844,5116900.0,9.5,338584400.0
2019-01-11,96.121332859087,96.3542074849832,94.67750733582264,95.75804901123048,28314200.0,1287.0999755859375,11.0,18.190000534057617,0.0,150.5389404296875,639600.0,3.685297727584839,874764000.0,20.270000457763672,85110800.0,82.02799987792969,93724000.0,145.41506958007812,5185200.0,9.5,338584400.0
2019-01-14,94.91970677496842,95.82326153514298,94.32354825198588,95.05943298339844,28437100.0,1289.0999755859375,7.0,19.06999969482422,0.0,147.4449462890625,680200.0,3.725165367126465,730168000.0,20.229999542236328,71350200.0,80.8604965209961,120118000.0,143.936767578125,5815500.0,9.5,338584400.0
2019-01-15,95.48791180465614,97.85391881227768,94.9010632100521,97.81665802001952,31587600.0,1286.199951171875,3.0,18.600000381469727,0.0,147.9466552734375,482700.0,3.711050510406494,617012000.0,20.3799991607666,62785800.0,83.72799682617188,119970000.0,147.03135681152344,5350400.0,9.5,338584400.0
2019-01-16,98.04954063884692,98.98103920096884,97.77008822750236,98.16131591796876,29853900.0,1291.5999755859375,2.0,19.040000915527344,0.0,146.1348876953125,537600.0,3.685545682907105,470104000.0,19.729999542236328,70849300.0,84.18900299072266,127338000.0,146.39073181152344,3936800.0,9.5,338584400.0
2019-01-17,97.80735074745706,99.32569087205177,97.58379307850136,98.8506317138672,28393000.0,1291.0,10.0,18.059999465942383,0.0,146.37643432617188,953000.0,3.756860256195069,493436000.0,20.25,85018400.0,84.66100311279297,84178000.0,147.65223693847656,3743200.0,9.5,338584400.0
2019-01-18,100.0988285596336,100.5086901762666,98.65501014000569,100.33170318603516,37427600.0,1281.300048828125,3.0,17.799999237060547,0.0,151.17076110839844,1664700.0,3.88586950302124,651336000.0,20.770000457763672,88131000.0,84.80999755859375,120410000.0,150.30328369140625,6151200.0,9.5,338584400.0
2019-01-22,99.4374762348476,99.76349932573892,97.67694443726408,98.4407730102539,32371300.0,1282.5,7.0,20.799999237060547,0.0,148.197509765625,968500.0,3.6838128566741934,661552000.0,19.76000022888184,78513700.0,81.6084976196289,128336000.0,146.79481506347656,5203300.0,9.5,338584400.0
2019-01-23,98.85064197119937,99.707619046763,98.12406703485183,99.40022277832033,25874300.0,1283.0999755859375,14.0,19.520000457763672,0.0,150.63185119628906,1458900.0,3.696688413619995,591020000.0,19.799999237060547,77811300.0,82.0009994506836,104504000.0,147.583251953125,3335400.0,9.5,338584400.0
2019-01-24,99.5399097873647,99.67031898197725,98.12402837904555,98.92511749267578,23164800.0,1279.0999755859375,1.0,18.88999938964844,0.0,156.93142700195312,1385700.0,3.90840220451355,708972000.0,20.850000381469727,97433400.0,82.74649810791016,81798000.0,144.74490356445312,6734700.0,9.5,338584400.0
2019-01-25,99.89390181836622,100.49006031768444,98.92514248028162,99.82869720458984,31225600.0,1297.4000244140625,0.0,17.420000076293945,0.0,164.14149475097656,1352900.0,3.965601682662964,1154572000.0,21.93000030517578,110239500.0,83.52850341796875,98918000.0,147.57339477539062,4600800.0,9.5,338584400.0
2019-01-28,98.98104271102594,99.1859735390432,97.4906463801326,97.88187408447266,29476700.0,1302.4000244140625,54.0,18.8700008392334,0.0,161.80938720703125,2261100.0,3.417376041412353,2511528000.0,20.18000030517578,135164100.0,81.89450073242188,96754000.0,145.19825744628906,4054700.0,9.5,338584400.0
2019-01-29,97.695560516658,97.77939907751724,95.17120042426149,95.88845825195312,31490500.0,1308.199951171875,213607.0,19.1299991607666,0.0,162.23678588867188,966800.0,3.258652925491333,1153932000.0,19.25,131202500.0,79.69400024414062,92656000.0,143.07936096191406,3915100.0,9.5,338584400.0
2019-01-30,97.45338678308951,99.0928192138672,97.18325133435708,99.0928192138672,49471900.0,1309.9000244140625,54958.0,17.65999984741211,0.0,164.63400268554688,687600.0,3.4020233154296875,974228000.0,23.09000015258789,211421200.0,83.52149963378906,115676000.0,147.0017852783203,4653400.0,9.5,338584400.0
2019-01-31,96.68956373719216,98.0122901285823,96.11203200963544,97.27640533447266,55636400.0,1319.699951171875,1970.0,16.56999969482422,0.0,162.6270294189453,562100.0,3.559509038925171,842852000.0,24.40999984741211,182575600.0,85.9365005493164,218206000.0,149.7711181640625,8615900.0,9.5,338584400.0
2019-02-01,96.67091656225128,96.96899580836966,95.33887337655392,95.73941802978516,35535700.0,1316.9000244140625,878.0,16.139999389648438,0.0,165.76754760742188,795000.0,3.583775281906128,625048000.0,24.51000022888184,105356200.0,81.3115005493164,230124000.0,153.61465454101562,5959200.0,9.5,338584400.0
2019-02-04,95.823247091648,98.55253780541533,95.7300915622226,98.49664306640624,31315100.0,1314.300048828125,675.0,15.729999542236328,0.0,166.83602905273438,543000.0,3.6939659118652335,528592000.0,24.1299991607666,70843800.0,81.66549682617188,98582000.0,155.4379119873047,5264700.0,9.5,338584400.0
2019-02-05,98.79472539302655,99.92183768821825,98.70157696743796,99.8752670288086,27325400.0,1314.199951171875,362.0,15.56999969482422,0.0,168.74075317382812,650800.0,3.713031768798828,542424000.0,23.309999465942383,122226000.0,82.94049835205078,89062000.0,156.68955993652344,4575600.0,9.5,338584400.0
2019-02-06,99.67034704787112,99.67034704787112,98.30104301209283,98.76679229736328,20609800.0,1309.5,358.0,15.380000114440918,0.0,173.61874389648438,1554900.0,3.788555383682251,702464000.0,23.26000022888184,78684300.0,82.01300048828125,78798000.0,155.8419647216797,4205100.0,9.5,338584400.0
2019-02-07,97.984353910776,98.3569477182256,97.14600363047175,98.05886840820312,29760700.0,1309.4000244140625,203.0,16.3700008392334,0.0,168.26690673828125,1474500.0,3.650383949279785,637120000.0,22.670000076293945,86723900.0,80.71849822998047,92532000.0,152.68826293945312,4545500.0,9.5,338584400.0
2019-02-08,97.23912534845508,98.53390766165148,97.1180331050029,98.4314422607422,21461100.0,1313.699951171875,122.0,15.720000267028809,0.0,168.23902893066406,633100.0,3.66895604133606,461604000.0,23.049999237060547,78129300.0,79.41100311279297,113150000.0,154.40309143066406,3018700.0,9.5,338584400.0
2019-02-11,98.92515064403749,99.27912466812352,97.77941132073386,98.04022979736328,18914100.0,1307.0,119.0,15.970000267028809,0.0,165.86973571777344,653300.0,3.6263656616210938,495180000.0,22.959999084472656,60578700.0,79.55000305175781,66346000.0,157.59622192382812,7125500.0,9.5,338584400.0
2019-02-12,98.86926239154354,99.80076100620424,98.25447700138812,99.56788635253906,25056600.0,1309.199951171875,109.0,15.43000030517578,0.0,169.837158203125,901600.0,3.743241310119629,591060000.0,22.81999969482422,67595400.0,81.90049743652344,97172000.0,160.4345703125,5631700.0,9.5,338584400.0
2019-02-13,100.13609105130074,100.39690950021166,99.40020636657648,99.49335479736328,18394900.0,1310.800048828125,143.0,15.649999618530272,0.0,169.3911590576172,653800.0,3.7855842113494873,605372000.0,22.850000381469727,57544200.0,82.0,71206000.0,158.0791473388672,5296000.0,9.5,338584400.0
2019-02-14,99.02762914786162,99.94050104347606,98.42216065000044,99.57721710205078,21784700.0,1309.800048828125,858.0,16.219999313354492,0.0,171.26800537109375,1060100.0,3.8264408111572266,827264000.0,23.1299991607666,64441200.0,81.13249969482422,82410000.0,157.16259765625,5061100.0,9.5,338584400.0
2019-02-15,100.51803088214614,100.88131481655736,100.00570374040146,100.80679321289062,26606900.0,1318.0999755859375,190.0,14.90999984741211,0.0,171.30516052246094,824400.0,3.896022081375122,1516748000.0,23.68000030517578,78644100.0,80.39749908447266,86878000.0,156.74868774414062,5282000.0,9.5,338584400.0
2019-02-19,100.40622599309604,101.21663226126545,100.39690901803118,100.76019287109376,18038500.0,1340.0999755859375,390.0,14.880000114440918,0.0,169.53050231933594,900500.0,3.87868857383728,551892000.0,23.950000762939453,57517900.0,81.37899780273438,73634000.0,158.2860870361328,3883200.0,9.5,338584400.0
2019-02-20,100.90051571423172,100.97535556186592,99.43181760573437,100.236328125,21607700.0,1343.300048828125,581.0,14.020000457763672,0.0,170.82208251953125,600400.0,3.925983190536499,540988000.0,23.950000762939453,57091600.0,81.1050033569336,66752000.0,156.2460479736328,7047200.0,9.5,338584400.0
2019-02-21,100.00246857172826,102.41600036164678,99.97440541044664,102.35051727294922,29063200.0,1323.5,414.0,14.460000038146973,0.0,169.59559631347656,712700.0,3.857145547866821,448548000.0,23.920000076293945,49608200.0,80.97200012207031,69668000.0,157.3203125,4463000.0,9.5,338584400.0
2019-02-22,102.949238430364,104.02503118419928,102.73407559732344,103.80987548828124,27763200.0,1329.199951171875,718.0,13.510000228881836,0.0,171.788330078125,495600.0,3.941831350326538,401740000.0,24.36000061035156,52650700.0,81.5780029296875,61924000.0,158.97596740722656,4175000.0,9.5,338584400.0
2019-02-25,104.548898555041,104.94179713341468,104.08116011303738,104.38986206054688,23750600.0,1325.9000244140625,185.0,14.850000381469728,0.0,173.7395477294922,737200.0,3.929450750350952,656020000.0,24.709999084472656,63221000.0,81.6500015258789,63690000.0,159.02523803710938,5076700.0,9.5,338584400.0
2019-02-26,104.08116812105814,105.93340849711564,103.99697148371584,105.11019134521484,21536700.0,1325.0999755859375,939.0,15.170000076293944,0.0,172.22503662109375,660600.0,3.8900790214538574,488464000.0,24.209999084472656,48470100.0,81.81999969482422,53316000.0,160.64151000976562,4496300.0,9.5,338584400.0
2019-02-27,104.48340920138725,105.11017696322716,103.72566811747755,104.93243408203124,21487100.0,1317.699951171875,604.0,14.699999809265137,0.0,171.0728759765625,387900.0,3.848231554031372,500256000.0,23.479999542236328,62649300.0,82.05449676513672,62976000.0,160.75978088378906,4278300.0,9.5,338584400.0
2019-02-28,104.81080177195452,105.59659871001595,104.52080630249668,104.80144500732422,29083900.0,1312.800048828125,141.0,14.779999732971191,0.0,169.9114990234375,318500.0,3.8236916065216064,324944000.0,23.530000686645508,39384900.0,81.99150085449219,60518000.0,161.2821044921875,6908100.0,9.5,338584400.0
2019-03-01,105.60596775127948,105.72757715712972,104.46468499579466,105.26919555664062,23501200.0,1296.4000244140625,110.0,13.56999969482422,0.0,171.9927520751953,389800.0,3.877975702285767,357188000.0,23.68000030517578,48084000.0,83.58650207519531,99498000.0,162.14938354492188,6919900.0,9.5,338584400.0
2019-03-04,105.72756629677257,105.94272906345957,103.65081415931894,105.01660919189452,26608000.0,1284.800048828125,28.0,14.630000114440918,0.0,172.50381469726562,558300.0,3.886155366897583,409992000.0,23.3700008392334,48147700.0,84.80850219726562,123348000.0,156.20663452148438,17886300.0,9.5,338584400.0
2019-03-05,105.00727481913144,105.1382410051744,104.05309158694376,104.49275970458984,19538300.0,1282.0,114.0,14.739999771118164,0.0,171.45384216308594,258700.0,3.879711389541626,362924000.0,23.5,35462600.0,84.62149810791016,73630000.0,154.69879150390625,16042900.0,9.5,338584400.0
2019-03-06,104.65179531117776,105.39082286170616,104.24018322300454,104.53953552246094,17687000.0,1284.9000244140625,14.0,15.739999771118164,0.0,168.3226776123047,499300.0,3.768911600112915,403524000.0,22.40999984741211,60479400.0,83.44750213623047,79920000.0,154.52139282226562,7436300.0,9.5,338584400.0
2019-03-07,104.21210642016798,104.35242935341722,102.78082820269172,103.26727294921876,25339000.0,1283.800048828125,11.0,16.59000015258789,0.0,164.9405975341797,648300.0,3.6997554302215576,450104000.0,22.07999992370605,52186300.0,81.29750061035156,99140000.0,153.34860229492188,6916500.0,9.5,338584400.0
2019-03-08,102.1166548182779,103.56663963144553,101.77988258643158,103.37954711914062,22818400.0,1297.0,10.0,16.049999237060547,0.0,166.1670684814453,415700.0,3.733961582183838,422416000.0,22.01000022888184,49967700.0,81.04000091552734,93340000.0,152.81642150878906,4800700.0,9.5,338584400.0
2019-03-11,103.8285619126434,105.66209547609726,103.81921228392213,105.54984283447266,26491600.0,1288.800048828125,9.0,14.329999923706056,0.0,168.257568359375,609900.0,3.994229316711426,859728000.0,22.959999084472656,54420200.0,83.53099822998047,77528000.0,155.368896484375,5699500.0,9.5,338584400.0
2019-03-12,105.54049507990317,106.63500125192128,105.38146573260926,106.28887939453124,26132700.0,1296.300048828125,1.0,13.770000457763672,0.0,169.57696533203125,509000.0,4.0284342765808105,579576000.0,23.489999771118164,56410600.0,83.65499877929688,72290000.0,155.9898223876953,4082100.0,9.5,338584400.0
2019-03-13,106.76593927306166,107.57980646524888,106.4385238982001,107.11206817626952,35513800.0,1307.5,0.0,13.40999984741211,0.0,169.59559631347656,418500.0,4.179637432098389,768900000.0,23.3799991607666,56705800.0,84.54049682617188,71040000.0,157.49766540527344,5230600.0,9.5,338584400.0
2019-03-14,107.14951187609964,107.76692284327532,106.95306260758368,107.19628143310548,30763400.0,1293.4000244140625,1.0,13.5,0.0,170.3017120361328,524100.0,4.103788375854492,519384000.0,22.81999969482422,42818600.0,84.31099700927734,58932000.0,158.34523010253906,3247200.0,9.5,338584400.0
2019-03-15,107.89787800242888,109.68464190620725,107.19627048490516,108.4311065673828,54681100.0,1301.800048828125,26.0,12.880000114440918,0.0,179.1470947265625,1445100.0,4.209133625030518,661484000.0,23.290000915527344,46519900.0,85.61799621582031,151018000.0,159.17308044433594,6743700.0,9.5,338584400.0
2019-03-18,108.67433228286708,110.02142108610472,108.56207964067806,109.98400115966795,31207600.0,1300.300048828125,8.0,13.100000381469728,0.0,177.130859375,589500.0,4.187817096710205,486992000.0,23.25,34731800.0,87.10749816894531,108582000.0,159.6067352294922,3575500.0,9.5,338584400.0
2019-03-19,110.47044279551112,110.79786535826464,109.4414198276143,110.058837890625,37588700.0,1305.0,20.0,13.5600004196167,0.0,177.288818359375,683400.0,4.355379104614258,854972000.0,26.0,156052200.0,88.09249877929688,127284000.0,161.5580596923828,4379000.0,9.5,338584400.0
2019-03-20,109.81561593275109,111.0878648932349,109.17949145250918,109.93722534179688,28113300.0,1300.5,2.0,13.90999984741211,0.0,177.595458984375,584100.0,4.322909832000732,719148000.0,25.700000762939453,151292100.0,89.8635025024414,125312000.0,161.14410400390625,4391000.0,9.5,338584400.0
2019-03-21,109.58174267775873,113.02429730126065,109.53496598679595,112.4630126953125,29854400.0,1306.0999755859375,0.0,13.630000114440918,0.0,180.58729553222656,770100.0,4.559378623962402,824312000.0,27.88999938964844,129610300.0,90.96299743652344,115356000.0,164.53436279296875,4277800.0,9.5,338584400.0
2019-03-22,111.78946603234604,111.87365550981598,109.48819419892963,109.49755096435548,33624500.0,1311.5999755859375,0.0,16.479999542236328,0.0,174.44566345214844,937000.0,4.399747848510742,747644000.0,26.3700008392334,115323300.0,88.2385025024414,127260000.0,159.16322326660156,5614300.0,9.5,338584400.0
2019-03-25,109.03916145254556,110.39560694464828,108.81464904379506,110.06819152832033,27067100.0,1321.9000244140625,19.0,16.329999923706055,0.0,173.1263427734375,1028700.0,4.307539939880371,525212000.0,25.96999931335449,78438200.0,88.71299743652344,102076000.0,158.5522003173828,3795400.0,9.5,338584400.0
2019-03-26,110.9662506000597,111.05044007866556,109.31045281626866,110.30206298828124,26097700.0,1314.300048828125,1.0,14.68000030517578,0.0,174.0182647705078,414800.0,4.384134292602539,703508000.0,25.690000534057617,75754100.0,89.18800354003906,97318000.0,157.0935821533203,6910300.0,9.5,338584400.0
2019-03-27,110.27398296647507,110.58269196837978,108.06625754086872,109.23560333251952,22733400.0,1309.9000244140625,206263.0,15.149999618530272,0.0,171.01715087890625,786700.0,4.374961853027344,474372000.0,24.88999938964844,88585300.0,88.28500366210938,86496000.0,152.8755340576172,8218700.0,9.5,338584400.0
2019-03-28,109.86240249935248,109.99336868613275,108.63692298430551,109.38530731201172,18334800.0,1289.800048828125,87798.0,14.43000030517578,0.0,171.147216796875,312100.0,4.393552303314209,480264000.0,25.059999465942383,64667500.0,88.6709976196289,60860000.0,152.93467712402344,4424800.0,9.5,338584400.0
2019-03-29,110.45174094038818,110.6856101307538,109.41336116419514,110.33013153076172,25399800.0,1293.0,1265.0,13.710000038146973,0.0,174.72439575195312,687400.0,4.45081090927124,456896000.0,25.520000457763672,53502800.0,89.0374984741211,66416000.0,156.0784912109375,4913100.0,9.5,338584400.0
2019-04-01,111.27494813132247,111.42462782580613,110.47979438145998,111.3404312133789,22789100.0,1288.4000244140625,675.0,13.399999618530272,0.0,178.84048461914062,647500.0,4.518231391906738,483824000.0,26.36000061035156,63000300.0,90.70950317382812,84776000.0,158.84783935546875,4601100.0,9.5,338584400.0
2019-04-02,111.37785702929526,111.77076267954062,110.87269873936926,111.49947357177734,18142300.0,1290.0,525.0,13.359999656677246,0.0,180.10414123535156,498300.0,4.53607988357544,440920000.0,26.75,53358800.0,90.6989974975586,68962000.0,158.18756103515625,3158400.0,9.5,338584400.0
2019-04-03,112.1262458494194,112.65946732105716,111.46205820138788,112.2291488647461,22860700.0,1289.9000244140625,172.0,13.739999771118164,0.0,183.727783203125,691700.0,4.675382614135742,783504000.0,29.020000457763672,197650500.0,91.03500366210938,78522000.0,160.26699829101562,3819100.0,9.5,338584400.0
2019-04-04,112.35074376166614,112.47236029340806,110.74172278854256,111.6584930419922,20112800.0,1289.0,269.0,13.579999923706056,0.0,184.3224029541016,437500.0,4.66646146774292,457376000.0,29.09000015258789,82191100.0,90.94300079345705,72478000.0,156.22634887695312,6295200.0,9.5,338584400.0
2019-04-05,111.68657373732248,112.47237795468952,111.66786734179728,112.15431213378906,15826200.0,1290.4000244140625,181.0,12.81999969482422,0.0,187.1191253662109,503300.0,4.7331390380859375,481744000.0,28.979999542236328,65662700.0,91.86399841308594,72810000.0,156.26576232910156,4315300.0,9.5,338584400.0
2019-04-08,112.07947452719574,112.2759238012004,110.98496837040328,112.19173431396484,15116200.0,1297.0999755859375,63.0,13.18000030517578,0.0,189.1353454589844,503600.0,4.753960609436035,424192000.0,28.530000686645508,58002500.0,92.49299621582033,75056000.0,156.17706298828125,2848400.0,9.5,338584400.0
2019-04-09,110.9755950467194,111.82688224418555,110.92882549538471,111.58365631103516,17612000.0,1303.5,30.0,14.279999732971191,0.0,187.286376953125,708300.0,4.691247940063477,439972000.0,27.239999771118164,75539800.0,91.79199981689452,74288000.0,154.69879150390625,5642900.0,9.5,338584400.0
2019-04-10,112.03269649812044,112.58462434948032,111.82689047316552,112.43495178222656,16477200.0,1309.0999755859375,66.0,13.300000190734863,0.0,185.6324920654297,611600.0,4.761643409729004,444772000.0,27.82999992370605,64368100.0,92.3665008544922,59280000.0,157.92144775390625,3414700.0,9.5,338584400.0
2019-04-11,112.7623519425066,113.05234740905686,112.18235387228594,112.56590270996094,14209100.0,1288.5999755859375,420.0,13.020000457763672,0.0,183.8857269287109,453300.0,4.747762203216553,374600000.0,27.790000915527344,44801200.0,92.20349884033205,53096000.0,158.4043426513672,2578400.0,9.5,338584400.0
2019-04-12,112.85591665637388,113.17398246861612,112.60334106949092,113.14591217041016,19745100.0,1290.5999755859375,607.0,12.010000228881836,0.0,188.44778442382807,430900.0,4.709837913513184,471708000.0,27.850000381469727,41048800.0,92.15299987792967,62288000.0,158.38465881347656,2844200.0,9.5,338584400.0
2019-04-15,113.13656079235206,113.7352653433058,112.7904318243764,113.23946380615234,15792600.0,1286.800048828125,523.0,12.31999969482422,0.0,185.678955078125,389400.0,4.578217029571533,440092000.0,27.32999992370605,40812500.0,92.24349975585938,74488000.0,157.7736358642578,2608400.0,9.5,338584400.0
2019-04-16,113.79139882882426,113.80075559533736,112.35076368204014,112.97753143310548,14071800.0,1272.5999755859375,643.0,12.18000030517578,0.0,189.19110107421875,755200.0,4.665221214294434,394964000.0,27.93000030517578,47340100.0,93.1520004272461,60892000.0,156.39389038085938,3004800.0,9.5,338584400.0
2019-04-17,113.41720047291092,113.98784186792793,112.76236959524611,113.91300201416016,19300900.0,1272.199951171875,308.0,12.600000381469728,0.0,188.9495086669922,1280500.0,4.6424174308776855,351004000.0,27.489999771118164,48240800.0,93.24099731445312,57870000.0,153.09234619140625,4765500.0,9.5,338584400.0
2019-04-18,114.30589676373316,115.55007531249971,113.47332309714598,115.40975952148438,27991000.0,1271.9000244140625,27.0,12.09000015258789,0.0,191.31881713867188,1007900.0,4.61787748336792,380988000.0,27.68000030517578,39880900.0,93.08450317382812,54998000.0,153.73294067382812,4391500.0,9.5,338584400.0
2019-04-22,114.70819210778534,115.9991477961524,114.6614154030183,115.7746353149414,15648700.0,1273.5,147.0,12.420000076293944,0.0,190.94712829589844,357500.0,4.671667098999023,279936000.0,28.18000030517578,36477300.0,94.3655014038086,67476000.0,156.46282958984375,2943300.0,9.5,338584400.0
2019-04-23,116.09264900374863,117.4771575642116,115.84007345257136,117.34619140625,24025500.0,1269.300048828125,206.0,12.279999732971191,0.0,190.74278259277344,438200.0,4.726198673248291,346856000.0,27.96999931335449,41777500.0,96.1884994506836,92808000.0,158.89712524414062,3418400.0,9.5,338584400.0
2019-04-24,117.67362521549175,117.72975153850965,116.48556570605588,116.94395446777344,31257000.0,1275.5,518.0,13.140000343322754,0.0,190.85423278808597,485700.0,4.73859167098999,318204000.0,28.459999084472656,51784700.0,95.0875015258789,73516000.0,157.25128173828125,3384900.0,9.5,338584400.0
2019-04-25,121.66812088379604,122.89359331427688,120.5174883167198,120.81683349609376,38033900.0,1275.800048828125,95.0,13.25,0.0,191.5975799560547,756700.0,4.632997989654541,499296000.0,27.65999984741211,57329700.0,95.1125030517578,121982000.0,160.73020935058594,5498400.0,9.5,338584400.0
2019-04-26,121.33133610654112,122.09843392154195,120.69521874465616,121.5090789794922,23654900.0,1284.9000244140625,804.0,12.729999542236328,0.0,194.77105712890625,637900.0,4.414373397827148,868988000.0,27.8799991607666,48827900.0,97.53150177001952,168652000.0,163.5587158203125,3342900.0,9.5,338584400.0
2019-04-29,121.51840706352192,121.7803393748275,121.00390634261194,121.39680480957033,16324200.0,1278.5999755859375,568.0,13.109999656677246,0.0,194.0284576416016,365800.0,4.44511079788208,391920000.0,27.690000534057617,44532700.0,96.92150115966795,80426000.0,162.9673614501953,4509700.0,9.5,338584400.0
2019-04-30,121.43422895826848,122.2668026558876,121.04133045454007,122.17326354980467,24166500.0,1282.800048828125,114.0,13.119999885559082,0.0,196.29391479492188,337500.0,4.486504077911377,362920000.0,27.6299991607666,73165900.0,96.32599639892578,70120000.0,162.95750427246094,3581800.0,9.5,338584400.0
2019-05-01,122.10778383322416,122.22003647987704,119.46038281379764,119.62876892089844,26821700.0,1281.4000244140625,70.0,14.800000190734863,0.0,194.00962829589844,391200.0,4.473367214202881,354280000.0,26.809999465942383,136066900.0,95.57599639892578,62340000.0,159.80381774902344,2707700.0,9.5,338584400.0
2019-05-02,119.72231854824663,119.74102494306064,117.42103944445547,118.06652069091795,27350200.0,1269.699951171875,63.0,14.420000076293944,0.0,193.5772399902344,405500.0,4.540788650512695,394684000.0,28.290000915527344,100514800.0,95.04100036621094,79258000.0,159.4884490966797,3181100.0,9.5,338584400.0
2019-05-03,119.1423113317902,121.07874064972248,119.03940832533304,120.58293914794922,24911100.0,1279.199951171875,15.0,12.869999885559082,0.0,196.1622314453125,345200.0,4.536326885223389,336824000.0,28.21999931335449,55503100.0,98.1230010986328,127632000.0,160.97659301757812,3131000.0,9.5,338584400.0
2019-05-06,118.23489103327869,120.26487361328238,117.97295871806791,119.8813247680664,24239800.0,1281.699951171875,12.0,15.4399995803833,0.0,192.86282348632807,413200.0,4.457998752593994,422176000.0,27.420000076293945,70344100.0,97.52749633789062,108356000.0,160.14874267578125,2520600.0,9.5,338584400.0
2019-05-07,118.30039386139306,118.9739382913038,116.20492785276528,117.4210433959961,36017700.0,1283.5,8.0,19.31999969482422,0.0,188.6515350341797,623100.0,4.290931224822998,555220000.0,26.65999984741211,75868800.0,96.0500030517578,118042000.0,154.62979125976562,6541900.0,9.5,338584400.0
2019-05-08,117.3462295462202,118.21622338522852,116.70074817424296,117.41171264648438,28419000.0,1279.4000244140625,5.0,19.399999618530277,0.0,189.34719848632807,573400.0,4.311010837554932,419168000.0,27.09000015258789,65967500.0,95.88849639892578,81572000.0,154.5903778076172,4061300.0,9.5,338584400.0
2019-05-09,116.27041762687296,117.67363289081716,115.5968731582402,117.40234375,27235800.0,1283.5,38.0,19.100000381469727,0.0,187.05355834960935,688000.0,4.2185540199279785,660248000.0,27.209999084472656,73150900.0,94.99349975585938,106166000.0,154.04832458496094,5809300.0,9.5,338584400.0
2019-05-10,116.85039469200036,119.67553110513674,115.83072140676327,118.9271469116211,30915100.0,1285.699951171875,6.0,16.040000915527344,0.0,186.8185577392578,780200.0,4.184594631195068,569500000.0,27.959999084472656,82930100.0,94.4990005493164,114360000.0,157.62579345703125,4462200.0,9.5,338584400.0
2019-05-13,116.1020242297008,117.44911308249895,115.10106435633593,115.39105987548828,33944900.0,1300.0999755859375,56.0,20.549999237060547,0.0,179.0164031982422,994000.0,3.9275505542755127,656912000.0,26.239999771118164,99017900.0,91.13400268554688,115668000.0,150.93402099609375,5694600.0,9.5,338584400.0
2019-05-14,115.87749633810007,117.75779928426198,115.71845988183324,116.6820068359375,25266300.0,1294.699951171875,6.0,18.059999465942383,0.0,186.16049194335935,1036700.0,4.016537189483643,524880000.0,27.31999969482422,82980400.0,92.00599670410156,92582000.0,155.78286743164062,4954000.0,9.5,338584400.0
2019-05-15,116.67260617151788,118.97300472414544,116.14679526190169,118.32513427734376,24722700.0,1296.300048828125,55.0,16.440000534057617,0.0,188.59518432617188,711300.0,3.9555604457855225,502320000.0,27.57999992370605,55689900.0,93.55750274658205,93852000.0,152.81642150878906,7783800.0,9.5,338584400.0
2019-05-16,119.01057583676588,121.47999118632816,118.7382825353844,121.05745697021484,30112200.0,1285.0,3.0,15.289999961853027,0.0,190.01458740234372,708600.0,3.970679998397827,781088000.0,28.01000022888184,67330100.0,95.37850189208984,94156000.0,156.18690490722656,5048100.0,9.5,338584400.0
2019-05-17,120.47534397564394,122.49407281564774,120.1091580859066,120.25000762939452,25770500.0,1274.5,1.0,15.960000038146973,0.0,189.1309967041016,700300.0,3.879959106445313,1022068000.0,27.5,65385400.0,93.4499969482422,94732000.0,152.33349609375,5314000.0,9.5,338584400.0
2019-05-20,118.79462463973464,119.79928963723596,118.08103576395764,118.51294708251952,23706900.0,1276.0999755859375,20.0,16.309999465942383,0.0,179.0540008544922,1287300.0,3.761475563049317,572064000.0,26.68000030517578,69757400.0,92.94850158691406,75964000.0,153.72308349609375,5437600.0,9.5,338584400.0
2019-05-21,119.64904970668051,119.7429422152896,118.85095263819464,119.1514129638672,15293300.0,1272.0,0.0,14.949999809265137,0.0,182.1278839111328,736600.0,3.8435211181640634,361848000.0,27.350000381469727,46079200.0,92.8759994506836,80102000.0,153.5260009765625,3803100.0,9.5,338584400.0
2019-05-22,118.88853785820665,120.409622629093,118.7946381649041,119.87442016601562,15396500.0,1273.5999755859375,0.0,14.75,0.0,180.04103088378906,505300.0,3.77263069152832,325868000.0,27.40999984741211,40035300.0,92.98400115966795,58732000.0,155.3590545654297,3170100.0,9.5,338584400.0
2019-05-23,118.49417847267834,118.5786867644425,117.12332747213196,118.47540283203124,23603800.0,1284.800048828125,0.0,16.920000076293945,0.0,179.1855926513672,835500.0,3.651667594909668,591844000.0,26.36000061035156,67809200.0,90.77400207519533,88486000.0,151.48594665527344,4508200.0,9.5,338584400.0
2019-05-24,119.16084095493612,119.63969504494756,118.27823534319974,118.53174591064452,14123400.0,1283.0,9.0,15.850000381469728,0.0,178.414794921875,432200.0,3.597879409790039,357584000.0,26.440000534057617,39835800.0,91.16400146484376,67394000.0,152.27435302734375,3151700.0,9.5,338584400.0
2019-05-28,119.22654942142827,120.18426462822669,118.3533353371972,118.45661926269533,23128400.0,1276.5,0.0,17.5,0.0,179.53343200683594,665700.0,3.5527658462524414,428356000.0,29.049999237060547,146949600.0,91.82150268554688,64000000.0,152.9445343017578,4934100.0,9.5,338584400.0
2019-05-29,117.72424764352208,117.7336390455667,116.4660719840953,117.31111907958984,22763100.0,1280.5999755859375,189694.0,17.899999618530273,0.0,177.2491912841797,1154100.0,3.478652000427246,559800000.0,28.09000015258789,99969600.0,90.95950317382812,85580000.0,150.67779541015625,4359500.0,9.5,338584400.0
2019-05-30,117.61157657430708,118.08104637539486,117.16088241330488,118.0528793334961,16829600.0,1287.0999755859375,55573.0,17.299999237060547,0.0,178.49942016601562,465300.0,3.4521000385284424,394300000.0,28.030000686645508,65289100.0,90.81600189208984,62938000.0,153.40773010253906,4418100.0,9.5,338584400.0
2019-05-31,116.64447141098104,117.01065728739484,115.79003292365503,116.1280517578125,26646800.0,1305.800048828125,2814.0,18.709999084472656,0.0,176.76974487304688,777300.0,3.361522436141968,389720000.0,27.40999984741211,68667800.0,88.75350189208984,92376000.0,149.21920776367188,5326900.0,9.5,338584400.0
2019-06-03,116.28766401514834,116.77591660188548,111.74319994644044,112.52251434326172,37983600.0,1322.699951171875,812.0,18.86000061035156,0.0,175.763916015625,527300.0,3.3198320865631104,478644000.0,27.57999992370605,147532200.0,84.6344985961914,181974000.0,143.00054931640625,8835200.0,9.5,338584400.0
2019-06-04,113.8746050727685,115.75248446292244,113.2830756437449,115.63981628417967,29382600.0,1323.4000244140625,302.0,16.969999313354492,0.0,179.03518676757812,922600.0,3.5486326217651367,641836000.0,29.56999969482422,107549500.0,86.47799682617188,113582000.0,148.6278839111328,12375100.0,9.5,338584400.0
2019-06-05,117.32047253625991,118.18430220919734,116.62565940161674,118.14674377441406,24926100.0,1328.300048828125,622.0,16.09000015258789,0.0,178.038818359375,356400.0,3.5059502124786377,511616000.0,29.5,79481500.0,86.92500305175781,84796000.0,156.14749145507812,12072400.0,9.5,338584400.0
2019-06-06,118.71952472637606,120.15610116107074,117.9308117412543,120.0152587890625,21459000.0,1337.5999755859375,161.0,15.93000030517578,0.0,181.1972503662109,399300.0,3.567988634109497,408140000.0,31.81999969482422,131267800.0,87.71800231933594,73786000.0,157.0049285888672,5601200.0,9.5,338584400.0
2019-06-07,121.3015846183806,124.17473691941989,120.4283635173731,123.37663269042967,33885600.0,1341.199951171875,240.0,16.299999237060547,0.0,184.82569885253903,482300.0,3.610671281814575,348856000.0,32.40999984741211,86841100.0,90.20149993896484,96164000.0,158.93653869628906,7175300.0,9.5,338584400.0
2019-06-10,124.31555761189804,125.89298308626634,123.93998762266008,124.50335693359376,26477100.0,1324.699951171875,268.0,15.9399995803833,0.0,186.3673095703125,755900.0,3.683380603790283,402780000.0,33.22999954223633,97668800.0,93.03150177001952,107420000.0,150.57923889160156,29856300.0,9.5,338584400.0
2019-06-11,125.70524700534548,126.04326585801827,123.26399814414384,124.033935546875,23913700.0,1326.4000244140625,201.0,15.989999771118164,0.0,188.0969696044922,520400.0,3.740953922271729,383872000.0,32.40999984741211,82834900.0,93.18499755859376,80854000.0,147.97744750976562,15214300.0,9.5,338584400.0
2019-06-12,123.376666182239,123.91186866799384,122.72880984849482,123.461181640625,17092500.0,1331.9000244140625,139.0,15.90999984741211,0.0,185.0137176513672,464500.0,3.628042221069336,358892000.0,32.18000030517578,56298700.0,92.76599884033205,53566000.0,149.09109497070312,7161300.0,9.5,338584400.0
2019-06-13,123.92122820475676,124.87895048320266,123.52687534353302,124.240478515625,17200800.0,1339.199951171875,157.0,15.81999969482422,0.0,186.0570831298828,268300.0,3.6791625022888175,308080000.0,31.38999938964844,63556000.0,93.51499938964844,55916000.0,149.1502227783203,5173800.0,9.5,338584400.0
2019-06-14,124.18417086474123,125.6207475903,123.60203278243443,124.3625717163086,17821700.0,1340.0999755859375,914.0,15.279999732971191,0.0,180.50164794921875,482300.0,3.589329719543457,394428000.0,30.36000061035156,70373000.0,93.4834976196289,57024000.0,147.8394775390625,6248200.0,9.5,338584400.0
2019-06-17,124.5315531920327,125.56437806836328,124.43765350914808,124.73812103271484,14517800.0,1338.699951171875,76.0,15.350000381469728,0.0,178.2643585205078,476400.0,3.5990078449249268,276040000.0,29.200000762939453,70865700.0,94.30149841308594,52686000.0,148.1154327392578,4491800.0,9.5,338584400.0
2019-06-18,125.9963090327076,126.98219849233656,125.41417105698147,126.9070816040039,25934500.0,1346.5999755859375,29.0,15.149999618530272,0.0,183.03965759277344,1358900.0,3.793811321258545,581920000.0,30.450000762939453,86444500.0,95.06849670410156,77914000.0,148.41107177734375,7317800.0,9.5,338584400.0
2019-06-19,126.756868647794,127.63007575481188,125.63952803182448,127.4047393798828,23744400.0,1344.5999755859375,129.0,14.329999923706056,0.0,185.0137176513672,358200.0,3.7997660636901855,331644000.0,30.5,63233900.0,95.4394989013672,57906000.0,151.9097137451172,8095300.0,9.5,338584400.0
2019-06-20,129.0572230153629,129.25440660145264,127.43286179759797,128.58775329589844,33042600.0,1392.9000244140625,76.0,14.75,0.0,189.56336975097656,431100.0,3.824085712432861,350168000.0,30.01000022888184,72418200.0,95.90950012207033,64344000.0,154.92544555664062,10153600.0,9.5,338584400.0
2019-06-21,128.24032062426136,129.32009499843014,128.12765250231692,128.60650634765625,36727900.0,1396.199951171875,35.0,15.399999618530272,0.0,190.13677978515625,562900.0,3.7660164833068848,434428000.0,29.100000381469727,81861300.0,95.56500244140624,78672000.0,154.57066345214844,9706900.0,9.5,338584400.0
2019-06-24,128.6347090386564,129.9492185826722,128.6347090386564,129.36708068847656,20628800.0,1414.300048828125,125.0,15.260000228881836,0.0,190.63499450683597,476800.0,3.788351058959961,282948000.0,29.26000022888184,55724800.0,95.69499969482422,45660000.0,150.3525848388672,6378200.0,9.5,338584400.0
2019-06-25,128.86946345678206,129.18869949059797,124.6254523426516,125.28270721435548,33327400.0,1414.9000244140625,105.0,16.280000686645508,0.0,187.1004943847656,535400.0,3.759068965911865,311868000.0,28.86000061035156,53680900.0,93.91349792480467,60246000.0,147.17916870117188,7362500.0,9.5,338584400.0
2019-06-26,126.14652631259584,127.45165163165,125.44232169453612,125.75215911865234,23657700.0,1411.5999755859375,1333.0,16.209999084472656,0.0,192.129638671875,784500.0,3.952133655548096,584072000.0,29.920000076293945,65064200.0,94.8915023803711,48838000.0,146.8834991455078,5844900.0,9.5,338584400.0
2019-06-27,125.94933310974832,126.48453545565324,125.35779669102784,125.9587173461914,16557500.0,1408.4000244140625,437.0,15.81999969482422,0.0,192.693603515625,345100.0,4.0506510734558105,445440000.0,30.739999771118164,55623300.0,95.21399688720705,42834000.0,148.50962829589844,6832800.0,9.5,338584400.0
2019-06-28,126.35307277944857,126.38123981324132,125.0291648828802,125.7803192138672,30043000.0,1409.699951171875,356.0,15.079999923706056,0.0,195.4572296142578,405000.0,4.075469017028809,397668000.0,30.3700008392334,50090900.0,94.68150329589844,60748000.0,149.53456115722656,6936600.0,9.5,338584400.0
2019-07-01,128.28734420092982,128.35306253415257,126.72870075830912,127.39533996582033,22613500.0,1385.5999755859375,214.0,14.0600004196167,0.0,202.074951171875,634200.0,4.123610019683838,709756000.0,31.200000762939453,60275900.0,96.1094970703125,63842000.0,151.83084106445312,6476400.0,9.5,338584400.0
2019-07-02,127.80843797875298,128.24974068240397,127.07606632739169,128.2403564453125,15237800.0,1404.5999755859375,38.0,12.93000030517578,0.0,201.55795288085935,572400.0,4.025835514068604,400228000.0,31.239999771118164,37721700.0,96.71549987792967,52918000.0,151.88999938964844,4736300.0,9.5,338584400.0
2019-07-03,128.4469012275211,129.32950647643514,127.9680330072805,129.0666046142578,13629300.0,1417.699951171875,46.0,12.56999969482422,0.0,201.00338745117188,297100.0,4.038740634918213,246636000.0,31.190000534057617,23462000.0,96.9499969482422,33806000.0,153.3387451171875,3885400.0,9.5,338584400.0
2019-07-05,127.6394778312896,128.94460357127926,127.43290993053576,128.6910858154297,18141100.0,1396.699951171875,20.0,13.279999732971191,0.0,197.1680908203125,428600.0,3.976205825805664,396552000.0,31.5,34011900.0,97.14550018310548,52568000.0,152.34336853027344,3940900.0,9.5,338584400.0
2019-07-08,128.0713497823353,128.7286189335835,127.10424318525716,128.59716796875,16779700.0,1397.0,14.0,13.960000038146973,0.0,195.55126953125,425300.0,3.901262044906616,329788000.0,32.040000915527344,49689400.0,97.61599731445312,57668000.0,150.59896850585938,4717400.0,9.5,338584400.0
2019-07-09,127.69576708956896,128.60653951571237,127.50798206220604,128.127685546875,19953100.0,1397.5,53.0,14.09000015258789,0.0,194.2164459228516,530000.0,3.903743743896485,342860000.0,33.150001525878906,61419800.0,99.41500091552734,86914000.0,151.7224578857422,4979100.0,9.5,338584400.0
2019-07-10,128.75680832510093,130.1182680530164,128.65352438286828,129.43284606933594,24204400.0,1410.0999755859375,50.0,13.029999732971191,0.0,195.63584899902344,986500.0,3.971987009048462,452076000.0,33.790000915527344,60388400.0,100.87049865722656,98638000.0,154.00889587402344,4966300.0,9.5,338584400.0
2019-07-11,129.76140324528905,130.71912530486543,129.45155156933563,129.94918823242188,22327900.0,1404.300048828125,6.0,12.93000030517578,0.0,196.2186737060547,269600.0,4.126340389251709,682560000.0,33.060001373291016,63081800.0,100.05349731445312,86356000.0,156.600830078125,7083200.0,9.5,338584400.0
2019-07-12,130.37175040151538,130.63465230545916,129.58303036260477,130.41868591308594,18936800.0,1409.9000244140625,8.0,12.390000343322754,0.0,195.6922607421875,427400.0,4.159344673156738,506392000.0,33.209999084472656,51509700.0,100.5500030517578,50186000.0,155.79270935058594,4348000.0,9.5,338584400.0
2019-07-15,130.925721247177,131.01960659739734,130.0055645833737,130.41868591308594,16651500.0,1411.4000244140625,25.0,12.68000030517578,0.0,194.3574676513672,681300.0,4.150907039642334,289840000.0,34.38999938964844,65565200.0,101.04949951171876,59626000.0,157.33998107910156,3603700.0,9.5,338584400.0
2019-07-16,130.47504985569148,130.5595509790779,128.18403499667505,128.7098388671875,22726100.0,1409.199951171875,13.0,12.859999656677246,0.0,192.7030334472656,639200.0,4.14619255065918,341444000.0,33.849998474121094,66912700.0,100.49500274658205,52364000.0,154.8564453125,6913100.0,9.5,338584400.0
2019-07-17,129.29198712718318,129.50793923541357,127.90236045474984,127.94931030273438,20211000.0,1421.300048828125,6.0,13.970000267028809,0.0,204.6129913330078,2050400.0,4.211457252502441,348204000.0,33.599998474121094,42557900.0,99.60150146484376,51176000.0,155.9503936767578,4160500.0,9.5,338584400.0
2019-07-18,127.27327599203996,128.2779339956309,126.44700449220257,128.09014892578125,30381800.0,1426.0999755859375,66.0,13.529999732971191,0.0,213.05438232421875,1750500.0,4.223121166229248,442192000.0,33.0,58473900.0,98.8949966430664,69738000.0,155.69415283203125,3724000.0,9.5,338584400.0
2019-07-19,131.65801791006032,132.08053756314382,128.11821413239937,128.27783203125,48992400.0,1425.0999755859375,22.0,14.449999809265137,0.0,210.20611572265625,790500.0,4.179941654205322,344896000.0,32.5099983215332,44617700.0,98.22599792480467,63712000.0,154.48194885253906,5218800.0,9.5,338584400.0
2019-07-22,129.01969365850033,130.69100499753577,128.94457677137632,129.97740173339844,25074900.0,1425.300048828125,1.0,13.529999732971191,0.0,214.07894897460935,787500.0,4.251410484313965,315940000.0,32.849998474121094,37777300.0,99.28150177001952,58000000.0,155.41819763183594,2909500.0,9.5,338584400.0
2019-07-23,131.2261843196345,131.4421507282906,129.60182293485272,130.78488159179688,18034600.0,1420.0999755859375,5.0,12.609999656677246,0.0,216.4007873535156,831100.0,4.359110355377197,428176000.0,33.4900016784668,38532500.0,99.72450256347656,54070000.0,153.98919677734375,4865800.0,9.5,338584400.0
2019-07-24,130.41868676271594,132.14634627756064,130.3717512508396,132.1275634765625,20738300.0,1422.800048828125,20.0,12.06999969482422,0.0,220.01986694335935,786500.0,4.433557033538818,366236000.0,34.11000061035156,41952300.0,100.04049682617188,52626000.0,157.4385528564453,4110500.0,9.5,338584400.0
2019-07-25,131.8552954655764,132.0243120620076,130.81308615042934,131.6299591064453,18356900.0,1413.9000244140625,4.0,12.739999771118164,0.0,216.25038146972656,521700.0,4.3025312423706055,392700000.0,33.66999816894531,36705600.0,98.69100189208984,82730000.0,157.04432678222656,6934500.0,9.5,338584400.0
2019-07-26,131.7989291040514,133.02893752007677,131.73321079109064,132.70970153808594,19037600.0,1418.5,5.0,12.15999984741211,0.0,217.0024261474609,399700.0,4.344468116760254,274160000.0,34.02000045776367,43502800.0,97.15249633789062,98542000.0,157.6553497314453,4979100.0,9.5,338584400.0
2019-07-29,132.85998878879855,132.8693730295489,130.86004232342364,132.41868591308594,16605900.0,1419.5999755859375,224267.0,12.829999923706056,0.0,217.115234375,325900.0,4.338265419006348,248160000.0,33.47999954223633,45922000.0,95.62249755859376,89864000.0,153.94976806640625,8880500.0,9.5,338584400.0
2019-07-30,131.5829982599211,132.59705477251788,131.26376222644112,131.78018188476562,16846500.0,1429.699951171875,73874.0,13.9399995803833,0.0,214.6429443359375,462000.0,4.353899955749512,197772000.0,33.869998931884766,72198900.0,94.92649841308594,58218000.0,154.68893432617188,4241600.0,9.5,338584400.0
2019-07-31,131.7614029949325,131.9116367776502,126.83196982528,127.94931030273438,38598800.0,1426.0999755859375,3294.0,16.1200008392334,0.0,209.4447021484375,519500.0,4.186890602111816,359416000.0,30.450000762939453,119190000.0,93.33899688720705,89414000.0,152.26451110839844,7454200.0,9.5,338584400.0
2019-08-01,128.63473115308523,132.33415564062386,128.56899850104418,129.6300048828125,40557500.0,1420.9000244140625,2431.0,17.8700008392334,0.0,208.15684509277344,834200.0,4.09259033203125,421212000.0,29.86000061035156,80878900.0,92.76599884033205,94266000.0,148.6278839111328,26124700.0,9.5,338584400.0
2019-08-02,129.6581883882278,129.8741548491416,127.00098714062928,128.5408477783203,30791600.0,1445.5999755859375,1873.0,17.610000610351562,0.0,206.71864318847656,555700.0,4.000028133392334,428348000.0,29.440000534057617,60410900.0,91.16200256347656,99124000.0,143.5918426513672,13138900.0,9.5,338584400.0
2019-08-05,125.16064003322052,125.75216218439742,122.79450844727305,124.13719940185548,42749600.0,1464.5999755859375,1008.0,24.59000015258789,0.0,199.4053497314453,693900.0,3.741946458816528,589156000.0,27.989999771118164,74333200.0,88.25650024414062,121164000.0,140.75347900390625,13070100.0,9.5,338584400.0
2019-08-06,125.63008856567936,127.3952848106844,125.0761177847224,126.46574401855467,32696700.0,1472.4000244140625,460.0,20.170000076293945,0.0,201.99974060058597,481400.0,3.780658483505249,361272000.0,28.86000061035156,60578400.0,89.3915023803711,101406000.0,140.73377990722656,6694000.0,9.5,338584400.0
2019-08-07,125.62070465437274,127.3671326314653,123.78039132707562,127.0197296142578,33414500.0,1507.300048828125,824.0,19.489999771118164,0.0,202.76116943359372,428700.0,3.818875551223755,372560000.0,29.190000534057617,58577500.0,89.66999816894531,90538000.0,139.590576171875,7635500.0,9.5,338584400.0
2019-08-08,128.25912167906165,130.50318616539488,127.63001970311252,130.40928649902344,27496500.0,1497.699951171875,367.0,16.90999984741211,0.0,206.83148193359372,627600.0,3.927318572998047,309300000.0,33.91999816894531,167278800.0,91.64450073242188,74024000.0,141.73904418945312,8670300.0,9.5,338584400.0
2019-08-09,130.14635480301166,130.86934195258428,128.1276413823058,129.3013153076172,23466700.0,1496.5999755859375,74.0,17.969999313354492,0.0,203.0337677001953,415100.0,3.826070070266724,341816000.0,34.189998626708984,132483900.0,90.37899780273438,57596000.0,141.29554748535156,5286700.0,9.5,338584400.0
2019-08-12,128.7004134991923,129.44216922366957,126.9821529040504,127.4985580444336,20484300.0,1505.300048828125,257.0,21.09000015258789,0.0,201.5861358642578,292000.0,3.758324384689331,279200000.0,32.43000030517578,106936000.0,89.24600219726562,58110000.0,138.68389892578125,4389500.0,9.5,338584400.0
2019-08-13,127.74266535885045,130.3247478421797,126.7567764543464,130.136962890625,25154600.0,1502.199951171875,672.0,17.520000457763672,0.0,206.0512542724609,587600.0,3.872475862503052,351956000.0,32.11000061035156,102009700.0,91.21700286865234,79880000.0,141.79818725585938,5205800.0,9.5,338584400.0
2019-08-14,128.46016288897036,128.98771772376344,125.92600220953322,126.2180404663086,32527300.0,1515.9000244140625,328.0,22.100000381469727,0.0,196.19989013671875,914100.0,3.724077939987183,419880000.0,30.239999771118164,127521500.0,88.14800262451172,97872000.0,137.6983642578125,8607800.0,9.5,338584400.0
2019-08-15,126.6042752391644,126.78327011599424,124.58825415895625,125.9354019165039,28074400.0,1519.5999755859375,87.0,21.18000030517578,0.0,197.271484375,671500.0,3.6918184757232666,477200000.0,29.670000076293945,71674400.0,88.80599975585938,75182000.0,140.07351684570312,6647700.0,9.5,338584400.0
2019-08-16,127.06590167277426,128.5543680876593,126.91516762131468,128.2434844970703,24449100.0,1512.5,1815.0,18.46999931335449,0.0,200.08213806152344,574500.0,3.9595787525177,1007960000.0,31.18000030517578,70469800.0,89.62850189208984,60360000.0,141.8080291748047,5341100.0,9.5,338584400.0
2019-08-19,129.86381796329613,130.52326136000605,128.95942818010255,130.39137268066406,24355700.0,1500.4000244140625,205.0,16.8799991607666,0.0,202.75180053710935,329200.0,4.238009929656982,815112000.0,31.479999542236328,67596900.0,90.80599975585938,56326000.0,141.59121704101562,4632100.0,9.5,338584400.0
2019-08-20,130.2029422990198,130.67397527772653,129.2891371703459,129.30796813964844,21170800.0,1504.5999755859375,486.0,17.5,0.0,201.81179809570312,275200.0,4.165796279907227,463188000.0,30.71999931335449,47924000.0,90.06900024414062,38590000.0,143.4341583251953,6259200.0,9.5,338584400.0
2019-08-21,130.5233181441601,131.40886296562158,130.00517868747582,130.74940490722656,14970300.0,1504.5999755859375,350.0,15.800000190734863,0.0,204.0113525390625,298100.0,4.249176979064941,427244000.0,31.700000762939453,41441500.0,91.177001953125,40636000.0,145.24752807617188,6142400.0,9.5,338584400.0
2019-08-22,130.62688959377687,131.13559896566568,128.3941831496518,129.79786682128906,18697000.0,1497.300048828125,686.0,16.68000030517578,0.0,202.34754943847656,376100.0,4.255382061004639,303488000.0,31.899999618530277,47667900.0,90.23300170898438,53070000.0,146.0950927734375,11744500.0,9.5,338584400.0
2019-08-23,129.24203941523453,130.3348394469583,125.1063701678189,125.66218566894533,38508600.0,1526.5999755859375,983.0,19.8700008392334,0.0,197.8730926513672,591500.0,4.031047821044922,568056000.0,29.540000915527344,83681100.0,87.48100280761719,105416000.0,149.37692260742188,26531900.0,9.5,338584400.0
2019-08-26,127.16952471344084,127.70649498606446,126.14266160475748,127.60286712646484,20312600.0,1526.300048828125,334.0,19.31999969482422,0.0,201.1537322998047,296800.0,4.105742454528809,318208000.0,30.280000686645508,50612500.0,88.44349670410156,61600000.0,152.89524841308594,8975400.0,9.5,338584400.0
2019-08-27,128.48836705108445,128.79925052190953,126.85859707504822,127.87602996826172,23102100.0,1541.0,166.0,20.309999465942383,0.0,201.2289886474609,359700.0,4.015165328979492,290968000.0,30.200000762939453,53229200.0,88.09149932861328,60394000.0,151.34796142578125,6516500.0,9.5,338584400.0
2019-08-28,127.06593700471308,127.89494576867416,125.81298680629207,127.70653533935548,17393300.0,1537.800048828125,2756.0,19.350000381469727,0.0,202.8081970214844,317500.0,4.004733562469482,255612000.0,30.780000686645508,55835900.0,88.2125015258789,48394000.0,149.6331329345703,5326800.0,9.5,338584400.0
2019-08-29,129.298631812875,130.41969328848745,128.97833264121277,130.11822509765625,20168700.0,1526.5,704.0,17.8799991607666,0.0,206.558837890625,370300.0,4.148310661315918,357976000.0,31.450000762939453,44422800.0,89.31999969482422,60302000.0,153.67379760742188,5979900.0,9.5,338584400.0
2019-08-30,131.08851969831468,131.116780537289,128.37537853324508,129.87326049804688,23940100.0,1519.0999755859375,276.0,18.979999542236328,0.0,209.25668334960935,357600.0,4.160976886749268,290616000.0,31.450000762939453,40307000.0,88.81449890136719,61174000.0,153.8118133544922,7591000.0,9.5,338584400.0
2019-09-03,128.6956147990459,129.25143019392752,127.83833143588576,128.15863037109375,18869300.0,1545.9000244140625,139.0,19.65999984741211,0.0,206.82205200195312,598700.0,4.078011989593506,296140000.0,30.899999618530277,38029300.0,89.49199676513672,70860000.0,150.52012634277344,4953800.0,9.5,338584400.0
2019-09-04,129.34565643183026,129.71306157342428,128.57315546116385,129.6565399169922,17995900.0,1550.300048828125,46.0,17.329999923706055,0.0,213.6371612548828,432700.0,4.192027568817139,227728000.0,30.950000762939453,46614600.0,90.03099822998047,46482000.0,150.25404357910156,3604500.0,9.5,338584400.0
2019-09-05,131.05082634402962,132.24725441272497,130.72109743244937,131.93637084960938,26101800.0,1515.4000244140625,125.0,16.270000457763672,0.0,222.8680877685547,982300.0,4.464774131774902,695676000.0,31.5,57861200.0,92.03600311279295,66216000.0,151.5450897216797,5065400.0,9.5,338584400.0
2019-09-06,131.91752700747264,132.05883118559822,130.19354416039448,131.04141235351562,20824500.0,1506.199951171875,54.0,15.0,0.0,224.2499084472656,872100.0,4.437697410583496,376976000.0,30.559999465942383,51673000.0,91.67549896240234,49938000.0,148.88414001464844,4722300.0,9.5,338584400.0
2019-09-09,131.50300207093187,131.6537360953013,128.55434498368882,129.5529327392578,25773900.0,1502.199951171875,69.0,15.270000457763672,0.0,226.85372924804688,536700.0,4.483651161193848,417524000.0,30.5,54413200.0,91.56749725341795,59990000.0,147.37625122070312,6265500.0,9.5,338584400.0
2019-09-10,128.87463880516663,128.95942129990866,126.7172994959278,128.19635009765625,28903400.0,1490.300048828125,23.0,15.199999809265137,0.0,227.17335510253903,735500.0,4.550222396850586,352812000.0,30.229999542236328,48604800.0,91.02749633789062,52278000.0,147.4846649169922,6249700.0,9.5,338584400.0
2019-09-11,128.03622870093727,128.37537312914318,127.26372746871644,128.2340545654297,24726100.0,1494.4000244140625,8.0,14.609999656677246,0.0,230.5292053222656,782500.0,4.578789234161377,361512000.0,29.76000022888184,50631700.0,91.14949798583984,48656000.0,151.86044311523438,6242400.0,9.5,338584400.0
2019-09-12,129.86381627397438,130.40078647045735,128.94058115580236,129.5529327392578,27010000.0,1498.699951171875,27.0,14.220000267028809,0.0,232.02381896972656,828000.0,4.577299118041992,327840000.0,30.209999084472656,53618300.0,92.17749786376952,56470000.0,152.51087951660156,4993500.0,9.5,338584400.0
2019-09-13,129.79782892632014,130.06160620877586,128.65793732173304,129.36448669433594,23363100.0,1490.9000244140625,1.0,13.739999771118164,0.0,234.0542907714844,934000.0,4.519421577453613,324592000.0,30.690000534057617,47758800.0,91.96700286865234,39426000.0,150.7664794921875,3763500.0,9.5,338584400.0
2019-09-16,127.96089728145886,128.78049055485266,127.80074769785284,128.4319305419922,16731400.0,1503.0999755859375,21.0,14.670000076293944,0.0,231.4410400390625,398900.0,4.4764485359191895,231832000.0,30.82999992370605,52248500.0,90.39199829101562,73510000.0,150.7960662841797,2592300.0,9.5,338584400.0
2019-09-17,129.0254145822023,129.55296944216616,128.52610618817388,129.4304962158203,17814200.0,1505.0999755859375,3.0,14.4399995803833,0.0,233.21766662597656,730000.0,4.497810363769531,223048000.0,30.989999771118164,35011700.0,91.12750244140624,39648000.0,150.60882568359375,3028500.0,9.5,338584400.0
2019-09-18,129.4022101647855,130.6363145520836,128.6202935158189,130.49501037597656,23982100.0,1507.5,8.0,13.949999809265137,0.0,234.8062896728516,519400.0,4.470735549926758,258152000.0,30.420000076293945,47027500.0,90.8730010986328,50112000.0,150.55953979492188,2951200.0,9.5,338584400.0
2019-09-19,132.17183734971562,134.12190612117703,131.95516623617183,132.89723205566406,35772100.0,1498.4000244140625,10.0,14.050000190734863,0.0,234.6182861328125,394700.0,4.395221710205078,245476000.0,30.290000915527344,41603000.0,91.0749969482422,40630000.0,151.37753295898438,2947000.0,9.5,338584400.0
2019-09-20,132.84074601292843,133.4436677892611,130.24064854776688,131.36170959472656,39167300.0,1507.300048828125,2.0,15.31999969482422,0.0,231.0462188720703,819500.0,4.289648532867432,350244000.0,30.049999237060547,79957400.0,89.70800018310547,106838000.0,152.9543914794922,11733000.0,9.5,338584400.0
2019-09-23,131.1638230030763,131.54065796430524,130.419597313673,131.07904052734375,17139300.0,1523.699951171875,5.0,14.90999984741211,0.0,233.5748443603516,296100.0,4.343056201934815,249712000.0,30.63999938964844,44366800.0,89.26499938964844,58446000.0,152.41233825683594,3642200.0,9.5,338584400.0
2019-09-24,132.2283729205309,132.53925639866858,128.94998754847387,129.4210205078125,29773200.0,1532.0999755859375,25.0,17.049999237060547,0.0,231.61024475097656,605600.0,4.285675525665283,317268000.0,29.520000457763672,72963000.0,87.08049774169922,92320000.0,149.8499755859375,4120800.0,9.5,338584400.0
2019-09-25,129.53407261523665,131.85156125747696,128.14923447074904,131.28631591796875,21382000.0,1504.5999755859375,25.0,15.960000038146973,0.0,232.68185424804688,518300.0,4.42726469039917,308432000.0,29.540000915527344,58234800.0,88.41649627685547,69864000.0,150.77635192871094,3445000.0,9.5,338584400.0
2019-09-26,131.3617346067307,132.05885450831985,130.41966825341197,131.4559326171875,17456600.0,1507.5,8178.0,16.06999969482422,0.0,233.1612548828125,615100.0,4.405155181884766,234564000.0,29.46999931335449,40745400.0,86.99199676513672,70736000.0,150.13575744628906,3837300.0,9.5,338584400.0
2019-09-27,132.03056122939054,132.22840143988893,128.7333298028649,129.75076293945312,22477700.0,1499.0999755859375,7827.0,17.219999313354492,0.0,229.0909576416016,564500.0,4.26654863357544,362056000.0,28.71999931335449,54091100.0,86.27249908447266,78144000.0,146.1147918701172,5858200.0,9.5,338584400.0
2019-09-30,130.05222785621746,131.1544434671942,129.79786598451886,130.97544860839844,17280900.0,1465.699951171875,1078.0,16.239999771118164,0.0,233.5184783935547,495000.0,4.323927879333496,186184000.0,28.989999771118164,37295600.0,86.79550170898438,52894000.0,146.2921905517578,3671200.0,9.5,338584400.0
2019-10-01,131.56891427949088,132.12472965661885,129.06301577865796,129.12896728515625,21466600.0,1482.0,219.0,18.559999465942383,0.0,230.67022705078125,655300.0,4.322189807891846,366008000.0,28.76000022888184,37081800.0,86.78250122070312,61690000.0,145.55303955078125,3172900.0,9.5,338584400.0
2019-10-02,128.35645489018998,128.46949817713545,125.84114113217808,126.8491439819336,30521700.0,1501.0,205.0,20.559999465942383,0.0,225.8761444091797,710100.0,4.298344135284424,293372000.0,28.309999465942383,43640700.0,85.6614990234375,66022000.0,142.13323974609375,4432400.0,9.5,338584400.0
2019-10-03,127.13183110990826,128.82755314879915,125.50206060506926,128.38478088378906,24132900.0,1507.0999755859375,1213.0,19.1200008392334,0.0,229.692626953125,531000.0,4.503772258758545,450588000.0,28.68000030517578,56325200.0,86.22100067138672,69364000.0,144.87303161621094,3660900.0,9.5,338584400.0
2019-10-04,128.82759854579714,130.24069834703073,128.5167148645504,130.11822509765625,22897700.0,1506.199951171875,233.0,17.040000915527344,0.0,231.28121948242188,518000.0,4.520166873931885,265524000.0,29.01000022888184,34446700.0,86.98249816894531,49438000.0,145.88812255859375,3259000.0,9.5,338584400.0
2019-10-07,129.19496229291303,130.17470484785542,129.08191894517083,129.17611694335938,15303700.0,1497.699951171875,121.0,17.860000610351562,0.0,232.5784454345703,515900.0,4.578789234161377,480984000.0,28.93000030517578,39337200.0,86.63300323486328,43094000.0,146.64700317382812,2704700.0,9.5,338584400.0
2019-10-08,129.13843642085448,129.77903453695495,127.7630134439484,127.81011962890624,25550500.0,1497.199951171875,46.0,20.280000686645508,0.0,227.5587615966797,576700.0,4.402424812316895,444436000.0,28.229999542236328,44265700.0,85.27549743652344,50840000.0,143.79879760742188,2613200.0,9.5,338584400.0
2019-10-09,129.49640605880475,130.66455876545945,129.03478851759584,130.23121643066406,19749900.0,1506.0999755859375,120.0,18.63999938964844,0.0,231.4974365234375,431300.0,4.48886775970459,292412000.0,28.459999084472656,35661500.0,86.09950256347656,40870000.0,144.92230224609375,2273000.0,9.5,338584400.0
2019-10-10,130.46675140448957,131.57838260518204,130.24065034469942,131.04141235351562,17654600.0,1494.800048828125,78.0,17.56999969482422,0.0,236.40431213378903,835700.0,4.546496868133545,309124000.0,28.3799991607666,40660100.0,86.01300048828125,51504000.0,144.29153442382812,2687400.0,9.5,338584400.0
2019-10-11,132.002279883863,132.85956337149543,131.41820357899897,131.5877685546875,25446000.0,1482.699951171875,57.0,15.579999923706056,0.0,244.40386962890625,1034300.0,4.620025157928467,446404000.0,29.75,66256900.0,86.59600067138672,65100000.0,147.20875549316406,4663900.0,9.5,338584400.0
2019-10-14,131.59723598927255,132.16246711107746,131.43708645268833,131.46534729003906,13304300.0,1491.699951171875,400.0,14.56999969482422,0.0,245.94549560546875,731800.0,4.633436679840088,200040000.0,30.530000686645508,44473700.0,86.82150268554688,38204000.0,147.20875549316406,1556900.0,9.5,338584400.0
2019-10-15,131.9458177038875,133.57558855119083,131.71030110385206,133.36834716796875,19695700.0,1477.5999755859375,367.0,13.539999961853027,0.0,251.4916229248047,1265400.0,4.877865314483643,664124000.0,30.71999931335449,41600700.0,88.36900329589844,62234000.0,150.5299835205078,3942600.0,9.5,338584400.0
2019-10-16,132.63347276041398,132.82189747010992,131.4464747131802,132.27549743652344,20751600.0,1488.0,383.0,13.68000030517578,0.0,239.2055511474609,1720200.0,4.824210643768311,428944000.0,30.809999465942383,42804400.0,88.87149810791016,55268000.0,144.8434600830078,8988600.0,9.5,338584400.0
2019-10-17,132.78418104473312,133.22695315209262,130.9660008217846,131.59718322753906,21460600.0,1492.300048828125,271.0,13.789999961853027,0.0,238.53811645507807,1543900.0,4.826196670532227,263436000.0,31.13999938964844,36884400.0,89.3740005493164,52948000.0,144.05503845214844,5024400.0,9.5,338584400.0
2019-10-18,131.66317260190084,131.88927367455307,128.6485635071548,129.44932556152344,32273500.0,1488.199951171875,82.0,14.25,0.0,239.1585693359375,1640900.0,4.731804370880127,307440000.0,30.96999931335449,39681700.0,87.87550354003906,67250000.0,142.00509643554688,6080000.0,9.5,338584400.0
2019-10-21,130.4290626341145,130.4761688191154,129.07248500490974,130.41021728515625,20078200.0,1482.4000244140625,72.0,14.0,0.0,244.80799865722656,790400.0,4.868921756744385,261868000.0,32.029998779296875,52182800.0,89.28299713134766,42608000.0,142.45848083496094,3358000.0,9.5,338584400.0
2019-10-22,130.91896760168206,131.8987103241201,128.365961355322,128.46958923339844,27431000.0,1481.699951171875,99.0,14.460000038146973,0.0,239.97637939453125,797300.0,4.858987331390381,328720000.0,31.51000022888184,36185200.0,88.2864990234375,42234000.0,140.2705841064453,4460500.0,9.5,338584400.0
2019-10-23,128.95007056384122,129.48704100828937,127.75364205194556,129.28921508789062,29844600.0,1489.9000244140625,67.0,14.010000228881836,0.0,242.2042388916016,917100.0,4.846069812774658,279916000.0,31.36000061035156,26582200.0,88.1084976196289,42764000.0,143.03009033203125,4761400.0,9.5,338584400.0
2019-10-24,131.31462431875073,132.28495148242374,130.63633541553193,131.832763671875,37029300.0,1498.9000244140625,115.0,13.710000038146973,0.0,249.07569885253903,642300.0,4.890038013458252,232020000.0,31.71999931335449,27808000.0,89.03900146484375,88922000.0,145.97679138183594,5280100.0,9.5,338584400.0
2019-10-25,131.26749395785637,132.9632159036771,131.13560527178078,132.57696533203125,25959700.0,1499.5,93.0,12.649999618530272,0.0,248.1544647216797,550500.0,5.080808639526367,423092000.0,32.709999084472656,45368800.0,88.06649780273438,192528000.0,148.31253051757812,4991400.0,9.5,338584400.0
2019-10-28,136.03435845204905,137.23078659427898,135.19592007870443,135.83653259277344,35280100.0,1490.0,37.0,13.109999656677246,0.0,250.52330017089844,683000.0,5.136698246002197,330792000.0,33.689998626708984,51223600.0,88.85399627685547,74178000.0,152.55030822753906,7576700.0,9.5,338584400.0
2019-10-29,135.73283425637416,136.12850014427636,134.38567276621865,134.5552520751953,20589500.0,1487.0,425.0,13.199999809265137,0.0,248.72796630859372,501900.0,5.040568828582764,211236000.0,33.029998779296875,78700100.0,88.135498046875,45538000.0,152.84596252441406,5477300.0,9.5,338584400.0
2019-10-30,135.20532914709477,136.5995829341719,134.51761055213072,136.232177734375,18496600.0,1493.199951171875,320.0,12.329999923706056,0.0,249.71495056152344,494700.0,5.042555332183838,205960000.0,33.130001068115234,78228800.0,88.99949645996094,48988000.0,155.9898223876953,4724500.0,9.5,338584400.0
2019-10-31,136.5053860083583,136.53364684424642,134.70605049939348,135.06402587890625,24605100.0,1511.4000244140625,210.0,13.220000267028809,0.0,246.2556610107422,630600.0,4.993370532989502,209732000.0,33.93000030517578,67881600.0,88.83300018310547,55624000.0,154.22572326660156,4578300.0,9.5,338584400.0
2019-11-01,135.90246246597496,136.05319650529455,134.68720341408505,135.3937530517578,33128400.0,1508.0,235.0,12.300000190734863,0.0,254.36795043945312,617600.0,5.032371044158936,283640000.0,34.88999938964844,64238600.0,89.5719985961914,55808000.0,157.42869567871094,4771100.0,9.5,338584400.0
2019-11-04,136.43946711739818,136.59961666713642,135.80828440673878,136.17568969726562,16912000.0,1508.0,101.0,12.829999923706056,0.0,257.9082946777344,664600.0,5.228855609893799,376716000.0,36.290000915527344,83343800.0,90.23300170898438,55438000.0,155.3196563720703,5748100.0,9.5,338584400.0
2019-11-05,136.5713299056799,136.61843608778935,135.57274209402962,136.09088134765625,18250200.0,1480.800048828125,31.0,13.100000381469728,0.0,256.6054077148437,382700.0,5.206748008728027,300868000.0,36.150001525878906,84848600.0,90.08550262451172,37710000.0,155.8616943359375,4015000.0,9.5,338584400.0
2019-11-06,136.00610379763356,136.1474223640445,134.90388797862315,135.7140655517578,16575800.0,1490.199951171875,567.0,12.619999885559082,0.0,253.71658325195312,909500.0,5.157566547393799,269012000.0,35.93000030517578,51675100.0,89.78849792480469,40596000.0,156.63040161132812,4207400.0,9.5,338584400.0
2019-11-07,135.5067693096953,136.4865259946565,135.4408321649153,135.90243530273438,17786700.0,1464.199951171875,581.0,12.729999542236328,0.0,252.6874847412109,560900.0,5.175203800201416,280340000.0,36.27999877929688,54350200.0,89.41000366210938,53022000.0,157.19216918945312,3802300.0,9.5,338584400.0
2019-11-08,135.63872635939717,137.53228916443604,135.43147058596213,137.5040283203125,16732700.0,1461.300048828125,21.0,12.06999969482422,0.0,252.3476409912109,743400.0,5.161291122436523,189100000.0,36.290000915527344,39353900.0,89.29399871826172,42466000.0,158.77886962890625,3265300.0,9.5,338584400.0
2019-11-11,136.91986882779443,137.9373018315631,136.345207993484,137.645263671875,14362600.0,1455.5,22.0,12.6899995803833,0.0,251.8094787597656,451700.0,5.171229362487793,243436000.0,36.310001373291016,43511100.0,88.5824966430664,38920000.0,159.43917846679688,3541200.0,9.5,338584400.0
2019-11-12,137.80544227100668,139.02071571611077,137.5981865574973,138.5496826171875,18641600.0,1452.0999755859375,6.0,12.68000030517578,0.0,252.6308441162109,336100.0,5.206748008728027,283504000.0,36.709999084472656,58664500.0,88.9000015258789,40752000.0,160.50355529785156,3710600.0,9.5,338584400.0
2019-11-13,138.2388322255447,138.9171212007731,137.80547534561825,138.7758026123047,16919200.0,1461.699951171875,56.0,13.0,0.0,254.83058166503903,422800.0,5.180916786193848,300188000.0,37.52000045776367,67648300.0,87.65550231933594,59790000.0,160.24732971191406,5389700.0,9.5,338584400.0
2019-11-14,138.5025725699454,139.81204397344354,138.48372722157296,139.48231506347656,19729800.0,1471.800048828125,83.0,13.050000190734863,0.0,254.65122985839844,539200.0,5.211220264434815,518080000.0,38.34999847412109,65829500.0,87.7300033569336,45296000.0,160.6907958984375,3820700.0,9.5,338584400.0
2019-11-15,140.30188998621853,141.30049207446405,139.68013731779254,141.28164672851562,23485700.0,1467.300048828125,13.0,12.050000190734863,0.0,259.5982666015625,667900.0,5.072114944458008,1053628000.0,38.560001373291016,62958500.0,86.97450256347656,78552000.0,160.84849548339844,3693000.0,9.5,338584400.0
2019-11-18,141.37587100065798,141.8280587180266,140.3490079943247,141.63021850585938,21534000.0,1470.9000244140625,141.0,12.460000038146973,0.0,258.18212890625,430700.0,5.273073673248291,574588000.0,39.880001068115234,66102800.0,87.62650299072266,56790000.0,160.4148406982422,5556700.0,9.5,338584400.0
2019-11-19,142.1389399587339,142.56286683531036,141.49832752597038,141.6773223876953,23935700.0,1473.300048828125,18.0,12.859999656677246,0.0,256.36944580078125,465200.0,5.166508674621582,414564000.0,41.290000915527344,94373000.0,87.6395034790039,45416000.0,161.587646484375,4952900.0,9.5,338584400.0
2019-11-20,142.08381952029222,142.58481248234878,140.3350751282643,141.43157958984375,25696800.0,1473.300048828125,31.0,12.779999732971191,0.0,253.8392791748047,408800.0,5.245748996734619,472588000.0,40.97999954223633,79767900.0,87.27649688720703,55800000.0,161.82415771484375,8450300.0,9.5,338584400.0
2019-11-21,141.2235861279266,141.60170346192638,140.37284736790474,141.29920959472656,18576100.0,1463.0999755859375,16.0,13.130000114440918,0.0,252.1021423339844,652100.0,5.220907211303711,288388000.0,39.52000045776367,88069400.0,86.7354965209961,53258000.0,160.5232696533203,5724200.0,9.5,338584400.0
2019-11-22,141.85692376149487,142.0743322028531,140.67533419630763,141.40318298339844,15901800.0,1463.0999755859375,19.0,12.34000015258789,0.0,251.3374481201172,616000.0,5.238543510437012,224100000.0,39.150001525878906,56931900.0,87.28600311279297,49582000.0,160.4542694091797,3761900.0,9.5,338584400.0
2019-11-25,141.79076519857867,143.0668878548469,141.71514172629512,142.9534454345703,22420900.0,1456.5999755859375,14.0,11.869999885559082,0.0,255.9917907714844,409800.0,5.494894504547119,506476000.0,39.790000915527344,45769500.0,88.69200134277344,69724000.0,159.3701934814453,5509300.0,9.5,338584400.0
2019-11-26,143.0763710265862,144.07835704250238,143.03856649287692,143.70970153808594,24620100.0,1459.800048828125,346362.0,11.539999961853027,0.0,256.2939147949219,445600.0,5.390316963195801,385244000.0,38.9900016784668,43603300.0,89.84700012207031,63624000.0,160.1881561279297,5881400.0,9.5,338584400.0
2019-11-27,143.99327321025382,144.15396770570413,143.22760526334744,143.98382568359375,15184400.0,1453.4000244140625,88364.0,11.75,0.0,256.30340576171875,383300.0,5.42511796951294,215784000.0,39.40999984741211,33630100.0,90.92549896240234,60512000.0,159.17308044433594,4012800.0,9.5,338584400.0
2019-11-29,143.77584219059054,143.9648936601184,143.00071241471292,143.09524536132812,11977300.0,1465.5999755859375,7020.0,12.619999885559082,0.0,255.491455078125,267600.0,5.3878326416015625,141556000.0,39.150001525878906,17609900.0,90.04000091552734,38468000.0,160.5330810546875,2432500.0,9.5,338584400.0
2019-12-02,143.501664853897,143.52057432263098,140.20267653289824,141.3653564453125,27418400.0,1462.300048828125,2172.0,14.90999984741211,0.0,250.74270629882807,764600.0,5.201642990112305,372036000.0,38.72999954223633,35710200.0,89.08000183105469,78512000.0,158.67044067382812,5117400.0,9.5,338584400.0
2019-12-03,139.41814731664337,141.25196254984613,138.62410801789912,141.13853454589844,24066000.0,1478.199951171875,1460.0,15.960000038146973,0.0,250.0345916748047,929800.0,5.162116527557373,465232000.0,38.900001525878906,51556400.0,88.49800109863281,67618000.0,159.23220825195312,6216400.0,9.5,338584400.0
2019-12-04,141.92310929549308,141.96091382154867,141.0345514843031,141.64898681640625,17574700.0,1474.0,613.0,14.800000190734863,0.0,254.6795654296875,447100.0,5.205868244171143,273424000.0,39.68999862670898,44299400.0,88.03450012207031,53402000.0,154.16656494140625,17803300.0,9.5,338584400.0
2019-12-05,141.83802126937863,142.09324866665452,141.29920947776307,141.72457885742188,17869100.0,1476.9000244140625,907.0,14.520000457763672,0.0,258.531494140625,639200.0,5.188965320587158,184884000.0,39.619998931884766,35574000.0,87.02400207519531,56476000.0,155.93067932128906,7126600.0,9.5,338584400.0
2019-12-06,142.72662107265498,143.55845060471992,142.04602409497093,143.4450225830078,16403500.0,1459.0999755859375,899.0,13.619999885559082,0.0,264.4320373535156,724600.0,5.274228096008301,232236000.0,39.630001068115234,31101400.0,87.58000183105469,62348000.0,155.72372436523438,4751200.0,9.5,338584400.0
2019-12-09,142.80220201751874,143.87981117385542,142.6509550844922,143.07632446289062,16687400.0,1459.300048828125,1461.0,15.859999656677246,0.0,262.0057067871094,427200.0,5.274228096008301,211880000.0,38.93000030517578,27928100.0,87.47550201416016,48856000.0,155.20138549804688,3709000.0,9.5,338584400.0
2019-12-10,143.0101497469499,143.57731853881157,142.50915689774277,142.85891723632812,16476100.0,1462.5999755859375,367.0,15.68000030517578,0.0,263.5068359375,380000.0,5.319223403930664,256388000.0,39.43999862670898,33733600.0,86.96050262451172,50286000.0,154.1370086669922,4074700.0,9.5,338584400.0
2019-12-11,143.24650388193757,143.55844535394203,142.1027329082931,143.3977508544922,18856600.0,1469.4000244140625,393.0,14.989999771118164,0.0,268.1612243652344,465600.0,5.402745723724365,233796000.0,39.470001220703125,31698300.0,87.43599700927734,41952000.0,154.12716674804688,4867500.0,9.5,338584400.0
2019-12-12,143.3504916795696,145.04253662089903,142.75498013330187,144.85348510742188,24612100.0,1466.699951171875,955.0,13.9399995803833,0.0,271.1824035644531,856800.0,5.570044040679932,404348000.0,42.59000015258789,86878000.0,88.0165023803711,61918000.0,156.2953338623047,5353900.0,9.5,338584400.0
2019-12-13,144.62659591254433,146.413159167457,144.4659014257082,146.07286071777344,23845400.0,1475.5999755859375,468.0,12.630000114440918,0.0,273.6842041015625,723000.0,5.568057537078857,454704000.0,41.150001525878906,79927800.0,88.0469970703125,54914000.0,158.798583984375,5742300.0,9.5,338584400.0
2019-12-16,146.62111500128668,147.36787340500365,146.346992515384,147.01812744140625,24144200.0,1475.0,99.0,12.140000343322754,0.0,276.59197998046875,552800.0,5.596891403198242,320976000.0,42.34999847412109,58824900.0,88.46050262451172,62904000.0,159.61659240722656,5370000.0,9.5,338584400.0
2019-12-17,146.94246125232232,147.1882410893158,145.99718969145346,146.22406005859375,25425600.0,1474.5999755859375,410.0,12.289999961853027,0.0,278.3574523925781,401100.0,5.674948692321777,321196000.0,42.77000045776367,44852000.0,89.53299713134766,72888000.0,159.2913818359375,4789600.0,9.5,338584400.0
2019-12-18,145.85543881739588,146.97085259654958,145.7419963954613,145.92160034179688,24129200.0,1472.5999755859375,250.0,12.579999923706056,0.0,275.82733154296875,478500.0,5.70527458190918,343548000.0,42.29999923706055,39083300.0,89.20149993896484,67028000.0,159.14352416992188,4144800.0,9.5,338584400.0
2019-12-19,145.57182689276445,147.24496166906405,145.33550899196453,147.18824768066406,24958900.0,1478.199951171875,319.0,12.5,0.0,275.50640869140625,410100.0,5.853182792663574,445360000.0,42.83000183105469,45883000.0,89.61399841308594,53056000.0,160.96676635742188,4185400.0,9.5,338584400.0
2019-12-20,148.7385588134757,149.81616834437716,147.73655835166696,148.79527282714844,53477500.0,1474.699951171875,118.0,12.510000228881836,0.0,277.1773681640625,824600.0,5.950380325317383,603044000.0,44.150001525878906,68104700.0,89.32499694824219,103016000.0,162.16909790039062,8586700.0,9.5,338584400.0
2019-12-23,149.46640788721783,149.46640788721783,148.66293532067655,148.79527282714844,17718200.0,1482.5,391.0,12.609999656677246,0.0,279.5848999023437,424900.0,5.936707496643066,355060000.0,45.459999084472656,55886500.0,89.6500015258789,42728000.0,161.37081909179688,4368600.0,9.5,338584400.0
2019-12-24,148.8613642067954,149.0787870550065,148.52106586144282,148.766845703125,8989200.0,1499.0999755859375,52.0,12.670000076293944,0.0,278.44244384765625,219500.0,5.931735992431641,138864000.0,46.540000915527344,44432200.0,89.46050262451172,17626000.0,160.88792419433594,1238000.0,9.5,338584400.0
2019-12-26,148.9370451727471,150.0430116162629,148.78579820003418,149.98629760742188,14520600.0,1509.300048828125,126.0,12.649999618530272,0.0,279.7735595703125,191300.0,5.945905208587647,182852000.0,46.630001068115234,57562800.0,93.4384994506836,120108000.0,162.12966918945312,2155500.0,9.5,338584400.0
2019-12-27,150.7235804290026,150.81811337522475,149.5609001937233,150.26040649414062,18412800.0,1513.800048828125,839.0,13.43000030517578,0.0,280.08526611328125,317000.0,5.888233184814453,254644000.0,46.18000030517578,36581300.0,93.48999786376952,123732000.0,162.59288024902344,3409900.0,9.5,338584400.0
2019-12-30,150.28878236114747,150.3171393638337,148.15245866742518,148.96539306640625,16348400.0,1514.5,446.0,14.81999969482422,0.0,278.4047241210937,338900.0,5.77512788772583,258056000.0,45.52000045776367,41149700.0,92.34449768066406,73494000.0,160.08961486816406,3197100.0,9.5,338584400.0
2019-12-31,148.19024022863357,149.13551187620644,147.88774637803394,149.0693359375,18369400.0,1519.5,301.0,13.779999732971191,0.0,279.39599609375,298900.0,5.849206924438477,231004000.0,45.86000061035156,31673200.0,92.39199829101562,50130000.0,160.28672790527344,3273500.0,9.5,338584400.0
2020-01-02,150.09021733882216,151.9334939984884,149.66484802100678,151.8295135498047,22622100.0,1524.5,214.0,12.470000267028809,0.0,285.9007873535156,573600.0,5.963804244995117,237536000.0,49.09999847412109,80331100.0,94.90049743652344,80580000.0,164.5738067626953,5189300.0,9.5,338584400.0
2020-01-03,149.6554253847614,151.19620847768044,149.4096455068012,149.93899536132812,21116200.0,1549.199951171875,107.0,14.020000457763672,0.0,281.29364013671875,410800.0,5.86834716796875,205384000.0,48.59999847412109,73127400.0,93.74849700927734,75288000.0,163.76564025878906,3205400.0,9.5,338584400.0
2020-01-06,148.4833066063073,150.3927598163758,147.9444947187136,150.3265838623047,20813700.0,1566.199951171875,416.0,13.850000381469728,0.0,279.05615234375,617600.0,5.89295768737793,262636000.0,48.38999938964844,47934900.0,95.1439971923828,81236000.0,170.9403076171875,8836200.0,9.5,338584400.0
2020-01-07,150.60071074881336,150.93154722601824,148.71016714066076,148.9559326171875,21634100.0,1571.800048828125,47.0,13.789999961853027,0.0,282.08660888671875,477700.0,5.964301109313965,314856000.0,48.25,58061400.0,95.34300231933594,80898000.0,173.45339965820312,8272700.0,9.5,338584400.0
2020-01-08,150.23198810067169,151.99965556118025,149.30562609687607,151.32850646972656,27746500.0,1557.4000244140625,236.0,13.449999809265137,0.0,285.01336669921875,536900.0,5.97548770904541,277108000.0,47.83000183105469,53767000.0,94.59850311279295,70160000.0,174.76417541503906,7225100.0,9.5,338584400.0
2020-01-09,152.98275253418123,153.34196035835663,152.21708484471264,153.2190704345703,21385000.0,1551.699951171875,54.0,12.539999961853027,0.0,284.53179931640625,579700.0,6.04111385345459,255112000.0,48.970001220703125,76512800.0,95.05249786376952,63346000.0,177.0013427734375,5952900.0,9.5,338584400.0
2020-01-10,153.90911353232073,154.28721636524628,152.35885441570974,152.51010131835938,20725900.0,1557.5,16.0,12.5600004196167,0.0,279.6226501464844,447700.0,6.073430061340332,316296000.0,48.16999816894531,44133700.0,94.15799713134766,57074000.0,177.59263610839844,5111800.0,9.5,338584400.0
2020-01-13,152.90719193573332,154.37236640522238,152.43455594065338,154.34400939941406,21626500.0,1548.4000244140625,48.0,12.31999969482422,0.0,284.59796142578125,405700.0,6.263846397399902,319840000.0,48.75,34266800.0,94.56500244140624,55616000.0,181.1898498535156,6202600.0,9.5,338584400.0
2020-01-14,154.44794943449625,154.6464628468558,152.86934735532083,153.2569122314453,23477400.0,1542.4000244140625,32.0,12.390000343322754,0.0,285.6363830566406,609600.0,6.147011756896973,359088000.0,48.209999084472656,38563200.0,93.47200012207033,68818000.0,179.48486328125,4342300.0,9.5,338584400.0
2020-01-15,153.7201159716805,154.96788183722586,153.67286391435027,154.2494659423828,21417900.0,1552.0999755859375,11.0,12.420000076293944,0.0,283.3045959472656,505300.0,6.104503154754639,263104000.0,48.54999923706055,40199900.0,93.10099792480467,57932000.0,178.44021606445312,3886600.0,9.5,338584400.0
2020-01-16,155.35543366341506,157.141996875451,155.0529397493098,157.07582092285156,23865400.0,1549.0,98.0,12.31999969482422,0.0,284.24859619140625,547500.0,6.188028335571289,284192000.0,49.77000045776367,58898900.0,93.89700317382812,53190000.0,180.04661560058594,3485300.0,9.5,338584400.0
2020-01-17,158.25738972858082,158.30465619935018,156.37629381209493,157.9549102783203,34371700.0,1558.800048828125,108.0,12.100000381469728,0.0,283.266845703125,743900.0,6.196728229522705,253792000.0,50.93000030517578,57722500.0,93.23600006103516,79946000.0,179.59326171875,4577000.0,9.5,338584400.0
2020-01-21,157.55788307477562,158.98525260050442,157.32156514521276,157.3877410888672,29517200.0,1556.4000244140625,45.0,12.850000381469728,0.0,281.71844482421875,573000.0,6.163417816162109,217916000.0,51.04999923706055,49095000.0,94.5999984741211,74156000.0,182.58932495117188,6302400.0,9.5,338584400.0
2020-01-22,158.23847448456866,158.3235598983311,156.6126060305712,156.6315155029297,24138800.0,1555.300048828125,42.0,12.90999984741211,0.0,279.68865966796875,1108600.0,6.217362403869629,239240000.0,51.43000030517578,40772200.0,94.3730010986328,64326000.0,180.1057586669922,4781800.0,9.5,338584400.0
2020-01-23,157.0947406852761,157.6713571260564,156.22509226083278,157.59573364257812,19680800.0,1564.5999755859375,15.0,12.979999542236328,0.0,277.8665466308594,713000.0,6.285721302032471,244516000.0,51.709999084472656,40135400.0,94.22899627685548,49692000.0,181.3179473876953,4369000.0,9.5,338584400.0
2020-01-24,158.3424825375192,158.36139201317255,155.44995298181732,156.00765991210938,24918100.0,1571.0999755859375,43.0,14.5600004196167,0.0,279.2921142578125,977800.0,6.226558208465576,373512000.0,50.34999847412109,80004900.0,93.08200073242188,75324000.0,179.47503662109375,4653600.0,9.5,338584400.0
2020-01-27,152.3305200644923,154.43848622125867,151.4325148850545,153.398681640625,32078100.0,1576.800048828125,22.0,18.229999542236328,0.0,268.3878479003906,889100.0,5.971012115478516,470536000.0,49.2599983215332,48878600.0,91.41699981689452,70570000.0,178.09527587890625,4239400.0,9.5,338584400.0
2020-01-28,154.81661422070258,156.6882483457103,154.14547932010373,156.40467834472656,24899900.0,1569.199951171875,3.0,16.280000686645508,0.0,273.9579772949219,1636100.0,6.164163589477539,310976000.0,50.52999877929688,62343800.0,92.6624984741211,56160000.0,180.20431518554688,3445300.0,9.5,338584400.0
2020-01-29,158.65443909714912,159.5146400250475,156.62211019371946,158.84349060058594,34754500.0,1569.800048828125,251274.0,16.389999389648438,0.0,279.5848999023437,965500.0,6.103755950927734,258848000.0,47.5099983215332,112349900.0,92.9000015258789,41760000.0,179.13995361328125,2785500.0,9.5,338584400.0
2020-01-30,164.52453468683692,164.52453468683692,161.44293985569806,163.32403564453125,51597500.0,1583.5,62336.0,15.489999771118164,0.0,277.9231872558594,794100.0,6.110467910766602,290504000.0,48.77999877929688,70460200.0,93.53399658203124,126548000.0,182.9835205078125,3715700.0,9.5,338584400.0
2020-01-31,162.7852531721158,162.9648426873359,160.29918387299614,160.91360473632812,36142700.0,1582.9000244140625,1095.0,18.84000015258789,0.0,264.9701843261719,1272600.0,5.877295970916748,370420000.0,47.0,60322400.0,100.43599700927734,311346000.0,179.672119140625,4193300.0,9.5,338584400.0
2020-02-03,161.1026818172844,164.94994534557068,161.07432481438784,164.83651733398438,30107000.0,1577.199951171875,1062.0,17.969999313354492,0.0,272.0509033203125,823200.0,5.974244117736816,255564000.0,48.02000045776367,46983500.0,100.20999908447266,117834000.0,182.7371063232422,4755200.0,9.5,338584400.0
2020-02-04,167.44546857406942,170.75392031861364,166.66089114380435,170.2623748779297,36433300.0,1550.4000244140625,978.0,16.049999237060547,0.0,282.5020751953125,795300.0,6.143282413482666,271544000.0,49.45000076293945,46302100.0,102.4834976196289,105786000.0,185.6148834228516,3983200.0,9.5,338584400.0
2020-02-05,173.95835927347207,174.1190537403817,168.64593664566272,170.05438232421875,39186300.0,1557.800048828125,1305.0,15.149999618530272,0.0,289.1957397460937,1042000.0,6.233518123626709,208220000.0,49.84000015258789,42737100.0,101.99349975585938,87524000.0,182.80609130859372,6162700.0,9.5,338584400.0
2020-02-06,171.0658498767549,173.75988045068,170.20564902136644,173.5802764892578,27751400.0,1565.0999755859375,110.0,14.960000038146973,0.0,292.2451171875,698000.0,6.32027530670166,218284000.0,49.31999969482422,48670600.0,102.5114974975586,63660000.0,184.0281524658203,4102700.0,9.5,338584400.0
2020-02-07,172.84297337121157,175.47082810975607,172.49321295870286,173.8260498046875,33529100.0,1568.5999755859375,431.0,15.470000267028809,0.0,287.921142578125,1775900.0,6.254149436950684,189752000.0,49.72999954223633,53107600.0,103.96399688720705,101906000.0,183.0328063964844,3713100.0,9.5,338584400.0
2020-02-10,173.53301527380845,178.5051402220091,173.22107381930567,178.372802734375,35844300.0,1574.699951171875,128.0,15.039999961853027,0.0,292.36798095703125,373000.0,6.537041187286377,529608000.0,52.2599983215332,60971700.0,106.69550323486328,101124000.0,186.3835601806641,3873500.0,9.5,338584400.0
2020-02-11,180.21603022567515,180.2632966918459,173.4573438505691,174.3459014892578,53159900.0,1565.5999755859375,440.0,15.18000030517578,0.0,298.3440246582031,789900.0,6.65934419631958,638556000.0,53.79999923706055,74719100.0,107.54000091552734,114920000.0,186.37371826171875,4299200.0,9.5,338584400.0
2020-02-12,175.42353231595447,175.67875972595644,171.89767274276622,174.6011505126953,47062900.0,1567.4000244140625,36.0,13.739999771118164,0.0,299.694091796875,656100.0,6.774936199188232,374644000.0,53.88999938964844,45994900.0,108.0,66686000.0,186.7187042236328,4535400.0,9.5,338584400.0
2020-02-13,173.06037316286404,176.03797374039397,172.86185972663358,173.65589904785156,35295800.0,1575.0999755859375,74.0,14.149999618530272,0.0,299.5146789550781,742200.0,6.731186866760254,528016000.0,54.52999877929688,51640000.0,107.49349975585938,60636000.0,185.91053771972656,3132100.0,9.5,338584400.0
2020-02-14,173.22100920730202,175.26279918952332,172.653840515452,175.20608520507812,23149500.0,1582.699951171875,68.0,13.68000030517578,0.0,298.6178894042969,661400.0,7.203746318817139,1041924000.0,55.310001373291016,52365400.0,106.74349975585938,52124000.0,187.2015838623047,3599400.0,9.5,338584400.0
2020-02-18,175.45186467568067,177.42747888527302,175.34788422129685,176.9832000732422,27792200.0,1600.0,310.0,14.829999923706056,0.0,291.89581298828125,757100.0,7.372286796569824,620164000.0,56.88999938964844,70133200.0,107.78350067138672,58912000.0,188.3250732421875,4957000.0,9.5,338584400.0
2020-02-19,178.25337813017842,178.36711595467847,176.7462941031497,177.51405334472656,29997500.0,1607.5,542.0,14.380000114440918,0.0,299.6468811035156,1093900.0,7.822971343994141,694332000.0,58.900001525878906,58597300.0,108.51100158691406,51224000.0,190.0792999267578,3903200.0,9.5,338584400.0
2020-02-20,177.20121463746398,177.48557358923838,171.65628016179997,174.8031463623047,36862400.0,1616.5999755859375,117.0,15.5600004196167,0.0,295.9460144042969,1118400.0,7.6738200187683105,810052000.0,57.27000045776367,74203400.0,107.65499877929688,62626000.0,190.56222534179688,5451200.0,9.5,338584400.0
2020-02-21,173.61837855406034,173.9311720431706,168.0070858019182,169.27720642089844,48572600.0,1644.5999755859375,186.0,17.079999923706055,0.0,288.8936462402344,1134600.0,7.310140609741211,768180000.0,53.27999877929688,88271100.0,104.79850006103516,92926000.0,186.758056640625,5242100.0,9.5,338584400.0
2020-02-24,159.02140017038658,165.4478463263177,154.71813679067944,161.97869873046875,68311100.0,1672.4000244140625,435.0,25.030000686645508,0.0,274.1657409667969,1347400.0,6.793333053588867,856916000.0,49.119998931884766,86624100.0,100.4645004272461,130940000.0,183.2496032714844,8463300.0,9.5,338584400.0
2020-02-25,165.11607231858156,165.72269796356616,158.90762916974325,159.3057403564453,68073300.0,1646.9000244140625,409.0,27.850000381469727,0.0,268.6804504394531,1166700.0,6.514170169830322,1055496000.0,47.56999969482422,88699400.0,98.63700103759766,124382000.0,178.64715576171875,11361100.0,9.5,338584400.0
2020-02-26,160.86024482213514,164.2251136153781,159.43846438675976,161.29624938964844,56206100.0,1640.0,1990.0,27.559999465942383,0.0,270.3137512207031,861100.0,6.653378009796143,747732000.0,47.4900016784668,86378400.0,98.97949981689452,104492000.0,176.2819061279297,13923100.0,9.5,338584400.0
2020-02-27,154.80346983288783,158.31999888346724,149.74192019388477,149.93148803710938,93174900.0,1640.0,707.0,39.15999984741211,0.0,261.7318725585937,1373900.0,6.283013820648193,906416000.0,44.0099983215332,106416200.0,94.21499633789062,162880000.0,169.6591339111328,9927300.0,9.5,338584400.0
2020-02-28,144.46236668665765,155.17311496563838,144.07374325016832,153.56175231933594,97012700.0,1564.0999755859375,289.0,40.11000061035156,0.0,261.2409973144531,1647400.0,6.717552661895752,1133252000.0,45.47999954223633,100331800.0,94.1875,189620000.0,167.93441772460938,12640800.0,9.5,338584400.0
2020-03-02,156.68970562212584,163.90287344639816,153.8461442900306,163.77964782714844,71030800.0,1592.300048828125,537.0,33.41999816894531,0.0,271.4183959960937,1081300.0,6.875745296478272,890744000.0,47.459999084472656,102324700.0,97.69750213623048,135234000.0,174.2024383544922,7761000.0,9.5,338584400.0
2020-03-03,164.7369648639986,165.8743863348176,153.79872580292735,155.931396484375,71677000.0,1642.0999755859375,610.0,36.81999969482422,0.0,268.40673828125,1916300.0,6.613582134246826,652792000.0,46.75,141972300.0,95.44950103759766,150690000.0,166.91934204101562,8323500.0,9.5,338584400.0
2020-03-04,159.70387209335476,161.7986206313238,156.98352219099715,161.6564483642578,49814400.0,1641.0999755859375,83.0,31.989999771118164,0.0,284.7489624023437,1289500.0,7.076724052429199,597408000.0,50.11000061035156,93311800.0,98.79149627685548,95458000.0,173.1479034423828,5846300.0,9.5,338584400.0
2020-03-05,157.39108044281798,161.95972690449452,157.0498525958926,157.599609375,47817300.0,1666.4000244140625,154.0,39.619998931884766,0.0,272.13580322265625,1453900.0,6.797645092010498,540328000.0,48.11000061035156,98302700.0,96.20149993896484,94964000.0,167.1460418701172,5797500.0,9.5,338584400.0
2020-03-06,154.13053717185068,154.60446416463503,147.8652217487174,153.144775390625,72821100.0,1670.800048828125,175.0,41.93999862670898,0.0,272.003662109375,1148400.0,6.617312908172607,515412000.0,48.59000015258789,124590900.0,95.05449676513672,105472000.0,161.7058868408203,9757700.0,9.5,338584400.0
2020-03-09,143.12590557907217,149.5239179145605,142.17805189974058,142.76571655273438,70419300.0,1674.5,161.0,54.459999084472656,0.0,249.15658569335935,1759600.0,6.104920864105225,614160000.0,43.27000045776367,80859800.0,90.03050231933594,156264000.0,149.02210998535156,9657100.0,9.5,338584400.0
2020-03-10,149.91249432625224,152.6328289036396,144.62347072060302,152.528564453125,65354400.0,1659.0999755859375,48.0,47.29999923706055,0.0,264.1205444335937,1699200.0,6.493941307067871,580648000.0,45.380001068115234,76228200.0,94.59100341796876,142666000.0,159.00550842285156,11443900.0,9.5,338584400.0
2020-03-11,148.93623128461837,149.4765002813039,143.26805670517658,145.61874389648438,56371600.0,1641.4000244140625,47.0,53.900001525878906,0.0,249.3737030029297,1175900.0,6.130541324615479,499964000.0,45.70000076293945,101601100.0,91.04299926757812,112496000.0,152.33349609375,10341300.0,9.5,338584400.0
2020-03-12,137.72309715695567,145.46705743198055,131.35352137185342,131.80848693847656,93226400.0,1589.300048828125,256.0,75.47000122070312,0.0,227.29132080078125,2779800.0,5.380358695983887,816540000.0,39.0099983215332,107461500.0,83.83049774169922,226924000.0,138.55577087402344,13213000.0,9.5,338584400.0
2020-03-13,139.80845142650895,153.46702971159257,133.3914764198404,150.54763793945312,92727400.0,1515.699951171875,89.0,57.83000183105469,0.0,242.58563232421875,2637200.0,5.99050235748291,634836000.0,43.900001525878906,86689700.0,89.25,176194000.0,145.6417236328125,13765400.0,9.5,338584400.0
2020-03-16,132.6995087823673,141.5619460470006,127.96024061156848,128.35833740234375,87905900.0,1485.9000244140625,193.0,82.69000244140625,0.0,216.53802490234372,1496800.0,4.885129451751709,726972000.0,38.709999084472656,84545900.0,84.4574966430664,178346000.0,122.50148010253906,13845300.0,9.5,338584400.0
2020-03-17,132.69951982237052,139.8084226699975,127.96025125728583,138.9269256591797,81059800.0,1524.9000244140625,122.0,75.91000366210938,0.0,225.0160217285156,1642500.0,5.404238700866699,833632000.0,41.880001068115234,92741900.0,90.39199829101562,218342000.0,133.4605712890625,12191500.0,9.5,338584400.0
2020-03-18,130.80377087731736,138.38659817455317,127.97917175876373,133.07861328125,81593200.0,1477.300048828125,333.0,76.44999694824219,0.0,185.9776306152344,3131900.0,5.044816970825195,874268000.0,39.119998931884766,106949300.0,91.5,192904000.0,130.3266143798828,12988200.0,9.5,338584400.0
2020-03-19,135.32511843712092,142.32027106056546,131.75170483894232,135.26824951171875,85922700.0,1478.5999755859375,262.0,72.0,0.0,202.0650329589844,1634600.0,5.2972822189331055,765512000.0,39.81999969482422,88939000.0,94.04650115966795,207998000.0,137.44212341308594,10444000.0,9.5,338584400.0
2020-03-20,138.38665869750938,139.4293036921148,128.7754214733434,130.18772888183594,84866200.0,1484.0,14.0,66.04000091552734,0.0,204.01931762695312,2316700.0,5.11769437789917,804636000.0,39.61000061035156,106859500.0,92.30449676513672,196358000.0,137.33370971679688,12450100.0,9.5,338584400.0
2020-03-23,129.865433072782,133.23980446764403,125.60957912301352,128.88914489746094,78975200.0,1567.0,51.0,61.59000015258789,0.0,220.1161193847656,1731500.0,5.290316581726074,643876000.0,41.63999938964844,101704700.0,95.1415023803711,156170000.0,138.4867706298828,11898300.0,9.5,338584400.0
2020-03-24,136.25398403659477,141.79893456349842,133.90331065731874,140.60462951660156,82516700.0,1660.199951171875,442.0,61.66999816894531,0.0,245.66342163085935,1427600.0,6.197946548461914,1101644000.0,46.220001220703125,106794200.0,97.00499725341795,142942000.0,151.4169464111328,11834400.0,9.5,338584400.0
2020-03-25,141.14490110421414,146.28226653788022,136.90799381312664,139.2586669921875,75638200.0,1632.300048828125,476.0,63.95000076293945,0.0,247.41946411132807,1211300.0,6.109397411346436,793432000.0,44.630001068115234,93760400.0,94.29199981689452,129582000.0,144.93214416503906,10639300.0,9.5,338584400.0
2020-03-26,140.66146399847827,148.49074374282242,140.63302954842695,147.96942138671875,64568100.0,1650.0999755859375,3.0,61.0,0.0,260.4763488769531,1018600.0,6.39842700958252,696108000.0,47.5,73680200.0,97.77449798583984,124426000.0,152.4911651611328,8573100.0,9.5,338584400.0
2020-03-27,143.83677947196435,146.81303910788503,141.4197499720729,141.8936767578125,57042300.0,1623.9000244140625,100638.0,65.54000091552734,0.0,238.49771118164065,1518300.0,6.286248207092285,638828000.0,46.58000183105469,74599200.0,95.00499725341795,107758000.0,143.8874969482422,8273500.0,9.5,338584400.0
2020-03-30,144.49081435919743,152.22530370208108,142.18752244275748,151.8745880126953,63420300.0,1622.0,16389.0,57.08000183105469,0.0,253.04624938964844,1142400.0,6.606119632720947,602252000.0,47.86000061035156,68486600.0,98.19750213623048,122522000.0,147.68182373046875,7650400.0,9.5,338584400.0
2020-03-31,151.08789907794045,156.18735745872982,148.39599759418255,149.4860382080078,77927200.0,1583.4000244140625,2874.0,53.540000915527344,0.0,247.0135498046875,881800.0,6.556620121002197,949960000.0,45.47999954223633,83483700.0,97.48600006103516,102472000.0,141.89671325683594,10429700.0,9.5,338584400.0
2020-04-01,145.02165953549925,149.5239659589869,142.95534479290427,144.17807006835938,57969900.0,1578.199951171875,2158.0,57.060001373291016,0.0,235.08953857421875,715700.0,6.045970439910889,656912000.0,43.65999984741211,92083100.0,95.38500213623048,82438000.0,132.1202392578125,8737600.0,9.5,338584400.0
2020-04-02,143.9410307443627,147.37225573029235,142.5192505175172,147.16372680664062,49630700.0,1625.699951171875,1294.0,50.90999984741211,0.0,233.45623779296875,788600.0,6.354399681091309,675764000.0,44.4900016784668,79024100.0,95.94149780273438,86720000.0,132.3765106201172,8150500.0,9.5,338584400.0
2020-04-03,147.01211258227983,149.17321783075897,144.25385488302902,145.80833435058594,41243300.0,1633.699951171875,643.0,46.79999923706055,0.0,230.935546875,571700.0,6.066864490509033,663212000.0,42.59000015258789,79335000.0,95.32949829101562,72198000.0,132.36663818359375,6004400.0,9.5,338584400.0
2020-04-06,151.95992123012604,157.81765050477165,149.36279672981783,156.65179443359375,67111700.0,1677.0,1063.0,45.2400016784668,0.0,255.97300720214844,807600.0,6.676013946533203,727884000.0,47.52000045776367,82294000.0,99.87950134277344,115464000.0,145.41506958007812,12296800.0,9.5,338584400.0
2020-04-07,160.74651406806288,161.13513757689245,154.74659809212773,154.96461486816406,62769000.0,1664.800048828125,1144.0,46.70000076293945,0.0,257.35137939453125,768200.0,6.442949295043945,784520000.0,47.560001373291016,102098700.0,100.58000183105467,102280000.0,142.97097778320312,7859500.0,9.5,338584400.0
2020-04-08,157.03090807928612,157.97876170284414,154.97406745173703,156.51907348632812,48318200.0,1665.4000244140625,747.0,43.34999847412109,0.0,263.0064392089844,891700.0,6.639945983886719,542444000.0,48.790000915527344,64930800.0,102.1500015258789,79546000.0,148.93341064453125,7665500.0,9.5,338584400.0
2020-04-09,157.6849471612122,158.64227422215973,154.81295151526945,156.528564453125,51385100.0,1736.199951171875,825.0,41.66999816894531,0.0,261.3354797363281,728900.0,6.540452480316162,525564000.0,48.380001068115234,80270100.0,102.13800048828124,92930000.0,152.3137969970703,7094600.0,9.5,338584400.0
2020-04-13,155.7797730783277,156.9361558362128,153.83666995479288,156.8792724609375,41905300.0,1744.800048828125,696.0,41.16999816894531,0.0,258.7769470214844,789400.0,6.712080001831055,398408000.0,50.93999862670898,64290100.0,108.44349670410156,134334000.0,150.29345703125,5138600.0,9.5,338584400.0
2020-04-14,160.1872571452114,164.6895617099437,159.2394035526362,164.6421661376953,52874300.0,1756.699951171875,675.0,37.7599983215332,0.0,272.7778625488281,1700600.0,7.062795162200928,530948000.0,54.93000030517578,85306800.0,114.16600036621094,161744000.0,155.42807006835938,7334300.0,9.5,338584400.0
2020-04-15,162.27252056372882,164.51894325255736,160.41473575433392,162.9170684814453,40940800.0,1727.199951171875,642.0,40.84000015258789,0.0,266.6979064941406,1487600.0,6.985438346862793,366148000.0,54.9900016784668,83814000.0,115.38400268554688,137332000.0,153.378173828125,4042600.0,9.5,338584400.0
2020-04-16,165.21090401533556,168.0355040124014,163.883900147735,167.80801391601562,50479600.0,1720.4000244140625,162.0,40.11000061035156,0.0,276.0538330078125,1212000.0,7.330184936523437,745620000.0,56.95000076293945,103106500.0,120.40950012207033,240764000.0,154.7874755859375,4391500.0,9.5,338584400.0
2020-04-17,170.13972936582047,170.6136561885665,166.69901600449276,169.2866668701172,52765600.0,1689.199951171875,223.0,38.150001525878906,0.0,279.1222229003906,899100.0,7.270983695983887,539120000.0,56.59999847412109,76908800.0,118.75,158600000.0,160.26699829101562,7312900.0,9.5,338584400.0
2020-04-20,167.4193809458809,169.42882588907332,165.86490166729666,165.93124389648438,36669600.0,1701.5999755859375,106.0,43.83000183105469,0.0,275.2797241210937,510100.0,7.139901161193848,449388000.0,56.970001220703125,72367300.0,119.68049621582033,115414000.0,160.40499877929688,4686000.0,9.5,338584400.0
2020-04-21,164.4525877384879,164.613721103294,157.447950718237,159.06878662109375,56203700.0,1678.199951171875,666.0,45.40999984741211,0.0,265.3761291503906,663700.0,6.703624248504639,735160000.0,52.91999816894531,123906400.0,116.40599822998048,149534000.0,148.38153076171875,13737900.0,9.5,338584400.0
2020-04-22,162.45263993058774,164.92653858793065,161.91237085947336,164.47157287597656,34620200.0,1728.699951171875,453.0,41.97999954223633,0.0,278.480224609375,596100.0,7.117516040802002,483356000.0,55.91999816894531,63041600.0,118.17449951171876,84244000.0,151.9097137451172,6660900.0,9.5,338584400.0
2020-04-23,165.0308233603539,165.9312815649868,161.997694135911,162.48109436035156,32790800.0,1733.300048828125,482.0,41.380001068115234,0.0,273.2216186523437,730500.0,7.064287185668945,424160000.0,55.900001525878906,69662700.0,119.97250366210938,101332000.0,149.52471923828125,6281400.0,9.5,338584400.0
2020-04-24,163.087684835539,165.4573187880793,161.80809117902592,165.44784545898438,34277600.0,1723.5,221.0,35.93000030517578,0.0,276.9203796386719,464200.0,7.203078746795654,352328000.0,56.18000030517578,72761000.0,120.51100158691406,76498000.0,151.7520294189453,6710500.0,9.5,338584400.0
2020-04-27,167.3814490393067,167.67528131538185,164.26301733319343,164.97390747070312,33194400.0,1711.9000244140625,169.0,33.290000915527344,0.0,276.02838134765625,689100.0,7.389381408691406,479388000.0,56.4900016784668,62568100.0,118.8000030517578,112912000.0,155.34922790527344,5036400.0,9.5,338584400.0
2020-04-28,166.43360972677016,166.5094397501478,160.55692031443468,160.95501708984375,34392700.0,1710.5,1255.0,33.56999969482422,0.0,276.5218505859375,532000.0,7.247106552124023,442904000.0,55.5099983215332,80501800.0,115.7040023803711,105388000.0,152.22508239746094,4731800.0,9.5,338584400.0
2020-04-29,164.18718760925833,168.41460620185836,162.91706736578456,168.17764282226562,51286600.0,1703.4000244140625,373.0,31.229999542236328,0.0,288.1834716796875,968000.0,7.423707485198975,379160000.0,53.65999984741211,110800900.0,118.635498046875,91832000.0,158.10870361328125,5256700.0,9.5,338584400.0
2020-04-30,170.61363557217732,170.9927711993211,167.040223710804,169.86483764648438,53875900.0,1684.199951171875,327.0,34.150001525878906,0.0,273.68463134765625,846300.0,7.269988536834717,375916000.0,52.38999938964844,65543900.0,123.6999969482422,190692000.0,159.6067352294922,6830700.0,9.5,338584400.0
2020-05-01,166.6326372953001,169.324537588114,164.93597154192332,165.46678161621094,39370500.0,1694.5,337.0,37.18999862670898,0.0,264.7937316894531,862800.0,7.033693313598633,342096000.0,49.880001068115234,69562700.0,114.302001953125,195452000.0,154.10745239257812,4276900.0,9.5,338584400.0
2020-05-04,165.3909752711956,169.66578968159777,164.7369539912882,169.51412963867188,30372900.0,1706.9000244140625,320.0,35.970001220703125,0.0,268.7030029296875,1036900.0,7.245364665985107,317556000.0,52.560001373291016,62590600.0,115.79949951171876,97318000.0,159.13368225097656,5974200.0,9.5,338584400.0
2020-05-05,171.20133121146824,174.073326774574,170.5188753882451,171.3340301513672,36839200.0,1704.4000244140625,82.0,33.61000061035156,0.0,273.6087341308594,821600.0,7.306304931640625,368896000.0,52.18999862670898,56560500.0,115.88999938964844,64850000.0,160.88792419433594,5264800.0,9.5,338584400.0
2020-05-06,172.58517466921734,174.59461955013938,172.15864346792125,173.02117919921875,32139300.0,1684.199951171875,469.0,34.119998931884766,0.0,276.9772644042969,552400.0,7.407041549682617,323464000.0,52.15999984741211,48138100.0,117.56300354003906,62356000.0,161.3018035888672,4112600.0,9.5,338584400.0
2020-05-07,174.5662243197236,174.92641337480944,173.05914032044407,174.0259552001953,28316000.0,1721.800048828125,853.0,31.440000534057617,0.0,284.27410888671875,570800.0,7.583144664764404,373732000.0,51.95000076293945,48956600.0,118.38050079345705,67928000.0,167.44168090820312,6460900.0,9.5,338584400.0
2020-05-08,175.33398059636073,175.35294172080944,173.79846216732196,175.04962158203125,30877800.0,1709.9000244140625,330.0,27.979999542236328,0.0,288.83819580078125,680600.0,7.772929668426514,339216000.0,53.18999862670898,40686100.0,118.98049926757812,64132000.0,173.35487365722656,5403400.0,9.5,338584400.0
2020-05-11,173.59939164214202,177.7320341687052,173.3150471152791,177.002197265625,30892700.0,1695.300048828125,749.0,27.56999969482422,0.0,288.8287658691406,513600.0,8.024649620056152,469060000.0,55.7400016784668,68746400.0,120.4499969482422,65184000.0,180.02688598632812,8696000.0,9.5,338584400.0
2020-05-12,177.05905204204092,177.28652764537918,172.79371092227436,172.9927520751953,32038200.0,1704.4000244140625,324.0,33.040000915527344,0.0,281.46551513671875,481700.0,7.7629780769348145,493060000.0,53.7599983215332,55631100.0,117.84750366210938,61498000.0,174.97113037109375,5904600.0,9.5,338584400.0
2020-05-13,173.03073332979187,174.45251418794447,167.33412210174134,170.37673950195312,44711500.0,1713.9000244140625,431.0,35.279998779296875,0.0,279.1881408691406,1142300.0,7.740593433380127,625852000.0,52.18000030517578,76824700.0,118.39600372314452,95658000.0,167.18545532226562,12534900.0,9.5,338584400.0
2020-05-14,168.28192504750183,171.26767262333027,166.51891673874837,171.1160125732422,41873900.0,1738.0999755859375,672.0,32.61000061035156,0.0,287.0827331542969,1296800.0,7.989824771881103,602312000.0,54.5099983215332,73814000.0,119.44249725341795,72962000.0,164.5836639404297,7442300.0,9.5,338584400.0
2020-05-15,169.72269569068143,177.30552593773953,167.7701192161601,173.60890197753906,46610400.0,1753.4000244140625,719.0,31.88999938964844,0.0,277.5845947265625,957200.0,8.447744369506836,987660000.0,54.20000076293945,66950900.0,120.48899841308594,84700000.0,168.8509979248047,5673800.0,9.5,338584400.0
2020-05-18,176.06383283345417,176.49036412535662,174.36718099656215,175.26763916015625,35264500.0,1731.800048828125,229.0,29.299999237060547,0.0,289.3031616210937,997000.0,8.705930709838867,774460000.0,54.59000015258789,48569200.0,121.31300354003906,87144000.0,170.00405883789062,6398300.0,9.5,338584400.0
2020-05-19,175.38132561469354,176.86946249824126,173.92163764116737,174.05433654785156,26799100.0,1744.199951171875,167.0,30.530000686645508,0.0,290.5935974121094,687400.0,8.760899543762207,717320000.0,55.470001220703125,60388500.0,122.46649932861328,86410000.0,173.49282836914062,5264000.0,9.5,338584400.0
2020-05-20,175.66068745873378,176.64920874209136,174.83376282051205,176.46861267089844,31261300.0,1750.5999755859375,16.0,27.989999771118164,0.0,308.9924011230469,1084900.0,8.924566268920898,587536000.0,56.38999938964844,50888200.0,124.89700317382812,79962000.0,174.36996459960938,4951200.0,9.5,338584400.0
2020-05-21,176.22148762180447,177.42861841763434,174.21594577347696,174.34901428222656,29119500.0,1720.5,528.0,29.530000686645508,0.0,302.68231201171875,639200.0,8.730799674987793,761068000.0,54.650001525878906,48496100.0,122.33699798583984,102288000.0,172.72412109375,4429700.0,9.5,338584400.0
2020-05-22,174.12088323188706,175.32801387592917,173.50305383772445,174.42503356933594,20826900.0,1734.5999755859375,6.0,28.15999984741211,0.0,303.0334167480469,365400.0,8.980533599853516,1038764000.0,55.16999816894531,43524100.0,121.84400177001952,57342000.0,175.27664184570312,4965100.0,9.5,338584400.0
2020-05-26,177.11497503906327,177.2670574968158,172.1343978264107,172.5811309814453,36073600.0,1704.800048828125,39.0,28.01000022888184,0.0,303.50787353515625,540400.0,8.673595428466797,770780000.0,53.18999862670898,51618900.0,121.09300231933594,71364000.0,173.9658966064453,8353600.0,9.5,338584400.0
2020-05-27,171.27893938264498,172.980331004467,167.85717121330865,172.80923461914062,39517100.0,1710.300048828125,137416.0,27.6200008392334,0.0,302.2458190917969,808100.0,8.482067108154297,1175892000.0,52.7400016784668,102414500.0,120.51950073242188,101138000.0,174.0447540283203,6340200.0,9.5,338584400.0
2020-05-28,171.792195219223,175.03336693369795,171.45001698942932,172.4195098876953,33810200.0,1713.300048828125,23355.0,28.59000015258789,0.0,303.6122741699219,797900.0,8.444013595581055,734896000.0,51.7400016784668,53670200.0,120.05500030517578,63804000.0,178.47962951660156,10275200.0,9.5,338584400.0
2020-05-29,173.68368727702386,175.14745550760475,171.47854971997998,174.17794799804688,42130400.0,1736.9000244140625,1526.0,27.51000022888184,0.0,312.66455078125,649500.0,8.830544471740723,745256000.0,53.79999923706055,64666700.0,122.11849975585938,70198000.0,172.26092529296875,19588900.0,9.5,338584400.0
2020-06-01,173.50306582205417,173.94029918509904,172.47654567180405,173.77871704101562,22622400.0,1737.800048828125,871.0,28.229999542236328,0.0,310.0266418457031,526100.0,8.761648178100586,389876000.0,53.630001068115234,36864400.0,123.552001953125,58578000.0,173.80819702148438,5711600.0,9.5,338584400.0
2020-06-02,175.12846899992755,175.84133929436416,172.37204299612597,175.75579833984375,30794600.0,1725.199951171875,741.0,26.84000015258789,0.0,317.61773681640625,717200.0,8.780548095703125,391320000.0,53.540000915527344,42855200.0,123.62049865722656,50598000.0,171.70901489257812,8571800.0,9.5,338584400.0
2020-06-03,175.67022679734052,176.73477494392236,174.49160956121008,176.18348693847656,27311000.0,1697.800048828125,2755.0,25.65999984741211,0.0,328.5960998535156,693900.0,8.72508430480957,365440000.0,52.72999954223633,46765300.0,123.91999816894533,53420000.0,172.45803833007812,6004000.0,9.5,338584400.0
2020-06-04,175.1759587709763,176.63971241141127,173.2749717295189,173.86427307128906,28761800.0,1718.9000244140625,807.0,25.809999465942383,0.0,335.05792236328125,884600.0,8.726079940795898,424280000.0,52.630001068115234,44869100.0,123.02999877929688,58974000.0,168.9593963623047,7301600.0,9.5,338584400.0
2020-06-05,173.5791261393768,178.43614872306114,172.99932449815253,177.93238830566406,39893600.0,1676.199951171875,1502.0,24.520000457763672,0.0,338.9579162597656,899200.0,8.878870010375977,481748000.0,53.09999847412109,53908300.0,124.1500015258789,66128000.0,171.3640899658203,8232200.0,9.5,338584400.0
2020-06-08,176.7347352095089,179.2155234245811,175.30899518943008,179.03492736816406,33211600.0,1698.300048828125,587.0,25.809999465942383,0.0,331.3953552246094,1001700.0,8.764398574829102,387736000.0,52.970001220703125,39681700.0,126.2030029296875,79414000.0,173.99546813964844,4592600.0,9.5,338584400.0
2020-06-09,178.6927498162393,181.25907896079704,177.98937951595948,180.4036407470703,29783900.0,1714.699951171875,690.0,27.56999969482422,0.0,331.4712829589844,737200.0,9.004288673400879,468488000.0,56.38999938964844,79919100.0,130.04299926757812,103520000.0,172.03424072265625,4025600.0,9.5,338584400.0
2020-06-10,181.66781392729945,188.69195979526327,181.55374485339544,187.0951232910156,43872300.0,1713.300048828125,718.0,27.56999969482422,0.0,330.13336181640625,997900.0,9.32356071472168,632180000.0,57.43999862670898,78719400.0,132.37249755859375,98920000.0,179.46519470214844,8127200.0,9.5,338584400.0
2020-06-11,183.56880167969496,186.0685895505903,176.85832035143625,177.0484161376953,52854700.0,1732.0,347.0,40.790000915527344,0.0,315.8717956542969,919300.0,8.75568962097168,583652000.0,52.83000183105469,78715400.0,127.89800262451172,116002000.0,169.56056213378906,6521200.0,9.5,338584400.0
2020-06-12,181.1070182904642,182.22860811999772,176.01237274212463,178.44564819335938,43373600.0,1729.300048828125,318.0,36.09000015258789,0.0,325.5312805175781,845000.0,8.891310691833496,570908000.0,53.5,71189100.0,127.2509994506836,108722000.0,172.57630920410156,5443800.0,9.5,338584400.0
2020-06-15,175.44207556438678,181.3731596709733,174.9002873584284,179.5862274169922,32770200.0,1720.300048828125,188.0,34.400001525878906,0.0,332.1164855957031,598200.0,9.131450653076172,400004000.0,54.68000030517578,56740700.0,128.63400268554688,77302000.0,176.02565002441406,6000000.0,9.5,338584400.0
2020-06-16,183.3407021258186,185.89753212160971,181.98150329725257,183.98704528808597,42556700.0,1729.5999755859375,22.0,33.66999816894531,0.0,334.0522766113281,863900.0,9.026686668395996,535716000.0,54.459999084472656,50949700.0,130.7635040283203,71712000.0,177.86862182617188,5824100.0,9.5,338584400.0
2020-06-17,185.3747390455772,186.6008837355132,184.10108128516464,184.6238555908203,25687800.0,1729.199951171875,51.0,33.470001220703125,0.0,343.8825988769531,710400.0,9.19340991973877,408304000.0,54.54999923706055,45146500.0,132.0489959716797,59186000.0,178.77529907226562,5038600.0,9.5,338584400.0
2020-06-18,184.39572415045265,186.76245799607423,184.39572415045265,186.6008758544922,23061600.0,1724.800048828125,110.0,32.939998626708984,0.0,340.5330810546875,494700.0,9.175496101379396,254408000.0,54.040000915527344,40354700.0,132.69900512695312,49756000.0,184.9447021484375,8677800.0,9.5,338584400.0
2020-06-19,188.7584999974735,189.423842544377,184.7474162817957,185.48880004882807,44441100.0,1745.9000244140625,1329.0,35.119998931884766,0.0,342.2315673828125,786900.0,9.218546867370604,524160000.0,54.22999954223633,52801500.0,133.75050354003906,115540000.0,184.24497985839844,11841000.0,9.5,338584400.0
2020-06-22,186.09710051660872,190.82105397926185,185.56482652138783,190.64047241210935,32818900.0,1756.699951171875,1356.0,31.770000457763672,0.0,345.6664428710937,554500.0,9.48282241821289,398468000.0,54.7599983215332,44704800.0,135.6909942626953,64176000.0,188.87698364257807,6252200.0,9.5,338584400.0
2020-06-23,192.0852206558405,193.85313907898703,191.4578914887996,191.9141387939453,30917400.0,1772.0999755859375,666.0,31.3700008392334,0.0,347.8963623046875,604100.0,9.406426429748535,375108000.0,53.9900016784668,48089000.0,138.2205047607422,84634000.0,186.324462890625,6950800.0,9.5,338584400.0
2020-06-24,191.6195195901801,193.18782826180143,186.8290236235657,188.045654296875,36740600.0,1765.800048828125,961.0,33.84000015258789,0.0,343.09503173828125,613500.0,9.192914009094238,449372000.0,52.38999938964844,53535500.0,136.72000122070312,90532000.0,182.8652191162109,4903100.0,9.5,338584400.0
2020-06-25,188.00764282127645,190.67852759970847,185.79299092407084,190.42189025878903,27803900.0,1762.0999755859375,207.0,32.220001220703125,0.0,347.8109436035156,465100.0,9.44624137878418,376072000.0,51.93000030517578,51129600.0,137.72900390625,59374000.0,185.6148834228516,4022400.0,9.5,338584400.0
2020-06-26,189.8420540312599,189.99413646513128,185.2321694686441,186.61038208007807,54675800.0,1772.5,640.0,34.72999954223633,0.0,343.26580810546875,493000.0,9.112785339355469,592084000.0,50.09999847412109,65485700.0,134.64349365234375,130016000.0,180.5196685791016,7595700.0,9.5,338584400.0
2020-06-29,186.08760498304545,188.7014619495084,183.96800866755063,188.6159210205078,26701600.0,1774.800048828125,584.0,31.780000686645508,0.0,346.159912109375,612800.0,9.157577514648438,342248000.0,50.27999877929688,49905800.0,134.0189971923828,84468000.0,180.6773681640625,3972100.0,9.5,338584400.0
2020-06-30,188.0836677162733,194.28087520010905,187.9505991998322,193.4349365234375,34310300.0,1793.0,986.0,30.43000030517578,0.0,349.2152709960937,678600.0,9.45395565032959,367892000.0,52.61000061035156,42275700.0,137.9409942626953,75394000.0,184.61947631835935,4478900.0,9.5,338584400.0
2020-07-01,193.0832268930802,196.13431706007916,191.7810555883194,194.5659942626953,32061200.0,1773.199951171875,331.0,28.6200008392334,0.0,348.7977294921875,516600.0,9.486055374145508,326648000.0,52.58000183105469,32370900.0,143.93499755859375,127268000.0,189.11349487304688,4754600.0,9.5,338584400.0
2020-07-02,195.49746395135764,197.7216293979636,194.8511354393264,196.0487518310547,29315800.0,1784.0,215.0,27.68000030517578,0.0,354.1398620605469,449400.0,9.567926406860352,364056000.0,52.34000015258789,29081400.0,144.51499938964844,131868000.0,189.7442169189453,4200300.0,9.5,338584400.0
2020-07-06,198.4915485673993,200.6776863993689,197.78817819437523,200.2689666748047,31897600.0,1788.5,172.0,27.940000534057617,0.0,365.7541809082031,752900.0,9.7938814163208,315892000.0,53.400001525878906,36769400.0,152.8520050048828,137612000.0,194.8591461181641,5794200.0,9.5,338584400.0
2020-07-07,200.0313445394233,204.042428076492,197.69313876394023,197.9402618408203,33600700.0,1804.199951171875,751.0,29.43000030517578,0.0,362.4900207519531,410900.0,9.826231002807615,357800000.0,52.93000030517578,32153100.0,150.00599670410156,105150000.0,193.5385589599609,5431500.0,9.5,338584400.0
2020-07-08,199.67020660849812,202.7022691477667,198.3585207396695,202.29356384277344,33600000.0,1815.5,209.0,28.07999992370605,0.0,371.8934326171875,599300.0,10.168895721435549,365480000.0,53.43000030517578,35608300.0,154.0554962158203,100752000.0,197.3821258544922,4233700.0,9.5,338584400.0
2020-07-09,205.62029538664976,205.66782297036744,201.0008956149056,203.70980834960935,33121700.0,1799.199951171875,396.0,29.26000022888184,0.0,374.5408630371094,644200.0,10.460541725158691,494548000.0,57.2599983215332,87216300.0,159.13150024414062,127774000.0,197.83546447753903,6062800.0,9.5,338584400.0
2020-07-10,203.0444523964673,203.4816858645452,200.6302048650477,203.09197998046875,26177600.0,1798.199951171875,236.0,27.290000915527344,0.0,375.6130676269531,667200.0,10.43092918395996,497676000.0,55.880001068115234,59839700.0,160.0,109720000.0,196.0023651123047,3783200.0,9.5,338584400.0
2020-07-13,203.86187245686293,205.11653102704423,196.27693724789137,196.8187255859375,38135600.0,1811.0,164.0,32.189998626708984,0.0,368.7526245117188,1083600.0,10.005900382995604,457076000.0,53.59000015258789,57741800.0,155.1999969482422,154408000.0,185.6148834228516,5555400.0,9.5,338584400.0
2020-07-14,195.92521229609352,198.5105555454417,192.0281834928232,198.03530883789065,37591800.0,1810.5999755859373,339.0,29.520000457763672,0.0,376.5429382324219,880100.0,10.329150199890137,542676000.0,54.720001220703125,54890100.0,154.1999969482422,144638000.0,186.8172149658203,5854700.0,9.5,338584400.0
2020-07-15,199.1854465445076,200.86782436233148,194.87971147955065,197.74069213867188,32179400.0,1811.4000244140625,167.0,27.76000022888184,0.0,356.2370300292969,1640300.0,10.180092811584473,403984000.0,55.34000015258789,42360300.0,150.44349670410156,115778000.0,185.36846923828125,7681800.0,9.5,338584400.0
2020-07-16,195.23134167200277,195.5164925972257,192.2943204999769,193.8246154785156,29940700.0,1798.699951171875,146.0,28.0,0.0,365.5264892578125,2240900.0,10.088019371032717,344964000.0,54.91999816894531,36887100.0,149.9949951171875,127884000.0,182.8258056640625,7350000.0,9.5,338584400.0
2020-07-17,194.34740174799845,194.88917548630675,191.4198801082913,192.83612060546875,31635300.0,1808.300048828125,24.0,25.68000030517578,0.0,363.9798583984375,1048700.0,10.154459953308104,266284000.0,55.040000915527344,34710400.0,148.09849548339844,95226000.0,185.06298828125,4324300.0,9.5,338584400.0
2020-07-20,194.85118714961936,201.78979330001377,192.959699672657,201.12445068359372,36884800.0,1815.9000244140625,89.0,24.459999084472656,0.0,371.4664916992188,972600.0,10.462284088134766,284852000.0,57.459999084472656,45034300.0,159.8419952392578,151964000.0,192.26719665527344,5729000.0,9.5,338584400.0
2020-07-21,203.0824697440858,203.34860679664743,197.731186037843,198.41554260253903,37990400.0,1842.4000244140625,117.0,24.84000015258789,0.0,364.1980590820313,823700.0,10.280875205993652,277036000.0,57.0,44741000.0,156.9145050048828,122426000.0,188.03927612304688,5376800.0,9.5,338584400.0
2020-07-22,198.8432520443965,201.78978791424657,198.07335457284609,201.2670135498047,49605700.0,1864.0999755859373,213.0,24.31999969482422,0.0,372.5292053222656,710100.0,10.390616416931152,367292000.0,61.790000915527344,135159400.0,154.99549865722656,82084000.0,188.5419006347656,2833000.0,9.5,338584400.0
2020-07-23,196.93275836350443,200.47809519758303,192.14226281240855,192.5129547119141,67457000.0,1889.0999755859373,133.0,26.07999992370605,0.0,364.5870971679688,990800.0,10.08304214477539,411660000.0,59.56999969482422,106829100.0,149.32749938964844,113138000.0,185.81195068359372,3639500.0,9.5,338584400.0
2020-07-24,190.497911638035,192.81711817294263,187.73197198353216,191.3343505859375,39827000.0,1897.300048828125,474.0,25.84000015258789,0.0,348.88311767578125,1628900.0,10.147493362426758,473292000.0,69.4000015258789,205314500.0,150.44549560546875,112648000.0,185.76271057128903,3908400.0,9.5,338584400.0
2020-07-27,191.4959232851321,193.8721569939332,190.91612168004943,193.7581024169922,30160900.0,1931.0,364.0,24.739999771118164,0.0,362.2622985839844,1080300.0,10.373446464538574,292132000.0,68.97000122070312,107918100.0,152.760498046875,83410000.0,188.1969757080078,3015700.0,9.5,338584400.0
2020-07-28,193.52998850951332,194.5660229779336,191.75257024686763,192.01870727539065,23251400.0,1944.699951171875,825.0,25.440000534057617,0.0,357.11944580078125,502000.0,10.16839599609375,271636000.0,67.61000061035156,94181400.0,150.01649475097656,62534000.0,186.758056640625,3114200.0,9.5,338584400.0
2020-07-29,192.47493508696,194.5184903248029,192.0091880475081,193.95770263671875,19632600.0,1953.5,209835.0,24.100000381469727,0.0,345.9796447753906,1446700.0,10.417243957519531,284508000.0,76.08999633789062,132969700.0,151.67649841308594,59482000.0,190.80862426757807,3747800.0,9.5,338584400.0
2020-07-30,191.0491779037162,194.33789152672944,189.6899792712966,193.80560302734372,25079600.0,1942.300048828125,28853.0,24.76000022888184,0.0,344.1862487792969,1010400.0,10.565057754516602,308880000.0,78.19999694824219,80286900.0,152.593994140625,122566000.0,188.9262542724609,3587400.0,9.5,338584400.0
2020-07-31,194.28082472754156,194.94618164027335,189.1576664204421,194.86062622070312,51044000.0,1962.800048828125,2914.0,24.459999084472656,0.0,335.6368408203125,954900.0,10.565805435180664,386080000.0,77.43000030517578,71621600.0,158.23399353027344,161710000.0,192.0306701660156,3734000.0,9.5,338584400.0
2020-08-03,201.048372935524,206.86538804440696,200.02183829806603,205.81983947753903,78983000.0,1966.0,683.0,24.280000686645508,0.0,347.8678283691406,862400.0,10.959481239318848,412720000.0,77.66999816894531,42628800.0,155.59449768066406,101494000.0,200.2499847412109,6557500.0,9.5,338584400.0
2020-08-04,203.567166971128,204.1374688047289,199.89826191685304,202.7307281494141,49280100.0,2001.199951171875,2010.0,23.76000022888184,0.0,351.3977355957031,833400.0,11.175976753234863,310336000.0,85.04000091552734,155676100.0,156.94149780273438,93886000.0,198.49575805664065,4480300.0,9.5,338584400.0
2020-08-05,204.2610456706548,204.3561008212258,201.0959151046304,202.3980865478516,28806400.0,2031.0999755859373,1422.0,22.989999771118164,0.0,349.670654296875,591300.0,11.234704971313477,249924000.0,85.30999755859375,65642600.0,160.25149536132812,78330000.0,199.70797729492188,3559100.0,9.5,338584400.0
2020-08-06,201.82776391473723,205.6582511344428,201.07688051454105,205.6392517089844,32656800.0,2051.5,294.0,22.649999618530277,0.0,350.3539428710937,402100.0,11.283231735229492,244316000.0,86.70999908447266,53961700.0,161.25,78812000.0,204.7834625244141,5113300.0,9.5,338584400.0
2020-08-07,204.21354073459383,205.02145153311608,200.4875933337867,201.9608612060547,27820400.0,2010.0999755859373,808.0,22.209999084472656,0.0,347.3554077148437,572500.0,11.14785861968994,342516000.0,84.8499984741211,66543200.0,158.3730010986328,78722000.0,198.14096069335935,5423400.0,9.5,338584400.0
2020-08-10,201.19094771383908,201.3905577207116,196.13433007915847,197.9402618408203,36716500.0,2024.4000244140625,233.0,22.1299991607666,0.0,346.7292175292969,547900.0,11.113517761230469,427796000.0,82.23999786376953,70536100.0,157.4080047607422,63346000.0,194.3072662353516,5528200.0,9.5,338584400.0
2020-08-11,196.90418845832352,197.36992087648605,193.0832014681949,193.3113250732422,36446500.0,1932.5999755859373,971.0,24.030000686645508,0.0,342.8388366699219,627000.0,10.799971580505373,354512000.0,76.87999725341797,77877700.0,154.0334930419922,74362000.0,189.21206665039065,5015400.0,9.5,338584400.0
2020-08-12,195.1268218072775,199.8697900206616,194.61356165253872,198.8337554931641,28013100.0,1934.9000244140625,404.0,22.280000686645508,0.0,355.648681640625,565400.0,11.38749885559082,464412000.0,82.61000061035156,88513700.0,158.11199951171875,70442000.0,189.83294677734372,3980300.0,9.5,338584400.0
2020-08-13,199.07136664712925,200.88681276479969,197.845221875211,198.3679962158203,22588900.0,1956.699951171875,71.0,22.1299991607666,0.0,355.6011962890625,470700.0,11.390235900878906,374460000.0,81.83999633789062,57407400.0,158.05099487304688,62980000.0,192.3164978027344,4711600.0,9.5,338584400.0
2020-08-14,198.4250216975084,199.2139330582557,197.23690479940333,198.5580902099609,17958900.0,1937.0,201.0,22.049999237060547,0.0,352.1283264160156,543900.0,11.510679244995115,366436000.0,81.30000305175781,42389500.0,157.4010009765625,55034000.0,190.66079711914065,2833000.0,9.5,338584400.0
2020-08-17,199.2234072167872,200.7346881264849,198.5770642124237,199.86973571777344,20184800.0,1985.0,97.0,21.350000381469727,0.0,359.1595764160156,428200.0,12.280113220214844,621300000.0,82.41999816894531,31450200.0,159.12049865722656,53824000.0,193.89334106445312,3574500.0,9.5,338584400.0
2020-08-18,200.1073868408774,201.84679161192983,198.85274301626632,201.01986694335935,21336200.0,1999.4000244140625,92.0,21.51000022888184,0.0,357.9354553222656,466500.0,12.204216003417969,503448000.0,81.66000366210938,30970500.0,165.62449645996094,106920000.0,201.0581512451172,7284800.0,9.5,338584400.0
2020-08-19,201.5058125871485,202.08701579049105,199.371555102748,199.80030822753903,27627600.0,1958.699951171875,347.0,22.540000915527344,0.0,355.7720031738281,354400.0,12.08253002166748,622624000.0,81.08999633789062,37507400.0,163.0240020751953,83702000.0,202.1422271728516,7080700.0,9.5,338584400.0
2020-08-20,199.647815458256,204.85006060351787,199.0475670272756,204.44989013671875,26981500.0,1933.800048828125,106.0,22.71999931335449,0.0,353.1436462402344,498200.0,12.085016250610352,921388000.0,82.7699966430664,42948900.0,164.86849975585938,66650000.0,206.47854614257807,5175100.0,9.5,338584400.0
2020-08-21,203.76391835685172,206.0410886510413,202.8016045176839,202.9635772705078,36249300.0,1934.5999755859373,184.0,22.540000915527344,0.0,353.09625244140625,605400.0,12.625015258789062,999868000.0,83.80999755859375,48280300.0,164.23599243164062,71518000.0,204.52719116210935,5727800.0,9.5,338584400.0
2020-08-24,204.65002085311676,205.34556891515348,202.40143298022448,203.6019592285156,25460100.0,1927.699951171875,85.0,22.3700008392334,0.0,358.6661071777344,590700.0,12.66159725189209,490564000.0,83.08000183105469,38036100.0,165.3730010986328,93326000.0,205.4437561035156,5699000.0,9.5,338584400.0
2020-08-25,203.0398003733022,206.3840920840832,203.0398003733022,206.25070190429688,23043700.0,1911.800048828125,176.0,22.030000686645508,0.0,361.3608703613281,378200.0,12.691211700439451,289076000.0,86.3499984741211,49234400.0,167.32449340820312,79856000.0,212.9239196777344,27096500.0,9.5,338584400.0
2020-08-26,207.59416093128425,211.6054039276982,207.0987054135543,210.70977783203125,39600800.0,1940.699951171875,287.0,23.270000457763672,0.0,366.1907348632813,417600.0,12.714104652404783,321244000.0,86.0199966430664,47157300.0,172.09249877929688,130174000.0,268.3797302246094,63253400.0,9.5,338584400.0
2020-08-27,212.3676511643842,220.23770202737023,209.0424043109425,215.88345336914065,57602200.0,1921.5999755859373,2303.0,24.46999931335449,0.0,356.98663330078125,636100.0,12.57002067565918,317604000.0,83.80000305175781,42194200.0,170.0,85296000.0,272.3218688964844,22817100.0,9.5,338584400.0
2020-08-28,217.4079064903307,219.75177942740257,215.8834491710163,218.10345458984372,26292900.0,1964.5999755859373,778.0,22.959999084472656,0.0,360.0704345703125,490200.0,13.087124824523926,537160000.0,85.55000305175781,40723300.0,170.08999633789062,57940000.0,267.1774597167969,28068000.0,9.5,338584400.0
2020-08-31,216.2836151740549,217.90335740203147,213.72060436852905,214.8830108642578,28774200.0,1967.5999755859373,158.0,26.40999984741211,0.0,355.05084228515625,533300.0,13.31283187866211,500840000.0,90.81999969482422,90655900.0,172.54800415039062,83718000.0,268.7049560546875,16010100.0,9.5,338584400.0
2020-09-01,214.86394119772189,216.71235847698847,213.83492494312688,216.54086303710935,25725500.0,1968.199951171875,186.0,26.1200008392334,0.0,367.1205749511719,634500.0,13.761387825012209,511316000.0,92.18000030517578,55825600.0,174.95599365234375,68644000.0,277.1805419921875,13293600.0,9.5,338584400.0
2020-09-02,217.2078160912499,221.86696458633975,216.61709018577795,220.71408081054688,34080800.0,1934.4000244140625,71.0,26.56999969482422,0.0,378.1180419921875,904300.0,14.284621238708496,874012000.0,90.22000122070312,50366900.0,176.57249450683594,78630000.0,272.6865539550781,12963800.0,9.5,338584400.0
2020-09-03,218.4464464578108,218.48455170958857,204.8120064646057,207.04153442382807,58400300.0,1927.5999755859373,179.0,33.599998474121094,0.0,356.9297180175781,1258500.0,12.95936107635498,945128000.0,82.54000091552734,87462700.0,168.39999389648438,163222000.0,261.1755065917969,14000600.0,9.5,338584400.0
2020-09-04,204.9453916359049,208.05148569437216,195.5032274145481,204.1355133056641,59664100.0,1923.9000244140625,607.0,30.75,0.0,348.6365051269531,1206300.0,12.5680570602417,1463684000.0,82.01000213623047,82267800.0,164.7310028076172,175636000.0,251.01467895507807,14374300.0,9.5,338584400.0
2020-09-08,196.75135022135257,200.1147014373641,192.6543458320582,193.09263610839844,52924300.0,1933.0,271.0,31.459999084472656,0.0,329.5924987792969,1541000.0,11.861616134643556,795728000.0,78.69000244140625,54955700.0,157.49200439453125,121884000.0,237.77903747558597,15229600.0,9.5,338584400.0
2020-09-09,197.79945926054117,204.69765825527963,196.94193845606748,201.31524658203125,45679000.0,1944.699951171875,219.0,28.809999465942383,0.0,340.9980163574219,847300.0,12.66015911102295,736200000.0,81.91000366210938,54163900.0,163.4304962158203,103774000.0,246.80645751953125,9988600.0,9.5,338584400.0
2020-09-10,203.3256407346827,204.6023920199661,194.47421668900012,195.6747283935547,35461500.0,1954.199951171875,722.0,29.709999084472656,0.0,338.74920654296875,678600.0,12.258646965026855,698684000.0,78.9800033569336,51499400.0,158.7554931640625,106614000.0,244.21453857421875,5945000.0,9.5,338584400.0
2020-09-11,197.41831048120244,198.78080929672177,191.73968373953392,194.39796447753903,33620100.0,1937.800048828125,73.0,26.8700008392334,0.0,340.8651123046875,678700.0,12.112031936645508,636928000.0,76.33999633789062,54763000.0,155.81100463867188,101880000.0,239.58251953125,5455200.0,9.5,338584400.0
2020-09-14,194.5980960556116,199.3239326578957,194.39800349010872,195.71286010742188,30375800.0,1953.0999755859373,55.0,25.850000381469727,0.0,349.1298217773437,575700.0,12.816729545593262,1201744000.0,77.9000015258789,47448700.0,155.14849853515625,90592000.0,243.0713348388672,4255200.0,9.5,338584400.0
2020-09-15,198.58071594176965,199.87651239728032,197.16105199306432,198.92372131347656,21823900.0,1956.300048828125,74.0,25.59000015258789,0.0,351.3218078613281,717100.0,12.93496799468994,727556000.0,78.93000030517578,57874400.0,157.80650329589844,80430000.0,248.03836059570312,4133600.0,9.5,338584400.0
2020-09-16,200.6768663903581,200.70544896164475,194.9791794116713,195.3698272705078,26328100.0,1960.199951171875,124.0,26.040000915527344,0.0,343.8541259765625,973900.0,12.46052360534668,556384000.0,76.66000366210938,38393500.0,153.90499877929688,90244000.0,246.9739990234375,5441200.0,9.5,338584400.0
2020-09-17,190.60590313185887,194.68384874688627,190.52015540378827,193.3308868408203,34011300.0,1940.0,67.0,26.459999084472656,0.0,347.9912109375,901000.0,12.40973949432373,792512000.0,76.55000305175781,55619100.0,150.43649291992188,128982000.0,240.9918212890625,5279500.0,9.5,338584400.0
2020-09-18,193.2260550723549,194.03591885589844,186.9852699078693,190.9298248291016,55225300.0,1952.0999755859373,38.0,25.82999992370605,0.0,347.61163330078125,912200.0,12.136673927307127,698460000.0,74.93000030517578,51082900.0,147.74549865722656,177852000.0,239.26715087890625,6595600.0,9.5,338584400.0
2020-09-21,187.88089322203805,193.140304553541,187.109134700145,192.9783172607422,39839700.0,1901.199951171875,52.0,27.780000686645508,0.0,344.08184814453125,657900.0,12.463258743286133,721044000.0,77.94000244140625,61312000.0,148.02349853515625,122358000.0,241.5043182373047,5561600.0,9.5,338584400.0
2020-09-22,195.3793420932357,198.27583520030765,192.5400286648774,197.6279296875,33517100.0,1898.5999755859373,331.0,26.86000061035156,0.0,345.9986267089844,971200.0,12.583239555358888,646452000.0,77.69999694824219,56044700.0,156.44949340820312,138976000.0,244.1948089599609,3600800.0,9.5,338584400.0
2020-09-23,198.08532513200964,198.27589504169364,190.58686150842905,191.12042236328125,30803800.0,1859.9000244140625,5.0,28.57999992370605,0.0,339.280517578125,709800.0,12.071455955505373,647012000.0,74.7300033569336,42327500.0,149.9929962158203,113054000.0,232.57542419433597,7507900.0,9.5,338584400.0
2020-09-24,190.4153069509795,195.8652732003476,189.79598401356495,193.59762573242188,31202500.0,1868.300048828125,365.0,28.51000022888184,0.0,341.7476501464844,768400.0,12.294739723205566,731240000.0,75.81999969482422,57540900.0,150.989501953125,110588000.0,234.1128387451172,4166800.0,9.5,338584400.0
2020-09-25,193.9406414404829,199.1714555480412,192.9783130746284,198.00906372070312,29437300.0,1857.699951171875,4.0,26.3799991607666,0.0,342.0512390136719,724100.0,12.81822395324707,588016000.0,78.05999755859375,48206200.0,154.75650024414062,92304000.0,239.22772216796875,5117800.0,9.5,338584400.0
2020-09-28,200.92458801246852,202.5348072671025,198.2377101829386,199.5525665283203,32004900.0,1872.800048828125,10455.0,26.190000534057617,0.0,352.0904541015625,821900.0,12.978775024414062,573808000.0,79.4800033569336,48005500.0,158.70249938964844,84484000.0,243.1008758544922,4088300.0,9.5,338584400.0
2020-09-29,199.4668544093273,200.15286527380047,197.04675648786915,197.4755096435547,24221900.0,1894.300048828125,3283.0,26.270000457763672,0.0,354.8800354003906,608800.0,13.168705940246582,621460000.0,81.7699966430664,61568900.0,157.24400329589844,69916000.0,243.86959838867188,3983700.0,9.5,338584400.0
2020-09-30,197.9232957386492,201.97265800789293,196.78947197711076,200.4005584716797,33829100.0,1887.5,600.0,26.3700008392334,0.0,350.391845703125,867800.0,13.472142219543455,689184000.0,81.98999786376953,51533700.0,157.43649291992188,97922000.0,247.68359375,8188500.0,9.5,338584400.0
2020-10-01,203.4113509604535,203.8877464490633,201.3437962844993,202.4299774169922,27158400.0,1908.4000244140625,730.0,26.700000762939453,0.0,362.4806213378906,891600.0,13.555778503417969,525004000.0,84.86000061035156,52177100.0,161.06300354003906,99438000.0,249.7827606201172,4318000.0,9.460000038146973,124297600.0
2020-10-02,198.18057395365665,201.02942493807893,195.83670115325253,196.45602416992188,33154800.0,1900.199951171875,530.0,27.6299991607666,0.0,351.0845642089844,711600.0,13.005910873413086,552496000.0,81.80000305175781,52855100.0,156.25,112262000.0,244.2638397216797,4494500.0,9.199999809265137,55018300.0
2020-10-05,197.43734298460203,200.4767484591481,197.20866792141857,200.4481658935547,21331600.0,1912.5,1360.0,27.959999084472656,0.0,362.5754699707031,649900.0,13.583656311035156,479820000.0,86.1500015258789,47056500.0,159.9600067138672,75506000.0,247.8905792236328,3403500.0,9.029999732971191,36316900.0
2020-10-06,198.96189633233652,200.25767860913228,195.15073093910055,196.18927001953125,28554300.0,1901.0999755859373,968.0,29.479999542236328,0.0,351.18896484375,686600.0,13.677251815795898,784420000.0,84.4800033569336,52725400.0,154.9980010986328,101738000.0,246.52066040039065,4448100.0,9.899999618530272,90864000.0
2020-10-07,197.28495844189817,200.19097472900563,196.9610128986642,199.9241943359375,25681100.0,1883.5999755859373,50.0,28.059999465942383,0.0,356.58807373046875,550900.0,13.903770446777344,418084000.0,86.69000244140625,43045700.0,159.7845001220703,86188000.0,256.2182922363281,4963200.0,10.0,54672400.0
2020-10-08,200.572061068346,201.2199666145844,198.48546064844757,200.6387634277344,19925800.0,1888.5999755859373,348.0,26.36000061035156,0.0,361.4178466796875,686700.0,13.779060363769531,378900000.0,86.51000213623047,54240700.0,159.52749633789062,63482000.0,256.45489501953125,4150400.0,10.0,34989200.0
2020-10-09,201.25808639297776,205.66951441718192,201.25808639297776,205.6218719482422,26458000.0,1919.5,580.0,25.0,0.0,369.1037292480469,539300.0,13.703388214111328,346892000.0,83.0999984741211,80354400.0,164.33250427246094,98158000.0,262.1314392089844,4225000.0,9.949999809265137,19653500.0
2020-10-12,208.4611818961351,213.29184029670688,206.574659376011,210.94796752929688,40461400.0,1922.5,96.0,25.06999969482422,0.0,378.6399536132813,840300.0,14.164640426635742,434744000.0,84.29000091552734,47669700.0,172.14649963378906,167284000.0,263.20574951171875,4317000.0,9.890000343322754,20623600.0
2020-10-13,212.2056601046975,214.57811545870769,210.0237600855834,212.33905029296875,28950800.0,1888.5,191.0,26.06999969482422,0.0,384.4376220703125,1027900.0,14.18679141998291,344604000.0,85.27999877929688,42764100.0,172.18150329589844,114894000.0,262.9691772460937,3713200.0,9.470000267028809,21847200.0
2020-10-14,212.47241351746592,213.634819812789,208.78511664370075,210.43344116210935,23421700.0,1901.300048828125,33.0,26.399999618530277,0.0,377.6815185546875,954800.0,14.034452438354492,276100000.0,84.20999908447266,40403000.0,168.1855010986328,116254000.0,258.0415344238281,5129500.0,9.34000015258789,13652600.0
2020-10-15,206.85095716605545,209.9570509713848,205.81240380006528,209.29010009765625,22733100.0,1903.199951171875,254.0,26.96999931335449,0.0,366.8075256347656,786200.0,13.909746170043944,267224000.0,83.12999725341797,33696400.0,166.9324951171875,104468000.0,253.9910125732422,5256800.0,9.90999984741211,12924100.0
2020-10-16,209.7569584400469,211.79593084741057,208.96615460733648,209.29010009765625,26057900.0,1900.800048828125,53.0,27.40999984741211,0.0,367.1205749511719,594500.0,13.751927375793455,242392000.0,83.16999816894531,31474300.0,163.635498046875,129488000.0,254.8089904785156,3092300.0,9.710000038146973,11142500.0
2020-10-19,210.0142204709931,211.80547245913127,203.630522766919,204.1069183349609,27625800.0,1906.4000244140625,43.0,29.18000030517578,0.0,365.6119079589844,392700.0,13.439532279968262,298068000.0,82.0,36689100.0,160.36050415039062,104472000.0,251.3202209472656,3242300.0,9.56999969482422,9126400.0
2020-10-20,205.61235071965655,207.10822539351736,203.03028008469627,204.51663208007807,22753500.0,1910.4000244140625,329.0,29.350000381469727,0.0,365.27978515625,356800.0,13.586642265319824,229212000.0,81.55999755859375,38219400.0,160.85049438476562,90194000.0,252.26629638671875,2989300.0,9.270000457763672,11138200.0
2020-10-21,203.05883403594683,206.6794431139392,203.05883403594683,204.65953063964844,22724900.0,1924.5999755859373,1202.0,28.649999618530277,0.0,363.4200134277344,359100.0,13.466416358947754,219596000.0,79.19999694824219,36426400.0,159.2469940185547,91854000.0,250.55149841308597,2794000.0,9.199999809265137,9190000.0
2020-10-22,203.8305991538514,205.86004890997927,201.70587900793112,204.7452850341797,22351500.0,1901.0999755859373,899.0,28.11000061035156,0.0,356.3033752441406,611700.0,13.303372383117676,290480000.0,79.41999816894531,38006800.0,158.82000732421875,84240000.0,246.05747985839844,3685700.0,9.68000030517578,17928600.0
2020-10-23,204.8786871780397,206.0696761583048,203.09697231586392,206.02203369140625,18879600.0,1902.0,287.0,27.549999237060547,0.0,359.2070007324219,467600.0,13.531630516052246,233484000.0,81.95999908447266,46557700.0,160.22000122070312,69334000.0,246.8951873779297,3159600.0,9.489999771118164,12618000.0
2020-10-26,203.75437998821897,206.1268204927856,198.27583123211025,200.162353515625,37111600.0,1902.699951171875,242.0,32.459999084472656,0.0,348.70294189453125,900400.0,13.08456802368164,336896000.0,82.2300033569336,69423700.0,160.3520050048828,118024000.0,238.47874450683597,5864100.0,9.949999809265137,23767300.0
2020-10-27,201.60105683311497,204.5356550416096,200.4005453317281,203.1826934814453,36700300.0,1908.800048828125,176.0,33.349998474121094,0.0,347.6401062011719,968700.0,13.33896827697754,250520000.0,78.87999725341797,156669500.0,164.31649780273438,85820000.0,246.6783599853516,4285600.0,10.949999809265137,53695900.0
2020-10-28,197.86612718749197,198.9808910366125,192.5590882884256,193.1116943359375,51195600.0,1876.199951171875,277.0,40.27999877929688,0.0,344.3095397949219,953100.0,12.57253646850586,376520000.0,76.4000015258789,76529900.0,158.13900756835938,111766000.0,234.9801177978516,4425400.0,10.850000381469728,30941700.0
2020-10-29,194.4361114436148,197.5707881637217,193.76914595817735,195.055419921875,31432600.0,1865.5999755859373,240.0,37.59000015258789,0.0,351.900634765625,808800.0,12.96782398223877,320080000.0,78.0199966430664,52784100.0,160.55050659179688,131930000.0,233.70877075195312,4589000.0,10.75,20515700.0
2020-10-30,193.89302546658493,194.64572418081875,190.19619064813955,192.91165161132807,36953700.0,1877.4000244140625,725.0,38.02000045776367,0.0,342.74395751953125,821100.0,12.479936599731444,416820000.0,75.29000091552734,51349000.0,151.8074951171875,167728000.0,228.9092559814453,5741200.0,10.130000114440918,19705500.0
2020-11-02,194.6457066171901,195.58897513304893,190.67256908298936,192.7782440185547,30842200.0,1890.4000244140625,190.0,37.130001068115234,0.0,347.8840026855469,893200.0,12.52648639678955,299652000.0,74.69999694824219,45760700.0,150.2239990234375,145148000.0,229.0866241455078,3953400.0,10.539999961853027,11677800.0
2020-11-03,194.2645939137079,198.29489655104663,193.53094063130447,196.68467712402344,27512000.0,1908.5,712.0,35.54999923706055,0.0,354.408935546875,813500.0,12.963343620300291,272900000.0,76.58000183105469,41231800.0,152.42050170898438,97958000.0,233.6989288330078,4151400.0,10.5,21652800.0
2020-11-04,203.9163285183548,208.0133326181019,202.39185714314397,206.1744384765625,42311800.0,1894.5999755859373,782.0,29.56999969482422,0.0,364.8299560546875,2451500.0,13.73475170135498,410228000.0,81.3499984741211,66579700.0,162.05799865722656,136780000.0,247.11199951171875,6505400.0,10.720000267028809,15783400.0
2020-11-05,211.5577142136879,213.53952130359875,210.7097307772852,212.7487030029297,36080100.0,1945.300048828125,135.0,27.57999992370605,0.0,379.2993774414063,1115500.0,14.09892463684082,319028000.0,83.0,46542300.0,166.10000610351562,115786000.0,256.45489501953125,8961700.0,11.880000114440918,48560400.0
2020-11-06,211.7673657242911,213.7682330487648,207.7370630410145,213.158447265625,25231900.0,1950.300048828125,304.0,24.86000061035156,0.0,386.9673767089844,710700.0,14.499190330505373,383348000.0,85.87999725341797,53829900.0,165.56849670410156,92946000.0,256.3858642578125,3798600.0,13.829999923706056,89977600.0
2020-11-09,213.84445234772951,217.3507168720384,207.5941446037428,208.0800628662109,44395000.0,1853.199951171875,745.0,25.75,0.0,387.0530700683594,1273700.0,13.571956634521484,582976000.0,83.12000274658203,58580700.0,157.18699645996094,143808000.0,255.5284423828125,8777500.0,14.670000076293944,60099000.0
2020-11-10,204.37370837033652,206.27929073276397,199.81936768721027,201.0484619140625,44045100.0,1875.4000244140625,276.0,24.799999237060547,0.0,380.3566284179688,1323100.0,12.714921951293944,644068000.0,77.98999786376953,67137200.0,151.75100708007812,131820000.0,244.0765686035156,6863200.0,14.0,38078700.0
2020-11-11,202.36330501469288,207.74656901719345,202.1822723760831,206.3269195556641,29440800.0,1860.699951171875,222.0,23.450000762939453,0.0,398.2171630859375,933300.0,13.360124588012695,404744000.0,81.27999877929688,44611300.0,156.8695068359375,87338000.0,250.50222778320312,4163400.0,15.960000038146973,47027900.0
2020-11-12,206.95576195060497,208.7660592315512,204.33558641645527,205.26931762695312,21593900.0,1872.5999755859373,220.0,25.350000381469727,0.0,393.1400451660156,800800.0,13.39870834350586,365812000.0,81.83999633789062,37242600.0,155.51400756835938,87240000.0,245.81109619140625,5607000.0,14.579999923706056,97904000.0
2020-11-13,206.1458902459224,207.15584652138176,204.04975265970356,206.28880310058597,18621100.0,1885.699951171875,240.0,23.100000381469727,0.0,399.6841125488281,582700.0,13.239646911621094,346312000.0,81.43000030517578,30423200.0,156.4405059814453,75124000.0,245.8997802734375,5160000.0,15.800000190734863,76354800.0
2020-11-16,204.72623524216692,207.4607558021883,204.3927670537816,206.97482299804688,24953300.0,1887.300048828125,6.0,22.450000762939453,0.0,406.27581787109375,547300.0,13.45695686340332,413776000.0,83.7300033569336,38640800.0,156.55299377441406,76174000.0,246.27427673339844,5712600.0,15.93000030517578,65326000.0
2020-11-17,205.89816337677536,207.40356052717445,203.9735212760541,204.3355865478516,24154100.0,1884.5,59.0,22.709999084472656,0.0,406.2471618652344,524600.0,13.364355087280272,312028000.0,83.36000061035156,29473500.0,156.7830047607422,68894000.0,252.46343994140625,5090700.0,17.850000381469727,116618500.0
2020-11-18,204.0967541671124,205.54879230047047,201.498376276472,201.6416778564453,28372800.0,1873.5,152.0,23.84000015258789,0.0,403.7038269042969,543600.0,13.37082862854004,510924000.0,82.54000091552734,29968000.0,155.2729949951172,58336000.0,253.4391021728516,5880500.0,17.899999618530273,89957900.0
2020-11-19,201.9282623804157,203.5044776929288,200.5430866843581,202.9217529296875,24792700.0,1861.0999755859373,59.0,23.11000061035156,0.0,403.2752990722656,914100.0,13.382277488708496,565936000.0,85.54000091552734,50116800.0,155.8509979248047,60206000.0,260.8207397460937,8084600.0,18.979999542236328,56225400.0
2020-11-20,202.7115932204744,203.75285098407457,200.6099679006252,200.98252868652344,22843100.0,1872.5999755859373,1900.0,23.700000762939453,0.0,403.4943237304688,484000.0,13.031302452087402,341088000.0,84.63999938964844,35008400.0,154.97000122070312,67488000.0,254.30636596679688,7286100.0,18.149999618530277,72104000.0
2020-11-23,201.5175090959758,202.79758839493732,198.8522684913318,200.71507263183597,25683500.0,1837.800048828125,843.0,22.65999984741211,0.0,406.8853759765625,596000.0,13.083325386047363,361356000.0,85.30999755859375,46505000.0,154.91949462890625,94178000.0,253.91213989257807,5383600.0,21.040000915527344,84716300.0
2020-11-24,200.2183049557836,204.66993934014192,199.5209505507709,204.29737854003903,33979700.0,1804.800048828125,1041.0,21.63999938964844,0.0,404.14202880859375,610400.0,12.901862144470217,346500000.0,85.06999969482422,36839200.0,155.9029998779297,72042000.0,257.0658264160156,5797300.0,23.81999969482422,115468800.0
2020-11-25,205.4914899563445,205.66343437093508,202.95998889819435,204.3069305419922,21012900.0,1805.699951171875,205754.0,21.25,0.0,403.3895568847656,308200.0,13.17766284942627,259916000.0,86.70999908447266,41349700.0,159.2534942626953,75808000.0,243.24874877929688,26394900.0,29.049999237060547,202563700.0
2020-11-27,205.2431262455821,206.59963010957043,204.46933263042837,205.6061248779297,14512200.0,1781.9000244140625,71804.0,20.84000015258789,0.0,417.0016174316406,432500.0,13.204051971435549,167276000.0,87.19000244140625,22717600.0,159.76699829101562,47858000.0,244.0469970703125,7395000.0,27.65999984741211,207834000.0
2020-11-30,204.5266890231676,205.1571665527176,201.41244808650876,204.4980316162109,33064800.0,1775.699951171875,3145.0,20.56999969482422,0.0,416.9635314941406,508500.0,13.343693733215332,286952000.0,92.66000366210938,84483000.0,158.40199279785156,81278000.0,242.2434539794922,18966400.0,27.11000061035156,137243000.0
2020-12-01,204.91831538871995,207.6026802551805,203.8101951352775,206.5423126220703,30904500.0,1814.0999755859373,1859.0,20.770000457763672,0.0,427.9273986816406,685100.0,13.33224391937256,296948000.0,92.62999725341795,58583600.0,161.00399780273438,90740000.0,237.8578643798828,18872000.0,25.670000076293945,84050000.0
2020-12-02,205.27177229501723,205.83538729489783,203.2847765181401,205.73985290527344,23724500.0,1825.699951171875,771.0,21.170000076293945,0.0,429.60400390625,1050700.0,13.486078262329102,283360000.0,93.73999786376952,57988800.0,160.17649841308594,62586000.0,217.58551025390625,52225500.0,22.51000022888184,149062100.0
2020-12-03,205.01382084202208,206.704680251052,204.09674035237035,204.66036987304688,25120900.0,1836.800048828125,1765.0,21.280000686645508,0.0,431.413818359375,677900.0,13.342161178588867,199520000.0,92.30999755859376,35859700.0,159.3365020751953,57840000.0,217.7727508544922,21395300.0,24.030000686645508,85634300.0
2020-12-04,204.64131550906168,205.7494504827181,203.6478101614718,204.77505493164065,24666000.0,1835.9000244140625,1213.0,20.790000915527344,0.0,442.3587646484375,660800.0,13.503758430480955,202244000.0,94.04000091552734,45570300.0,158.12899780273438,58272000.0,222.5919952392578,20504800.0,23.850000381469727,56044100.0
2020-12-07,204.784539209934,205.9022214479401,203.46625518834955,204.70811462402344,24620000.0,1861.800048828125,1427.0,21.299999237060547,0.0,447.4454040527344,632900.0,13.552063941955566,223244000.0,94.06999969482422,39815700.0,157.89999389648438,55026000.0,224.4053649902344,12864100.0,28.940000534057617,118463700.0
2020-12-08,204.40246580922124,207.24921288280584,203.3707555877573,206.3512420654297,23284100.0,1870.800048828125,121.0,20.68000030517578,0.0,446.3404235839844,738800.0,13.296344757080078,271920000.0,92.91999816894533,33907500.0,158.864501953125,65726000.0,224.5630798339844,12116800.0,28.59000015258789,124754300.0
2020-12-09,205.53925857408703,205.60612098805632,201.76588327062407,202.3294982910156,32440600.0,1834.5999755859373,215.0,22.270000457763672,0.0,431.404296875,868800.0,12.878780364990234,401300000.0,89.83000183105469,52170400.0,155.2100067138672,82016000.0,217.3785552978516,15651800.0,26.6299991607666,79634700.0
2020-12-10,202.30085761828587,203.55227955829025,200.95390127727995,201.10675048828125,26733300.0,1833.5999755859373,177.0,22.520000457763672,0.0,436.081298828125,539300.0,12.92011547088623,207764000.0,91.66000366210938,33804400.0,155.07449340820312,60604000.0,219.6945343017578,9258600.0,27.040000915527344,57774800.0
2020-12-11,200.6577839284184,203.78157255596147,199.75981294989188,203.7242431640625,30979400.0,1839.800048828125,109.0,23.309999465942383,0.0,431.15667724609375,512100.0,12.96094799041748,209264000.0,91.6500015258789,28368100.0,155.8209991455078,61294000.0,219.20176696777344,8214400.0,27.200000762939453,52764400.0
2020-12-14,203.5713565062861,206.54229514941832,203.36119251919632,204.6221618652344,28798400.0,1828.699951171875,258.0,24.71999931335449,0.0,431.49951171875,546100.0,13.255260467529297,270156000.0,94.77999877929688,48026400.0,157.84849548339844,83116000.0,218.0684051513672,8508500.0,27.239999771118164,44734500.0
2020-12-15,205.54881906776092,205.78764048898248,202.749839007766,204.55532836914065,27000600.0,1852.300048828125,961.0,22.88999938964844,0.0,447.0358276367188,639200.0,13.306802749633787,193016000.0,97.12000274658205,57232700.0,158.25599670410156,66390000.0,216.964599609375,10766800.0,26.43000030517578,49273200.0
2020-12-16,205.14757883974477,210.2679101449516,205.1189214383901,209.4750213623047,35023300.0,1856.0999755859373,1090.0,22.5,0.0,449.1599731445313,524900.0,13.189274787902832,223116000.0,96.8499984741211,34909000.0,162.04800415039062,88552000.0,220.3844146728516,8821400.0,25.920000076293945,44013400.0
2020-12-17,210.0386096730657,211.013004924833,208.17580593917197,209.60873413085935,32515800.0,1887.199951171875,414.0,21.93000030517578,0.0,454.65625,477300.0,13.287632942199709,231384000.0,96.83999633789062,32023700.0,161.8040008544922,69486000.0,222.651123046875,9946900.0,27.229999542236328,53829800.0
2020-12-18,208.8158721923828,209.86669216480047,206.36079582264512,208.8158721923828,63354900.0,1885.699951171875,276.0,21.56999969482422,0.0,454.59906005859375,730700.0,13.218658447265623,342064000.0,95.91999816894533,51823100.0,160.08250427246094,119914000.0,224.1392517089844,11845400.0,25.96999931335449,71042900.0
2020-12-21,207.8223311327557,213.98391873459056,207.56440000643303,212.636962890625,37181900.0,1879.199951171875,136.0,25.15999984741211,0.0,449.8553466796875,622800.0,13.278664588928224,302332000.0,93.2300033569336,47093900.0,160.3090057373047,76736000.0,223.1931915283203,9219000.0,28.51000022888184,76729100.0
2020-12-22,212.7325137017205,215.5410551844668,211.9300774427927,213.92662048339844,22612200.0,1866.5999755859373,233.0,24.229999542236328,0.0,453.58929443359375,431300.0,13.22488498687744,185580000.0,93.16000366210938,35673700.0,160.3260040283203,47388000.0,227.8251495361328,10339600.0,28.040000915527344,66033100.0
2020-12-23,213.13373484126376,213.5636103734392,210.9270278097976,211.1371917724609,18699600.0,1874.699951171875,82.0,23.309999465942383,0.0,452.1033325195313,389200.0,12.956964492797852,179144000.0,91.5500030517578,25993300.0,159.2635040283203,41876000.0,224.1392517089844,7090500.0,28.690000534057617,58772200.0
2020-12-24,211.5193395958565,213.6114174296126,211.30917559396767,212.7898712158203,10550600.0,1879.9000244140625,46.0,21.530000686645508,0.0,460.1715393066406,271900.0,12.941524505615234,97884000.0,91.80999755859376,16705900.0,158.63450622558594,29038000.0,222.51315307617188,6146300.0,27.75,26306800.0
2020-12-28,214.41382656244667,215.92317939460656,213.04777530052024,214.90103149414065,17933500.0,1877.199951171875,75.0,21.700000762939453,0.0,457.4567565917969,449300.0,12.848154067993164,212564000.0,91.5999984741211,30627300.0,164.197998046875,113736000.0,221.3896331787109,6422500.0,25.6299991607666,55878700.0
2020-12-29,216.1906786651857,217.02177246063968,213.58275309646692,214.12725830078125,17403200.0,1879.699951171875,343.0,23.07999992370605,0.0,461.0478820800781,377200.0,12.891230583190918,170372000.0,90.62000274658205,31748200.0,166.10000610351562,97458000.0,219.2411956787109,6122400.0,24.65999984741211,47302400.0
2020-12-30,215.1589204072583,215.54104330222904,211.56705265352144,211.7676544189453,20272300.0,1891.0,444.0,22.770000457763672,0.0,466.6679992675781,381900.0,13.092913627624512,225396000.0,92.29000091552734,25845000.0,164.29249572753906,64186000.0,219.1820526123047,4724000.0,25.100000381469727,34586700.0
2020-12-31,211.78681782520988,213.0286920393946,209.857136802446,212.47462463378903,20942100.0,1893.0999755859373,127.0,22.75,0.0,464.5818481445313,312700.0,13.002531051635742,192424000.0,91.70999908447266,24930700.0,162.84649658203125,59144000.0,219.31016540527344,6011100.0,23.549999237060547,39922500.0
2021-01-04,212.57972552709435,213.0287109719447,205.2049187614072,207.9561462402344,37130100.0,1944.699951171875,154.0,26.96999931335449,0.0,476.2793273925781,1527600.0,13.06079387664795,560640000.0,92.3000030517578,51802600.0,159.3314971923828,88228000.0,217.12225341796875,10319900.0,23.3700008392334,44970400.0
2021-01-05,207.54534083146888,208.7490099968448,206.055097651957,208.1567230224609,23823000.0,1952.699951171875,113.0,25.34000015258789,0.0,481.385009765625,1029900.0,13.350873947143556,322760000.0,92.7699966430664,34208000.0,160.92550659179688,53110000.0,218.31480407714844,8657200.0,24.600000381469727,29050400.0
2021-01-06,202.68295955223013,206.8098006575534,202.46324792879471,202.75938415527344,35930700.0,1906.9000244140625,331.0,25.06999969482422,0.0,466.96331787109375,977900.0,12.563803672790527,580424000.0,90.33000183105467,51911700.0,156.91900634765625,87896000.0,213.02249145507807,9789800.0,23.540000915527344,32732900.0
2021-01-07,204.4693478485416,209.5323650489744,204.1541163901864,208.52931213378903,27694500.0,1912.300048828125,122.0,22.3700008392334,0.0,477.6414794921875,936200.0,13.290367126464844,461480000.0,95.16000366210938,42897200.0,158.10800170898438,70290000.0,214.82598876953125,8443100.0,25.0,32240000.0
2021-01-08,208.9018339516953,210.71688521543896,207.32561864837888,209.7998046875,22956200.0,1834.0999755859373,60.0,21.559999465942383,0.0,484.6046752929688,734500.0,13.223388671875,292528000.0,94.58000183105467,39816400.0,159.13499450683594,70754000.0,218.8272399902344,7301700.0,25.200000762939453,41313800.0
2021-01-11,208.70122085893067,209.1215488041373,207.03901886920423,207.7650451660156,23031300.0,1849.5999755859373,20.0,24.07999992370605,0.0,483.8521423339844,703000.0,13.566754341125488,518344000.0,97.25,48600200.0,155.7104949951172,73668000.0,215.09210205078125,7199000.0,25.93000030517578,32609000.0
2021-01-12,206.81933974373356,207.3925169546865,203.7815384245881,205.3195343017578,23249300.0,1842.9000244140625,176.0,23.32999992370605,0.0,489.5484619140625,651700.0,13.430553436279297,291476000.0,95.36000061035156,67672300.0,156.04150390625,70292000.0,212.40159606933597,10736000.0,26.18000030517578,26887200.0
2021-01-13,204.45024867204103,207.0677221492576,204.36426188128715,206.66650390625,20087100.0,1853.5999755859373,189.0,22.209999084472656,0.0,489.67230224609375,513700.0,13.477364540100098,210028000.0,91.77999877929688,60712900.0,158.29449462890625,66424000.0,215.0230865478516,6839200.0,25.5,51216600.0
2021-01-14,206.2556933016969,207.73638872403765,203.22744005260645,203.4949188232422,29480800.0,1850.300048828125,149.0,23.25,0.0,518.8110961914062,1450300.0,13.14719581604004,283120000.0,90.79000091552734,53408200.0,156.37350463867188,61418000.0,212.4804534912109,6548000.0,24.920000076293945,32908000.0
2021-01-15,203.97255724393224,204.9182805284556,202.54917664882717,203.14144897460935,31746500.0,1829.300048828125,31.0,24.34000015258789,0.0,502.4745788574219,869200.0,12.807816505432127,277780000.0,88.20999908447266,49340300.0,155.21249389648438,84880000.0,210.0560302734375,8525600.0,25.63999938964844,92285500.0
2021-01-19,204.19225804343463,207.27782586133804,203.12234304003755,206.7619781494141,30480900.0,1839.5,13.0,23.239999771118164,0.0,523.4310302734375,1504000.0,12.972901344299316,226188000.0,89.44999694824219,45115100.0,156.03799438476562,66102000.0,213.62364196777344,7753800.0,26.6200008392334,48675800.0
2021-01-20,207.9656807925922,215.6939381173684,207.5740101820579,214.30877685546875,37777300.0,1865.9000244140625,16.0,21.57999992370605,0.0,523.3165893554688,1121900.0,13.312031745910645,258572000.0,88.75,35185800.0,163.16900634765625,106196000.0,220.20700073242188,9857700.0,26.34000015258789,37459000.0
2021-01-21,214.65269804702652,216.1811610273373,212.4746477748108,214.9106292724609,30709400.0,1865.300048828125,6.0,21.31999969482422,0.0,543.6632690429688,1272100.0,13.81176471710205,337780000.0,91.52999877929688,54221900.0,165.34950256347656,98722000.0,218.9553680419922,6785900.0,25.979999542236328,29891400.0
2021-01-22,216.9262485968844,219.7825576936173,215.703484235591,215.8467712402344,30172700.0,1855.699951171875,8.0,21.90999984741211,0.0,542.4345703125,901600.0,13.657387733459473,246820000.0,92.79000091552734,71294700.0,164.6114959716797,56438000.0,222.5032958984375,10186100.0,32.58000183105469,156844700.0
2021-01-25,218.87502253781977,219.5055145049017,214.19412913094075,219.2666931152344,33152100.0,1854.9000244140625,26.0,23.190000534057617,0.0,540.6817626953125,966500.0,13.598377227783203,251112000.0,94.12999725341795,55086900.0,164.6999969482422,74996000.0,222.651123046875,8213500.0,36.22999954223633,191345300.0
2021-01-26,221.4925581033352,223.7088134988272,219.79215060739185,221.9415435791016,49169600.0,1850.699951171875,59.0,23.020000457763672,0.0,522.95458984375,887700.0,13.381255149841309,163980000.0,94.70999908447266,59449100.0,166.30650329589844,59104000.0,222.98617553710935,5021000.0,35.369998931884766,65870000.0
2021-01-27,227.35798561441428,229.6888849420293,219.8494397921555,222.48602294921875,69870600.0,1844.9000244140625,195540.0,37.209999084472656,0.0,499.7407531738281,1506800.0,12.86583423614502,371272000.0,88.83999633789062,73341200.0,161.62899780273438,93204000.0,221.5276031494141,7641100.0,39.0,170758800.0
2021-01-28,225.0748279766649,231.79048419595736,224.5780754115442,228.24636840820312,49111200.0,1837.9000244140625,27283.0,30.209999084472656,0.0,521.2591552734375,968600.0,12.998547554016112,228316000.0,87.5199966430664,47048400.0,161.88099670410156,62984000.0,223.2227325439453,7246000.0,35.65999984741211,85250700.0
2021-01-29,225.43782730017324,227.3770556724525,221.0053032240349,221.5880279541016,42503100.0,1847.300048828125,1634.0,33.09000015258789,0.0,508.8185729980469,867300.0,12.937543869018556,271552000.0,85.63999938964844,56735800.0,160.30999755859375,85872000.0,222.29632568359372,6473000.0,35.18000030517578,42030900.0
2021-02-01,224.54938652538655,231.6567123201497,222.03698122832148,228.93414306640625,33314200.0,1860.800048828125,1494.0,30.239999771118164,0.0,528.0891723632812,849600.0,13.18380069732666,217204000.0,87.66000366210938,42359300.0,167.1439971923828,83204000.0,225.1543731689453,5696700.0,33.959999084472656,43460900.0
2021-02-02,230.51041491917857,231.47524811392535,228.0171189555544,228.80044555664065,25916300.0,1830.5,1293.0,25.559999465942383,0.0,527.2412719726562,721600.0,13.502263069152832,220440000.0,88.86000061035156,33850000.0,169.0,141972000.0,230.811279296875,7134900.0,31.020000457763672,69647900.0
2021-02-03,228.857776822346,234.130942807782,228.5616260438529,232.1343994140625,27158100.0,1832.199951171875,1195.0,22.90999984741211,0.0,517.1536254882812,635400.0,13.476119041442873,245408000.0,87.88999938964844,32312900.0,165.62649536132812,141776000.0,231.4223480224609,5357600.0,31.76000022888184,35312000.0
2021-02-04,231.80957344589007,232.36364076240525,229.6219615775372,231.18862915039065,25296100.0,1788.9000244140625,2375.0,21.770000457763672,0.0,529.089111328125,554500.0,13.609333038330078,201340000.0,87.83999633789062,30791600.0,166.5500030517578,73414000.0,234.5366058349609,4770700.0,32.04999923706055,31565000.0
2021-02-05,231.3988203649493,232.40187313232684,229.66975580932288,231.3701629638672,18054800.0,1810.9000244140625,1278.0,20.8700008392334,0.0,526.5838623046875,461700.0,13.536376953125,169152000.0,87.9000015258789,30268700.0,167.6074981689453,72416000.0,235.43345642089844,5020000.0,34.04999923706055,62375300.0
2021-02-08,232.2776694352849,232.7839695971144,230.04230480647175,231.62808227539065,22211900.0,1831.9000244140625,254.0,21.239999771118164,0.0,537.2429809570312,716900.0,14.380717277526855,434624000.0,91.47000122070312,47639900.0,166.14700317382812,65148000.0,235.47286987304688,4336400.0,36.04999923706055,72376000.0
2021-02-09,231.0549435728777,233.81571861476476,230.58686291698683,232.8699951171875,23565000.0,1835.300048828125,184.0,21.6299991607666,0.0,538.6719970703125,483300.0,14.205926895141602,287560000.0,90.91000366210938,37596400.0,165.25,44070000.0,233.275146484375,5157200.0,38.16999816894531,44243200.0
2021-02-10,234.04494826138287,234.923809175062,230.1187242605503,231.96243286132807,22186700.0,1840.5999755859373,543.0,21.989999771118164,0.0,539.9959716796875,458600.0,14.704910278320312,485352000.0,92.3499984741211,42441300.0,164.32899475097656,63032000.0,233.29486083984372,5535600.0,35.70000076293945,45177200.0
2021-02-11,233.8348114486024,234.18826246133185,231.32240561908912,233.5577850341797,15751100.0,1824.9000244140625,602.0,21.25,0.0,563.4479370117188,975400.0,15.18945598602295,450828000.0,92.66000366210938,35571000.0,163.10650634765625,46028000.0,237.74945068359372,6091600.0,33.11000061035156,52094900.0
2021-02-12,233.02283109251383,234.33158239830547,231.8764911811548,234.0354461669922,16561100.0,1821.5999755859373,259.0,19.96999931335449,0.0,569.6205444335938,732400.0,14.901119232177734,374756000.0,93.7699966430664,38538400.0,163.885498046875,46706000.0,236.89205932617188,4314400.0,31.90999984741211,60925600.0
2021-02-16,234.07364754036084,235.12446761239,232.0579941851068,232.80311584472656,26728500.0,1797.199951171875,1141.0,21.459999084472656,0.0,574.5263061523438,621600.0,15.268635749816896,321960000.0,91.45999908447266,35105900.0,163.44749450683594,51494000.0,244.9930877685547,10837600.0,27.84000015258789,180294300.0
2021-02-17,231.06048965921215,233.92336296711304,230.6966403652016,233.8180389404297,21653500.0,1771.0999755859375,614.0,21.5,0.0,559.704345703125,825100.0,14.846088409423828,274756000.0,89.94000244140625,32245500.0,165.4320068359375,65950000.0,244.0765686035156,5879200.0,27.07999992370605,151007000.0
2021-02-18,231.5200582564853,233.5594929778077,230.62001931004644,233.42544555664065,16925600.0,1773.4000244140625,587.0,22.489999771118164,0.0,554.846435546875,716800.0,14.769400596618652,233868000.0,88.63999938964844,35624900.0,166.4114990234375,60548000.0,243.4359436035156,4152800.0,25.170000076293945,313175100.0
2021-02-19,233.3871818763808,233.49250590696397,229.96895029206303,230.72537231445312,25262600.0,1775.800048828125,118.0,22.049999237060547,0.0,566.200927734375,821500.0,14.866510391235352,271724000.0,89.58000183105469,29548300.0,162.4949951171875,86104000.0,242.99249267578125,4647700.0,29.0,320063700.0
2021-02-22,227.326295963204,227.8146085025634,222.51971275294736,224.54000854492188,36446900.0,1806.699951171875,165.0,23.450000762939453,0.0,551.0551147460938,753400.0,14.298054695129396,325884000.0,85.37000274658203,36930200.0,159.03700256347656,70314000.0,237.4636383056641,5055000.0,28.0,183049500.0
2021-02-23,220.5376964424216,224.84638235438035,219.00571338525145,223.3527069091797,30228700.0,1804.4000244140625,569.0,23.11000061035156,0.0,548.7404174804688,1004800.0,14.085162162780762,391780000.0,84.73999786376953,49720900.0,159.72500610351562,93544000.0,232.23046875,8641600.0,26.75,145289400.0
2021-02-24,220.23132914634272,225.20068336242525,219.26427363578588,224.5783233642578,26339700.0,1796.4000244140625,1500.0,21.34000015258789,0.0,566.7819213867188,1023000.0,14.440728187561035,448320000.0,86.94000244140625,40821200.0,157.97650146484375,60226000.0,236.9905548095703,6128300.0,26.38999938964844,90095700.0
2021-02-25,222.2132966780273,224.61658067323245,218.1918594126745,219.25466918945312,39542200.0,1774.4000244140625,1049.0,28.88999938964844,0.0,533.2138061523438,1288900.0,13.25401782989502,824436000.0,82.41999816894531,54625100.0,152.85800170898438,90676000.0,227.7364654541016,8828900.0,23.959999084472656,161776400.0
2021-02-26,221.6866957656996,225.36343789150436,219.78129368104075,222.5005645751953,37819200.0,1728.0999755859375,1593.0,27.950000762939453,0.0,540.1864624023438,946500.0,13.659380912780762,500932000.0,84.51000213623047,48962900.0,154.64649963378906,85518000.0,213.36741638183597,20372900.0,23.899999618530277,119588600.0
2021-03-01,225.87087537131603,227.374134963668,223.23778964286245,226.86666870117188,25324000.0,1722.5,407.0,23.350000381469727,0.0,555.8655395507812,679500.0,13.78611946105957,353184000.0,86.38999938964844,32746200.0,157.3070068359375,54582000.0,214.39236450195312,14027700.0,24.809999465942383,85059900.0
2021-03-02,226.93370515768925,227.2113842225044,223.5250580328917,223.9272003173828,22812500.0,1733.0999755859375,867.0,24.100000381469727,0.0,536.4240112304688,696100.0,13.35236930847168,264116000.0,84.12999725341797,34828200.0,154.72650146484375,51916000.0,210.3812713623047,10211500.0,24.479999542236328,73997000.0
2021-03-03,222.28992364520352,223.6495518308172,217.59823410434785,217.88548278808597,34029500.0,1715.300048828125,501.0,26.670000076293945,0.0,517.810791015625,1006900.0,12.753288269042969,377592000.0,80.86000061035156,43541000.0,150.25,79774000.0,203.01934814453125,11459000.0,23.59000015258789,79046200.0
2021-03-04,217.10032822667856,222.605871390922,214.7257530035434,217.0907440185547,44727800.0,1700.199951171875,521.0,28.56999969482422,0.0,486.2811584472656,1702500.0,12.32053279876709,573344000.0,77.75,60549400.0,148.8784942626953,109632000.0,202.35903930664065,12800500.0,24.729999542236328,161611200.0
2021-03-05,219.76216599500196,223.35273808955003,216.83226150346275,221.7537384033203,41872800.0,1698.0,302.0,24.65999984741211,0.0,502.0364685058594,1370100.0,12.411416053771973,542840000.0,78.5199966430664,58548900.0,150.0229949951172,107772000.0,207.71047973632807,11406000.0,23.950000762939453,173468600.0
2021-03-08,221.5334915341693,223.44846319176875,217.473760970506,217.7227020263672,35267400.0,1677.699951171875,1290.0,25.46999931335449,0.0,478.3653869628906,1180700.0,11.546655654907228,543112000.0,73.95999908447266,54563900.0,147.59750366210938,83700000.0,204.71446228027344,9576400.0,22.520000457763672,94432800.0
2021-03-09,222.97930254117327,225.37301709229348,221.8207382699985,223.84103393554688,33080500.0,1716.5999755859375,335.0,24.030000686645508,0.0,513.9243774414062,1240500.0,12.474236488342283,521824000.0,78.52999877929688,45088300.0,153.1425018310547,80600000.0,208.4693145751953,9732200.0,24.26000022888184,99586500.0
2021-03-10,226.92415117322705,226.92415117322705,222.1750148299451,222.5388641357422,29746800.0,1721.5,412.0,22.559999465942383,0.0,498.5024719238281,876500.0,12.422425270080566,384376000.0,77.5199966430664,45416600.0,152.8820037841797,60250000.0,208.89312744140625,7186400.0,24.75,103212800.0
2021-03-11,224.97087205019423,229.001879123352,224.34849750846828,227.04861450195312,29907600.0,1722.300048828125,18.0,21.90999984741211,0.0,518.5728149414062,1009700.0,12.9457426071167,299916000.0,81.2300033569336,43583700.0,155.67950439453125,55528000.0,212.82537841796875,6431000.0,26.729999542236328,84788700.0
2021-03-12,224.06127938672344,225.7943412092488,223.31444152290632,225.7273101806641,22653700.0,1719.5,80.0,20.690000534057617,0.0,512.1242065429688,714900.0,12.808749198913574,243964000.0,81.05000305175781,32938000.0,154.47450256347656,48438000.0,209.1394805908203,6114600.0,26.920000076293945,58721900.0
2021-03-15,224.97087162731992,225.19108927209567,221.95478256941095,224.8272399902344,26034900.0,1728.9000244140625,147.0,20.030000686645508,0.0,521.2305908203125,582400.0,13.142769813537598,221988000.0,82.5,39086800.0,154.08399963378906,58272000.0,209.720947265625,5733700.0,26.790000915527344,56101500.0
2021-03-16,226.23473065851357,229.8540256057872,225.9091890116329,227.60394287109372,28092200.0,1730.5999755859375,729.0,19.790000915527344,0.0,523.3165893554688,651600.0,13.242401123046877,272128000.0,82.75,42971600.0,154.59300231933594,50776000.0,211.3766326904297,5311000.0,25.61000061035156,73615100.0
2021-03-17,226.11027106399007,228.4082458032688,223.31441421643075,226.96243286132807,29562100.0,1726.800048828125,488.0,19.229999542236328,0.0,533.0230712890625,841400.0,13.292219161987305,243864000.0,82.62999725341797,43320600.0,156.7864990234375,62372000.0,210.03634643554688,5805100.0,25.209999084472656,77081700.0
2021-03-18,222.6729340017837,224.23364080219395,220.53774438759623,220.91116333007807,34833000.0,1732.199951171875,138.0,21.57999992370605,0.0,513.6099243164062,790000.0,12.675742149353027,293896000.0,78.12000274658203,51036500.0,151.39950561523438,72992000.0,206.4489898681641,5580100.0,23.979999542236328,57141400.0
2021-03-19,221.1983373581324,222.58668861860275,219.59933808737588,220.55682373046875,46430700.0,1741.4000244140625,13.0,20.950000762939453,0.0,521.4496459960938,1404600.0,12.79853630065918,299208000.0,79.05999755859375,42283400.0,153.7480010986328,92508000.0,209.12962341308597,7088400.0,24.31999969482422,57915900.0
2021-03-22,220.48024224534427,226.8283626746955,220.35576442572489,225.95706176757807,30127000.0,1737.800048828125,51.0,18.8799991607666,0.0,548.6642456054688,1216800.0,13.137784004211426,297804000.0,80.30000305175781,39648600.0,155.5435028076172,58044000.0,212.05667114257807,5002500.0,24.21999931335449,46208100.0
2021-03-23,227.3932914605699,230.8019383245051,226.99114920685457,227.47946166992188,31638400.0,1724.699951171875,6.0,20.299999237060547,0.0,532.3563232421875,866300.0,13.022714614868164,222048000.0,78.37999725341797,40466600.0,156.875,76346000.0,211.8891143798828,4578000.0,23.26000022888184,50169700.0
2021-03-24,227.73800598232168,227.881623009937,225.31556804938333,225.4496154785156,25620100.0,1732.9000244140625,26.0,21.200000762939453,0.0,551.1314086914062,2121400.0,12.59653377532959,245840000.0,76.4800033569336,43753600.0,154.35350036621094,59180000.0,206.49826049804688,4617700.0,21.8799991607666,69271900.0
2021-03-25,225.2964296372037,226.8667058900846,221.7250114090801,222.46226501464844,34061900.0,1724.9000244140625,15.0,19.809999465942383,0.0,556.2941284179688,1088900.0,12.489177703857422,295144000.0,76.22000122070312,44735100.0,152.31300354003906,71270000.0,202.46746826171875,7977200.0,22.57999992370605,74592600.0
2021-03-26,221.70581112778197,226.646440720754,221.70581112778197,226.42620849609372,25479900.0,1732.199951171875,33.0,18.86000061035156,0.0,595.9873657226562,1933600.0,12.79206085205078,363968000.0,77.41000366210938,49148700.0,152.60150146484375,66258000.0,206.0646209716797,7333200.0,22.57999992370605,57916400.0
2021-03-29,226.5315649769317,226.73264342608155,222.02181497962823,225.2389678955078,25227500.0,1712.0999755859375,135457.0,20.739999771118164,0.0,579.1555786132812,1214900.0,12.900660514831545,273520000.0,77.13999938964844,37144300.0,153.7864990234375,54920000.0,207.7203521728516,5686900.0,21.729999542236328,57647400.0
2021-03-30,223.6016107858185,223.9080131903601,221.2749277928728,221.9930419921875,24792000.0,1683.9000244140625,25316.0,19.61000061035156,0.0,572.7639770507812,1071600.0,12.82444190979004,200204000.0,76.0,39169300.0,152.76449584960938,46752000.0,206.96145629882807,4717900.0,22.040000915527344,52039700.0
2021-03-31,223.0079893443559,228.9348279377608,222.51009270862264,225.74639892578125,43623500.0,1713.800048828125,762.0,19.399999618530277,0.0,588.0716552734375,1579600.0,13.299192428588867,314776000.0,78.5,43659500.0,154.70399475097656,61878000.0,208.80441284179688,6838000.0,23.290000915527344,61458500.0
2021-04-01,228.3316572910526,232.51586588061755,227.92951497762283,232.0467071533203,30338000.0,1726.5,720.0,17.329999923706055,0.0,606.8751831054688,1908300.0,13.760987281799316,308276000.0,81.08999633789062,40182400.0,158.0500030517578,58806000.0,215.5552978515625,7763500.0,23.06999969482422,51788800.0
2021-04-05,232.43926981711712,239.3331799256443,232.38182300122529,238.48101806640625,36910600.0,1727.0,275.0,17.90999984741211,0.0,610.1043090820312,1529800.0,13.936094284057615,255672000.0,81.43000030517578,32610600.0,161.3365020751953,66698000.0,217.1025390625,5553200.0,23.440000534057617,65374300.0
2021-04-06,237.0830925059559,238.79698589796425,236.38413186553555,237.3224639892578,22931900.0,1741.5,890.0,18.1200008392334,0.0,598.2068481445312,1281900.0,13.810554504394531,191744000.0,81.44000244140625,29327900.0,161.1909942626953,50756000.0,217.89100646972656,5448500.0,23.270000457763672,41933500.0
2021-04-07,237.27452372096928,240.2618743635412,236.68088727534845,239.27566528320312,22719800.0,1740.0999755859375,557.0,17.15999984741211,0.0,596.8351440429688,820600.0,14.091520309448242,251284000.0,82.19999694824219,35590900.0,163.96949768066406,66924000.0,217.5953521728516,4403400.0,22.899999618530277,32766200.0
2021-04-08,242.0236415891087,243.3353921988196,241.2863735790196,242.4832305908203,23625200.0,1756.800048828125,1298.0,16.950000762939453,0.0,609.5230712890625,865900.0,14.264381408691406,244416000.0,83.3499984741211,41925300.0,164.96499633789062,56242000.0,221.2023468017578,6169100.0,23.40999984741211,35905500.0
2021-04-09,242.1194597612717,245.10682576462423,241.70774782876973,244.9727783203125,24326800.0,1743.300048828125,484.0,16.690000534057617,0.0,604.22705078125,631100.0,14.34707260131836,195172000.0,82.76000213623047,32759900.0,168.61000061035156,86830000.0,227.93356323242188,7319300.0,24.040000915527344,54082700.0
2021-04-12,243.8812019063308,246.7153661558716,243.79501708514152,245.0301818847656,27148700.0,1731.199951171875,40.0,16.90999984741211,0.0,600.5215454101562,739500.0,15.153100967407228,869324000.0,78.58000183105469,62098800.0,168.96949768066406,65636000.0,225.45001220703125,6205700.0,23.34000015258789,68620800.0
2021-04-13,246.3227994805502,248.17074001086624,245.91105839056755,247.50048828125,23837500.0,1746.199951171875,367.0,16.649999618530273,0.0,599.2737426757812,710500.0,15.621872901916504,676212000.0,80.19000244140625,37767300.0,170.0,66316000.0,228.6431427001953,5397100.0,25.420000076293945,83913500.0
2021-04-14,246.53344753840463,247.82602995681816,244.3120735305234,244.72378540039065,23070900.0,1734.9000244140625,1037.0,16.989999771118164,0.0,601.0549926757812,718000.0,15.220849990844728,385500000.0,78.55000305175781,34263800.0,166.64999389648438,62904000.0,224.7207489013672,4617600.0,23.700000762939453,108793800.0
2021-04-15,246.9643001275959,248.87927168685948,246.77282050375777,248.46755981445312,25627500.0,1765.4000244140625,368.0,16.56999969482422,0.0,611.62841796875,980400.0,16.077938079833984,598480000.0,83.01000213623047,68942800.0,168.95449829101562,64672000.0,229.6286773681641,5073900.0,23.149999618530277,58849300.0
2021-04-16,248.4388041520472,249.90375603586548,246.64831065184072,249.65480041503903,24878600.0,1779.0,625.0,16.25,0.0,615.0574340820312,605200.0,15.85401725769043,335208000.0,82.1500015258789,47280600.0,169.9720001220703,63720000.0,228.554443359375,5088700.0,22.46999931335449,46627700.0
2021-04-19,249.1282496155156,250.36341456332264,246.85901279011068,247.7398834228516,23209300.0,1769.4000244140625,144.0,17.290000915527344,0.0,600.216796875,1138900.0,15.305290222167969,404420000.0,81.11000061035156,39115500.0,168.60049438476562,54508000.0,227.1648406982422,4257700.0,21.940000534057617,45753900.0
2021-04-20,246.85899261240544,249.13781346064496,245.92064602191053,247.28028869628903,19722900.0,1777.300048828125,1464.0,18.68000030517578,0.0,587.6715698242188,988000.0,15.115489959716797,334132000.0,79.2699966430664,34977800.0,166.7344970703125,52460000.0,224.66159057617188,4081200.0,21.780000686645508,47123100.0
2021-04-21,247.9314166877141,249.5974329067763,246.31326307856537,249.50167846679688,24030400.0,1792.300048828125,250.0,17.5,0.0,624.3926391601562,2160900.0,15.30404567718506,216776000.0,81.61000061035156,35069000.0,168.1009979248047,44224000.0,227.22396850585935,4024000.0,22.6299991607666,42641400.0
2021-04-22,249.14738450102251,250.6506442962717,244.77168176983517,246.2366485595703,25606200.0,1781.199951171875,159.0,18.709999084472656,0.0,616.3912353515625,1233400.0,14.79567050933838,277788000.0,79.05999755859375,38846100.0,165.45199584960938,51612000.0,228.00254821777344,4975400.0,22.86000061035156,51346400.0
2021-04-23,246.9164862361913,250.3921649771297,246.33240460091693,250.0474548339844,21462600.0,1777.0,332.0,17.329999923706055,0.0,639.0811157226562,1109600.0,15.209144592285156,227500000.0,82.76000213623047,49194000.0,167.04400634765625,63856000.0,230.13128662109372,5447100.0,23.40999984741211,32052800.0
2021-04-26,250.53575856302515,251.2825963797124,249.1091139540054,250.430419921875,19763300.0,1779.199951171875,549.0,17.639999389648438,0.0,638.6334228515625,801000.0,15.421113014221191,197796000.0,85.41000366210938,57594500.0,170.4499969482422,97614000.0,232.0531005859375,3459600.0,24.11000061035156,33667600.0
2021-04-27,250.4590860981629,252.0006532053128,249.06116521613484,250.83251953125,31014200.0,1778.0,117.0,17.559999465942383,0.0,640.8909301757812,678200.0,15.32521629333496,164572000.0,85.20999908447266,61909900.0,170.8715057373047,76542000.0,230.82118225097656,3445200.0,23.8799991607666,27678300.0
2021-04-28,245.192977920965,245.63344247617863,242.1960569704109,243.73760986328125,46903100.0,1773.199951171875,756.0,17.280000686645508,0.0,633.7753295898438,571300.0,15.22060203552246,209416000.0,84.0199966430664,108920300.0,172.9250030517578,92638000.0,233.45252990722656,4274500.0,23.850000381469727,22068100.0
2021-04-29,244.59929842567976,245.21208867693895,238.4139344997838,241.7747039794922,40589000.0,1768.0999755859375,196.0,17.610000610351562,0.0,631.0510864257812,504300.0,15.268427848815918,173196000.0,83.91000366210938,51294500.0,173.5655059814453,153648000.0,230.9690093994141,4140800.0,23.3700008392334,36770100.0
2021-04-30,239.12248736573355,242.3204861426284,238.98843995023717,241.458740234375,30945100.0,1767.300048828125,18.0,18.61000061035156,0.0,617.353271484375,575200.0,14.95433521270752,201912000.0,81.62000274658203,46601900.0,173.37100219726562,140186000.0,226.9874420166016,5024800.0,23.040000915527344,24717300.0
2021-05-03,242.62692667590488,243.5365499894348,240.44385994358444,241.15240478515625,19626600.0,1791.4000244140625,18.0,18.309999465942383,0.0,625.1868896484375,672000.0,14.782217979431152,203912000.0,78.55000305175781,66323300.0,169.32449340820312,117510000.0,220.52239990234372,5835700.0,22.299999237060547,33934400.0
2021-05-04,240.30018316461653,240.52998498828995,235.3116763249876,237.25537109375,32756100.0,1775.800048828125,182.0,19.479999542236328,0.0,600.8931274414062,1505800.0,14.298502922058104,405324000.0,78.61000061035156,59194300.0,165.593505859375,108788000.0,214.03756713867188,6727500.0,21.63999938964844,63429600.0
2021-05-05,238.47143156014027,238.8927276860564,235.3691866512584,235.99154663085935,21901300.0,1784.0999755859375,57.0,19.149999618530277,0.0,613.1975708007812,948200.0,14.40536117553711,292024000.0,77.83000183105469,42310200.0,163.52699279785156,74226000.0,212.28330993652344,4205800.0,21.149999618530277,39134700.0
2021-05-06,235.9723930280788,239.23742339669937,234.28722313302063,239.11294555664065,26491100.0,1815.5,13.0,18.38999938964844,0.0,615.5477905273438,618200.0,14.469623565673828,193380000.0,77.88999938964844,38661300.0,165.31849670410156,88954000.0,214.89495849609372,5200000.0,20.09000015258789,92201100.0
2021-05-07,241.43005005006265,243.48865338351683,240.4917180124829,241.7268829345703,27032900.0,1831.0999755859373,2.0,16.690000534057617,0.0,629.1419677734375,573700.0,14.75780963897705,229328000.0,78.80999755859375,36954200.0,164.58050537109375,94206000.0,213.36741638183597,5774700.0,19.75,63725500.0
2021-05-10,240.2044660000965,241.0279044000245,236.6138941300744,236.6713409423828,29299900.0,1837.5,13.0,19.65999984741211,0.0,599.2308349609375,882700.0,14.21331787109375,268904000.0,75.98999786376953,45134500.0,159.52450561523438,116772000.0,210.795166015625,5263700.0,18.46999931335449,104670500.0
2021-05-11,234.1531648123597,236.11601370401357,232.25734694226097,235.76173400878903,33641600.0,1835.9000244140625,420.0,21.84000015258789,0.0,602.4791259765625,891200.0,14.253671646118164,285584000.0,76.83000183105469,51008200.0,161.19549560546875,92396000.0,212.4410095214844,6097900.0,20.209999084472656,203230500.0
2021-05-12,231.8743241677581,233.99037412051345,227.94864132759164,228.83909606933597,36684400.0,1822.5999755859373,3.0,27.59000015258789,0.0,574.9849853515625,1107700.0,13.707934379577637,303408000.0,74.63999938964844,42531400.0,157.5970001220703,98728000.0,207.4936370849609,5482500.0,18.88999938964844,128281500.0
2021-05-13,231.52005055871984,235.15849922523185,231.15620130904685,232.69775390625,29624300.0,1823.800048828125,100.0,23.1299991607666,0.0,595.247314453125,1436100.0,13.61502456665039,285404000.0,73.08999633789062,48646800.0,158.07350158691406,67018000.0,208.79454040527344,5337000.0,18.3700008392334,87811600.0
2021-05-14,235.1393516236305,238.58629154857744,235.05318141277328,237.6000823974609,23901100.0,1837.9000244140625,41.0,18.809999465942383,0.0,618.8147583007812,1331000.0,14.190651893615724,258616000.0,74.58999633789062,38355800.0,161.14500427246094,66500000.0,214.51063537597656,4429000.0,20.07999992370605,79409500.0
2021-05-17,236.0680977160774,236.10639071490897,233.16691726968943,234.7563323974609,24970200.0,1867.5,13.0,19.71999931335449,0.0,606.95947265625,929400.0,14.113436698913574,216980000.0,74.6500015258789,40779200.0,163.51950073242188,74478000.0,211.94825744628903,3816100.0,20.459999084472656,50039600.0
2021-05-18,235.79998692374076,235.93403432568056,232.57325046050104,232.74560546875,20168000.0,1867.800048828125,3.0,21.34000015258789,0.0,603.9404907226562,644700.0,13.964237213134766,186256000.0,74.44000244140625,31982500.0,161.61399841308594,56568000.0,211.2288360595703,3540600.0,21.239999771118164,59672400.0
2021-05-19,229.66505988588796,233.4270699289617,228.98368329605677,233.32150268554688,25739800.0,1881.300048828125,348.0,22.18000030517578,0.0,602.5936889648438,1049600.0,14.01405429840088,344000000.0,76.2300033569336,73966200.0,161.58999633789062,53594000.0,218.13739013671875,8092100.0,20.670000076293945,45314000.0
2021-05-20,234.12762575703587,237.95680642050272,234.03165022443645,236.54605102539065,21800700.0,1881.800048828125,85.0,20.670000076293945,0.0,619.77978515625,1086900.0,14.558794975280762,321592000.0,78.05999755859375,49135000.0,162.38400268554688,52664000.0,220.5421142578125,6705500.0,20.61000061035156,46302400.0
2021-05-21,237.59209903161636,238.3214631903982,234.87615584216917,235.288818359375,21863100.0,1876.699951171875,5.0,20.149999618530277,0.0,610.6566162109375,847500.0,14.936650276184082,672992000.0,77.16999816894531,40201100.0,160.1540069580078,82098000.0,219.3594512939453,4913600.0,20.75,35372900.0
2021-05-24,237.80323117996468,241.0374189124444,237.53451728413617,240.6727294921875,21411500.0,1884.5999755859373,39.0,18.399999618530277,0.0,629.5048217773438,794000.0,15.554621696472168,554816000.0,77.44000244140625,33194300.0,162.24949645996094,48456000.0,223.7056427001953,5288300.0,21.21999931335449,46596800.0
2021-05-25,241.62283212210016,242.5633307483753,240.7111232241124,241.5748443603516,17704300.0,1898.0999755859373,56.0,18.84000015258789,0.0,642.2487182617188,1088800.0,15.590239524841309,435408000.0,77.86000061035156,47353100.0,162.95249938964844,65222000.0,224.4152374267578,6256300.0,21.479999542236328,49890800.0
2021-05-26,241.29656238462576,242.74571394261972,240.64397558156952,241.35415649414065,17771600.0,1901.300048828125,170526.0,17.360000610351562,0.0,636.0201416015625,597100.0,15.64229965209961,370440000.0,78.33999633789062,30354000.0,163.25799560546875,47680000.0,226.35671997070312,5807100.0,22.1200008392334,42958300.0
2021-05-27,241.04702994155997,241.3445335898177,239.20441394645133,239.26199340820312,24426200.0,1895.699951171875,35794.0,16.739999771118164,0.0,635.3706665039062,652600.0,15.431077003479004,581476000.0,78.41999816894531,35883200.0,161.5054931640625,51224000.0,222.5624084472656,15344100.0,22.700000762939453,76230500.0
2021-05-28,240.88387210484515,241.92034629984423,239.501906511513,239.6170654296875,18270200.0,1902.5,2415.0,16.760000228881836,0.0,645.2868041992188,610700.0,16.18479347229004,644536000.0,80.08000183105469,40952700.0,161.15350341796875,46596000.0,234.65489196777344,17810800.0,22.950000762939453,111846000.0
2021-06-01,241.104626145466,241.16220561121608,237.00673129893207,237.42898559570312,23213300.0,1902.9000244140625,640.0,17.899999618530273,0.0,641.780517578125,1292000.0,16.20472526550293,472804000.0,80.80999755859375,43433000.0,160.9324951171875,48600000.0,232.7823638916016,8103900.0,23.059999465942383,52695500.0
2021-06-02,238.1295578675878,239.223611570422,235.9318441224372,237.3330078125,19406700.0,1907.5,1267.0,17.479999542236328,0.0,643.9684448242188,596800.0,16.716583251953125,594168000.0,81.97000122070312,35203200.0,161.69949340820312,40290000.0,231.2252197265625,5543900.0,24.450000762939453,86473200.0
2021-06-03,235.33685693077388,236.4117126902741,233.2063288047564,235.8071136474609,25307700.0,1871.199951171875,1021.0,18.040000915527344,0.0,636.1349487304688,612100.0,16.90738296508789,580008000.0,80.27999877929688,29812000.0,159.35049438476562,47966000.0,227.49993896484372,5109000.0,23.6299991607666,48164200.0
2021-06-04,237.77441731243024,241.5076363902739,237.5344931695256,240.6822967529297,25281100.0,1889.800048828125,367.0,16.420000076293945,0.0,652.7667236328125,531000.0,17.513643264770508,617120000.0,81.58000183105469,26387800.0,160.31100463867188,44994000.0,234.04383850097656,6177600.0,24.030000686645508,42537600.0
2021-06-07,239.9049871668553,243.84934135732763,239.74184047817525,243.58062744140625,23079200.0,1896.800048828125,87.0,16.420000076293945,0.0,651.5057373046875,594300.0,17.554244995117188,575756000.0,81.3499984741211,29006800.0,159.90049743652344,44316000.0,234.69430541992188,3510800.0,24.459999084472656,49641000.0
2021-06-08,244.876236168721,245.6919842968053,242.33303089186523,242.390625,22455000.0,1892.199951171875,930.0,17.06999969482422,0.0,650.3116455078125,562800.0,17.392839431762695,323848000.0,80.88999938964844,26956600.0,163.20550537109375,68334000.0,232.9991912841797,5827300.0,24.3799991607666,53488600.0
2021-06-09,243.58065657446144,245.2313363375824,243.00484724739417,243.36952209472656,17937600.0,1893.199951171875,148.0,17.889999389648438,0.0,652.0885620117188,440700.0,17.298418045043945,381656000.0,79.95999908447266,28454600.0,164.0574951171875,49110000.0,232.6739654541016,3350900.0,24.170000076293945,36006200.0
2021-06-10,244.04127308607627,247.0835099387056,243.4462658042312,246.87237548828125,24563600.0,1894.199951171875,186.0,16.100000381469727,0.0,668.6632690429688,800100.0,17.36493492126465,287772000.0,81.55999755859375,28606400.0,167.4824981689453,69530000.0,236.7146453857422,4659500.0,24.13999938964844,35482900.0
2021-06-11,247.5921468031884,248.0719951619915,246.26776064687272,247.49620056152344,18999700.0,1877.4000244140625,349.0,15.649999618530272,0.0,665.8832397460938,445100.0,17.76380729675293,416308000.0,81.30999755859375,24310900.0,167.3415069580078,56348000.0,236.8329315185547,4624200.0,24.670000076293945,33113100.0
2021-06-14,247.5057720383052,249.4731678376561,246.4500998151924,249.41558837890625,19150500.0,1864.0,41.0,16.389999389648438,0.0,677.633544921875,636600.0,17.956642150878906,321376000.0,81.55000305175781,27830200.0,169.19349670410156,51394000.0,242.69679260253903,6764700.0,25.0,51801500.0
2021-06-15,249.3003956801018,249.51153012091865,247.29463313615116,247.9472198486328,18038900.0,1854.5,78.0,17.020000457763672,0.0,670.4210815429688,510700.0,17.727184295654297,243032000.0,80.47000122070312,26194300.0,169.156494140625,48524000.0,239.070068359375,5135300.0,24.40999984741211,46693200.0
2021-06-16,248.9453365777258,250.0777717386489,244.1660507576861,247.0067596435547,27220000.0,1859.5,117.0,18.149999618530277,0.0,667.8130493164062,590900.0,17.748855590820312,307124000.0,80.11000061035156,29598300.0,170.7624969482422,84056000.0,238.8828125,5099300.0,24.799999237060547,58452600.0
2021-06-17,245.7495051616535,251.2005745937238,245.69192571105955,250.38482666015625,27565500.0,1773.800048828125,1135.0,17.75,0.0,667.602783203125,746700.0,18.592937469482425,809656000.0,84.55999755859375,77822800.0,174.46200561523438,102730000.0,240.89329528808597,5170200.0,25.450000762939453,64408400.0
2021-06-18,249.1660874295597,251.72846151081316,248.32154955086472,248.97413635253903,37202200.0,1767.9000244140625,354.0,20.700000762939453,0.0,641.0833740234375,1669900.0,18.574499130249023,968856000.0,84.6500015258789,58736800.0,174.34500122070312,104954000.0,239.26715087890625,7822200.0,25.3700008392334,65852600.0
2021-06-21,249.3484204496517,252.8992809067008,247.52500245412696,252.045166015625,26696100.0,1781.800048828125,38.0,17.889999389648438,0.0,650.2351684570312,565500.0,18.36372947692871,672384000.0,82.58999633789062,44417100.0,172.697998046875,65542000.0,240.9425811767578,5895100.0,25.420000076293945,54805000.0
2021-06-22,252.13145962456645,255.07773483816592,251.82434972288047,254.80902099609372,24694100.0,1776.300048828125,101.0,16.65999984741211,0.0,655.1644287109375,542200.0,18.821643829345703,580144000.0,83.58000183105469,32107700.0,175.27200317382812,66902000.0,239.5923767089844,4457200.0,25.399999618530277,46171100.0
2021-06-23,255.2696875528627,256.07582917695146,253.7725632098956,254.5787048339844,19518700.0,1782.300048828125,136.0,16.31999969482422,0.0,651.1904907226562,523400.0,18.991559982299805,332356000.0,83.81999969482422,25992400.0,175.1909942626953,56266000.0,238.34075927734372,4482400.0,26.270000457763672,53362200.0
2021-06-24,255.4329054433391,257.0547953887674,254.77071230407563,255.9415435791016,21446900.0,1775.5999755859375,78.0,15.970000267028809,0.0,663.9439697265625,469400.0,19.139301300048828,320924000.0,86.0999984741211,42217700.0,172.45399475097656,76640000.0,240.24285888671875,4987300.0,26.530000686645508,48419400.0
2021-06-25,255.5000908908424,256.478971088215,254.0893354162517,254.33883666992188,25611100.0,1776.5999755859375,35.0,15.619999885559082,0.0,655.546875,431200.0,18.96540260314941,278364000.0,85.62000274658203,27804500.0,170.072998046875,78820000.0,238.3703155517578,15409300.0,26.780000686645508,140832700.0
2021-06-28,255.4616778888696,258.06244785704735,255.1929639728323,257.88970947265625,19590000.0,1779.5999755859375,888.0,15.760000228881836,0.0,672.6468505859375,623900.0,19.916109085083008,495436000.0,87.08000183105469,30262000.0,172.1945037841797,44856000.0,241.03125,4274900.0,27.3799991607666,42184600.0
2021-06-29,258.0336989887395,260.70165518033133,257.1795839833562,260.46173095703125,19937800.0,1762.800048828125,419.0,16.020000457763672,0.0,672.236083984375,400000.0,19.95771789550781,367632000.0,89.5199966430664,46181000.0,172.40699768066406,41968000.0,242.2532958984375,3871900.0,26.6299991607666,38478900.0
2021-06-30,259.7803139253489,260.42329434263524,258.7342479891088,259.9818420410156,21656500.0,1770.800048828125,51.0,15.829999923706056,0.0,659.9697875976562,767500.0,19.933555603027344,326568000.0,93.93000030517578,70721500.0,172.00799560546875,48080000.0,240.7356109619141,4168800.0,26.36000061035156,28957100.0
2021-07-01,258.7438394636373,260.8839738651738,258.7342624112472,260.6536560058594,16725300.0,1775.9000244140625,44.0,15.479999542236328,0.0,648.9550170898438,997500.0,20.1423282623291,480136000.0,93.30999755859376,58059000.0,171.64849853515625,40742000.0,241.4353179931641,3899600.0,24.71999931335449,55429800.0
2021-07-02,261.8244857323976,266.7957080842182,261.517375730034,266.4598083496094,26458000.0,1782.5999755859375,23.0,15.06999969482422,0.0,656.817138671875,449700.0,20.4163818359375,342764000.0,94.6999969482422,51316700.0,175.5489959716797,63388000.0,244.60873413085935,4056200.0,24.440000534057617,29389500.0
2021-07-06,266.82450452254136,268.11049474118505,263.2448248561012,266.46942138671875,31565600.0,1793.5,332.0,16.440000534057617,0.0,655.221923828125,788700.0,20.627147674560547,446708000.0,94.47000122070312,44930100.0,183.78700256347656,134896000.0,246.6291046142578,5590200.0,24.68000030517578,28764500.0
2021-07-07,268.13928056771834,269.37729764258523,265.9799627636496,268.6479187011719,23260000.0,1801.5,244.0,16.200000762939453,0.0,659.3394165039062,442900.0,20.301528930664062,418428000.0,90.54000091552734,51498500.0,184.82899475097656,106562000.0,244.84527587890625,5101400.0,22.88999938964844,66937300.0
2021-07-08,265.7399832123837,267.4962443949508,263.7918002820035,266.2390441894531,24618600.0,1799.5999755859375,148.0,19.0,0.0,643.586181640625,849400.0,19.83414649963379,503300000.0,89.73999786376953,45673500.0,186.57049560546875,103612000.0,242.2434539794922,5159600.0,23.07999992370605,34612600.0
2021-07-09,264.6076006127589,266.8436812511514,264.2237277535544,266.7381286621094,23916700.0,1810.0,218.0,16.18000030517578,0.0,660.466552734375,583600.0,19.98113250732422,296624000.0,90.9000015258789,35278400.0,185.9669952392578,74964000.0,241.51417541503903,4213500.0,23.290000915527344,22492400.0
2021-07-12,267.9089353442858,268.49433627554,265.4329014474432,266.1430969238281,18931700.0,1805.5,147.0,16.170000076293945,0.0,676.1817016601562,618500.0,20.44179344177246,321984000.0,90.80999755859376,28526600.0,185.9275054931641,51432000.0,239.39529418945312,5604500.0,22.950000762939453,23457200.0
2021-07-13,266.33500707591065,271.4502066850758,266.21027111145844,269.65557861328125,26120100.0,1809.4000244140625,78.0,17.1200008392334,0.0,674.8536376953125,623300.0,20.180200576782227,290708000.0,90.26000213623048,30367600.0,183.8679962158203,76918000.0,240.4892120361328,6699800.0,22.450000762939453,24748800.0
2021-07-14,270.97037689383615,272.2275772639754,269.24290521159406,271.1239318847656,23113700.0,1824.300048828125,707.0,16.329999923706055,0.0,684.4927978515625,852000.0,19.773103713989254,380100000.0,89.05000305175781,28108500.0,184.08399963378903,65932000.0,238.92222595214844,6375700.0,21.559999465942383,33796200.0
2021-07-15,270.6344591814496,271.1239138520069,268.5519045345298,269.7035522460937,22604200.0,1828.4000244140625,99.0,17.010000228881836,0.0,672.4845581054688,729400.0,18.9008731842041,550564000.0,86.93000030517578,38944700.0,181.55999755859372,63706000.0,234.1424102783203,7912600.0,21.46999931335449,31871000.0
2021-07-16,270.7016209659572,272.64980384909137,268.19679766614735,269.434814453125,26186800.0,1814.5,78.0,18.450000762939453,0.0,656.70263671875,578300.0,18.09839630126953,688224000.0,85.88999938964844,35860700.0,178.68150329589844,80874000.0,234.9801177978516,7288100.0,21.3700008392334,19503100.0
2021-07-19,267.6882436982978,269.07020954845063,263.3888204201553,265.8456420898437,32935600.0,1808.699951171875,33.0,22.5,0.0,653.435546875,855300.0,18.715015411376957,749060000.0,86.58000183105469,39244800.0,177.47950744628906,75692000.0,234.1128387451172,8843000.0,21.540000915527344,30314400.0
2021-07-20,266.82448300692533,269.6459937608424,265.12583032349374,268.0625,26259700.0,1810.9000244140625,128.0,19.729999542236328,0.0,653.4832763671875,805600.0,18.54784202575684,434687000.0,87.11000061035156,28089000.0,178.6595001220703,65114000.0,236.6357879638672,8487000.0,22.18000030517578,22954000.0
2021-07-21,267.6594734457759,270.17387476827,266.1143754146352,270.0587158203125,24364300.0,1802.9000244140625,135.0,17.90999984741211,0.0,688.7822265625,1281300.0,19.343093872070312,371017000.0,89.41000366210938,29469900.0,179.25999450683594,46380000.0,238.60687255859372,15323100.0,22.520000457763672,20437300.0
2021-07-22,272.40028518129105,274.8763188626381,271.9972290018453,274.60760498046875,23384100.0,1805.0,2.0,17.690000534057617,0.0,697.3035278320312,946000.0,19.526456832885746,323826000.0,91.20999908447266,33730100.0,181.9015045166016,65308000.0,244.6875762939453,7868700.0,22.06999969482422,17468900.0
2021-07-23,275.78801102778897,278.30241146815854,274.9530796603886,277.9953308105469,22768100.0,1801.4000244140625,1.0,17.200000762939453,0.0,714.7094116210938,1069800.0,19.49058532714844,195672000.0,92.1500015258789,31708900.0,182.83200073242188,48726000.0,244.6580352783203,5877300.0,21.809999465942383,17653300.0
2021-07-26,277.3523564681326,278.01454955841905,275.08748623115633,277.4003295898437,23176100.0,1798.699951171875,17.0,17.579999923706055,0.0,720.3934936523438,691800.0,19.22749710083008,203943000.0,91.81999969482422,27668500.0,184.99099731445312,58002000.0,244.01742553710935,3960700.0,22.1299991607666,16267900.0
2021-07-27,277.76499367762403,277.90894231723627,271.54617814543514,274.9914855957031,33604100.0,1799.5,1.0,19.36000061035156,0.0,712.2828979492188,881200.0,19.141788482666016,248863000.0,91.02999877929688,69427000.0,181.3195037841797,82638000.0,239.9866180419922,6352500.0,21.68000030517578,23078700.0
2021-07-28,277.3427364892114,278.4559881617901,272.3906980646863,274.68438720703125,33566900.0,1799.5,209783.0,18.309999465942383,0.0,725.90576171875,716500.0,19.435773849487305,202191000.0,97.93000030517578,140561000.0,181.51600646972656,59988000.0,240.43011474609372,4100200.0,22.559999465942383,25073600.0
2021-07-29,274.70359446740275,276.9876774693035,274.5500394694676,274.953125,18168300.0,1831.199951171875,30496.0,17.700000762939453,0.0,731.4942016601562,634000.0,19.594226837158203,190781000.0,102.9499969482422,164091800.0,179.99600219726562,110400000.0,240.50894165039065,3271100.0,22.18000030517578,19219100.0
2021-07-30,273.676715567838,275.1066542513288,272.46748837703086,273.4271850585937,20944800.0,1812.5999755859373,3100.0,18.239999771118164,0.0,732.4781494140625,488200.0,19.43178939819336,183497000.0,106.19000244140624,125632000.0,166.37950134277344,199312000.0,238.4294586181641,3748400.0,21.709999084472656,15889200.0
2021-08-02,274.8187628216139,275.212242025892,272.30436188036447,273.3408508300781,16267400.0,1818.0999755859373,1334.0,19.459999084472656,0.0,735.2583618164062,499900.0,19.681921005249023,217444000.0,108.62999725341795,115581900.0,166.57400512695312,67078000.0,237.3749542236328,3525700.0,22.100000381469727,21372900.0
2021-08-03,273.9166896548883,275.65373862205524,272.55390723217295,275.54815673828125,17879000.0,1810.0999755859373,3341.0,18.040000915527344,0.0,744.6966552734375,533700.0,19.7466983795166,301811000.0,112.55999755859376,157723100.0,168.31199645996094,83146000.0,237.6410369873047,3077900.0,22.239999771118164,17040100.0
2021-08-04,274.6844482527844,275.9992283215032,273.17771708876165,274.9627685546875,16191300.0,1810.5,2860.0,17.969999313354492,0.0,759.9339599609375,629700.0,20.20411872863769,231309000.0,118.7699966430664,225368700.0,167.73599243164062,43678000.0,240.63702392578125,4121600.0,22.299999237060547,15537400.0
2021-08-05,275.317855802354,277.95702231995693,274.56929337977533,277.8514404296875,13900200.0,1805.0999755859373,588.0,17.280000686645508,0.0,759.236572265625,723700.0,20.56586456298828,211435000.0,112.3499984741211,137860900.0,168.79949951171875,48670000.0,246.9346160888672,5235200.0,22.520000457763672,18575200.0
2021-08-06,276.88206803398026,277.832158270537,276.0279240247651,277.79376220703125,16589300.0,1760.0,859.0,16.149999618530273,0.0,748.2791748046875,556900.0,20.295793533325195,178497000.0,110.11000061035156,143899000.0,167.2469940185547,52752000.0,246.96414184570312,4045400.0,21.81999969482422,24200700.0
2021-08-09,278.0721941910016,279.79963700414334,276.2103797453838,276.7094116210937,16117600.0,1723.4000244140625,1621.0,16.719999313354492,0.0,753.4378662109375,477100.0,20.22504425048828,146443000.0,107.58000183105467,115749900.0,167.093505859375,42964000.0,245.7125244140625,3312200.0,22.93000030517578,35611100.0
2021-08-10,277.1603470550717,277.5922222100292,273.7054629658678,274.8954772949219,18616600.0,1728.800048828125,1363.0,16.790000915527344,0.0,754.0206298828125,589500.0,19.86728286743164,179238000.0,106.4800033569336,113012300.0,166.03399658203125,48252000.0,239.86834716796875,4430600.0,22.920000076293945,25947900.0
2021-08-11,275.63454156443856,277.02611380022,274.3389448772672,275.3850402832031,13955900.0,1750.4000244140625,542.0,16.170000076293945,0.0,753.953857421875,421300.0,19.6310977935791,185925000.0,107.68000030517578,91788300.0,164.60549926757812,58944000.0,238.7743682861328,3999200.0,22.350000381469727,34679000.0
2021-08-12,275.0778712144452,278.2832546943312,274.7995509694879,278.12969970703125,14561300.0,1749.0,739.0,15.59000015258789,0.0,746.1678466796875,764600.0,19.836387634277344,151652000.0,106.5,60578700.0,165.1750030517578,46282000.0,244.7960205078125,4467400.0,24.88999938964844,189287200.0
2021-08-13,277.81300703201526,281.0951532950036,277.64023937005385,281.04718017578125,18249000.0,1775.199951171875,436.0,15.449999809265137,0.0,753.7055053710938,454700.0,20.11841583251953,183063000.0,110.5500030517578,100135700.0,164.69850158691406,41134000.0,247.92013549804688,5986400.0,24.899999618530277,52395100.0
2021-08-16,281.37341744639224,282.93772741778326,278.33116667356506,282.7265930175781,22507600.0,1786.9000244140625,219.0,16.1200008392334,0.0,752.167236328125,426000.0,19.88123321533203,210876000.0,107.4800033569336,73325400.0,164.94949340820312,66394000.0,245.5942840576172,4047500.0,24.5,45907300.0
2021-08-17,280.60574999790174,281.60381354222284,279.3485202964206,281.2679138183594,20075300.0,1785.0,200.0,17.90999984741211,0.0,741.859375,483600.0,19.39093399047852,204585000.0,107.55999755859376,74053900.0,162.09800720214844,67758000.0,243.41624450683597,3472600.0,23.96999931335449,35348300.0
2021-08-18,280.8063292983416,283.4793919946404,279.1043957522048,279.5467224121094,21813000.0,1781.5999755859375,263.0,21.56999969482422,0.0,737.9332275390625,452500.0,18.97437286376953,285913000.0,103.44000244140624,79387900.0,160.06100463867188,56086000.0,247.5850372314453,8306700.0,25.280000686645508,92065600.0
2021-08-19,277.5852494378773,286.0275166816487,277.5371844759364,285.3544311523437,29850500.0,1780.199951171875,245.0,21.670000076293945,0.0,746.5882568359375,514000.0,19.729755401611328,766555000.0,103.6999969482422,71117500.0,159.3874969482422,75658000.0,249.4082794189453,6600800.0,24.15999984741211,67605600.0
2021-08-20,288.1909033414219,294.07548533155943,286.59475375852804,292.65240478515625,40817600.0,1781.0,235.0,18.559999465942383,0.0,752.9601440429688,507700.0,20.74424934387207,675741000.0,104.6500015258789,55227600.0,159.99749755859375,67168000.0,252.4239959716797,5510700.0,24.01000022888184,52062300.0
2021-08-23,291.5851936801916,293.6524859694501,290.23905191116444,292.93133544921875,22830200.0,1803.199951171875,32.0,17.149999618530273,0.0,775.3528442382812,724300.0,21.88231086730957,575807000.0,108.7699966430664,68835300.0,163.2935028076172,65362000.0,256.7504577636719,7603900.0,24.81999969482422,35705300.0
2021-08-24,293.28707625697854,293.892847343343,290.3832542779268,290.9794006347656,18175800.0,1805.5999755859373,22.0,17.219999313354492,0.0,769.611328125,453800.0,21.71788215637207,297299000.0,107.6500015258789,51239300.0,165.28900146484375,51036000.0,255.90286254882807,6685200.0,25.100000381469727,37227400.0
2021-08-25,292.59483645978145,292.87368958556954,288.8641085254896,290.3929443359375,20006100.0,1788.199951171875,812.0,16.790000915527344,0.0,771.7703857421875,471100.0,22.13643264770508,347701000.0,108.3000030517578,45485500.0,164.95899963378906,33606000.0,257.07568359375,9701000.0,24.350000381469727,54678500.0
2021-08-26,289.4120831267804,290.79669430920046,287.4505750714238,287.5851745605469,17666100.0,1792.199951171875,61.0,18.84000015258789,0.0,774.7031860351562,450000.0,21.99193382263184,237940000.0,107.2699966430664,51442500.0,165.8000030517578,41976000.0,263.9153137207031,18987000.0,24.8700008392334,46179400.0
2021-08-27,287.48901815902764,289.2967066286994,285.4121013647465,288.1909484863281,22605700.0,1816.5999755859373,1219.0,16.389999389648438,0.0,795.7010498046875,658900.0,22.55797004699707,304722000.0,111.4000015258789,61030000.0,167.48150634765625,48048000.0,262.67352294921875,7992500.0,25.709999084472656,52268500.0
2021-08-30,289.5370283659055,292.51778875937845,289.47933869034046,291.9120178222656,16348100.0,1809.0,684.0,16.190000534057617,0.0,802.0730590820312,491000.0,22.609798431396484,262580000.0,111.31999969482422,56130500.0,171.07850646972656,63844000.0,261.1361389160156,5730000.0,25.76000022888184,44139300.0
2021-08-31,292.7101570579485,292.78706685723137,289.9024652133177,290.2678527832031,26285300.0,1815.0,82.0,16.479999542236328,0.0,795.815673828125,579300.0,22.311771392822266,259850000.0,110.72000122070312,49339000.0,173.5395050048828,87128000.0,261.4317626953125,5901500.0,26.34000015258789,93168600.0
2021-09-01,291.2197299053012,293.4504953070567,289.89280860005545,290.2197265625,18983800.0,1813.0999755859373,114.0,16.110000610351562,0.0,804.5376586914062,581900.0,22.36759376525879,201767000.0,109.98999786376952,38579600.0,173.9499969482422,72598000.0,264.4376525878906,7189000.0,26.200000762939453,34417200.0
2021-09-02,290.57554613458024,291.6908995970504,288.6332289446876,289.56591796875,16285600.0,1808.699951171875,26.0,16.40999984741211,0.0,822.7938232421875,746800.0,22.322736740112305,187834000.0,109.1999969482422,40090500.0,173.156005859375,58474000.0,260.3280029296875,4498300.0,26.51000022888184,38460100.0
2021-09-03,289.41214289266503,290.96022807123313,288.71024177108217,289.556396484375,14747900.0,1830.9000244140625,53.0,16.40999984741211,0.0,819.7653198242188,698000.0,22.768274307250977,280532000.0,109.91999816894533,42605800.0,173.90249633789062,51514000.0,263.2155456542969,7356700.0,26.63999938964844,26609500.0
2021-09-07,289.4313599194175,289.5082697285104,286.7294517158089,288.6332702636719,17180400.0,1795.9000244140625,48.0,18.13999938964844,0.0,823.2619018554688,780900.0,22.58786964416504,198107000.0,109.1500015258789,28815200.0,175.46449279785156,54758000.0,261.37261962890625,4672500.0,26.700000762939453,35835100.0
2021-09-08,288.2486568040006,289.04671710020153,286.0275156464967,288.662109375,15046800.0,1790.699951171875,69.0,17.959999084472656,0.0,819.6506958007812,714900.0,22.26592254638672,254434000.0,106.16999816894533,43067900.0,176.27499389648438,61068000.0,258.820068359375,3851500.0,25.57999992370605,54394400.0
2021-09-09,289.24872416460886,290.5179563470504,285.57565648982865,285.8160400390625,19927000.0,1797.4000244140625,49.0,18.799999237060547,0.0,815.3614501953125,641900.0,22.10445785522461,196856000.0,106.1500015258789,31857900.0,174.20799255371094,54384000.0,256.96728515625,4126500.0,26.1299991607666,34190800.0
2021-09-10,286.9410140892641,288.38331521441347,284.01794225939454,284.3352355957031,19633400.0,1789.5999755859375,0.0,20.950000762939453,0.0,820.4913940429688,1137400.0,22.404468536376957,248376000.0,105.1999969482422,32602300.0,173.45750427246094,47946000.0,253.478515625,5280900.0,26.280000686645508,37307800.0
2021-09-13,286.1044051321014,287.0563436631931,282.76788126792405,285.5659484863281,23652900.0,1792.0,533.0,19.3700008392334,0.0,832.3086547851562,636000.0,22.079532623291016,297500000.0,104.8000030517578,37767800.0,172.85850524902344,51380000.0,250.4332275390625,5258200.0,25.82999992370605,42372300.0
2021-09-14,288.0371373862397,289.79676112846977,286.6333058908585,288.25830078125,21853400.0,1804.699951171875,764.0,19.459999084472656,0.0,848.3865356445312,978300.0,22.16923713684082,199755000.0,105.7300033569336,40629500.0,172.5,38738000.0,250.689453125,4097500.0,26.26000022888184,34569000.0
2021-09-15,291.594827334741,293.57558514343583,290.2102159460255,293.0948181152344,28356300.0,1792.4000244140625,59.0,18.18000030517578,0.0,849.5902709960938,799700.0,22.26791381835937,166538000.0,105.5999984741211,37998900.0,173.7895050048828,59150000.0,252.45355224609372,4764600.0,27.07999992370605,49555500.0
2021-09-16,292.0755996209567,293.5659656977349,289.19099739981857,293.4794311523437,19550800.0,1754.5999755859375,1645.0,18.690000534057617,0.0,847.6605834960938,811400.0,22.16923713684082,156033000.0,106.22000122070312,38150300.0,174.41200256347656,51672000.0,256.5927734375,5122600.0,28.6299991607666,109992000.0
2021-09-17,292.4697880609758,292.7870813462865,288.0082565459675,288.3351745605469,41372500.0,1749.4000244140625,581.0,20.809999465942383,0.0,821.4274291992188,1670500.0,21.82835960388184,294503000.0,103.87999725341795,44528300.0,173.12600708007812,92332000.0,256.7603454589844,7049400.0,28.709999084472656,182052600.0
2021-09-20,284.9313439067863,287.2294241436648,278.3833000222743,282.9794311523437,38278700.0,1761.800048828125,185.0,25.709999084472656,0.0,803.1715698242188,1122600.0,21.043933868408203,349440000.0,101.5500030517578,45228400.0,167.7864990234375,93382000.0,254.4837646484375,5985500.0,26.549999237060547,89413500.0
2021-09-21,284.31592318439675,286.09476653004566,282.75824316987325,283.46014404296875,22364100.0,1776.0,106.0,24.36000061035156,0.0,816.5363159179688,905700.0,21.176498413085938,204688000.0,102.81999969482422,35481500.0,167.18150329589844,55618000.0,254.2373504638672,6040600.0,26.6200008392334,50933600.0
2021-09-22,285.3159733040297,288.6717173261203,283.18136680799097,287.09478759765625,26626300.0,1776.699951171875,17.0,20.8700008392334,0.0,826.0991821289062,669400.0,21.86922645568848,268726000.0,104.37999725341795,34126300.0,169.00250244140625,48228000.0,255.4199981689453,4355600.0,27.43000030517578,44308100.0
2021-09-23,287.3544589280449,289.32559200827507,286.08522692976766,288.0371398925781,18604600.0,1747.699951171875,31.0,18.6299991607666,0.0,840.4671020507812,744500.0,22.408456802368164,248555000.0,106.1500015258789,32816700.0,170.8000030517578,47588000.0,273.8395690917969,15617200.0,28.770000457763672,60028600.0
2021-09-24,286.7582917069234,288.26787776636394,285.5082799167376,287.835205078125,14999000.0,1749.699951171875,76.0,17.75,0.0,829.9967651367188,510400.0,22.008766174316406,217655000.0,105.8000030517578,26482600.0,171.2760009765625,42324000.0,281.4971618652344,13368300.0,28.559999465942383,40309700.0
2021-09-27,284.7487462138496,285.0660395820949,281.67182509968364,282.8545227050781,23571700.0,1750.0,808.0,18.76000022888184,0.0,797.9842529296875,1063900.0,21.589147567749023,245215000.0,108.16000366210938,51944300.0,170.2899932861328,72690000.0,275.6332092285156,5941100.0,27.46999931335449,44102800.0
2021-09-28,278.65247509756944,279.5947887568724,271.87367374951066,272.6140441894531,43186200.0,1735.800048828125,15748.0,23.25,0.0,745.3082275390625,2390100.0,20.631282806396484,343069000.0,101.5199966430664,74469000.0,165.79800415039062,88616000.0,268.3403015136719,7127100.0,25.34000015258789,64206200.0
2021-09-29,274.1333769693656,275.7391224791571,272.1237742275419,273.07568359375,26353700.0,1721.5,6634.0,22.559999465942383,0.0,716.8875122070312,2216000.0,20.44989013671875,218394000.0,100.3499984741211,52224700.0,165.05599975585938,51246000.0,266.5860900878906,4361900.0,24.520000457763672,46164500.0
2021-09-30,274.71978361540346,276.7582303525769,270.787114326483,271.0755920410156,32343600.0,1755.300048828125,997.0,23.13999938964844,0.0,711.8147583007812,1078800.0,20.648231506347656,221009000.0,102.9000015258789,57636700.0,164.2519989013672,56848000.0,267.295654296875,5224200.0,24.040000915527344,59505600.0
2021-10-01,271.2679443559621,278.8256162130786,270.46988411493584,277.9794616699219,30086300.0,1757.0,2220.0,21.100000381469727,0.0,708.6622314453125,1180400.0,20.674148559570312,240978000.0,102.4499969482422,41491600.0,164.16299438476562,56712000.0,271.2771911621094,4756000.0,24.32999992370605,32778000.0
2021-10-04,276.3448372844205,276.68138001851474,269.46987576086445,272.2198486328125,31350700.0,1766.199951171875,417.0,22.959999084472656,0.0,681.0823364257812,1663500.0,19.667449951171875,345635000.0,100.33999633789062,41967100.0,159.48899841308594,90462000.0,266.9408569335937,6393800.0,23.170000076293945,46789700.0
2021-10-05,273.12365122676954,279.2293964365477,273.12365122676954,277.6524963378906,24993000.0,1759.5999755859375,98.0,21.299999237060547,0.0,700.1216430664062,1201500.0,20.38409805297852,279282000.0,101.80999755859376,31455200.0,161.0500030517578,65384000.0,267.83770751953125,4050400.0,23.209999084472656,56574800.0
2021-10-06,274.78720381326485,282.3352520892676,274.5276001795463,281.8352355957031,28002600.0,1760.5,56.0,21.0,0.0,699.7683715820312,973000.0,20.63228225708008,297202000.0,103.63999938964844,39071700.0,163.10049438476562,50660000.0,271.2870483398437,4745500.0,23.57999992370605,125175700.0
2021-10-07,283.825594084445,285.22945482720434,282.6140812194665,283.50830078125,20430500.0,1757.9000244140625,336.0,19.540000915527344,0.0,713.448486328125,1267500.0,21.00605773925781,256919000.0,106.4499969482422,41543100.0,165.1215057373047,48182000.0,270.6070556640625,5374200.0,23.729999542236328,38873700.0
2021-10-08,284.82559764308587,285.22945482720434,282.46023226093035,283.50830078125,17685700.0,1756.300048828125,254.0,18.770000457763672,0.0,697.6380004882812,1039700.0,20.76285552978516,151258000.0,105.05999755859376,30623000.0,164.43099975585938,39964000.0,268.5374450683594,2683300.0,23.5,39713400.0
2021-10-11,281.65259355026353,286.50832922582435,281.4891198350352,282.9122009277344,19298600.0,1754.5999755859375,128.0,20.0,0.0,689.6322631835938,702500.0,20.62729835510254,163388000.0,104.68000030517578,31284400.0,162.31500244140625,40684000.0,269.7890625,2693000.0,23.530000686645508,23971700.0
2021-10-12,283.9794400643769,284.0755993304145,281.10446287508915,281.61407470703125,17974100.0,1758.300048828125,139.0,19.850000381469727,0.0,692.6512451171875,868400.0,20.60338020324707,162134000.0,105.04000091552734,34039900.0,162.3665008544922,36392000.0,274.9631042480469,5970100.0,23.690000534057617,26280000.0
2021-10-13,283.5659677751689,285.8447984376841,282.20057671725624,284.912109375,23416300.0,1793.699951171875,150.0,18.63999938964844,0.0,711.15576171875,1170000.0,20.870500564575195,180652000.0,109.16000366210938,55631900.0,164.21400451660156,48402000.0,280.2947998046875,6573500.0,24.1299991607666,28494000.0
2021-10-14,287.7005622674281,291.60438772035315,286.3736407338717,291.1044006347656,27262900.0,1796.699951171875,337.0,16.860000610351562,0.0,743.5121459960938,1370500.0,21.674861907958984,243589000.0,111.98999786376952,46900200.0,164.9929962158203,42190000.0,285.8236083984375,5433900.0,24.350000381469727,26106700.0
2021-10-15,290.71017592364666,292.7390278517721,288.9601770620516,292.5082397460937,25384800.0,1767.199951171875,874.0,16.299999237060547,0.0,754.1256713867188,877400.0,21.790483474731445,226994000.0,112.12000274658205,34203000.0,170.4510040283203,103598000.0,287.4399108886719,5119300.0,24.0,24366100.0
2021-10-18,291.89281968974484,296.3543212168892,291.0466652595065,295.4697265625,22729300.0,1764.800048828125,266.0,16.309999465942383,0.0,752.9984741210938,1014600.0,22.14931297302246,189494000.0,116.43000030517578,47537800.0,172.33700561523438,63482000.0,287.4793395996094,5163300.0,24.26000022888184,25609900.0
2021-10-19,296.48891450224085,297.4023538871209,295.40237675469547,296.37353515625,17682100.0,1769.699951171875,51.0,15.699999809265137,0.0,765.1691284179688,956600.0,22.217086791992188,161473000.0,116.33000183105467,39593900.0,172.20750427246094,47722000.0,288.1100769042969,3631200.0,24.690000534057617,29393900.0
2021-10-20,297.31598543961144,297.7871571571462,294.33522351404,295.5852355957031,16537100.0,1784.0999755859375,127.0,15.489999771118164,0.0,733.3953857421875,1894900.0,22.03069305419922,146276000.0,116.38999938964844,34244800.0,170.7530059814453,42796000.0,285.892578125,4487900.0,24.21999931335449,24248000.0
2021-10-21,295.3544316768825,299.0563143524255,294.5755620879851,298.80633544921875,16918100.0,1781.199951171875,146.0,15.010000228881836,0.0,752.3679809570312,1083100.0,22.617765426635746,187590000.0,119.33000183105467,34794900.0,171.75050354003906,37628000.0,285.61669921875,2828500.0,24.780000686645508,23976600.0
2021-10-22,298.46011490450775,299.1235756390308,295.960120910737,297.267822265625,17449300.0,1795.5,532.0,15.43000030517578,0.0,765.1786499023438,1294600.0,22.651655197143555,249384000.0,119.81999969482422,38992700.0,166.77749633789062,62782000.0,288.3269348144531,2927000.0,24.43000030517578,20166800.0
2021-10-25,297.46019509805154,297.4986646808728,294.6717518892406,296.27752685546875,17554500.0,1806.0,140.0,15.239999771118164,0.0,753.2085571289062,786000.0,23.09021759033203,230235000.0,122.36000061035156,47834100.0,166.01849365234375,44520000.0,289.667236328125,2993500.0,25.40999984741211,33962100.0
2021-10-26,299.03705370094167,300.3831953408259,296.7293781263278,298.1812744140625,28107300.0,1792.699951171875,359.0,15.979999542236328,0.0,755.8739013671875,741400.0,24.636144638061523,485898000.0,122.93000030517578,59458900.0,168.80349731445312,53966000.0,290.8399963378906,3601400.0,25.520000457763672,56767000.0
2021-10-27,303.8447708537641,313.55627098080305,303.8447708537641,310.7389831542969,52588700.0,1797.9000244140625,543.0,16.979999542236328,0.0,765.2073364257812,949800.0,24.371017456054688,245990000.0,122.27999877929688,98245300.0,169.62449645996094,54044000.0,290.87939453125,3742700.0,25.059999465942383,24157200.0
2021-10-28,311.8542856977465,312.37352223466706,308.9985287602132,311.87353515625,26297900.0,1801.5999755859373,452.0,16.530000686645508,0.0,776.8525390625,687500.0,24.859411239624023,234204000.0,121.16000366210938,58002500.0,172.32850646972656,114174000.0,294.0627136230469,3450400.0,25.63999938964844,21203000.0
2021-10-29,311.6620711865388,319.22934031158445,311.4409077665691,318.86395263671875,34766000.0,1783.0,583.0,16.260000228881836,0.0,776.5565795898438,583800.0,25.48336601257324,292503000.0,120.2300033569336,43320100.0,168.6215057373047,129722000.0,295.35369873046875,4251900.0,25.8799991607666,21910300.0
2021-11-01,318.6139133681184,318.7389174914313,313.81586777864834,316.7004699707031,27073200.0,1795.0999755859375,142.0,16.40999984741211,0.0,771.369140625,573600.0,25.742515563964844,265740000.0,125.2300033569336,54559800.0,165.90550231933594,72178000.0,298.3793029785156,3825100.0,26.559999465942383,26684700.0
2021-11-02,317.60429349098206,320.62352433879016,317.30622029819705,320.3158264160156,26487100.0,1788.699951171875,213.0,16.030000686645508,0.0,777.7422485351562,503800.0,26.31463432312012,294112000.0,127.62999725341795,53491900.0,165.6374969482422,52552000.0,298.5665588378906,4177500.0,25.920000076293945,30794600.0
2021-11-03,321.05615397648955,322.0176878484429,317.9311688926411,321.1523132324219,21500100.0,1763.5999755859375,108.0,15.100000381469728,0.0,794.9822387695312,566900.0,26.510988235473636,239910000.0,130.52999877929688,59537800.0,169.1999969482422,67944000.0,298.5074157714844,3260200.0,26.1200008392334,25244200.0
2021-11-04,320.08507064099814,323.59466390839987,316.83508099254163,323.4985046386719,23992200.0,1793.0,103.0,15.4399995803833,0.0,814.5883178710938,1058200.0,29.70351791381836,1153631000.0,137.5,84825200.0,173.85000610351562,107060000.0,303.5829162597656,3833800.0,26.46999931335449,25029700.0
2021-11-05,325.488795522106,325.7580237953972,321.55612604910704,323.1330261230469,22570100.0,1816.4000244140625,239.0,16.479999542236328,0.0,811.2456665039062,735300.0,29.65467643737793,851260000.0,136.33999633789062,64920600.0,175.94949340820312,99940000.0,302.8043212890625,4681800.0,26.0,26005000.0
2021-11-08,324.32538640649415,324.6619291544204,321.57541342152103,324.0273132324219,20897000.0,1827.4000244140625,261.0,17.219999313354492,0.0,814.0519409179688,728100.0,30.70322799682617,503101000.0,150.16000366210938,141493800.0,174.44900512695312,61480000.0,305.47515869140625,3893000.0,26.75,41359600.0
2021-11-09,324.1426973147689,325.69078224022303,321.6619526233949,323.02734375,21307400.0,1830.199951171875,170.0,17.780000686645508,0.0,814.1668090820312,676500.0,30.55671119689941,646746000.0,148.9199981689453,98442600.0,178.81149291992188,85898000.0,305.228759765625,3126500.0,24.25,117540200.0
2021-11-10,321.7004723239425,321.7581620227062,317.2293446076053,318.0754699707031,25500900.0,1847.5999755859373,795.0,18.729999542236328,0.0,783.3260498046875,737700.0,29.362632751464844,636206000.0,139.8699951171875,82989200.0,174.1024932861328,80548000.0,295.333984375,4350900.0,22.520000457763672,94860100.0
2021-11-11,318.50812767039145,320.9311827118845,317.7966019223306,319.6427307128906,16849800.0,1863.199951171875,292.0,17.65999984741211,0.0,798.2100219726562,416000.0,30.290586471557617,332172000.0,146.00999450683594,67934800.0,173.625,45288000.0,298.5961608886719,2681900.0,22.989999771118164,43381500.0
2021-11-12,321.07544724155895,324.2581224444753,320.95044312615977,323.7677307128906,23831000.0,1867.9000244140625,210.0,16.290000915527344,0.0,815.6801147460938,531200.0,30.290586471557617,413054000.0,147.88999938964844,52162100.0,176.25750732421875,53788000.0,302.2130432128906,3803700.0,22.82999992370605,53516200.0
2021-11-15,324.5561868329157,324.88310486387337,321.1811931834564,323.1427307128906,16723000.0,1866.0999755859373,87.0,16.489999771118164,0.0,820.5552978515625,638000.0,29.926780700683597,384909000.0,146.49000549316406,52271300.0,177.28399658203125,58594000.0,301.06982421875,3595300.0,23.40999984741211,33225700.0
2021-11-16,322.7676570356734,327.5657306230466,322.6042127231009,326.4503479003906,20886800.0,1853.5999755859373,1.0,16.3700008392334,0.0,824.2236328125,690900.0,30.10420036315918,264484000.0,152.4499969482422,53100800.0,177.03500366210938,44342000.0,302.6466369628906,2989400.0,23.1299991607666,31574800.0
2021-11-17,326.49855034066394,329.6292527687157,325.59305251737624,326.67193603515625,19053400.0,1869.699951171875,2.0,17.110000610351562,0.0,823.1796875,549400.0,29.1652774810791,428508000.0,151.33999633789062,54527500.0,177.4499969482422,51206000.0,303.5632019042969,3864700.0,22.489999771118164,27994100.0
2021-11-18,325.7664999341988,329.879780871784,324.74541145445266,328.7430725097656,22463500.0,1861.0,9.0,17.59000015258789,0.0,842.0097045898438,865800.0,31.571388244628903,781711000.0,155.02000427246094,60612700.0,184.8029937744141,114070000.0,298.60595703125,4443100.0,21.5,51039900.0
2021-11-19,330.0627224131624,332.43241492443923,329.638871148073,330.51544189453125,21963400.0,1851.199951171875,21.0,17.90999984741211,0.0,820.9862670898438,778200.0,32.87709426879883,533867000.0,155.41000366210938,41668900.0,183.82850646972656,98734000.0,296.81231689453125,4758900.0,21.40999984741211,30013100.0
2021-11-22,331.9700783843757,336.83472639710845,327.08617509182903,327.3558959960937,31031100.0,1806.0,14.0,19.170000076293945,0.0,790.8926391601562,880800.0,31.851465225219727,754335000.0,152.52000427246094,58674100.0,178.6284942626953,96844000.0,292.54498291015625,4474700.0,20.649999618530277,59899100.0
2021-11-23,324.6779411746802,326.9898682292672,321.31605752223925,325.2848205566406,30427600.0,1783.5,264.0,19.3799991607666,0.0,773.3939819335938,1193000.0,31.642152786254883,532163000.0,149.9199981689453,62852700.0,179.0019989013672,73804000.0,287.2033996582031,6431100.0,20.59000015258789,44588000.0
2021-11-24,323.93623607205905,325.74723199137054,321.6532358919778,325.50640869140625,21661300.0,1784.0999755859375,188.0,18.57999992370605,0.0,768.5186157226562,1246700.0,32.56711196899414,435162000.0,157.8000030517578,60677100.0,179.02049255371094,46560000.0,284.9859924316406,5091400.0,21.11000061035156,35233900.0
2021-11-26,322.07705238453224,325.5256287318422,316.0757258160542,317.5784606933594,24217200.0,1785.300048828125,186800.0,28.6200008392334,0.0,749.0086669921875,786300.0,31.39995002746582,283069000.0,154.80999755859375,36245100.0,175.22799682617188,59826000.0,280.09771728515625,4195300.0,21.030000686645508,20691200.0
2021-11-29,322.6453783318279,326.58524340078264,322.4527079617969,324.2733459472656,28563500.0,1782.300048828125,26926.0,22.959999084472656,0.0,780.6060180664062,1410700.0,33.26683044433594,454964000.0,161.91000366210938,57438900.0,178.07850646972656,65312000.0,292.4464111328125,8215600.0,21.06999969482422,29114000.0
2021-11-30,323.01143434180807,325.38112702645924,316.9137728395476,318.4550476074219,42885600.0,1773.5999755859375,4903.0,27.190000534057617,0.0,758.0980224609375,1144500.0,32.56910705566406,622066000.0,158.3699951171875,75182500.0,175.35350036621094,80022000.0,280.8368530273437,13597600.0,20.649999618530277,38196400.0
2021-12-01,322.82845444512645,326.82611534101443,317.29916089070014,317.9638061523437,33337600.0,1781.5999755859375,1128.0,31.1200008392334,0.0,770.0607299804688,1201200.0,31.33600234985352,484368000.0,149.11000061035156,64039100.0,172.18600463867188,74916000.0,247.8610076904297,30723100.0,19.3799991607666,48283700.0
2021-12-02,318.1757424602907,321.2486502191634,315.76750938263973,317.3954772949219,30766000.0,1760.699951171875,1557.0,27.950000762939453,0.0,756.0579833984375,957100.0,32.02482604980469,472890000.0,150.67999267578125,56161200.0,171.8679962158203,64726000.0,257.4206848144531,12200800.0,19.690000534057617,45802900.0
2021-12-03,319.8036737217345,320.48763300351385,306.3561099885442,311.1533203125,41779300.0,1782.0,694.0,30.670000076293945,0.0,738.951904296875,1115600.0,30.596342086791992,544325000.0,144.00999450683594,65910000.0,169.489501953125,80712000.0,254.5823516845703,8944000.0,18.979999542236328,56039600.0
2021-12-06,312.058785775437,315.43031134746263,307.51204154241043,314.216552734375,30032600.0,1777.5,381.0,27.18000030517578,0.0,724.4605102539062,1222900.0,29.942407608032227,658938000.0,139.05999755859375,66776500.0,171.36849975585938,68860000.0,255.006103515625,7123000.0,18.799999237060547,56459800.0
2021-12-07,319.46655926353213,323.47383295914125,317.98307955857507,322.62615966796875,31021900.0,1782.5999755859375,308.0,21.88999938964844,0.0,771.9859008789062,983200.0,32.324886322021484,593053000.0,144.85000610351562,53359400.0,176.1645050048828,66410000.0,263.1268920898437,7401200.0,19.459999084472656,35129000.0
2021-12-08,323.00180200991804,323.184830047875,318.65734078900067,322.6742858886719,24761000.0,1783.4000244140625,1383.0,19.899999618530277,0.0,769.9841918945312,551500.0,31.725770950317383,475551000.0,145.24000549316406,40977500.0,176.1580047607422,45254000.0,262.4566955566406,4586500.0,19.81999969482422,28425900.0
2021-12-09,322.1348670016077,324.13850382611764,319.92891744874584,320.8729553222656,22214200.0,1774.5999755859375,455.0,21.57999992370605,0.0,739.995849609375,709100.0,30.39398002624512,488507000.0,138.10000610351562,53019900.0,174.17100524902344,46062000.0,260.4954833984375,3967000.0,19.209999084472656,30354700.0
2021-12-10,322.6839967805655,330.4095983812338,322.5009687037244,329.96649169921875,38095700.0,1782.9000244140625,545.0,18.690000534057617,0.0,748.8363647460938,602700.0,30.102901458740234,488825000.0,138.5500030517578,42224300.0,172.21200561523438,60690000.0,262.1807861328125,3480100.0,18.940000534057617,27594500.0
2021-12-13,328.1747255655925,331.17058275210826,326.6334505414845,326.94171142578125,28899400.0,1786.300048828125,206.0,20.309999465942383,0.0,732.199462890625,615100.0,28.07231330871582,598344000.0,133.8000030517578,42174000.0,169.5675048828125,62170000.0,261.9146728515625,3625700.0,18.399999618530277,38376000.0
2021-12-14,320.98850283752,322.3563918673137,312.2128880966609,316.2876281738281,44438700.0,1770.4000244140625,322.0,21.88999938964844,0.0,722.5450439453125,842400.0,28.24776268005371,667035000.0,135.60000610351562,50754600.0,169.0915069580078,55976000.0,251.89181518554688,7227300.0,18.63999938964844,38864800.0
2021-12-15,316.54772931653724,322.8862143337398,312.5886088133381,322.36602783203125,35381100.0,1762.5999755859375,283.0,19.290000915527344,0.0,758.7780151367188,910700.0,30.36307907104492,698297000.0,146.5,72425800.0,173.31500244140625,75794000.0,256.2774353027344,6484900.0,18.86000061035156,39361900.0
2021-12-16,323.38713456911813,324.3986100132093,311.16294216598374,312.97393798828125,35034800.0,1796.5999755859375,21.0,20.56999969482422,0.0,723.129150390625,1006900.0,28.2976016998291,707366000.0,138.63999938964844,63369600.0,168.87100219726562,60876000.0,249.45755004882807,6556700.0,18.34000015258789,33950000.0
2021-12-17,309.101507137352,312.993219650069,305.6047483392989,311.914306640625,47750300.0,1803.800048828125,654.0,21.56999969482422,0.0,718.2157592773438,1656700.0,27.71344566345215,713758000.0,137.75,55642100.0,170.0175018310547,85542000.0,249.27029418945312,12119400.0,19.059999465942383,44495200.0
2021-12-20,308.3019600117902,310.9510161666708,305.9130118209808,308.1671142578125,28326500.0,1793.699951171875,226.0,22.8700008392334,0.0,721.0986938476562,647100.0,27.631704330444336,461847000.0,135.8000030517578,38195400.0,167.07899475097656,57372000.0,243.63308715820312,5580100.0,17.959999084472656,42265900.0
2021-12-21,311.42304210587787,315.7000659257097,308.06112911488344,315.2762145996094,24740600.0,1787.9000244140625,575.0,21.01000022888184,0.0,749.985595703125,838100.0,28.983434677124023,524385000.0,144.25,57785200.0,170.41700744628906,55956000.0,248.8957977294922,5428200.0,18.899999618530277,33878600.0
2021-12-22,316.2491091479911,321.3641930953662,313.7927235316347,320.9692687988281,24831500.0,1801.5999755859373,567.0,18.6299991607666,0.0,758.6822509765625,534800.0,29.30741310119629,395184000.0,143.8800048828125,46923700.0,171.03700256347656,55036000.0,249.1421813964844,4982400.0,18.8799991607666,33894200.0
2021-12-23,320.5357805584728,324.0421815699865,320.5165252794348,322.4045715332031,19617800.0,1811.199951171875,193.0,17.959999084472656,0.0,767.580078125,496600.0,29.54665946960449,343022000.0,146.13999938964844,48653800.0,171.06849670410156,36788000.0,249.477294921875,3769500.0,18.93000030517578,24758300.0
2021-12-27,323.1463214341369,329.908658361648,323.1174238146764,329.8797607421875,19947000.0,1808.0999755859373,150.0,17.68000030517578,0.0,777.1771240234375,527500.0,30.847551345825195,403686000.0,154.36000061035156,53296400.0,169.66949462890625,58688000.0,254.56260681152344,3531800.0,18.940000534057617,21782000.0
2021-12-28,330.5540058070814,331.18978275080303,327.827899397402,328.7237548828125,15661500.0,1810.199951171875,146.0,17.540000915527344,0.0,770.7981567382812,548500.0,30.22650718688965,420591000.0,153.14999389648438,58699100.0,170.66099548339844,54638000.0,251.7538299560547,3293700.0,18.56999969482422,20518800.0
2021-12-29,328.771937746174,331.6618171734092,327.2114075590468,329.3981018066406,15042000.0,1805.0999755859373,623.0,16.950000762939453,0.0,768.1259765625,404900.0,29.90652084350586,343139000.0,148.25999450683594,51300200.0,169.2010040283203,35754000.0,250.8569793701172,2592700.0,18.170000076293945,28217500.0
2021-12-30,329.3595803926416,330.5347992684437,326.38300794269304,326.8646545410156,15994500.0,1812.699951171875,306.0,17.329999923706055,0.0,766.4404296875,411900.0,29.49283218383789,308864000.0,145.14999389648438,44358000.0,168.64450073242188,37584000.0,251.63560485839844,2950600.0,18.690000534057617,29285200.0
2021-12-31,326.0844070470572,326.90318279060705,323.5220434776535,323.97479248046875,18000800.0,1827.5,80.0,17.219999313354492,0.0,762.5325317382812,236400.0,29.31837654113769,266530000.0,143.89999389648438,49448100.0,166.7169952392578,47830000.0,250.45294189453125,3169300.0,18.209999084472656,23556000.0
2022-01-03,323.0403535774783,325.59307446526094,317.67480384527,322.4623718261719,28865100.0,1799.4000244140625,116.0,16.600000381469727,0.0,763.8256225585938,720600.0,30.026145935058597,391547000.0,150.24000549316406,59396600.0,170.4044952392578,63520000.0,251.76370239257807,4316800.0,18.530000686645508,34283600.0
2022-01-04,322.5394495565749,322.895892734741,314.14917400711465,316.93310546875,32674300.0,1814.0,38.0,16.90999984741211,0.0,746.298095703125,874100.0,29.197755813598636,527154000.0,144.4199981689453,80200500.0,167.52200317382812,70726000.0,244.6383209228516,7240700.0,18.170000076293945,39643200.0
2022-01-05,313.8986934112964,314.1010061399775,304.3813817326678,304.7666931152344,40054300.0,1824.5999755859373,8.0,19.729999542236328,0.0,714.1929931640625,1193200.0,27.517070770263672,498064000.0,136.14999389648438,65403200.0,164.35699462890625,64302000.0,224.37579345703125,18882500.0,16.959999084472656,58445900.0
2022-01-06,301.6552753347329,307.0015705102463,300.0562050121712,302.3584899902344,39646100.0,1788.699951171875,30.0,19.61000061035156,0.0,730.906494140625,2041200.0,28.089263916015625,454186000.0,136.22999572753906,64802900.0,163.25399780273438,51958000.0,225.8343811035156,9376100.0,16.739999771118164,49737100.0
2022-01-07,302.61852137240913,304.88226603603744,298.7075537396608,302.5125732421875,32720000.0,1797.0,17.0,18.76000022888184,0.0,724.1826782226562,1363300.0,27.16118812561035,409939000.0,132.0,58441100.0,162.5540008544922,46606000.0,225.0065155029297,6286700.0,16.559999465942383,37989300.0
2022-01-10,298.1295606763108,303.16759397911807,293.50576573261736,302.7341003417969,44289500.0,1798.4000244140625,534.0,19.399999618530277,0.0,696.4740600585938,1973400.0,27.31371116638184,594681000.0,132.0,84671300.0,161.48599243164062,87798000.0,226.30746459960935,7803800.0,16.5,77649400.0
2022-01-11,301.8768462438373,304.98826465644487,298.51496217670007,303.4181213378906,29386800.0,1818.5999755859373,743.0,18.40999984741211,0.0,698.3800659179688,2120700.0,27.729398727416992,404089000.0,137.30999755859375,77153900.0,165.36199951171875,62806000.0,231.4420623779297,7635300.0,16.889999389648438,47442600.0
2022-01-12,307.9359754170271,311.5386828731419,305.4410199548521,306.5873413085937,34372200.0,1827.199951171875,1547.0,17.6200008392334,0.0,710.8408813476562,959700.0,27.910829544067383,383413000.0,137.47000122070312,69669600.0,165.20700073242188,50030000.0,234.38877868652344,6718900.0,16.719999313354492,39784200.0
2022-01-13,308.7064764785824,309.1014300948054,292.84104125820534,293.6116638183594,45366000.0,1821.199951171875,40.0,20.309999465942383,0.0,699.2611694335938,1628700.0,26.491310119628903,540171000.0,132.74000549316406,76618100.0,161.21400451660156,52188000.0,225.3219146728516,6680300.0,16.010000228881836,35492200.0
2022-01-14,293.0819018422109,299.41074404993253,292.6002553313774,298.8135070800781,39846400.0,1816.5,816.0,19.190000534057617,0.0,713.101318359375,1313600.0,26.85715675354004,395832000.0,136.8800048828125,71078400.0,162.13800048828125,45974000.0,227.88429260253903,5805100.0,16.010000228881836,35624900.0
2022-01-18,292.90850788347245,298.4281579274619,290.66401874383354,291.5406188964844,42333200.0,1812.300048828125,900.0,22.790000915527344,0.0,685.0379638671875,1178500.0,25.82142639160156,424270000.0,131.92999267578125,56527400.0,158.91749572753906,67292000.0,222.78909301757807,6032000.0,14.970000267028809,49067700.0
2022-01-19,295.0470782257124,302.3873676008085,291.58885921501854,292.1957092285156,45933900.0,1843.0999755859373,4.0,23.850000381469727,0.0,669.32080078125,1593200.0,24.98805809020996,488315000.0,128.27000427246094,69831800.0,156.2989959716797,53242000.0,222.99606323242188,5332600.0,14.5600004196167,48049100.0
2022-01-20,297.72494342024885,300.21022616541995,290.0860377847264,290.5291442871094,35380700.0,1842.5,20.0,25.59000015258789,0.0,676.63818359375,1536500.0,24.073949813842773,435181000.0,121.88999938964844,91157300.0,151.66749572753906,71974000.0,219.71421813964844,5663700.0,14.619999885559082,44690400.0
2022-01-21,291.5791391743098,292.9469986716374,284.7590087711074,285.1636047363281,57984400.0,1831.800048828125,19.0,28.850000381469727,0.0,665.4033203125,1689600.0,23.300390243530277,718958000.0,118.80999755859376,95685300.0,142.64300537109375,163972000.0,215.4665985107422,9128400.0,13.529999732971191,73031300.0
2022-01-24,281.47420435136246,286.2039467418737,265.917000099836,285.4911193847656,85731500.0,1841.699951171875,8.0,29.899999618530277,0.0,658.4019165039062,2833100.0,23.298397064208984,913982000.0,116.52999877929688,116210100.0,144.54400634765625,155624000.0,219.8029327392578,11664300.0,13.399999618530272,110518900.0
2022-01-25,280.81919810306823,284.1618263856482,274.70231034504417,277.9004211425781,72848600.0,1852.699951171875,11.0,31.15999984741211,0.0,621.1920166015625,2095300.0,22.25369644165039,664616000.0,111.12999725341795,85102900.0,139.98599243164062,90824000.0,212.27346801757807,9092700.0,13.0600004196167,47456600.0
2022-01-26,296.68467202710303,297.1759609807795,282.27381356056463,285.8187255859375,90428900.0,1829.9000244140625,55.0,31.959999084472656,0.0,625.6838989257812,1376700.0,22.700284957885746,755959000.0,110.70999908447266,94752600.0,138.87249755859375,95602000.0,207.94699096679688,10029600.0,12.75,69949700.0
2022-01-27,291.5503564920198,296.02002216009936,286.9939685564183,288.8338623046875,53481300.0,1793.300048828125,196036.0,30.489999771118164,0.0,607.869140625,1465300.0,21.874895095825195,573353000.0,102.5999984741211,125954100.0,139.6374969482422,77516000.0,209.6618194580078,9462100.0,12.279999732971191,52622900.0
2022-01-28,289.2094904507192,297.1566583183815,283.64165765387617,296.9447326660156,49743700.0,1784.9000244140625,28521.0,27.65999984741211,0.0,617.743896484375,1339700.0,22.7680721282959,543774000.0,105.23999786376952,98749500.0,143.97799682617188,74392000.0,218.9159240722656,8254900.0,12.710000038146973,54887500.0
2022-01-31,297.6094573111596,300.91354605848886,295.1241442973268,299.56494140625,46444500.0,1795.0,1735.0,24.82999992370605,0.0,648.6133422851562,1357400.0,24.408891677856445,564680000.0,114.25,97206000.0,149.57350158691406,78308000.0,229.2640380859375,7084200.0,13.710000038146973,51039300.0
2022-02-01,299.01585004253747,299.2277757254821,293.92966304924204,297.4264221191406,40950400.0,1800.300048828125,223.0,21.959999084472656,0.0,652.7125854492188,945000.0,24.56040954589844,518925000.0,116.77999877929688,122467900.0,151.19349670410156,59220000.0,228.7613983154297,6387100.0,14.199999809265137,69012900.0
2022-02-02,298.26442751039235,303.55289687211734,297.5419577332225,301.9538269042969,36636000.0,1809.199951171875,1690.0,22.09000015258789,0.0,657.76025390625,713600.0,25.162508010864254,543419000.0,122.76000213623048,180065000.0,150.6125030517578,87330000.0,221.75425720214844,9378900.0,13.31999969482422,47204300.0
2022-02-03,298.12957287633566,299.8057228648471,288.9493907856898,290.1920471191406,43730000.0,1803.0,466.0,24.350000381469727,0.0,618.663330078125,1212000.0,23.87258720397949,410178000.0,120.08000183105467,103599500.0,138.8455047607422,225532000.0,209.6913909912109,12826600.0,12.449999809265137,47236900.0
2022-02-04,289.19021973386526,297.46490411871,288.95903879189694,294.7098999023437,35096500.0,1806.5999755859373,571.0,23.21999931335449,0.0,625.2529907226562,863100.0,24.24241828918457,354829000.0,123.5999984741211,86212000.0,157.63949584960938,253456000.0,216.05789184570312,6176500.0,12.9399995803833,38989200.0
2022-02-07,294.9314053394683,296.5400880483696,288.8915399354256,289.90301513671875,28533300.0,1820.5999755859373,601.0,22.86000061035156,0.0,622.59033203125,520300.0,24.650127410888672,376868000.0,123.66999816894533,81672500.0,157.9355010986328,102624000.0,213.8306121826172,3922300.0,12.979999542236328,45646100.0
2022-02-08,290.192026095255,294.343816714322,288.9397569117174,293.3805236816406,32421200.0,1826.5999755859373,108.0,21.440000534057617,0.0,625.8850708007812,745300.0,25.0289306640625,410359000.0,128.22999572753906,84902800.0,161.4134979248047,76040000.0,214.2839508056641,5628700.0,13.149999618530272,30317100.0
2022-02-09,298.49559837334124,300.47997960930934,296.10665053831843,299.7864074707031,31284700.0,1835.199951171875,683.0,19.959999084472656,0.0,651.6495971679688,842000.0,26.620899200439453,524282000.0,132.85000610351562,92948900.0,161.1894989013672,68786000.0,218.8272399902344,6107700.0,13.869999885559082,34451900.0
2022-02-10,292.8796180366124,297.7731336434456,289.6622228774468,291.2805480957031,45386200.0,1836.199951171875,365.0,23.90999984741211,0.0,629.151123046875,961200.0,25.742673873901367,513200000.0,125.7699966430664,108939900.0,159.0034942626953,68268000.0,214.52047729492188,5312600.0,13.5600004196167,41998200.0
2022-02-11,292.06082398149493,293.12045222250043,283.4200840938403,284.2099914550781,39175600.0,1840.800048828125,181.0,27.36000061035156,0.0,601.7200927734375,1116300.0,23.873580932617188,605472000.0,113.18000030517578,164723200.0,153.2935028076172,77100000.0,204.891845703125,8165600.0,13.130000114440918,41831600.0
2022-02-14,282.9865867276755,285.866852917156,280.65543402557785,284.17144775390625,36359500.0,1868.0,79.0,28.32999992370605,0.0,601.404052734375,890200.0,24.190580368041992,440424000.0,114.2699966430664,135146400.0,155.16700744628906,83230000.0,203.4135284423828,7005900.0,13.260000228881836,40617900.0
2022-02-15,288.9975977120628,289.75857816176847,286.11733109996294,289.4407043457031,27058300.0,1854.800048828125,86.0,25.700000762939453,0.0,628.700927734375,821400.0,26.41156005859375,699869000.0,121.47000122070312,143975900.0,156.510498046875,56440000.0,211.1499786376953,6353000.0,14.170000076293944,48523700.0
2022-02-16,288.0120675250117,290.42527991431285,283.48487872602993,289.10284423828125,29982100.0,1870.199951171875,34.0,24.290000915527344,0.0,635.83642578125,610000.0,26.427513122558597,732676000.0,117.69000244140624,119109600.0,158.10049438476562,52704000.0,208.67630004882807,7072700.0,13.970000267028809,58624400.0
2022-02-17,286.0717968919068,286.4965245719969,279.9325995384942,280.63726806640625,32461600.0,1900.699951171875,393.0,28.11000061035156,0.0,622.973388671875,1020600.0,24.42982482910156,810595000.0,112.37000274658205,98179600.0,154.65249633789062,64032000.0,197.1357269287109,8820100.0,11.770000457763672,151385400.0
2022-02-18,282.876732815773,283.65861124098427,276.37072190934305,277.9344787597656,34264000.0,1898.5999755859373,51.0,27.75,0.0,620.4832153320312,899400.0,23.56755256652832,761255000.0,113.83000183105467,114321200.0,152.60150146484375,63604000.0,193.99188232421875,6691800.0,11.020000457763672,137808100.0
2022-02-22,275.10623504920284,281.41920742809083,274.6235925315727,277.7318115234375,41736100.0,1906.0999755859373,173.0,28.809999465942383,0.0,613.2422485351562,934000.0,23.316341400146484,633422000.0,115.6500015258789,141648500.0,150.19749450683594,66128000.0,192.306640625,8434800.0,10.479999542236328,104501500.0
2022-02-23,280.10635117029534,281.5736029979626,270.37629282765295,270.5403747558594,37811200.0,1909.199951171875,73.0,31.020000457763672,0.0,605.0629272460938,997000.0,22.31649780273437,566511000.0,109.76000213623048,120299400.0,144.82699584960938,64244000.0,187.7830352783203,7784300.0,10.43000030517578,93964500.0
2022-02-24,263.0497749325985,284.913470148122,262.0941229321313,284.3632507324219,56989700.0,1925.0999755859373,2706.0,30.31999969482422,0.0,629.1127319335938,2047800.0,23.6732120513916,735801000.0,116.61000061035156,142956600.0,151.35800170898438,100786000.0,201.3340606689453,11792600.0,11.829999923706056,118793000.0
2022-02-25,284.89414868618945,287.29769823166265,281.5252849548205,286.9888000488281,32546700.0,1886.5,586.0,27.59000015258789,0.0,638.9588623046875,1295400.0,24.0809268951416,528866000.0,121.05999755859376,127821000.0,153.7884979248047,62396000.0,205.07911682128903,5853600.0,11.470000267028809,75433700.0
2022-02-28,284.0929935575526,288.7553360718081,282.8284727085798,288.41748046875,34627500.0,1899.4000244140625,390.0,30.149999618530277,0.0,638.3746337890625,1979000.0,24.30820655822754,477319000.0,123.33999633789062,124666100.0,153.56300354003906,57684000.0,207.4837951660156,7904700.0,11.850000381469728,75390500.0
2022-03-01,286.1104916374732,289.5565664408294,282.00803005009567,284.7108459472656,31217800.0,1942.4000244140625,547.0,33.31999969482422,0.0,607.4381103515625,1097300.0,23.403060913085938,412056000.0,113.83000183105467,126552200.0,151.14199829101562,44874000.0,205.8675079345703,12587300.0,12.18000030517578,64867200.0
2022-03-02,285.1065776203058,291.0044845814772,283.50423036390407,289.7689208984375,31873000.0,1920.9000244140625,109.0,30.739999771118164,0.0,627.704833984375,1035700.0,24.147838592529297,389642000.0,118.27999877929688,118354500.0,152.05250549316406,47334000.0,207.3458251953125,16670100.0,12.0600004196167,56698300.0
2022-03-03,292.37516228556973,292.60682123875046,283.84201770674827,285.6471252441406,27314500.0,1934.4000244140625,122.0,30.479999542236328,0.0,604.16259765625,1020200.0,23.64335060119629,365095000.0,111.9800033569336,123916700.0,147.89849853515625,65198000.0,201.7874298095703,6559900.0,11.34000015258789,46172000.0
2022-03-04,284.0736581596549,285.3960935577323,277.20083543278474,279.79742431640625,32356500.0,1965.0999755859373,47.0,31.979999542236328,0.0,569.2319946289062,2025300.0,22.86766624450684,431415000.0,108.41000366210938,100609400.0,145.64100646972656,60934000.0,200.07260131835935,6813600.0,10.960000038146973,43502200.0
2022-03-07,278.5136356085561,279.6333695655803,268.8607871426468,269.22760009765625,43157200.0,1993.9000244140625,2516.0,36.45000076293945,0.0,550.0955200195312,1607200.0,21.28838539123535,450821000.0,102.9499969482422,92600000.0,137.4530029296875,86934000.0,193.3907012939453,7043500.0,11.109999656677246,63070600.0
2022-03-08,268.1561220285429,274.1022802945537,260.6269119121218,266.2738342285156,48159500.0,2040.0999755859373,1813.0,35.130001068115234,0.0,548.8502807617188,1441800.0,21.44990539550781,557467000.0,105.52999877929688,135348300.0,136.01449584960938,91662000.0,189.30075073242188,8229000.0,11.039999961853027,49279600.0
2022-03-09,273.6004311217502,279.5465913078485,271.03276903287826,278.4847717285156,35204500.0,1985.9000244140625,1022.0,32.45000076293945,0.0,595.1115112304688,1593200.0,22.945432662963867,492742000.0,111.0500030517578,102310300.0,139.2790069580078,82656000.0,200.22044372558597,6881300.0,11.649999618530272,43591400.0
2022-03-10,273.1949611124185,276.6506980483507,270.83966326078166,275.6757507324219,30628000.0,1998.0999755859373,670.0,30.229999542236328,0.0,574.7392578125,735500.0,22.590496063232425,428066000.0,106.45999908447266,102557400.0,146.8175048828125,135062000.0,197.25396728515625,5604200.0,11.869999885559082,52295400.0
2022-03-11,277.9634336750457,279.4596429563479,269.7295545935928,270.34735107421875,27209300.0,1982.699951171875,865.0,30.75,0.0,561.1195068359375,819000.0,22.03415298461914,367209000.0,104.29000091552734,87584400.0,145.52450561523438,68900000.0,195.03651428222656,5196900.0,11.390000343322754,37817400.0
2022-03-14,270.6079583933382,275.4922975054639,266.2448813621328,266.8433532714844,30660700.0,1959.5999755859373,145.0,31.770000457763672,0.0,553.1699829101562,1621700.0,21.266450881958008,385354000.0,102.25,89731700.0,141.85299682617188,74086000.0,190.32571411132807,5665500.0,10.5,49762600.0
2022-03-15,270.6176534268287,277.8283334961411,269.0538964529326,277.1815795898437,34245100.0,1928.5,71.0,29.82999992370605,0.0,571.5115356445312,1542500.0,22.9045524597168,491996000.0,109.33000183105467,112425500.0,147.3665008544922,75584000.0,193.30198669433597,5276300.0,10.770000457763672,40451200.0
2022-03-16,279.0735246270153,284.34400179367987,273.3687163552092,284.1702575683594,37826300.0,1908.0,104.0,26.670000076293945,0.0,623.1649780273438,1815200.0,24.423015594482425,671422000.0,115.37000274658205,113689800.0,153.10400390625,84958000.0,202.59556579589844,6043400.0,11.789999961853027,62746600.0
2022-03-17,283.10847290668306,285.34791193212243,279.3245423841076,284.9714660644531,30816600.0,1942.0999755859373,39.0,25.670000076293945,0.0,626.488525390625,854900.0,24.692211151123047,471941000.0,111.69000244140624,103201700.0,157.23899841308594,72934000.0,207.3655242919922,5842600.0,12.31999969482422,43948900.0
2022-03-18,285.11620984529543,290.55076880569743,282.56787290557435,290.00054931640625,43390600.0,1928.199951171875,28.0,23.8700008392334,0.0,651.1610717773438,1689800.0,26.37418937683105,730719000.0,113.45999908447266,105834800.0,161.25050354003906,102962000.0,215.63414001464844,12220600.0,12.81999969482422,59125500.0
2022-03-21,288.51398088334355,289.7205868535309,284.6624745949612,288.77459716796875,28351200.0,1928.5999755859373,5.0,23.530000686645508,0.0,654.082275390625,1293000.0,26.65434837341309,591727000.0,115.91999816894533,101905900.0,161.4915008544922,66538000.0,210.62762451171875,6448700.0,12.59000015258789,39410900.0
2022-03-22,289.3923936093338,294.4118867402999,288.39815136686497,293.5045166015625,27599700.0,1920.699951171875,26.0,22.940000534057617,0.0,659.666259765625,1111100.0,26.444978713989254,547007000.0,114.77999877929688,101672600.0,164.88900756835938,64086000.0,215.05267333984372,7018800.0,13.270000457763672,46210700.0
2022-03-23,290.0777796338965,292.7033557846491,287.3846264690427,289.0931701660156,25715400.0,1936.5999755859373,204.0,23.56999969482422,0.0,637.273193359375,999100.0,25.557632446289062,502120000.0,113.91999816894533,90579200.0,163.4080047607422,55812000.0,208.055419921875,8404700.0,13.18000030517578,33699400.0
2022-03-24,288.75537689115174,293.6397167673037,287.9638360996713,293.5431823730469,24484500.0,1961.5999755859373,8.0,21.670000076293945,0.0,661.3902587890625,1176700.0,28.06612777709961,877379000.0,120.52999877929688,121961300.0,163.64950561523438,56798000.0,210.8838806152344,4150300.0,13.390000343322754,29535300.0
2022-03-25,294.63390450047564,294.89452080427003,288.90011015175327,293.1376953125,22566500.0,1953.800048828125,83.0,20.809999465942383,0.0,658.3442993164062,768600.0,27.609495162963867,579016000.0,119.66999816894533,95852400.0,164.77349853515625,49032000.0,207.97657775878903,3656500.0,12.970000267028809,24796900.0
2022-03-28,293.7651124963967,300.0105063790673,293.7651124963967,299.9140014648437,29578200.0,1939.5999755859373,7.0,19.6299991607666,0.0,665.499267578125,687100.0,28.13492584228516,425494000.0,120.23999786376952,92966100.0,168.99049377441406,59854000.0,212.16506958007807,4290900.0,13.420000076293944,27152000.0
2022-03-29,303.01258292097964,304.8562805932184,298.3212830440557,304.46051025390625,30393400.0,1912.0,128051.0,18.899999618530277,0.0,679.2052001953125,1076200.0,28.57062149047852,488984000.0,123.2300033569336,94143000.0,169.31500244140625,66154000.0,218.08810424804688,5370400.0,14.199999809265137,46433700.0
2022-03-30,302.86772849763537,304.98170428864984,300.7633855218109,302.9642333984375,28163600.0,1933.5,17765.0,19.32999992370605,0.0,655.66259765625,1031900.0,27.607501983642575,463487000.0,119.22000122070312,99476900.0,166.30099487304688,56168000.0,211.82997131347656,4951200.0,13.880000114440918,32164000.0
2022-03-31,303.0029338565664,304.19990720218783,297.20159145457893,297.60699462890625,33422100.0,1949.199951171875,3617.0,20.559999465942383,0.0,639.7347412109375,780700.0,27.20470428466797,523440000.0,109.33999633789062,147004800.0,162.99749755859375,59966000.0,209.24790954589844,7141300.0,13.729999542236328,22840000.0
2022-04-01,298.6301848769681,299.36381082776825,294.9331566706007,298.678466796875,27110500.0,1919.0999755859373,1016.0,19.6299991607666,0.0,639.5430908203125,739400.0,26.632413864135746,517235000.0,108.19000244140624,111867100.0,163.55999755859375,57090000.0,209.17889404296875,6007900.0,13.829999923706056,23831600.0
2022-04-04,299.3251718788428,304.17089116064096,298.9583589270999,304.0357666015625,24289600.0,1929.199951171875,371.0,18.56999969482422,0.0,652.0901489257812,731200.0,27.278484344482425,397120000.0,110.52999877929688,90123900.0,168.34649658203125,49882000.0,215.68344116210935,7843600.0,14.630000114440918,40066800.0
2022-04-05,302.394845606696,303.9393076222428,299.1128822350108,300.0878295898437,23156700.0,1922.9000244140625,412.0,21.030000686645508,0.0,619.1710205078125,1251500.0,25.85373878479004,436615000.0,106.81999969482422,79532000.0,164.05499267578125,53728000.0,207.09945678710935,7304600.0,13.890000343322754,37677300.0
2022-04-06,294.59531799298344,296.3424814061848,286.4096909635366,289.10284423828125,40110400.0,1918.4000244140625,138.0,22.100000381469727,0.0,601.9788208007812,1110700.0,24.33428192138672,703833000.0,103.66999816894533,105256600.0,158.75599670410156,79056000.0,197.9143218994141,7171300.0,13.0,40647700.0
2022-04-07,286.36141443806906,293.1087462850132,286.06217848359114,290.90789794921875,31411200.0,1933.800048828125,311.0,21.549999237060547,0.0,598.9041748046875,713500.0,24.135873794555664,557992000.0,103.72000122070312,91895500.0,157.7845001220703,68136000.0,197.26382446289065,5246000.0,12.84000015258789,34727400.0
2022-04-08,290.01015328183416,290.6665398433151,285.99456517806084,286.6606140136719,24361900.0,1941.5999755859373,153.0,21.15999984741211,0.0,585.1408081054688,840800.0,23.05011940002441,524781000.0,101.0,92746700.0,154.4604949951172,46002000.0,194.3170928955078,3897700.0,12.699999809265137,24962500.0
2022-04-11,281.66045568500346,282.4519668205672,275.10616374606843,275.3571472167969,34569300.0,1944.300048828125,163.0,24.3700008392334,0.0,572.507568359375,859600.0,21.85169982910156,575207000.0,97.37000274658205,95527700.0,151.1219940185547,52112000.0,192.6219940185547,5173800.0,12.65999984741211,26095800.0
2022-04-12,279.1990504337595,280.64697807098315,270.75280588328843,272.268310546875,30966700.0,1972.0999755859373,246.0,24.26000022888184,0.0,568.925537109375,1067900.0,21.43993377685547,662258000.0,95.0999984741211,89246400.0,150.78750610351562,55178000.0,191.99124145507807,4832200.0,12.460000038146973,26226500.0
2022-04-13,272.91502579688114,278.5619192143064,271.5346459237141,277.63525390625,21907200.0,1981.0,204.0,21.81999969482422,0.0,586.8934326171875,934200.0,22.13684844970703,516943000.0,97.73999786376952,77728400.0,155.54100036621094,53390000.0,192.8880920410156,8733000.0,12.899999618530272,21152900.0
2022-04-14,278.0888929332903,278.3012567664223,269.6233558898287,270.1156311035156,28221600.0,1970.9000244140625,101.0,22.700000762939453,0.0,572.6322021484375,814200.0,21.194664001464844,569097000.0,93.05999755859376,73354400.0,151.7064971923828,51598000.0,186.66940307617188,5126700.0,12.420000076293944,23284100.0
2022-04-18,269.2276132247998,272.65436281401867,268.67739376545774,270.7817077636719,20778000.0,1982.9000244140625,196.0,22.170000076293945,0.0,580.0166015625,576800.0,21.71810340881348,525701000.0,93.88999938964844,80605800.0,152.78500366210938,46514000.0,184.3041076660156,4899500.0,12.149999618530272,25395600.0
2022-04-19,269.6813419887161,276.2356357266572,268.7450143118673,275.39581298828125,22297700.0,1955.699951171875,130.0,21.3700008392334,0.0,591.098388671875,1230800.0,22.13186264038086,512781000.0,96.93000030517578,77069500.0,158.11549377441406,54926000.0,188.6207275390625,6120400.0,12.90999984741211,31753900.0
2022-04-20,279.353481079676,279.64308426283594,275.46338359699905,276.41900634765625,22906700.0,1952.300048828125,621.0,20.31999969482422,0.0,607.15087890625,1857900.0,21.41799736022949,468974000.0,94.0199966430664,62489000.0,153.9980010986328,59630000.0,183.535400390625,6015400.0,12.789999961853027,31528600.0
2022-04-21,278.56186707817085,283.11801238910374,270.3376514098414,271.0616149902344,29454600.0,1944.9000244140625,4.0,22.68000030517578,0.0,593.808837890625,940700.0,20.12286949157715,656209000.0,89.8499984741211,76680600.0,148.29600524902344,63970000.0,174.6656036376953,9119500.0,12.329999923706056,32009000.0
2022-04-22,271.90148401826906,273.3687361378023,263.8896299394481,264.5170593261719,29405800.0,1931.0,178.0,28.209999084472656,0.0,581.9609985351562,1093400.0,19.45685768127441,624713000.0,88.13999938964844,75017700.0,144.35000610351562,73078000.0,168.94952392578125,8843900.0,11.960000038146973,30386100.0
2022-04-25,263.80270265842034,271.35120773294403,261.37016600391445,270.9747619628906,35678900.0,1893.199951171875,748.0,27.020000457763672,0.0,574.4999389648438,2074700.0,19.842702865600582,641566000.0,90.69000244140624,93481000.0,146.07400512695312,61874000.0,172.0441131591797,7988900.0,12.109999656677246,31727600.0
2022-04-26,267.86659887115906,268.6967298664818,260.62696106383044,260.8393249511719,46518400.0,1901.4000244140625,302.0,33.52000045776367,0.0,536.7726440429688,1803100.0,18.73202514648437,653143000.0,85.16000366210938,89127400.0,139.39100646972656,77530000.0,167.61907958984375,8073300.0,11.119999885559082,38666500.0
2022-04-27,272.30682528051807,280.8688960297428,269.468885848349,273.387939453125,63477700.0,1885.9000244140625,1786.0,31.600000381469727,0.0,533.3724365234375,1904400.0,18.36013603210449,499460000.0,84.91000366210938,83125100.0,138.16700744628906,71336000.0,172.1525115966797,9644600.0,10.5600004196167,54508500.0
2022-04-28,275.2896026631033,280.87861047579827,271.68907938541145,279.5754699707031,33646600.0,1888.699951171875,513.0,29.989999771118164,0.0,565.6115112304688,1513500.0,19.72306251525879,570327000.0,89.63999938964844,91495400.0,144.59649658203125,117316000.0,183.0525054931641,10614800.0,10.949999809265137,40074500.0
2022-04-29,278.5909023771504,279.81683323611406,266.9013146355611,267.8858947753906,37073900.0,1909.300048828125,132.0,33.400001525878906,0.0,539.9716796875,1225300.0,18.491744995117188,500435000.0,85.5199966430664,82647700.0,124.28150177001952,272662000.0,173.39427185058594,7110800.0,10.399999618530272,30937500.0
2022-05-02,268.0692391635906,275.0482590184196,266.6309742081337,274.5945739746094,35151100.0,1861.800048828125,385.0,32.34000015258789,0.0,546.9826049804688,1146700.0,19.47480583190918,572049000.0,89.83999633789062,98304100.0,124.5,148788000.0,175.00071716308594,6278400.0,10.739999771118164,41193800.0
2022-05-03,274.1022999129748,274.26641131232816,270.42456669386183,271.9979858398437,25978600.0,1868.800048828125,466.0,29.25,0.0,550.3462524414062,825300.0,19.54359436035156,475751000.0,91.12999725341795,126381800.0,124.25350189208984,79134000.0,175.77928161621094,5047700.0,10.550000190734863,31372700.0
2022-05-04,272.7799199006104,280.78214183402685,267.1233632088205,279.91339111328125,33599300.0,1867.0,1.0,25.420000076293945,0.0,571.5240478515625,1112800.0,20.273414611816406,648855000.0,99.41999816894533,225394100.0,125.92849731445312,110746000.0,182.79623413085935,7563100.0,10.979999542236328,43239900.0
2022-05-05,275.6274254599327,276.40930377828715,264.8162240963305,267.72174072265625,43260400.0,1874.0,80.0,31.200000762939453,0.0,544.0682983398438,1231800.0,18.78785896301269,626331000.0,93.87000274658205,153129800.0,116.40699768066406,144392000.0,169.8069610595703,8379400.0,10.119999885559082,40523600.0
2022-05-06,265.27001991196914,269.55588849937345,261.8529021013271,265.1928100585937,37780300.0,1881.199951171875,214.0,30.190000534057617,0.0,531.3676147460938,1214600.0,18.61935806274414,633297000.0,95.33999633789062,144286600.0,114.77249908447266,124260000.0,167.24456787109375,7232700.0,9.479999542236328,69691300.0
2022-05-09,260.68489945201344,262.90504346434847,254.17888711238737,255.39512634277344,47726000.0,1857.0999755859373,304.0,34.75,0.0,494.3935852050781,1714700.0,16.899499893188477,644455000.0,86.36000061035156,144523700.0,108.78900146484376,128124000.0,161.23284912109375,9997800.0,7.460000038146973,170871700.0
2022-05-10,262.258232684761,264.2467170389773,255.86805194857527,260.1442565917969,39336400.0,1839.9000244140625,1540.0,32.9900016784668,0.0,504.7220153808594,1232900.0,17.54257583618164,761474000.0,88.7300033569336,137235500.0,108.85900115966795,105434000.0,164.73146057128906,8598700.0,7.289999961853027,86932400.0
2022-05-11,256.4568751636927,261.9396861119795,250.29835302848664,251.5049591064453,48975900.0,1852.5999755859373,892.0,32.560001373291016,0.0,502.7257690429688,1302800.0,16.580453872680664,670167000.0,87.91999816894531,136137900.0,105.37200164794922,109704000.0,158.93653869628906,7220100.0,6.710000038146973,72894900.0
2022-05-12,248.74426727264887,250.8582435521003,241.3405338858611,246.48550415039065,51033800.0,1823.800048828125,153.0,31.770000457763672,0.0,503.7480163574219,1134800.0,16.126808166503906,708728000.0,87.05999755859375,129214200.0,106.93049621582033,132026000.0,158.09886169433594,10187500.0,7.340000152587891,82147300.0
2022-05-13,248.4160775334941,253.90855102922657,246.4855077130794,252.05519104003903,34925100.0,1807.4000244140625,335.0,28.8700008392334,0.0,528.7830810546875,946800.0,17.653249740600586,670437000.0,95.12000274658205,138068100.0,113.05500030517578,93684000.0,164.4949493408203,6499700.0,8.34000015258789,69242700.0
2022-05-16,250.9354501012321,256.5920348375694,246.9005663575993,252.4219970703125,32550900.0,1813.5,34.0,27.46999931335449,0.0,515.889404296875,757800.0,17.212566375732422,521446000.0,94.23999786376952,131065700.0,110.8105010986328,74566000.0,161.7453155517578,5065800.0,8.039999961853027,46153200.0
2022-05-17,256.87196899135023,259.0149028011125,253.34868474571132,257.5573425292969,28828800.0,1818.199951171875,121.0,26.100000381469727,0.0,541.6187744140625,895800.0,18.12284469604492,585830000.0,102.47000122070312,164227200.0,115.36849975585938,76448000.0,161.36094665527344,7317700.0,8.359999656677246,38620800.0
2022-05-18,254.4612355715473,255.04176140596195,244.56337491481253,245.83084106445312,31356000.0,1815.9000244140625,311.0,30.959999084472656,0.0,509.476318359375,1037900.0,16.887537002563477,545161000.0,96.27999877929688,142603200.0,107.1125030517578,108380000.0,155.05357360839844,7454400.0,8.010000228881836,29304600.0
2022-05-19,245.65664551679004,249.30426416130737,243.7022393056512,244.92132568359372,32692300.0,1841.199951171875,138.0,29.350000381469727,0.0,507.2583618164063,905500.0,17.072980880737305,621310000.0,96.66999816894533,141506200.0,107.31900024414062,88142000.0,153.34860229492188,8382200.0,8.3100004196167,35780900.0
2022-05-20,248.888200942443,250.1460116670098,238.4388554517078,244.3601531982422,39199300.0,1841.800048828125,110.0,29.43000030517578,0.0,513.854736328125,1205700.0,16.644264221191406,739105000.0,93.5,164126800.0,107.59100341796876,99500000.0,157.33998107910156,9068700.0,8.079999923706055,40879100.0
2022-05-23,247.19505531377052,253.0099243599592,245.2019245791374,252.18751525878903,33175400.0,1847.800048828125,216.0,28.479999542236328,0.0,534.8489379882812,977000.0,16.8476505279541,639889000.0,95.06999969482422,128773000.0,107.55699920654295,107798000.0,158.0002899169922,6148800.0,8.010000228881836,27755200.0
2022-05-24,249.5171198981205,252.84540652501488,245.2696355087697,251.19093322753903,29043900.0,1865.0999755859373,33.0,29.450000762939453,0.0,526.9603271484375,1085500.0,16.105871200561523,588550000.0,91.16000366210938,123341400.0,104.0999984741211,102934000.0,154.6593475341797,6928400.0,7.550000190734863,47218700.0
2022-05-25,249.759025197284,255.98991161054977,248.7818072528061,253.99679565429688,28547900.0,1846.199951171875,0.0,28.3700008392334,0.0,528.5516357421875,832600.0,16.92442512512207,781132000.0,92.6500015258789,111771100.0,106.7750015258789,93120000.0,157.33998107910156,7436800.0,7.960000038146973,35068900.0
2022-05-26,253.754939359522,258.4377968295687,252.94221495828464,257.26708984375,25002100.0,1847.4000244140625,123355.0,27.5,0.0,540.1144409179688,933800.0,17.79781723022461,996575000.0,98.75,128792700.0,111.07749938964844,93002000.0,160.10931396484375,6697700.0,8.359999656677246,39738900.0
2022-05-27,259.7633662320339,264.465564172664,258.8732225521041,264.3688049316406,26910800.0,1851.300048828125,30091.0,25.71999931335449,0.0,562.5938110351562,843900.0,18.754955291748047,738379000.0,102.26000213623048,104348400.0,115.14649963378906,93660000.0,162.71112060546875,7883600.0,8.850000381469727,37064000.0
2022-05-31,263.6818188562503,265.8490837513658,260.1986934699792,263.0432434082031,37827700.0,1842.699951171875,4073.0,26.190000534057617,0.0,555.7564697265625,822300.0,18.616369247436523,664100000.0,101.86000061035156,125102900.0,120.20950317382812,144634000.0,157.92144775390625,18114600.0,8.680000305175781,41672300.0
2022-06-01,266.2651808958061,268.67432940880065,261.27270543224773,263.575439453125,25292200.0,1843.300048828125,1623.0,25.690000534057617,0.0,543.576416015625,542100.0,18.265419006347656,544514000.0,101.22000122070312,99351400.0,121.68399810791016,127528000.0,173.5224151611328,37037400.0,8.460000038146973,34438100.0
2022-06-02,255.864166186004,265.7329870958752,253.10669066458044,265.6652526855469,44008200.0,1866.5,551.0,24.71999931335449,0.0,559.85498046875,669200.0,19.533626556396484,648656000.0,108.58999633789062,120953800.0,125.51100158691406,100560000.0,185.6739959716797,19231200.0,9.300000190734863,41347000.0
2022-06-03,261.5338887851949,264.5719571114333,259.6955816677973,261.2532958984375,28059000.0,1845.4000244140625,53.0,24.790000915527344,0.0,543.56689453125,531000.0,18.66422843933105,598779000.0,106.3000030517578,110844700.0,122.3499984741211,97604000.0,182.23448181152344,9224000.0,8.9399995803833,36632300.0
2022-06-06,263.2270376292287,265.27820295854366,258.5441812387559,260.0245056152344,22400300.0,1839.199951171875,142.0,25.06999969482422,0.0,551.3203125,483300.0,18.73003196716309,422406000.0,105.6500015258789,96726900.0,124.79000091552734,135269000.0,180.2240295410156,5811700.0,8.979999542236328,35101100.0
2022-06-07,257.9831008987689,264.26238275252354,257.3058157580708,263.65283203125,22860700.0,1847.5,1168.0,24.020000457763672,0.0,556.4508056640625,479000.0,18.869613647460938,388914000.0,105.27999877929688,79022900.0,123.0,85156700.0,184.44204711914065,6331100.0,9.130000114440918,28049400.0
2022-06-08,262.88842705123176,264.136553097098,260.8566015066696,261.6306457519531,17372300.0,1851.9000244140625,218.0,23.959999084472656,0.0,547.2218627929688,605700.0,18.59637451171875,363252000.0,101.9000015258789,97641900.0,121.18000030517578,64926600.0,186.4525604248047,6226200.0,9.18000030517578,29056300.0
2022-06-09,259.08602995149107,263.8559613723618,256.0383063846379,256.193115234375,26439700.0,1848.800048828125,159.0,26.09000015258789,0.0,523.0835571289062,658600.0,17.99803352355957,395574000.0,98.8000030517578,95299000.0,116.1500015258789,67029800.0,184.4026641845703,8467700.0,8.680000305175781,30527400.0
2022-06-10,252.11977283149903,252.11977283149903,244.3311428589637,244.77621459960935,31422800.0,1871.5,1490.0,27.75,0.0,502.9475708007813,928900.0,16.92700958251953,465248000.0,94.81999969482422,102135400.0,109.6500015258789,87266000.0,175.86795043945312,7855800.0,8.260000228881836,30225800.0
2022-06-13,237.1520524259518,240.9351106086177,233.6882819563293,234.3945770263672,46135800.0,1828.0,127.0,34.02000045776367,0.0,475.9934387207031,1395100.0,15.603680610656738,604153000.0,86.98999786376953,98148800.0,103.66999816894533,99277700.0,163.627685546875,10726200.0,7.639999866485596,40943000.0
2022-06-14,235.94266488900783,237.76163216918877,233.6689557887817,236.55221557617188,28651500.0,1809.5,536.0,32.689998626708984,0.0,473.6693420410156,965400.0,15.792158126831056,469680000.0,86.98999786376953,84066600.0,102.30999755859376,69728800.0,162.07054138183594,8576200.0,7.820000171661377,30564100.0
2022-06-15,240.2481194139805,247.0111804704721,238.4194826151361,243.5861053466797,33111700.0,1815.300048828125,108.0,29.6200008392334,0.0,487.3248291015625,841700.0,16.481243133544922,563936000.0,89.30000305175781,95774800.0,107.66999816894533,85011100.0,166.11123657226562,7740700.0,8.119999885559082,38235300.0
2022-06-16,237.99382006995404,239.38707028498348,235.12992997318065,237.01661682128903,33169200.0,1845.699951171875,136.0,32.95000076293945,0.0,451.4696044921875,1223100.0,15.557806968688965,545749000.0,82.05000305175781,102433300.0,103.66000366210938,82186300.0,157.537109375,8090900.0,7.670000076293945,36793500.0
2022-06-17,236.75536866492723,242.36706412018737,236.10712319916604,239.60958862304688,43084800.0,1835.5999755859373,170.0,31.1299991607666,0.0,456.4842529296875,1328700.0,15.836034774780272,630334000.0,81.56999969482422,105212300.0,106.22000122070312,99772100.0,160.89776611328125,13074600.0,8.239999771118164,45518000.0
2022-06-21,242.13486575130284,246.47909535720652,241.40921581403924,245.50189208984372,29928300.0,1834.5999755859373,216.0,30.190000534057617,0.0,476.7360229492188,1081400.0,16.52013397216797,483089000.0,83.79000091552734,87780600.0,108.68000030517578,70901200.0,164.41610717773438,6736800.0,8.710000038146973,48887600.0
2022-06-22,243.7119508375324,248.8205400026025,242.2412961572336,244.9116973876953,25939900.0,1834.300048828125,115.0,28.950000762939453,0.0,468.201416015625,845800.0,16.314706802368164,437135000.0,83.75,86634700.0,108.9499969482422,60040100.0,165.02713012695312,5864500.0,9.010000228881836,43430600.0
2022-06-23,247.27247956979176,250.9490941058249,245.39546270431345,250.4556427001953,25861400.0,1825.699951171875,9.0,29.049999237060547,0.0,468.201416015625,739100.0,16.18008041381836,463680000.0,82.43000030517578,100614600.0,112.44000244140624,64345300.0,170.5460968017578,7258000.0,9.460000038146973,44618000.0
2022-06-24,253.30982219314237,259.2795140264686,253.2227477629766,259.00860595703125,33923200.0,1826.5,61.0,27.229999542236328,0.0,496.9009399414063,907800.0,17.078582763671875,472153000.0,87.08000183105469,88553900.0,116.45999908447266,69867600.0,183.22987365722656,12107100.0,10.1899995803833,67826000.0
2022-06-27,259.50204339521724,259.58911783064,254.7321123186452,256.28985595703125,24615100.0,1820.9000244140625,77.0,26.950000762939453,0.0,489.938232421875,696500.0,16.822298049926758,427968000.0,86.16000366210938,74663500.0,113.22000122070312,62133200.0,178.68655395507812,6170600.0,9.619999885559082,44768000.0
2022-06-28,255.40943822517565,258.24430356414223,247.99812997940293,248.15293884277344,27295500.0,1817.5,391.0,28.36000061035156,0.0,472.9364013671875,847200.0,15.937752723693848,461149000.0,80.77999877929688,95618600.0,107.4000015258789,74942900.0,168.9791259765625,6668600.0,9.3100004196167,45589000.0
2022-06-29,249.22691463647325,253.464715477171,247.4563268162281,251.81024169921875,20069800.0,1813.699951171875,173.0,28.15999984741211,0.0,467.3527221679688,847400.0,15.49897003173828,482352000.0,77.98999786376953,104140900.0,108.91999816894533,66375300.0,168.1414031982422,5430400.0,9.229999542236328,40408700.0
2022-06-30,248.70438985080895,251.10388274506585,244.68913309560924,248.4915313720703,31730900.0,1804.0999755859373,328.0,28.709999084472656,0.0,458.9240417480469,866400.0,15.117032051086426,686070000.0,76.47000122070312,105368600.0,106.20999908447266,97679400.0,162.65199279785156,9539400.0,9.06999969482422,33636400.0
2022-07-01,248.06580327530344,251.33604005543503,246.3435809305504,251.15220642089844,22837700.0,1798.9000244140625,77.0,26.700000762939453,0.0,433.80224609375,1570200.0,14.482791900634766,577610000.0,73.66999816894531,87734200.0,109.55999755859376,73021200.0,165.76629638671875,4561600.0,9.270000457763672,33504400.0
2022-07-05,247.84327202741883,254.4418545786392,246.46937685474165,254.31607055664065,22941000.0,1761.800048828125,64.0,27.540000915527344,0.0,416.9932861328125,2778300.0,14.92257022857666,651397000.0,75.19999694824219,95589000.0,113.5,76583700.0,169.70840454101562,4614200.0,10.06999969482422,55854800.0
2022-07-06,255.18692332453952,259.2892553163357,253.88074738510636,257.5670471191406,23824400.0,1734.9000244140625,1729.0,26.729999542236328,0.0,413.5987243652344,1464700.0,15.088111877441406,529066000.0,75.3499984741211,85458900.0,114.33000183105467,66958900.0,170.23074340820312,4085100.0,9.800000190734863,54604300.0
2022-07-07,256.5123449826114,260.3244273758523,256.4155857769769,259.68585205078125,20859900.0,1737.9000244140625,1869.0,26.07999992370605,0.0,435.7985534667969,1400900.0,15.814096450805664,492903000.0,79.30000305175781,83640900.0,116.33000183105467,57872300.0,174.0841522216797,4000100.0,10.18000030517578,35672500.0
2022-07-08,256.19312462228805,259.3956571562315,254.7418248204368,258.9699401855469,19658800.0,1740.5999755859375,370.0,24.63999938964844,0.0,436.8111877441406,739100.0,15.794154167175291,467972000.0,79.3499984741211,83405900.0,115.54000091552734,45719700.0,172.9606475830078,2869200.0,10.170000076293944,36737100.0
2022-07-11,257.02518316379025,257.87661708581794,253.66784185070392,255.92221069335935,19455200.0,1730.0,75.0,26.170000076293945,0.0,423.4159851074219,745600.0,15.110051155090332,437321000.0,76.94999694824219,76150300.0,111.75,53487600.0,171.837158203125,3689300.0,9.5600004196167,34015100.0
2022-07-12,257.2477298377406,257.3057794671245,243.8570592390129,245.43414306640625,35868500.0,1723.300048828125,451.0,27.290000915527344,0.0,419.0088806152344,848000.0,15.040243148803713,458483000.0,76.36000061035156,77873200.0,109.22000122070312,54280300.0,163.92333984375,7073000.0,9.489999771118164,42765800.0
2022-07-13,242.06714149558596,245.31805374321544,240.05467060292145,244.51499938964844,29497400.0,1734.199951171875,368.0,26.81999969482422,0.0,431.0827941894531,1052500.0,15.122015953063965,521918000.0,77.5199966430664,79355000.0,110.4000015258789,61353800.0,161.12442016601562,6225900.0,9.279999732971191,32461300.0
2022-07-14,242.4348047942675,246.85642391031848,237.95512128406688,245.83084106445312,25102800.0,1704.5,1289.0,26.399999618530277,0.0,440.6203002929688,1075900.0,15.329440116882324,456235000.0,78.5999984741211,83493600.0,110.62999725341795,51163100.0,158.7098846435547,6096100.0,8.899999618530273,26702100.0
2022-07-15,247.41759860652465,251.91662221794024,246.49844499125956,248.3851318359375,29774100.0,1702.4000244140625,721.0,24.229999542236328,0.0,458.6830139160156,1630500.0,15.71836280822754,385935000.0,81.11000061035156,76050600.0,113.5500030517578,84317800.0,164.95814514160156,6037700.0,9.039999961853027,34918100.0
2022-07-18,251.31671696215605,252.37132447376123,245.07613156293317,245.9952850341797,20975000.0,1709.199951171875,264.0,25.299999237060547,0.0,456.6096496582031,1039500.0,16.056425094604492,670517000.0,81.43000030517578,90464300.0,113.76000213623048,59115400.0,165.46075439453125,3818200.0,9.029999732971191,32428400.0
2022-07-19,249.21722578060667,251.287761309825,245.44385164398503,251.1039276123047,25012600.0,1710.0,1684.0,24.5,0.0,480.6030883789063,1415000.0,16.944957733154297,702366000.0,85.87999725341797,85047500.0,118.20999908447266,60990000.0,171.2950897216797,4373400.0,9.34000015258789,29033800.0
2022-07-20,251.4618493254029,256.2704900620598,250.5040009952903,253.75489807128903,22788300.0,1699.5,130.0,23.8799991607666,0.0,496.0909118652344,2294900.0,17.75769805908203,760538000.0,89.43000030517578,88348600.0,122.7699966430664,71268300.0,179.81008911132812,5654000.0,10.109999656677246,40845200.0
2022-07-21,251.35542487841852,256.2898494477531,248.6850241528753,256.241455078125,22404700.0,1712.699951171875,183.0,23.11000061035156,0.0,522.9486694335938,2281900.0,18.000024795532227,557049000.0,91.08999633789062,90449300.0,124.62999725341795,60239900.0,182.66815185546875,3886000.0,10.489999771118164,51691200.0
2022-07-22,256.6285035144892,256.71557796165024,250.65884004276225,251.9069366455078,21881300.0,1727.0999755859375,61.0,23.030000686645508,0.0,515.2239990234375,1459900.0,17.271053314208984,536671000.0,88.0999984741211,76989700.0,122.41999816894533,51463800.0,179.82980346679688,3804700.0,9.84000015258789,38915500.0
2022-07-25,252.5261806476122,253.00994727720533,248.4722139294801,250.42662048339844,21056000.0,1719.0,67.0,23.36000061035156,0.0,519.7662353515625,1194600.0,16.976869583129883,480748000.0,87.54000091552734,70083000.0,121.13999938964844,50221300.0,174.7247314453125,4407900.0,9.68000030517578,21485000.0
2022-07-26,251.42315927857732,251.44252883940965,241.46726406430727,243.7216033935547,39348000.0,1717.699951171875,1.0,24.690000534057617,0.0,505.49359130859375,1029500.0,16.48723030090332,397865000.0,85.25,69180400.0,114.80999755859376,67075100.0,167.99359130859375,3886500.0,9.399999618530272,21997800.0
2022-07-27,252.68094375810009,261.2822975208546,250.445944696224,260.01483154296875,45994000.0,1719.0999755859375,144865.0,23.239999771118164,0.0,526.71923828125,1110900.0,17.740745544433594,569776000.0,89.81999969482422,78301600.0,120.97000122070312,61582000.0,177.69122314453125,4960900.0,10.020000457763672,29810900.0
2022-07-28,260.99207747518795,268.81941742326114,259.17311035737987,267.43585205078125,33459300.0,1750.300048828125,37236.0,22.32999992370605,0.0,540.7316284179688,1216800.0,17.93421173095703,474646000.0,91.66999816894533,79009200.0,122.27999877929688,82245500.0,178.66685485839844,4562100.0,10.130000114440918,27172900.0
2022-07-29,268.68402502999385,272.8444066540802,267.6487572516535,271.62530517578125,32152800.0,1762.9000244140625,3485.0,21.32999992370605,0.0,553.9722900390625,1210700.0,18.11271476745605,435460000.0,94.47000122070312,76630700.0,134.9499969482422,148892900.0,181.35736083984372,4751400.0,10.350000381469728,31106600.0
2022-08-01,268.8000835642348,272.14774020428075,266.8843571782586,268.9839172363281,21539600.0,1769.0,705.0,22.84000015258789,0.0,557.5501708984375,895500.0,18.38994407653809,476469000.0,96.77999877929688,96477500.0,135.38999938964844,76846900.0,180.3324279785156,3997100.0,10.470000267028809,31694700.0
2022-08-02,267.0391429404589,268.8677947225736,263.53667774646465,265.8974609375,22754200.0,1771.0999755859375,1078.0,23.93000030517578,0.0,545.4472045898438,876600.0,18.47470474243164,489527000.0,99.29000091552734,116734100.0,134.16000366210938,61922400.0,181.13067626953125,4317900.0,10.920000076293944,40958800.0
2022-08-03,267.7745264077172,274.295691421878,267.6293727908373,273.29913330078125,23518900.0,1758.0,399.0,21.950000762939453,0.0,563.056640625,825900.0,18.840688705444336,418146000.0,98.08999633789062,131142000.0,139.52000427246094,71827800.0,186.9058990478516,5786300.0,11.199999809265137,35796500.0
2022-08-04,272.6508838288538,274.5859505118883,271.07382928467115,274.4408264160156,18098700.0,1788.5,285.0,21.440000534057617,0.0,568.8528442382812,680100.0,19.161800384521484,409652000.0,103.91000366210938,125855800.0,142.57000732421875,70585000.0,188.5024871826172,3759700.0,11.31999969482422,32093400.0
2022-08-05,270.08685858100347,274.4407575248996,269.63211684357026,273.72479248046875,16774600.0,1772.9000244140625,645.0,21.149999618530277,0.0,558.0744018554688,767900.0,18.936426162719727,386068000.0,102.30999755859376,93859900.0,140.8000030517578,50686900.0,187.41839599609372,4090300.0,11.449999809265137,50264800.0
2022-08-08,274.8278133024093,276.6371253182812,270.2513998362798,271.21893310546875,18739200.0,1786.800048828125,127.0,21.290000915527344,0.0,553.6664428710938,700600.0,17.743738174438477,981859000.0,100.06999969482422,92606800.0,139.41000366210938,52229000.0,187.0044708251953,3396800.0,9.81999969482422,125272600.0
2022-08-09,270.5609704551994,273.88925715701384,268.5968499150632,273.13458251953125,23405200.0,1794.0,249.0,21.770000457763672,0.0,523.0805053710938,1138500.0,17.038692474365234,668263000.0,95.54000091552734,89473700.0,137.8300018310547,40434700.0,179.60313415527344,5851700.0,9.25,58788900.0
2022-08-10,278.8140631743876,280.400802313646,277.6239866748656,279.7719116210937,24687800.0,1795.5999755859375,601.0,19.739999771118164,0.0,547.1895751953125,1074800.0,18.046899795532227,597422000.0,99.0500030517578,83416100.0,142.69000244140625,54773800.0,185.8809509277344,4179200.0,9.59000015258789,46054900.0
2022-08-11,281.40705441673725,281.7553522172892,277.2079636139316,277.7013854980469,20065900.0,1789.699951171875,1235.0,20.200000762939453,0.0,543.6707153320312,833300.0,17.892324447631836,509327000.0,98.12000274658205,77516900.0,140.63999938964844,44867300.0,184.0281524658203,4175100.0,9.420000076293944,44790900.0
2022-08-12,279.11401558943726,282.4326477050781,277.6240060475437,282.4326477050781,22619700.0,1798.5999755859375,187.0,19.530000686645508,0.0,556.7694091796875,811600.0,18.657201766967773,478094000.0,100.83000183105467,72316300.0,143.5500030517578,47643500.0,187.14242553710935,3846200.0,9.90999984741211,30638200.0
2022-08-15,281.55220801909235,284.62895702029766,280.691089155048,283.9420166015625,18085700.0,1781.4000244140625,64.0,19.950000762939453,0.0,555.783447265625,783100.0,18.979310989379883,457666000.0,101.01000213623048,61327100.0,143.17999267578125,39014600.0,188.29551696777344,2768500.0,9.90999984741211,33263400.0
2022-08-16,282.5099789943521,284.4934395554,280.99097447536275,283.20660400390625,18102900.0,1773.199951171875,308.0,19.690000534057617,0.0,547.798583984375,697000.0,18.82673072814941,451240000.0,100.1999969482422,60220700.0,144.77999877929688,59102900.0,186.84678649902344,3835900.0,9.739999771118164,40603900.0
2022-08-17,280.9281190261752,284.4283433719824,280.6663411966556,282.4600830078125,18253400.0,1760.300048828125,23.0,19.899999618530277,0.0,538.7119750976562,667700.0,18.28423309326172,446799000.0,98.2699966430664,63735600.0,142.10000610351562,48149800.0,185.2403717041016,3181300.0,9.43000030517578,33933600.0
2022-08-18,281.36435178389024,283.03204200222694,280.28809521797484,281.344970703125,17186200.0,1755.300048828125,321.0,19.559999465942383,0.0,542.5977783203125,580600.0,18.721025466918945,415447000.0,100.44000244140624,76059500.0,142.3000030517578,37458700.0,185.21080017089844,2791600.0,9.149999618530272,26365600.0
2022-08-19,280.11362940883,280.4529907173876,276.8752129457477,277.447265625,20570000.0,1747.5999755859375,49.0,20.600000381469727,0.0,527.0922241210938,794400.0,17.799585342407227,441588000.0,95.9499969482422,67221700.0,138.22999572753906,47792800.0,181.1109771728516,4346100.0,8.510000228881836,40560200.0
2022-08-22,273.50100121683664,273.86944889431794,268.7888240939447,269.3027038574219,25061100.0,1734.0,347.0,23.799999237060547,0.0,502.7416076660156,795800.0,16.98683738708496,409593000.0,92.83999633789062,61837300.0,133.22000122070312,50461500.0,174.4192352294922,5182900.0,8.069999694824219,37824900.0
2022-08-23,268.0326232910156,270.37900717902073,267.02424456116967,268.0326232910156,17527400.0,1746.800048828125,509.0,24.11000061035156,0.0,508.23236083984375,592900.0,17.133434295654297,369986000.0,92.48999786376952,52927000.0,133.6199951171875,36252100.0,173.45339965820312,5076800.0,8.010000228881836,25658500.0
2022-08-24,267.0339265183886,268.79858174374715,266.7430327003448,267.4023742675781,18137000.0,1747.800048828125,187.0,22.81999969482422,0.0,507.93267822265625,485200.0,17.174320220947266,522661000.0,92.7300033569336,56520400.0,133.8000030517578,38627000.0,177.40538024902344,11438800.0,8.100000381469727,26576400.0
2022-08-25,268.8954719441874,270.5340758675693,266.17093562909554,270.3692626953125,16583400.0,1757.699951171875,172.0,21.780000686645508,0.0,521.7561645507812,758300.0,17.8634033203125,770691000.0,97.18000030517578,61016200.0,137.27999877929688,37496300.0,171.3936767578125,24025600.0,8.420000076293945,25635600.0
2022-08-26,270.59236827950923,271.8140575547719,259.82997460687733,259.9366149902344,27549300.0,1736.0999755859375,202.0,25.559999465942383,0.0,492.9491882324219,1229700.0,16.214984893798828,769127000.0,91.18000030517578,65552500.0,130.75,53322700.0,162.83926391601562,11074700.0,7.940000057220459,34150400.0
2022-08-29,257.76465225492166,259.2674999332414,255.8254786883463,257.1635131835937,20338500.0,1736.5999755859375,950.0,26.209999084472656,0.0,483.2243957519531,754100.0,15.757253646850586,496132000.0,88.48999786376953,61142500.0,129.7899932861328,48101600.0,157.89187622070312,9329900.0,7.809999942779541,28566200.0
2022-08-30,258.55971181711374,258.92812992723435,252.73248597704324,254.97222900390625,22767100.0,1723.199951171875,385.0,26.209999084472656,0.0,476.5929260253906,1006400.0,15.425175666809082,530181000.0,86.94000244140625,69087100.0,128.72999572753906,49203000.0,157.3596954345703,8079400.0,7.789999961853027,27189200.0
2022-08-31,257.31873884899386,258.98640028219296,253.3821879367977,253.5179443359375,24791800.0,1712.800048828125,2133.0,25.8700008392334,0.0,473.6155700683594,936000.0,15.052210807800291,573710000.0,84.87000274658203,64991700.0,126.7699966430664,53648700.0,153.86106872558594,9166100.0,7.71999979019165,28691500.0
2022-09-01,250.99694103030285,252.9555253881992,247.64217884234645,252.48040771484372,23263400.0,1696.5999755859375,683.0,25.559999465942383,0.0,454.2626037597656,1665500.0,13.89841365814209,1178865000.0,82.33000183105469,94854700.0,127.81999969482422,56636100.0,151.30853271484375,9924000.0,7.489999771118164,39079700.0
2022-09-02,253.74089939007345,256.68842221316766,246.7307755662362,248.2724151611328,22855400.0,1709.800048828125,182.0,25.46999931335449,0.0,451.6235961914063,1145400.0,13.609216690063477,743157000.0,80.23999786376953,84924400.0,127.51000213623048,57429800.0,151.4662322998047,7315700.0,7.400000095367432,25965000.0
2022-09-06,248.408159830305,249.98856152174304,244.27771043015855,245.54786682128903,21328200.0,1700.4000244140625,697.0,26.90999984741211,0.0,454.2626037597656,996900.0,13.42772102355957,535751000.0,78.72000122070312,68727300.0,126.11000061035156,43888600.0,149.52471923828125,6373700.0,7.28000020980835,30429400.0
2022-09-07,246.95376285633063,250.9581464072949,245.5187784892074,250.24066162109372,24126700.0,1715.300048828125,651.0,24.63999938964844,0.0,460.7974243164063,745400.0,13.680093765258787,512657000.0,79.61000061035156,67891200.0,129.47999572753906,47900300.0,151.06216430664062,6211400.0,7.389999866485596,30330000.0
2022-09-08,249.6783301329259,252.5095072886724,247.04103780727317,250.6575927734375,20319900.0,1708.0,1193.0,23.61000061035156,0.0,466.6650695800781,943300.0,13.955411911010742,624873000.0,82.77999877929688,89089300.0,129.82000732421875,43988500.0,154.62979125976562,6659200.0,7.53000020980835,26303600.0
2022-09-09,252.57737549512015,257.1635319672501,252.37377054080144,256.4169311523437,22084700.0,1716.199951171875,635.0,22.790000915527344,0.0,484.3070068359375,1012800.0,14.351433753967283,486612000.0,85.44999694824219,68907700.0,133.27000427246094,49387600.0,160.23744201660156,5642300.0,7.789999961853027,27822300.0
2022-09-12,257.6968083589195,259.316031521762,257.09566920762467,258.54034423828125,18747700.0,1728.0999755859375,68.0,23.8700008392334,0.0,488.1060791015625,1041400.0,14.469139099121094,484159000.0,84.63999938964844,71922500.0,136.4499969482422,53826900.0,163.2334747314453,6353400.0,8.010000228881836,30544800.0
2022-09-13,250.96784794774865,252.4804010138248,243.93834353048703,244.32618713378903,33353300.0,1705.0,432.0,27.270000457763672,0.0,455.4033203125,1188200.0,13.098535537719728,714956000.0,77.02999877929688,80921200.0,126.81999969482422,72694000.0,155.8124237060547,5463200.0,7.480000019073486,29770700.0
2022-09-14,245.81933539305,246.4980431807775,242.26095368229556,244.54917907714844,23913000.0,1696.5,532.0,26.15999984741211,0.0,462.1701049804688,663700.0,13.09554386138916,588507000.0,77.44999694824219,71483000.0,128.5500030517578,45316800.0,157.9608612060547,6037300.0,7.630000114440918,29422500.0
2022-09-15,242.1737221928397,243.75413876662037,236.59859756302296,237.917236328125,31530900.0,1665.4000244140625,1125.0,26.270000457763672,0.0,450.1348876953125,853500.0,12.897037506103516,523625000.0,76.66000366210938,81818000.0,126.27999877929688,52887200.0,152.54046630859375,7012200.0,8.010000228881836,51700600.0
2022-09-16,236.83126432370605,237.83964287173063,234.69817634172827,237.2966766357422,39791800.0,1671.699951171875,464.0,26.299999237060547,0.0,451.68157958984375,914000.0,13.165369033813477,670751000.0,76.51000213623047,75300200.0,123.52999877929688,115667800.0,149.31777954101562,9882300.0,7.78000020980835,42155500.0
2022-09-19,235.0957332088687,237.68452841666505,233.5250071893504,237.08338928222656,26826900.0,1666.199951171875,580.0,25.76000022888184,0.0,455.4129638671875,646500.0,13.34891414642334,569685000.0,76.7699966430664,64966900.0,124.66000366210938,47279700.0,150.61866760253906,4874800.0,7.860000133514404,29238800.0
2022-09-20,234.7079219968837,236.1041147886721,232.3518179959653,235.07635498046875,26660300.0,1659.699951171875,2830.0,27.15999984741211,0.0,446.56781005859375,906700.0,13.143424987792969,524818000.0,75.25,51129100.0,122.19000244140624,47698400.0,147.6325225830078,5505700.0,7.619999885559082,30349600.0
2022-09-21,236.84097880590733,240.1278775636452,231.634287475008,231.68276977539065,28625600.0,1664.5999755859375,2337.0,27.989999771118164,0.0,439.7624206542969,783900.0,13.228216171264648,807679000.0,74.4800033569336,82069700.0,118.54000091552734,58498900.0,145.49391174316406,6164400.0,7.690000057220459,36814500.0
2022-09-22,230.63557065812216,236.44339999145436,230.34470650021217,233.65098571777344,31061200.0,1670.800048828125,973.0,27.350000381469727,0.0,426.3448181152344,952900.0,12.529945373535156,759162000.0,69.5,101436900.0,117.30999755859376,55229200.0,147.97744750976562,12405100.0,7.369999885559082,49138300.0
2022-09-23,232.25479249816885,233.79644660106183,228.04678975477916,230.6840667724609,34176000.0,1645.300048828125,1224.0,29.920000076293945,0.0,421.6081237792969,1362300.0,12.485057830810549,663309000.0,67.95999908447266,87690000.0,113.77999877929688,65126700.0,144.88287353515625,9175800.0,7.400000095367432,34197300.0
2022-09-26,229.84056473429231,234.106740937524,229.69511783060327,230.2283935546875,27694200.0,1623.300048828125,1205.0,32.2599983215332,0.0,416.4557189941406,1164000.0,12.197766304016112,547343000.0,66.30000305175781,82898700.0,115.1500015258789,62723300.0,144.202880859375,7862400.0,7.53000020980835,45429800.0
2022-09-27,232.68144911431068,234.44610429031408,227.36811729613825,229.22003173828125,27018700.0,1626.699951171875,888.0,32.599998474121094,0.0,418.8530883789063,876400.0,12.382311820983888,553854000.0,67.16999816894531,94871800.0,114.41000366210938,60094700.0,146.73565673828125,7046600.0,7.630000114440918,31794700.0
2022-09-28,229.60789224789136,234.96001656386545,227.5911495376008,233.73834228515625,29029700.0,1660.4000244140625,18311.0,30.18000030517578,0.0,426.5285339355469,957100.0,12.704514503479004,542414000.0,68.36000061035156,72389500.0,118.01000213623048,55763800.0,147.9971466064453,7908400.0,7.940000057220459,31955900.0
2022-09-29,231.6246111693645,232.6523709038743,227.28086605201815,230.27688598632807,27484200.0,1658.5,6028.0,31.84000015258789,0.0,413.5266418457031,1141800.0,12.189788818359377,532763000.0,64.13999938964844,102552400.0,114.8000030517578,58969700.0,144.68577575683594,8602500.0,8.079999923706055,57845800.0
2022-09-30,231.0428606260345,233.22443119574092,225.65195971871543,225.81678771972656,35694800.0,1662.4000244140625,548.0,31.6200008392334,0.0,401.5107727050781,1084700.0,12.108988761901855,565638000.0,63.36000061035156,81664100.0,113.0,59479600.0,141.7587432861328,7575600.0,8.130000114440918,47454800.0
2022-10-03,228.2504653081486,234.26190138278795,227.52327510247312,233.4183654785156,28880400.0,1692.9000244140625,410.0,30.100000381469727,0.0,417.2966918945313,1452400.0,12.481067657470703,547478000.0,66.11000061035156,83841600.0,115.87999725341795,50941900.0,145.75999450683594,6819900.0,8.239999771118164,35524000.0
2022-10-04,237.63607845360704,242.74580617588765,237.5294232899446,241.31082153320312,34888400.0,1721.0999755859375,291.0,29.06999969482422,0.0,449.6128845214844,1954600.0,13.134449005126951,584182000.0,67.9000015258789,77160500.0,121.08999633789062,62812600.0,153.47669982910156,8017900.0,8.460000038146973,36313300.0
2022-10-05,238.50866730601555,242.95906726147317,236.67614880702004,241.62103271484372,20347100.0,1711.4000244140625,418.0,28.549999237060547,0.0,453.653564453125,1193800.0,13.17634391784668,507131000.0,67.94000244140625,87127400.0,120.9499969482422,48217500.0,153.96946716308594,4256200.0,8.420000076293945,37790200.0
2022-10-06,240.389706680764,242.72641498774016,238.59597954139576,239.2843780517578,20239900.0,1711.699951171875,133.0,30.520000457763672,0.0,446.7418823242188,926100.0,13.097539901733398,644157000.0,67.8499984741211,98325900.0,120.3000030517578,42253800.0,153.21060180664062,3853900.0,8.470000267028809,27653400.0
2022-10-07,233.573464973842,233.98070446797664,226.07856280672056,227.11602783203125,37769600.0,1700.5,179.0,31.36000061035156,0.0,419.790771484375,1412400.0,12.046144485473633,672478000.0,58.43999862670898,163786300.0,114.55999755859376,54678000.0,148.1154327392578,5956700.0,8.149999618530273,29550500.0
2022-10-10,225.962219258619,227.4262900818972,219.83442324055144,222.2777862548828,29743600.0,1667.300048828125,195.0,32.45000076293945,0.0,407.83294677734375,1383700.0,11.641148567199709,698699000.0,57.810001373291016,112241800.0,113.66999816894533,42339700.0,143.53269958496094,5497800.0,8.0600004196167,26923300.0
2022-10-11,220.69734398530096,222.09355135270332,217.2940996232981,218.5545654296875,30474000.0,1678.699951171875,167.0,33.630001068115234,0.0,386.2469482421875,2044200.0,11.557355880737305,667482000.0,57.630001068115234,114054800.0,112.20999908447266,56432200.0,140.50714111328125,7415000.0,8.039999961853027,40775800.0
2022-10-12,218.54485501658385,220.9300450129457,217.1486624763332,218.88421630859372,21903900.0,1670.300048828125,149.0,33.56999969482422,0.0,385.0578918457031,1277100.0,11.471569061279297,492590000.0,57.84999847412109,89264200.0,112.9000015258789,45728700.0,140.2311553955078,5707100.0,8.069999694824219,30201600.0
2022-10-13,213.163673728378,228.91945995498912,212.46557001660585,227.11602783203125,42551800.0,1670.0,729.0,31.940000534057617,0.0,391.892333984375,2782200.0,11.930431365966797,850103000.0,58.93999862670898,131159800.0,112.52999877929688,86868100.0,143.33560180664062,6548600.0,8.079999923706055,36040900.0
2022-10-14,228.3764608896824,230.02477023152483,221.39543911705044,221.60874938964844,30198600.0,1641.699951171875,82.0,32.02000045776367,0.0,366.4976196289063,1727900.0,11.199241638183594,713432000.0,55.93999862670898,96959300.0,106.9000015258789,67737300.0,140.16220092773438,5736300.0,7.53000020980835,37430100.0
2022-10-17,228.64798396705297,231.6924861628052,227.98865719878884,230.30596923828125,28142300.0,1657.0,238.0,31.3700008392334,0.0,379.1515502929688,1417900.0,11.85860824584961,580774000.0,57.959999084472656,76977600.0,113.79000091552734,62782000.0,145.05043029785156,6288200.0,7.940000057220459,31751700.0
2022-10-18,235.8423068812293,236.5113093692739,228.2116484355252,231.2464599609375,26329600.0,1649.0,597.0,30.5,0.0,385.6958618164063,1324800.0,11.937416076660156,659362000.0,57.91999816894531,103064500.0,116.36000061035156,65607400.0,151.30853271484375,16354800.0,8.15999984741211,37120400.0
2022-10-19,229.83085382652337,232.3226990610641,227.1644900654512,229.2878875732422,19985700.0,1627.5,84.0,30.76000022888184,0.0,409.8919677734375,2435200.0,12.021204948425291,523131000.0,57.22999954223633,75704800.0,115.06999969482422,47198100.0,151.44650268554688,6220500.0,7.909999847412109,26594000.0
2022-10-20,228.59952355559247,233.9710288478756,227.72688640768192,228.96795654296875,21811000.0,1630.800048828125,477.0,29.979999542236328,0.0,422.7004699707031,2090900.0,12.163853645324709,652398000.0,57.77000045776367,79552600.0,115.25,48795100.0,155.22113037109375,9203400.0,8.039999961853027,26689500.0
2022-10-21,227.6008220368562,235.609604075632,227.3681158672251,234.75636291503903,26299700.0,1651.0,224.0,29.690000534057617,0.0,446.8287963867188,2756600.0,12.435181617736816,609494000.0,58.81999969482422,95366400.0,119.31999969482422,55660500.0,157.8524932861328,8335500.0,8.289999961853027,30705700.0
2022-10-24,236.34648327507583,240.30239936572292,233.96130792884756,239.7303466796875,24911200.0,1648.699951171875,29.0,29.850000381469727,0.0,457.2110595703125,2389300.0,12.567852973937988,517457000.0,58.70000076293945,76305400.0,119.81999969482422,49531500.0,158.32550048828125,6259200.0,8.270000457763672,28062200.0
2022-10-25,239.74004733273168,243.40508456640856,238.3535451916917,243.03665161132807,34775500.0,1652.800048828125,880.0,28.459999084472656,0.0,469.8165588378906,2047200.0,13.228216171264648,505482000.0,61.470001220703125,85501900.0,120.5999984741211,50934600.0,162.878662109375,5804500.0,8.65999984741211,31001500.0
2022-10-26,224.1393736631292,231.0525321235999,223.06313174791288,224.28482055664065,82543200.0,1664.0,89.0,27.280000686645508,0.0,467.9604187011719,1879400.0,12.864117622375488,532953000.0,59.72999954223633,79761600.0,115.66000366210938,68802300.0,157.59622192382812,6617500.0,8.569999694824219,33530900.0
2022-10-27,224.01334192609988,226.58275598538947,218.91332036173824,219.85382080078125,40424600.0,1660.699951171875,2298.0,27.38999938964844,0.0,458.60296630859375,1075700.0,13.143424987792969,583113000.0,58.59999847412109,83871400.0,110.95999908447266,129605400.0,157.4385528564453,4987700.0,8.600000381469727,28940800.0
2022-10-28,219.35930123392012,229.4042200789136,219.17507739300945,228.6964111328125,40647700.0,1639.5999755859375,626.0,25.75,0.0,472.8808288574219,1436100.0,13.799798011779783,521040000.0,62.0099983215332,78198600.0,103.41000366210938,223133400.0,160.66122436523438,5055400.0,8.640000343322754,20697400.0
2022-10-31,226.65062223193132,227.7753465559676,224.11999990021067,225.07020568847656,28357300.0,1635.9000244140625,522.0,25.8799991607666,0.0,456.6793212890625,1063600.0,13.463631629943848,486341000.0,60.060001373291016,73274100.0,102.44000244140624,99251400.0,160.23744201660156,4878100.0,8.789999961853027,31376100.0
2022-11-01,227.46508792727667,228.57041637850017,220.41618716835117,221.2306365966797,30592300.0,1645.0,985.0,25.809999465942383,0.0,459.5406799316406,760700.0,13.509517669677734,432817000.0,59.65999984741211,83806700.0,96.79000091552734,153370000.0,157.50755310058594,4545900.0,8.649999618530273,29800000.0
2022-11-02,222.48138429440567,224.2654203807508,213.34786400262064,213.4060516357422,38407000.0,1645.699951171875,612.0,25.86000061035156,0.0,431.4586181640625,1887400.0,13.186319351196287,672628000.0,58.630001068115234,142669400.0,92.12000274658205,135761800.0,147.8394775390625,7238200.0,8.220000267028809,36042600.0
2022-11-03,213.3963618064245,213.7066366934069,207.4721856849331,207.7339782714844,36633900.0,1627.300048828125,1427.0,25.299999237060547,0.0,426.5427856445313,1615700.0,13.38782024383545,500065000.0,60.11000061035156,95279900.0,89.30000305175781,136683300.0,144.21270751953125,5999400.0,8.079999923706055,36419500.0
2022-11-04,210.93363491466295,214.8507595155396,206.93892679101333,214.65684509277344,36789100.0,1672.5,159.0,24.549999237060547,0.0,454.5058288574219,1587800.0,14.121002197265623,612576000.0,62.18999862670898,84791300.0,90.9800033569336,129101300.0,137.7476348876953,14265300.0,7.929999828338623,64338900.0
2022-11-07,215.23861235404937,221.4633587976089,214.55019910987951,220.9397735595703,33498000.0,1676.5,42.0,24.350000381469727,0.0,468.6909484863281,1429400.0,14.265645027160645,410061000.0,63.08000183105469,62722500.0,90.52999877929688,77495700.0,142.4978790283203,7379900.0,7.019999980926514,99332800.0
2022-11-08,221.7444890427756,224.60476702569903,218.97147031751533,221.9093170166016,28192500.0,1712.0999755859375,23.0,25.540000915527344,0.0,488.276611328125,2316100.0,14.565898895263672,595292000.0,63.84999847412109,75938000.0,89.9800033569336,88703400.0,144.97158813476562,9101800.0,7.210000038146973,56353900.0
2022-11-09,220.45494942509427,221.6766382807976,217.5074120167321,217.6819305419922,27852900.0,1710.0999755859375,497.0,26.09000015258789,0.0,474.5763549804688,1302600.0,13.741944313049316,454414000.0,59.91999816894531,62940300.0,86.13999938964844,90796200.0,140.0045166015625,5588500.0,6.980000019073486,42517300.0
2022-11-10,228.2698410290553,235.92958655895384,227.8529257557349,235.59022521972656,46268000.0,1750.300048828125,325.0,23.530000686645508,0.0,543.7372436523438,3518000.0,15.711064338684082,700819000.0,68.47000122070312,107996300.0,96.62999725341795,173414900.0,154.03846740722656,8777900.0,7.639999866485596,58579800.0
2022-11-11,235.59991144789905,240.4478456452281,234.5721369704996,239.5946044921875,34620200.0,1766.0,257.0,22.520000457763672,0.0,558.911376953125,1982800.0,16.286632537841797,655487000.0,72.37000274658203,111709500.0,100.79000091552734,111590500.0,155.44775390625,7382500.0,8.40999984741211,55324100.0
2022-11-14,234.6303406985499,236.49194578262,231.93489028356817,234.20372009277344,31123300.0,1773.5999755859375,358.0,23.729999542236328,0.0,560.2494506835938,1806400.0,16.254714965820312,527852000.0,73.52999877929688,108892800.0,98.48999786376952,99533100.0,156.3643341064453,6580100.0,8.100000381469727,37402700.0
2022-11-15,238.1886937504624,239.487936494884,232.72991540292844,234.6109161376953,31390100.0,1773.800048828125,57.0,24.540000915527344,0.0,579.3018798828125,1669400.0,16.624799728393555,545876000.0,76.37000274658203,108946300.0,98.94000244140624,111336300.0,159.72496032714844,8116100.0,8.34000015258789,34454100.0
2022-11-16,236.06939815763067,237.0514501535852,233.76500614633548,235.0387420654297,24093300.0,1773.0,303.0,24.11000061035156,0.0,559.16357421875,1418900.0,15.87066650390625,649547000.0,72.69999694824219,79968000.0,97.12000274658205,87958800.0,152.8755340576172,6454700.0,8.0600004196167,28436000.0
2022-11-17,231.198058101894,236.51664531080124,231.0522161565144,234.99009704589844,23123500.0,1760.800048828125,18.0,23.93000030517578,0.0,571.1184692382812,917900.0,15.638242721557615,710894000.0,73.9000015258789,82320800.0,94.8499984741211,82617900.0,147.5241241455078,7357900.0,7.619999885559082,33746500.0
2022-11-18,236.7694511962655,236.9930953021771,232.41346518460608,234.5428466796875,27613500.0,1751.9000244140625,414.0,23.1200008392334,0.0,575.1229248046875,1115300.0,15.370904922485352,492072000.0,73.56999969482422,73223200.0,94.13999938964844,72428200.0,145.89797973632812,7555700.0,7.389999866485596,27245200.0
2022-11-21,234.74706643193417,237.8973866399334,234.51371927043425,235.34991455078125,26394700.0,1737.4000244140625,544.0,22.36000061035156,0.0,562.6443481445312,849800.0,15.279131889343262,404739000.0,72.45999908447266,51536300.0,92.45999908447266,84330300.0,142.754150390625,8015900.0,7.190000057220459,36605600.0
2022-11-22,236.8472334482416,238.51962368090963,234.04696420457608,238.24737548828125,19665700.0,1738.300048828125,15.0,21.290000915527344,0.0,578.080322265625,1082400.0,15.998350143432615,472866000.0,75.25,55450200.0,93.1999969482422,62192000.0,147.09046936035156,7017700.0,7.21999979019165,27327800.0
2022-11-23,238.32517685687512,241.40742716232413,237.50843223083615,240.726806640625,19508500.0,1744.9000244140625,39.0,20.350000381469727,0.0,585.488037109375,874700.0,16.47816276550293,427241000.0,76.4000015258789,81623600.0,94.12999725341795,59414700.0,150.03720092773438,5558900.0,7.369999885559082,24182900.0
2022-11-25,240.46428755240743,241.81581080755163,239.9003405690243,240.63931274414065,9200800.0,1753.300048828125,216.0,20.5,0.0,573.8431396484375,408900.0,16.22977638244629,167934000.0,75.13999938964844,26018900.0,93.41000366210938,35088600.0,151.1311492919922,3023700.0,7.28000020980835,10824400.0
2022-11-28,239.2683590463428,239.8225733878172,234.13451381597585,235.06793212890625,24778200.0,1740.0999755859375,132767.0,22.209999084472656,0.0,565.6015625,1056200.0,15.787871360778809,303741000.0,73.19000244140625,45383800.0,93.9499969482422,74943100.0,151.4662322998047,7931700.0,7.159999847412109,19438000.0
2022-11-29,234.71787945747192,236.069402727706,231.61619326885716,233.6775054931641,17956300.0,1748.4000244140625,19416.0,21.88999938964844,0.0,561.2191772460938,562900.0,15.600335121154783,298384000.0,73.38999938964844,51846400.0,92.41999816894533,65567300.0,149.4853057861328,6398100.0,7.079999923706055,22150800.0
2022-11-30,233.9108463177998,248.26227293636023,233.22049313047097,248.07752990722656,47594200.0,1746.0,3339.0,20.57999992370605,0.0,589.6279907226562,1569700.0,16.885486602783203,565298000.0,77.62999725341797,88468400.0,96.54000091552734,102805800.0,157.93128967285156,14591500.0,7.5,32745700.0
2022-12-01,246.8426904598809,249.03040883628205,243.97435155588244,247.63999938964844,26041500.0,1801.0999755859375,1053.0,19.84000015258789,0.0,592.6727294921875,1245900.0,17.09701156616211,470977000.0,77.4800033569336,59833400.0,95.5,68488000.0,144.87303161621094,33721500.0,7.860000133514404,34424400.0
2022-12-02,242.90484887721385,248.97211266889656,242.77844260274807,247.96090698242188,21528500.0,1795.9000244140625,1725.0,19.059999465942383,0.0,587.2913818359375,719800.0,16.838584899902344,371389000.0,74.9800033569336,64377200.0,94.12999725341795,72496400.0,142.46832275390625,15086700.0,7.659999847412109,18794000.0
2022-12-05,245.03420296466007,246.7941135147601,241.19354435975268,243.27430725097656,23435300.0,1767.4000244140625,1713.0,20.75,0.0,582.52099609375,873900.0,16.57317352294922,352255000.0,73.62000274658203,47022200.0,91.01000213623048,71535500.0,131.99212646484375,20294600.0,7.190000057220459,32158200.0
2022-12-06,243.8771473447241,244.88835294425144,237.03201078829812,238.3349151611328,22463700.0,1769.300048828125,105.0,22.170000076293945,0.0,575.0162963867188,839200.0,15.951555252075195,352694000.0,70.2699966430664,64965200.0,88.25,75503600.0,131.3417205810547,16981800.0,6.989999771118164,32868100.0
2022-12-07,238.0529405287907,239.3461270027659,235.5054686619729,237.6056671142578,20481500.0,1785.5,422.0,22.68000030517578,0.0,583.06396484375,878600.0,16.084260940551758,372388000.0,70.13999938964844,59180100.0,88.45999908447266,68086900.0,128.59207153320312,12915900.0,7.070000171661377,28351600.0
2022-12-08,238.062638200754,241.8546921233092,236.3319111474472,240.55177307128903,22611800.0,1788.699951171875,713.0,22.290000915527344,0.0,588.435546875,1019300.0,17.130937576293945,515456000.0,70.47000122070312,56734100.0,90.3499984741211,73305900.0,128.2471466064453,15156900.0,7.119999885559082,23107700.0
2022-12-09,237.9265006579388,241.4365734953146,237.40145482814447,238.62657165527344,20609700.0,1798.0999755859375,125.0,22.82999992370605,0.0,579.5250854492188,870700.0,16.96331024169922,465338000.0,68.58999633789062,59058300.0,89.08999633789062,67398500.0,129.2129364013672,10287500.0,7.110000133514404,23367300.0
2022-12-12,240.600391751391,245.5494930971703,240.32814355248385,245.52032470703125,30665100.0,1780.5,85.0,25.0,0.0,591.4412231445312,819600.0,17.496124267578125,457328000.0,70.66999816894531,60968300.0,90.5500030517578,61999800.0,131.1840057373047,11852400.0,7.289999961853027,22672400.0
2022-12-13,254.44620988669476,256.614492351379,246.0648232599692,249.80825805664065,42196900.0,1813.9000244140625,205.0,22.549999237060547,0.0,609.1653442382812,1334000.0,18.031930923461918,656589000.0,71.6500015258789,72458000.0,92.48999786376952,100212000.0,133.65768432617188,12579800.0,7.5,41033800.0
2022-12-14,250.01248566170935,255.32134114124744,247.27053790250687,250.09999084472656,35410900.0,1807.5,1074.0,21.13999938964844,0.0,597.1326904296875,1167500.0,17.634815216064453,496888000.0,68.93000030517578,67278000.0,91.58000183105467,70298000.0,132.80027770996094,9611800.0,7.349999904632568,22653800.0
2022-12-15,246.69684834391964,247.16355744305537,240.49344660406408,242.11721801757807,35560400.0,1777.199951171875,421.0,22.82999992370605,0.0,568.5103149414062,1420500.0,16.914417266845703,478542000.0,66.52999877929688,58557000.0,88.44999694824219,84802900.0,128.55264282226562,10807300.0,7.010000228881836,25417100.0
2022-12-16,241.6699776286764,242.9242630632895,236.76947979184487,237.9168243408203,86102000.0,1790.0,206.0,22.6200008392334,0.0,556.85595703125,2097300.0,16.534259796142578,478232000.0,65.41000366210938,62438600.0,87.86000061035156,146144100.0,126.41403198242188,15464700.0,6.900000095367432,32655600.0
2022-12-19,238.08212143380248,238.42243914772908,232.1023632453267,233.794189453125,29696400.0,1787.699951171875,79.0,22.420000076293945,0.0,551.3194580078125,906800.0,16.217960357666016,354039000.0,64.58999633789062,46246900.0,84.91999816894531,83531500.0,127.14332580566406,9441400.0,6.349999904632568,41511600.0
2022-12-20,232.77323628356203,236.1860865482313,231.82036751639757,235.1068115234375,25150800.0,1815.9000244140625,51.0,21.479999542236328,0.0,546.0352172851562,845700.0,16.049339294433594,403260000.0,65.05000305175781,52431300.0,85.19000244140625,74348300.0,126.59143829345705,8455500.0,6.309999942779541,30215600.0
2022-12-21,234.99985605475112,238.82106381583225,233.4635897668888,237.66400146484372,23690600.0,1815.9000244140625,35.0,20.06999969482422,0.0,563.2940063476562,797700.0,16.464414596557617,325025000.0,67.68000030517578,44167600.0,86.7699966430664,59267200.0,128.4146728515625,9313200.0,6.5,34408600.0
2022-12-22,234.58170694753687,235.2915105915822,227.39626920138844,231.59669494628903,28651700.0,1787.0,411.0,21.96999931335449,0.0,539.0445556640625,1351800.0,15.304993629455566,565045000.0,63.86000061035156,73917700.0,83.79000091552734,81431300.0,127.32072448730467,9968600.0,6.320000171661377,28066000.0
2022-12-23,229.5742784157877,232.25787396743928,227.46434761018264,232.1217498779297,21207000.0,1795.9000244140625,49.0,20.8700008392334,0.0,534.6036987304688,602600.0,15.172286033630373,349326000.0,64.5199966430664,45923000.0,85.25,57433700.0,127.56710052490234,5821300.0,6.289999961853027,20419000.0
2022-12-27,232.09264417818784,232.3162734921245,229.3020921713063,230.40081787109372,16688600.0,1814.800048828125,69.0,21.649999618530277,0.0,520.84521484375,802600.0,14.089693069458008,464902000.0,63.27000045776367,36086000.0,83.04000091552734,57284000.0,128.7694549560547,8300800.0,6.0,34573300.0
2022-12-28,230.33272967385747,233.0843952081068,227.68801986130745,228.03805541992188,17457100.0,1807.9000244140625,434.0,22.13999938964844,0.0,515.4736328125,609900.0,14.004881858825684,351066000.0,62.56999969482422,39526500.0,81.81999969482422,58228600.0,126.61114501953124,6249800.0,6.070000171661377,30096800.0
2022-12-29,229.12703678909463,235.2234829457409,229.12703678909463,234.3386688232422,19770700.0,1819.5,277.0,21.440000534057617,0.0,534.7007446289062,841000.0,14.570626258850098,354923000.0,64.81999969482422,41428500.0,84.18000030517578,54995900.0,130.6222381591797,7628800.0,6.400000095367432,42694200.0
2022-12-30,231.616175518438,233.31773420922852,230.1090777107405,233.18161010742188,21938500.0,1819.699951171875,95.0,21.670000076293945,0.0,529.7849731445312,703200.0,14.5816011428833,310490000.0,64.7699966430664,37127000.0,84.0,62401200.0,130.67153930664062,5630200.0,6.420000076293945,27830900.0
2023-01-03,236.3514059271456,238.94749699304796,230.82862391751695,232.9482879638672,25740000.0,1839.699951171875,29.0,22.899999618530277,0.0,532.8584594726562,675100.0,14.28326416015625,401277000.0,64.0199966430664,46851800.0,85.81999969482422,76706000.0,132.829833984375,8196400.0,6.389999866485596,29969900.0
2023-01-04,225.8503301279441,226.42399496515412,219.705279749588,222.75836181640625,50623400.0,1852.800048828125,25.0,22.01000022888184,0.0,553.4720458984375,1087300.0,14.716300010681152,431324000.0,64.66000366210938,47477100.0,85.13999938964844,68885100.0,137.57022094726562,14322600.0,6.579999923706055,31660500.0
2023-01-05,220.91093644040888,221.25125412142148,215.62151720752516,216.1562957763672,39585600.0,1834.800048828125,24.0,22.459999084472656,0.0,548.129638671875,710900.0,14.233376502990724,389168000.0,62.33000183105469,46159500.0,83.12000274658203,67930800.0,134.3672637939453,8493500.0,6.320000171661377,34186000.0
2023-01-06,216.82721193090404,219.5108079571904,213.2782522890228,218.7037811279297,43613600.0,1864.199951171875,26.0,21.1299991607666,0.0,577.731201171875,1025800.0,14.826056480407717,405044000.0,63.959999084472656,70161300.0,86.08000183105469,83303400.0,138.47691345214844,9145700.0,6.400000095367432,30596400.0
2023-01-09,220.18172344662707,224.8391416447206,220.14283719895343,220.8331756591797,27369800.0,1872.699951171875,62.0,21.96999931335449,0.0,602.4365844726562,1348800.0,15.593351364135742,504231000.0,67.23999786376953,69741300.0,87.36000061035156,65266100.0,144.97158813476562,13679700.0,6.5,31028900.0
2023-01-10,221.4554347527597,224.90717117777552,221.03734458217545,222.5152740478516,27033900.0,1871.5999755859373,101.0,20.57999992370605,0.0,614.129638671875,873900.0,15.873729705810549,384101000.0,68.05000305175781,41149600.0,89.87000274658203,67756600.0,145.30665588378906,6527700.0,6.699999809265137,28236600.0
2023-01-11,224.88771246329648,229.41872372216184,224.7127021200409,229.24371337890625,28669300.0,1874.5999755859373,1236.0,21.09000015258789,0.0,625.0762939453125,806500.0,15.965524673461914,353285000.0,69.05999755859375,44470100.0,95.08999633789062,103126200.0,142.80340576171875,13595000.0,6.980000019073486,25936700.0
2023-01-12,228.74785985566476,233.2594213403898,227.094919820166,231.90789794921875,27269500.0,1895.5,59.0,18.82999992370605,0.0,632.716796875,1322200.0,16.474395751953125,551409000.0,70.80000305175781,70066200.0,95.2699966430664,85254800.0,147.43539428710938,11678000.0,7.010000228881836,30152500.0
2023-01-13,230.4397030343515,232.7440953170416,228.4172768560429,232.60797119140625,21333300.0,1918.4000244140625,512.0,18.350000381469727,0.0,639.6299438476562,649700.0,16.861536026000977,447287000.0,71.0,45757400.0,98.12000274658205,85549400.0,147.34669494628906,8378100.0,6.960000038146973,20981000.0
2023-01-17,231.3828356610212,234.24145690846152,230.52718988997356,233.69696044921875,29831300.0,1907.199951171875,706.0,19.36000061035156,0.0,638.175537109375,902600.0,17.662752151489258,511102000.0,71.58999633789062,42621300.0,96.0500030517578,72755000.0,146.32179260253906,9407600.0,7.070000171661377,30910300.0
2023-01-18,234.88319223600368,235.67076853478864,229.0006572078567,229.2826232910156,30028700.0,1904.4000244140625,1027.0,20.34000015258789,0.0,632.4549560546875,1152700.0,17.338476181030273,439624000.0,70.52999877929688,39538700.0,95.45999908447266,79570400.0,143.34544372558594,7812600.0,6.900000095367432,32743400.0
2023-01-19,227.3088064182575,229.0006473536565,224.2946106317964,225.510009765625,28623000.0,1922.0999755859373,371.0,20.520000457763672,0.0,611.0851440429688,1534100.0,16.727828979492188,452932000.0,67.70999908447266,47189900.0,93.68000030517578,69002700.0,144.29153442382812,7070100.0,6.730000019073486,24841700.0
2023-01-20,228.3589093861448,234.07615156759215,228.0185916995672,233.57054138183597,35389800.0,1926.4000244140625,1346.0,19.850000381469727,0.0,629.1195678710938,1033200.0,17.79945182800293,564967000.0,70.06999969482422,47757600.0,97.25,67481500.0,149.06150817871094,10127100.0,7.019999980926514,28751700.0
2023-01-23,234.42620586269453,238.3835379806386,233.01633090813735,235.865234375,31934000.0,1927.0999755859373,218.0,19.809999465942383,0.0,655.47314453125,1780900.0,19.150449752807617,655163000.0,76.52999877929688,84293200.0,97.5199966430664,76501100.0,153.61465454101562,19922900.0,7.380000114440918,31633300.0
2023-01-24,235.78745289233305,237.19731304543689,233.7844773158166,235.34017944335935,40234400.0,1933.9000244140625,201.0,19.200000762939453,0.0,649.6361083984375,1066900.0,19.222288131713867,496204000.0,74.69999694824219,60822600.0,96.31999969482422,66929500.0,152.61929321289062,6390200.0,7.019999980926514,22649500.0
2023-01-25,227.9894454823822,236.56530958865665,224.5085403000208,233.94976806640625,66526600.0,1941.199951171875,7.0,19.07999992370605,0.0,660.805908203125,1569200.0,19.280160903930664,449537000.0,74.91000366210938,49932600.0,97.18000030517578,94261600.0,153.91033935546875,9390500.0,7.21999979019165,37147900.0
2023-01-26,236.90559786802248,241.4366094883561,235.30127691453504,241.13519287109372,33454500.0,1929.0999755859373,131.0,18.729999542236328,0.0,663.1038208007812,1593300.0,19.75809860229492,489535000.0,75.16000366210938,49583900.0,99.22000122070312,68523600.0,162.70126342773438,13354600.0,7.239999771118164,28005600.0
2023-01-27,242.0977830088241,242.9145276437586,239.9975698020656,241.29075622558597,26498900.0,1928.5999755859373,150902.0,18.51000022888184,0.0,647.0958862304688,1249700.0,20.319849014282227,542142000.0,75.4000015258789,58118600.0,102.23999786376952,87775600.0,162.13954162597656,9872300.0,7.550000190734863,37555200.0
2023-01-30,237.7418011609033,238.80164053803625,235.49574581512883,235.99163818359372,25867400.0,1922.9000244140625,27220.0,19.940000534057617,0.0,630.5352783203125,1209900.0,19.119518280029297,488611000.0,72.44999694824219,48105200.0,100.5500030517578,70691900.0,162.36618041992188,8169800.0,7.369999885559082,28567800.0
2023-01-31,236.7111267803919,241.08656355946167,236.22496713827303,240.950439453125,26541100.0,1929.5,1910.0,19.399999618530277,0.0,640.7449951171875,801800.0,19.493682861328125,498017000.0,75.1500015258789,71669100.0,103.12999725341795,66527300.0,165.53961181640625,6421300.0,7.78000020980835,40984000.0
2023-02-01,241.13520609235903,248.1164521150048,238.6752392493785,245.75372314453125,31259900.0,1927.800048828125,2290.0,17.8700008392334,0.0,657.8970336914062,1274200.0,20.89657211303711,660477000.0,84.63999938964844,152548200.0,105.1500015258789,80450100.0,169.33392333984375,8853900.0,8.199999809265137,50123700.0
2023-02-02,251.65572121722164,257.36323150604915,250.12917259535388,257.2757263183594,39940400.0,1916.300048828125,748.0,18.729999542236328,0.0,675.3692016601562,1318600.0,21.660865783691406,564276000.0,88.30999755859375,97762100.0,112.91000366210938,158154200.0,172.1130828857422,10667100.0,8.989999771118164,71889700.0
2023-02-03,252.35571631795867,256.88672704262075,249.98325525744332,251.1986541748047,29077300.0,1862.9000244140625,992.0,18.32999992370605,0.0,658.953857421875,1015800.0,21.05321884155273,429366000.0,86.08999633789062,66557800.0,103.38999938964844,144374800.0,168.56517028808594,6481700.0,8.40999984741211,64785500.0
2023-02-06,250.31385093688988,251.15003118493783,247.72747836908985,249.66238403320312,22518000.0,1866.199951171875,424.0,19.43000030517578,0.0,643.23388671875,783100.0,21.042245864868164,452197000.0,83.68000030517578,53008900.0,102.18000030517578,81945200.0,166.60397338867188,4310600.0,8.3100004196167,38845500.0
2023-02-07,253.31834411841427,261.33024559426707,252.88078856760492,260.1537475585937,50841400.0,1871.699951171875,297.0,18.65999984741211,0.0,659.509765625,1236100.0,22.12384033203125,664150000.0,85.91000366210938,65291900.0,102.11000061035156,119501300.0,168.8017120361328,6179200.0,8.329999923706055,42201800.0
2023-02-08,265.63764785701306,269.0991022332483,258.84111568990085,259.34674072265625,54686000.0,1877.4000244140625,230.0,19.6299991607666,0.0,644.030517578125,763900.0,22.155771255493164,559651000.0,84.69000244140625,54140400.0,100.0500030517578,75878300.0,167.17559814453125,7694500.0,8.220000267028809,35105500.0
2023-02-09,266.2210185187912,266.3960585481187,255.525505975814,256.32281494140625,42375100.0,1866.199951171875,223.0,20.709999084472656,0.0,645.3326416015625,686500.0,22.287473678588867,523876000.0,83.20999908447266,46525400.0,98.23999786376952,64622500.0,171.14727783203125,11512300.0,7.949999809265137,33366700.0
2023-02-10,254.2906513684381,256.77978626583,253.44473837157508,255.81719970703125,25818500.0,1862.800048828125,27.0,20.530000686645508,0.0,637.7728271484375,731800.0,21.217853546142575,550737000.0,81.4800033569336,49332600.0,97.61000061035156,52740100.0,164.61318969726562,11273700.0,7.510000228881836,43042400.0
2023-02-13,260.23156430688056,266.9988986544617,259.7551076492649,263.8096923828125,44630900.0,1851.9000244140625,569.0,20.34000015258789,0.0,649.812255859375,596000.0,21.739694595336918,474919000.0,83.12999725341797,45400000.0,99.54000091552734,52841500.0,168.60462951660156,8820300.0,7.610000133514404,87397100.0
2023-02-14,265.12232910655104,267.3586517330217,261.8261522809417,264.6361694335937,37047900.0,1854.0,656.0,18.90999984741211,0.0,658.3048706054688,1013400.0,22.920072555541992,675474000.0,85.94999694824219,55979700.0,99.6999969482422,56202900.0,167.50083923339844,8393100.0,9.220000267028809,216055200.0
2023-02-15,261.5461195793408,263.8952813592712,259.4601307903443,262.5208740234375,28922400.0,1834.199951171875,368.0,18.229999542236328,0.0,657.6537475585938,683500.0,22.713531494140625,420575000.0,85.18000030517578,46430200.0,101.16000366210938,47957600.0,168.62432861328125,4997000.0,10.109999656677246,153210400.0
2023-02-16,257.3546924253558,260.0060260617434,255.28821748394972,255.5319061279297,29603600.0,1842.0,222.0,20.170000076293945,0.0,637.7049560546875,946300.0,21.953224182128903,412026000.0,80.08000183105469,57755200.0,98.1500015258789,56339200.0,165.67759704589844,7483500.0,9.710000038146973,88638800.0
2023-02-17,252.8416216104908,253.52393201360653,249.53718908576167,251.5451812744141,30000100.0,1840.4000244140625,35.0,20.020000457763672,0.0,633.4779052734375,1149600.0,21.34058380126953,465888000.0,78.5,47826600.0,97.1999969482422,60029400.0,162.7801055908203,8084500.0,9.199999809265137,62137800.0
2023-02-21,248.0555633319736,249.0400750640908,245.2385229411217,246.291259765625,28397400.0,1833.0,862.0,22.8700008392334,0.0,611.9548950195312,1022700.0,20.60920524597168,410015000.0,76.7699966430664,44045600.0,94.58000183105467,56580400.0,159.281494140625,5210800.0,8.470000267028809,65226600.0
2023-02-22,247.6754527582978,247.91914146734572,244.02012212257884,245.16058349609372,22491100.0,1832.0,278.0,22.290000915527344,0.0,606.5426025390625,1017300.0,20.707983016967773,513184000.0,76.61000061035156,50286800.0,95.79000091552734,59534100.0,160.99630737304688,4343700.0,8.359999656677246,55346000.0
2023-02-23,249.10829119149065,250.3559759296498,244.15653587973247,248.33824157714844,29219100.0,1818.0,291.0,21.13999938964844,0.0,620.0297241210938,1093000.0,23.61153793334961,1117995000.0,79.75,76391300.0,95.81999969482422,48467000.0,161.7453155517578,4679400.0,8.170000076293945,60015500.0
2023-02-24,243.64969909955175,244.66343747539477,241.83665470499025,242.92837524414065,24990900.0,1808.800048828125,404.0,21.670000076293945,0.0,600.8775634765625,995700.0,23.23437118530273,589716000.0,78.08999633789062,46700000.0,93.5,57053800.0,159.85311889648438,6569900.0,8.09000015258789,41518600.0
2023-02-27,246.08655835575647,246.43747061453573,243.09405452761465,243.84461975097656,21190000.0,1817.0,829.0,20.950000762939453,0.0,614.1898193359375,804500.0,23.44889259338379,452994000.0,78.7699966430664,45617300.0,93.76000213623048,47470300.0,160.7794952392578,6891200.0,8.029999732971191,35270000.0
2023-02-28,242.78218154124548,245.141086337107,242.45075361028725,243.1233367919922,22491000.0,1828.9000244140625,618.0,20.700000762939453,0.0,600.2459716796875,1381700.0,23.164527893066406,455963000.0,78.58000183105469,44220100.0,94.2300033569336,43959300.0,161.24269104003906,6912600.0,7.840000152587891,32937000.0
2023-03-01,244.4294646797165,244.59517118131996,239.58493299824488,240.0528259277344,27565300.0,1837.699951171875,211.0,20.57999992370605,0.0,597.5445556640625,794300.0,22.647676467895508,460026000.0,78.29000091552734,44266000.0,92.16999816894533,52299500.0,164.9285888671875,15841200.0,7.690000057220459,27939100.0
2023-03-02,240.32578121944115,245.0533327272031,239.4095093951341,244.77066040039065,24808200.0,1833.5,154.0,19.59000015258789,0.0,606.5035400390625,795800.0,23.262311935424805,389415000.0,80.44000244140625,60108600.0,92.12999725341795,55509400.0,183.8901824951172,37712500.0,7.96999979019165,36538700.0
2023-03-03,245.8234076886405,249.16680940855412,245.04360089836095,248.8451385498047,30760100.0,1847.699951171875,61.0,18.489999771118164,0.0,619.3397216796875,1024100.0,23.837032318115234,412393000.0,81.5199966430664,54536200.0,94.9000015258789,55759600.0,183.7325134277344,12087200.0,8.329999923706055,43229100.0
2023-03-06,249.9563137281879,253.55316056454092,249.5176771350271,250.3852081298828,24109800.0,1847.9000244140625,5.0,18.61000061035156,0.0,603.3942260742188,1403000.0,23.501785278320312,437429000.0,81.16000366210938,54541300.0,93.75,52112400.0,181.1405487060547,10770300.0,8.279999732971191,28316200.0
2023-03-07,249.829618640908,251.18454195758375,246.99309375726955,247.73390197753903,21473200.0,1813.9000244140625,450.0,19.59000015258789,0.0,591.8699951171875,1033000.0,23.24031639099121,515154000.0,82.11000061035156,70959000.0,93.5500030517578,49100700.0,180.66751098632807,9024300.0,8.279999732971191,26819600.0
2023-03-08,247.62664002904884,248.1140173054097,244.4781869883585,247.29522705078125,17340200.0,1812.699951171875,75.0,19.11000061035156,0.0,601.8687133789062,1081800.0,24.131486892700195,513573000.0,85.37000274658203,69529800.0,93.91999816894533,44899100.0,180.3028717041016,6749100.0,8.130000114440918,38723600.0
2023-03-09,249.36176055143883,253.0073336989174,245.22879516854297,245.9501190185547,26653400.0,1829.300048828125,332.0,22.61000061035156,0.0,587.6235961914062,983800.0,23.388015747070312,501257000.0,84.02999877929688,79496700.0,92.25,56218700.0,176.13406372070312,7102400.0,7.690000057220459,29005900.0
2023-03-10,244.74141460422547,246.4082368307068,241.3492723748031,242.31427001953125,28333900.0,1862.0,248.0,24.799999237060547,0.0,584.1934814453125,1043500.0,22.917978286743164,474866000.0,82.66999816894531,70273600.0,90.7300033569336,69827500.0,170.67422485351562,14109000.0,7.349999904632568,41953600.0
2023-03-13,241.1543148292338,251.3989965851208,239.52647621107045,247.5097198486328,33339700.0,1911.699951171875,503.0,26.520000457763672,0.0,587.66259765625,966900.0,22.91897392272949,421890000.0,82.01000213623047,65269100.0,92.43000030517578,72397100.0,172.97052001953125,9154800.0,7.869999885559082,63183500.0
2023-03-14,250.26826629818711,254.479213692258,249.4007352202757,254.20628356933597,33620300.0,1906.199951171875,107.0,23.729999542236328,0.0,602.7431030273438,844600.0,24.013729095458984,474910000.0,87.44999694824219,66616300.0,94.87999725341795,60912700.0,180.2437438964844,10138100.0,7.889999866485596,33460100.0
2023-03-15,253.41673923474747,259.7526448252449,252.66615907277225,258.7388916015625,46028000.0,1926.5999755859373,564.0,26.13999938964844,0.0,589.5183715820312,1047200.0,24.17839241027832,524486000.0,89.68000030517578,86177400.0,96.1999969482422,70731800.0,180.2634429931641,7716900.0,7.900000095367432,28217400.0
2023-03-16,258.514689849532,269.57816182335324,256.6334203873444,269.2272644042969,54768800.0,1919.0,394.0,22.989999771118164,0.0,612.7128295898438,1063200.0,25.488704681396484,583253000.0,96.5999984741211,115839200.0,100.04000091552734,84446900.0,184.5899200439453,8369500.0,7.980000019073486,20255400.0
2023-03-17,271.23522516040924,276.1772083863334,269.3441988521381,272.37567138671875,69527400.0,1969.800048828125,82.0,25.51000022888184,0.0,615.754150390625,1109300.0,25.672325134277344,848547000.0,97.83999633789062,94080800.0,98.9499969482422,87300200.0,182.1753387451172,10493300.0,7.880000114440918,20920800.0
2023-03-20,269.98756773899805,270.47494508940247,263.0375619626868,265.35748291015625,43466600.0,1979.199951171875,389.0,24.149999618530277,0.0,628.0364379882812,935600.0,25.84696578979492,432747000.0,96.80999755859376,92008900.0,97.70999908447266,62388900.0,182.569580078125,5513200.0,8.079999923706055,25497400.0
2023-03-21,267.9405833138844,268.0575491212291,262.7158825243108,266.86834716796875,34558700.0,1938.0,47.0,21.3799991607666,0.0,623.9553833007812,848500.0,26.14535903930664,547408000.0,95.93000030517578,85285300.0,100.61000061035156,58597300.0,185.949951171875,6982000.0,8.449999809265137,27104500.0
2023-03-22,266.4979179833595,273.9450578612845,265.3087161087697,265.4159545898437,34873300.0,1946.800048828125,50.0,22.26000022888184,0.0,622.2453002929688,955500.0,26.413803100585938,797295000.0,97.58000183105467,110816300.0,98.6999969482422,57475400.0,183.8113555908203,6575600.0,8.210000038146973,34151000.0
2023-03-23,270.9232901997897,273.9645197282161,268.2524721711086,270.6503601074219,36610900.0,1993.800048828125,33.0,22.61000061035156,0.0,645.36181640625,1171500.0,27.13532447814941,564889000.0,100.27999877929688,84088900.0,98.70999908447266,57559300.0,184.7279052734375,8685000.0,8.329999923706055,22662200.0
2023-03-24,270.24098860593506,273.54542137989336,268.3304776871036,273.4869384765625,28172000.0,1982.0999755859373,19.0,21.739999771118164,0.0,629.2025146484375,842700.0,26.724164962768555,454920000.0,97.9499969482422,64712400.0,98.12999725341795,56095400.0,187.30999755859372,6102700.0,8.199999809265137,17901200.0
2023-03-27,273.41869458351096,274.3544507705297,268.56440544663616,269.4027099609375,26840200.0,1952.4000244140625,877.0,20.600000381469727,0.0,625.821044921875,800300.0,26.476675033569336,361026000.0,96.61000061035156,57461400.0,98.04000091552734,46721300.0,188.49261474609372,7776500.0,8.039999961853027,20666800.0
2023-03-28,268.8276290958363,269.1687992182552,265.18202599070054,268.2817687988281,21878600.0,1972.4000244140625,21.0,19.96999931335449,0.0,621.603759765625,793200.0,26.355920791625977,356104000.0,94.55999755859376,59150100.0,97.23999786376952,38720100.0,189.517578125,4899000.0,8.0,14860500.0
2023-03-29,271.91751837517444,274.0425058819728,271.38141527658803,273.42840576171875,25087000.0,1966.0999755859373,88563.0,19.1200008392334,0.0,640.4644775390625,1101800.0,26.928747177124023,393694000.0,96.08999633789062,55326000.0,100.25,49783300.0,193.79476928710935,8085200.0,8.220000267028809,15339700.0
2023-03-30,277.054537290587,277.27871183195333,274.3739618829966,276.8790588378906,25053400.0,1980.300048828125,10119.0,19.020000457763672,0.0,657.5274047851562,892500.0,27.326929092407227,364516000.0,97.87999725341795,59678500.0,102.0,53633400.0,193.75534057617188,6932500.0,8.149999618530273,21001600.0
2023-03-31,276.5671227721079,281.9672416312898,275.85554123239365,281.021728515625,32766000.0,1969.0,957.0,18.700000762939453,0.0,661.4434204101562,681600.0,27.720121383666992,433933000.0,98.01000213623048,55861100.0,103.29000091552734,56750300.0,196.8893280029297,6634300.0,8.449999809265137,26174800.0
2023-04-03,279.286723502298,280.992544334595,276.78162637356223,279.97882080078125,24883300.0,1983.9000244140625,737.0,18.549999237060547,0.0,654.9135131835938,657200.0,27.907739639282227,398716000.0,96.55999755859376,50655300.0,102.41000366210938,41135700.0,193.6469573974609,5340800.0,8.380000114440918,22512000.0
2023-04-04,279.9787787723989,283.117489822551,278.45816395278734,279.9300231933594,25824300.0,2022.199951171875,811.0,19.0,0.0,649.75390625,877900.0,27.396787643432617,368592000.0,95.87000274658205,43195900.0,103.9499969482422,48662500.0,194.34664916992188,4659100.0,8.350000381469727,23961200.0
2023-04-05,278.6336629350254,279.90083226436434,275.77763853693574,277.1617736816406,22064800.0,2020.9000244140625,525.0,19.07999992370605,0.0,645.1091918945312,850300.0,26.82596015930176,515015000.0,92.55999755859376,52979300.0,101.0999984741211,45175400.0,192.48403930664065,3953700.0,7.980000019073486,54946900.0
2023-04-06,276.0602288528665,284.70629698554035,274.9100256186965,284.2384338378906,29770300.0,2011.9000244140625,0.0,18.399999618530277,0.0,638.52099609375,679600.0,26.981639862060547,397654000.0,92.47000122070312,47778400.0,102.05999755859376,43808000.0,189.7639312744141,6304700.0,8.09000015258789,23488600.0
2023-04-10,281.90881108908263,282.2889797177499,277.5224147425445,282.08428955078125,23103000.0,1989.0999755859373,652.0,18.96999931335449,0.0,642.9130249023438,688700.0,27.52253150939941,395279000.0,95.4800033569336,52536300.0,102.16999816894533,37261200.0,188.7192840576172,5263800.0,8.390000343322754,29184700.0
2023-04-11,278.5360849095031,278.76028914263696,274.52985838680974,275.6897888183594,27276600.0,2004.800048828125,68.0,19.100000381469727,0.0,641.095947265625,787400.0,27.11336898803711,314378000.0,94.02999877929688,51935800.0,99.91999816894533,60417800.0,186.15692138671875,4907700.0,8.609999656677246,35617900.0
2023-04-12,277.6003898328518,279.7643463826104,274.8418174679427,276.33319091796875,27403400.0,2010.9000244140625,172.0,19.09000015258789,0.0,636.1307983398438,897300.0,26.44074821472168,446259000.0,92.33000183105467,53383100.0,97.83000183105467,56735000.0,187.56622314453125,5033400.0,8.329999923706055,28771300.0
2023-04-13,276.4306416753899,282.58134055975376,276.021261419223,282.5228576660156,24222700.0,2041.300048828125,1043.0,17.799999237060547,0.0,646.5764770507812,1118600.0,26.4088134765625,353615000.0,92.08999633789062,40572500.0,102.4000015258789,67925100.0,191.2126922607422,4716400.0,8.579999923706055,27983300.0
2023-04-14,279.7545649448243,281.19721243469814,276.52812965920475,278.9162902832031,20987900.0,2002.199951171875,718.0,17.06999969482422,0.0,647.3441162109375,645900.0,26.70321083068848,395660000.0,91.75,38734800.0,102.51000213623048,51450500.0,191.83355712890625,5073800.0,8.8100004196167,42364500.0
2023-04-17,282.6106328823751,284.23848637686285,278.93581824426053,281.5091552734375,23836200.0,1994.199951171875,554.0,16.950000762939453,0.0,620.9527587890625,1536500.0,26.94671058654785,321471000.0,89.87000274658203,47250800.0,102.73999786376952,39919500.0,194.2284393310547,5413500.0,8.800000190734863,26047500.0
2023-04-18,284.2092540026853,284.3944597878288,279.7643746535523,281.09002685546875,20161800.0,2007.4000244140625,72.0,16.829999923706055,0.0,625.121337890625,910300.0,27.6103458404541,604812000.0,89.77999877929688,46246300.0,102.3000030517578,39790500.0,195.6278839111328,4679000.0,8.729999542236328,21185300.0
2023-04-19,278.7700510801762,281.75279769664104,277.3566747962618,281.16796875,17150300.0,1995.199951171875,61.0,16.459999084472656,0.0,605.9498901367188,2266100.0,27.87381172180176,358660000.0,89.94000244140625,37344500.0,104.3000030517578,58398900.0,196.0417938232422,3665100.0,8.489999771118164,18193700.0
2023-04-20,278.04884052716665,281.7334129295421,277.8831191022566,278.8871154785156,23244400.0,2007.5999755859373,164.0,17.170000076293945,0.0,615.6376342773438,1692900.0,27.04850196838379,427713000.0,90.11000061035156,47082700.0,103.80999755859376,57696900.0,194.6521759033203,3620000.0,8.149999618530273,23573000.0
2023-04-21,277.8148324496472,279.04300308117706,275.91404898236954,278.5458984375,21676400.0,1979.5,132.0,16.770000457763672,0.0,616.51220703125,982000.0,27.06346893310547,345103000.0,88.43000030517578,41118300.0,106.95999908447266,86774200.0,196.15017700195312,4860100.0,8.180000305175781,14896700.0
2023-04-24,274.9685754009273,277.75638957147896,271.6836565150722,274.6566467285156,26611000.0,1989.0999755859373,145.0,16.889999389648438,0.0,609.6228637695312,1431400.0,26.986629486083984,339282000.0,87.56999969482422,40423800.0,106.20999908447266,69575600.0,192.09967041015625,4449700.0,8.100000381469727,20439300.0
2023-04-25,272.453630628669,274.49086389532874,268.4181328560901,268.4668884277344,45772200.0,1994.0,306.0,18.76000022888184,0.0,588.6148681640625,1404900.0,26.18726921081543,378527000.0,83.80000305175781,52771500.0,102.56999969482422,65026800.0,187.91116333007807,5010000.0,7.739999771118164,21849100.0
2023-04-26,289.20974000859206,292.0072813214267,285.3399625443694,287.9132995605469,64599200.0,1985.699951171875,615.0,18.84000015258789,0.0,591.860107421875,844200.0,26.90080451965332,406337000.0,85.94000244140625,47786600.0,104.9800033569336,73803800.0,188.7488555908203,4007600.0,7.739999771118164,21396700.0
2023-04-27,288.4981777647632,297.495175228431,287.79635312272336,297.1344909667969,46462600.0,1989.9000244140625,355.0,17.030000686645508,0.0,611.43017578125,1127000.0,27.17025375366211,377161000.0,87.44000244140625,53087200.0,109.81999969482422,149961200.0,193.10491943359372,4794400.0,7.820000171661377,21385500.0
2023-04-28,296.3351904861564,301.13096702652024,295.6528502866571,299.5031433105469,36469600.0,1990.0999755859373,152.0,15.779999732971191,0.0,618.8345947265625,823000.0,27.69218063354492,292216000.0,89.37000274658203,50686100.0,105.4499969482422,130715900.0,195.49972534179688,4094600.0,7.75,24924400.0
2023-05-01,299.2204771506516,300.8093322076719,297.4464163049507,297.8460693359375,21294100.0,1983.4000244140625,210.0,16.079999923706055,0.0,619.0274658203125,469300.0,28.850805282592773,570329000.0,89.69000244140625,59358700.0,102.0500030517578,74728100.0,194.9281311035156,2882900.0,7.78000020980835,19134200.0
2023-05-02,299.9905085390908,301.3746435203023,296.237697087883,297.6998291015625,26404400.0,2014.300048828125,1896.0,17.780000686645508,0.0,617.9067993164062,738100.0,28.15223503112793,402730000.0,89.91000366210938,70483500.0,103.62999725341795,73469400.0,191.0352783203125,6051000.0,7.590000152587891,38008000.0
2023-05-03,298.87925796823623,300.8190101503688,296.413129960088,296.7153015136719,22360800.0,2028.5999755859373,1349.0,18.34000015258789,0.0,618.5791625976562,582900.0,27.74507141113281,383387000.0,81.62000274658203,109482200.0,103.6500015258789,65051900.0,189.8230743408203,3779900.0,7.559999942779541,24322400.0
2023-05-04,298.5088623937183,299.9905085390908,295.74056268414336,297.6998291015625,22519900.0,2048.0,930.0,20.09000015258789,0.0,618.8812866210938,614000.0,27.50556182861328,321850000.0,86.61000061035156,122840500.0,104.0,45345500.0,189.59642028808597,4386500.0,7.380000114440918,29989300.0
2023-05-05,298.0020524230705,304.094270204725,296.58864599886385,302.8075866699219,28197100.0,2017.4000244140625,59.0,17.190000534057617,0.0,633.7625732421875,801400.0,28.62127494812012,361494000.0,89.83999633789062,78491100.0,105.66000366210938,56951700.0,194.73101806640625,4284400.0,7.409999847412109,45848800.0
2023-05-08,302.3006492277248,302.3688891891244,298.36263230970064,300.8580017089844,21318600.0,2026.300048828125,3.0,16.979999542236328,0.0,638.3135986328125,518900.0,29.0913143157959,344979000.0,95.04000091552734,95503200.0,105.83000183105467,49430900.0,195.03651428222656,4169400.0,7.739999771118164,105304000.0
2023-05-09,300.22444953048654,302.2129574604757,298.5771116971217,299.24969482421875,21340800.0,2036.199951171875,241.0,17.709999084472656,0.0,626.6775512695312,746100.0,28.51249885559082,314869000.0,95.05999755859376,68674800.0,106.62000274658205,44089400.0,198.2690887451172,6996800.0,9.550000190734863,223573300.0
2023-05-10,300.8287815493971,305.09821176430125,299.9027824610233,304.4256286621094,30078000.0,2030.5,248.0,16.940000534057617,0.0,640.4088745117188,813600.0,28.825855255126957,369350000.0,97.0199966430664,95619500.0,110.19000244140624,78627600.0,201.88601684570312,6535600.0,9.9399995803833,149375000.0
2023-05-11,302.2714311285641,303.2656701896078,298.5283767405059,302.2811584472656,31680200.0,2014.699951171875,90.0,16.93000030517578,0.0,633.6358642578125,560600.0,28.519481658935547,322149000.0,97.0999984741211,57061000.0,112.18000030517578,74924800.0,200.5259704589844,5366300.0,9.880000114440918,73754100.0
2023-05-12,302.71008236022425,302.80756378679547,298.8598188614768,301.16998291015625,19774700.0,2014.5,115.0,17.030000686645508,0.0,631.02392578125,375300.0,28.28196907043457,274222000.0,95.26000213623048,53829700.0,110.26000213623048,49852700.0,198.88998413085935,4733600.0,9.5,62123900.0
2023-05-15,301.2966855922646,302.0764774582507,299.82479646702666,301.6475830078125,16336500.0,2018.0,3.0,17.1200008392334,0.0,638.9957275390625,893400.0,28.89371681213379,293926000.0,97.4000015258789,51749200.0,111.1999969482422,53011100.0,200.38796997070312,4518200.0,9.520000457763672,53555500.0
2023-05-16,302.0082708882203,305.7903243255261,302.0082708882203,303.8700561523437,26730300.0,1988.4000244140625,49.0,17.989999771118164,0.0,635.4484252929688,709600.0,29.153181076049805,449405000.0,101.4800033569336,90622900.0,113.4000015258789,71472900.0,201.6001739501953,4423200.0,9.470000267028809,42311900.0
2023-05-17,305.0715691203483,307.1620885056331,303.5573787677108,306.7420349121094,24315000.0,1980.699951171875,13.0,16.8700008392334,0.0,653.4287109375,1162700.0,30.1162109375,432535000.0,103.75,75240900.0,115.5,65655200.0,206.35044860839844,5772200.0,10.25,63834500.0
2023-05-18,307.2598287418547,311.665592368816,306.4685537852504,311.1575927734375,27276000.0,1956.5,23.0,16.049999237060547,0.0,678.211181640625,1459000.0,31.613136291503903,748725000.0,107.93000030517578,74338700.0,118.1500015258789,73174100.0,210.23342895507807,5165500.0,11.739999771118164,171402300.0
2023-05-19,309.4187276052405,311.38227715164794,309.05728471229986,310.98175048828125,27546700.0,1978.699951171875,106.0,16.809999465942383,0.0,676.3302612304688,949700.0,31.199981689453125,473908000.0,105.81999969482422,67880200.0,116.25,55056300.0,207.31625366210935,6091600.0,11.710000038146973,150269300.0
2023-05-22,311.23578210832846,315.1335464128176,310.6594231373723,313.7561340332031,24115700.0,1974.800048828125,8.0,17.209999084472656,0.0,680.8522338867188,856000.0,31.112171173095703,372000000.0,108.0,65424200.0,115.01000213623048,70741100.0,207.21771240234372,3890800.0,11.84000015258789,76377100.0
2023-05-23,312.63269496953484,315.26051959828607,307.9631830299581,307.97296142578125,30797200.0,1972.4000244140625,1.0,18.530000686645508,0.0,664.0999755859375,958600.0,30.62516212463379,356253000.0,108.12000274658205,73099100.0,114.98999786376952,67576300.0,203.6501007080078,4256800.0,12.640000343322754,148701800.0
2023-05-24,307.4551840291494,309.18426063109985,305.384161727715,306.59552001953125,23384900.0,1962.800048828125,189.0,20.030000686645508,0.0,649.813232421875,1159300.0,30.47547149658203,721419000.0,108.2699966430664,65910500.0,116.75,63487900.0,206.03504943847656,4894000.0,12.229999542236328,90496900.0
2023-05-25,315.7684901108892,319.3438949651791,312.6033903237595,318.3865661621094,43301700.0,1943.0999755859373,1.0,19.13999938964844,0.0,690.4417724609375,1929800.0,37.90222930908203,1543911000.0,120.3499984741211,108514700.0,115.0,66496700.0,206.872802734375,6496700.0,12.84000015258789,106557800.0
2023-05-26,316.5304646832212,325.69365647680604,316.3937162001289,325.1954650878906,36630600.0,1944.0999755859373,166036.0,17.950000762939453,0.0,717.1928100585938,2349100.0,38.86626052856445,714397000.0,127.02999877929688,92922800.0,120.11000061035156,96779900.0,212.32278442382807,6933300.0,13.649999618530272,127311200.0
2023-05-30,327.4813593124993,327.9795506793169,322.8802068277949,323.55426025390625,29503100.0,1958.0,37838.0,17.459999084472656,0.0,709.718017578125,1411100.0,40.02887344360352,923401000.0,125.2699966430664,98902300.0,121.66000366210938,64314800.0,215.703125,10421000.0,14.710000038146973,159089300.0
2023-05-31,324.6093785426529,328.1750056152529,319.7640036932789,320.7995300292969,45950600.0,1963.9000244140625,5959.0,17.940000534057617,0.0,704.5238037109375,1347600.0,37.75653839111328,1002580000.0,118.20999908447266,87552200.0,120.58000183105467,72800800.0,220.14788818359372,19624000.0,14.710000038146973,130392200.0
2023-06-01,318.396295279445,325.8206313081567,317.21427212946173,324.892578125,26773900.0,1978.0,750.0,15.649999618530272,0.0,708.2660522460938,992100.0,39.68856430053711,635873000.0,119.47000122070312,66032900.0,122.7699966430664,54375100.0,209.81951904296875,20907400.0,14.539999961853027,126015100.0
2023-06-02,326.5240483342397,329.6989268894717,324.8633307035517,327.6474609375,25873800.0,1952.4000244140625,356.0,14.600000381469728,0.0,706.2000732421875,813800.0,39.2464714050293,482731000.0,117.86000061035156,52382400.0,124.25,61264400.0,209.94764709472656,11026900.0,14.520000457763672,79487600.0
2023-06-05,327.4715679849584,330.7343620719764,326.92451447409195,328.1749267578125,21307100.0,1958.0,713.0,14.729999542236328,0.0,703.8124389648438,663700.0,39.09079360961914,396094000.0,117.93000030517578,52602900.0,125.3000030517578,47950100.0,206.823486328125,7804400.0,15.239999771118164,109017800.0
2023-06-06,327.57901828059016,327.6181020499909,324.4920861780968,325.9671630859375,20396200.0,1965.5,164.0,13.960000038146973,0.0,698.38427734375,845400.0,38.574851989746094,388729000.0,124.2300033569336,75257500.0,126.61000061035156,45695200.0,209.77024841308597,6796000.0,15.460000038146973,74284300.0
2023-06-07,323.9841067025186,326.75845825838536,315.045609330463,315.9052734375,40717100.0,1942.699951171875,139.0,13.9399995803833,0.0,692.1275634765625,921200.0,37.40213394165039,511998000.0,117.83000183105467,81755200.0,121.2300033569336,95663300.0,202.7532501220703,9323900.0,14.6899995803833,227244100.0
2023-06-08,316.4522947423508,319.08989754628954,315.8759358684607,317.7417907714844,23277700.0,1963.5999755859373,433.0,13.649999618530272,0.0,701.7171630859375,762400.0,38.43511962890625,417772000.0,121.0500030517578,65246900.0,124.25,62159300.0,206.49826049804688,5548600.0,15.1899995803833,115591600.0
2023-06-09,317.4780989455627,322.3625278277662,316.9115183125898,319.23651123046875,22529000.0,1962.199951171875,49.0,13.829999923706056,0.0,697.6337890625,864500.0,38.69462203979492,427717000.0,124.91999816894533,75105000.0,123.43000030517578,51396000.0,212.1946258544922,7676700.0,15.020000457763672,94126300.0
2023-06-12,320.9850390669164,324.42369526305714,317.64410719983425,324.1794738769531,24260300.0,1955.300048828125,212.0,15.010000228881836,0.0,711.5794677734375,1058900.0,39.40523147583008,388701000.0,129.19000244140625,85394700.0,126.56999969482422,51338000.0,210.5980529785156,11568300.0,15.649999618530272,89900400.0
2023-06-13,326.7389731466065,329.1909658826221,322.7532924631113,326.5631408691406,22951300.0,1944.5999755859373,343.0,14.609999656677246,0.0,718.4987182617188,876100.0,40.942230224609375,613208000.0,124.52999877929688,132461900.0,126.66000366210938,50564800.0,205.95623779296875,11698900.0,16.0,112765900.0
2023-06-14,326.61194558065387,331.2033200737011,325.1173117243528,329.5426025390625,26003800.0,1955.300048828125,202.0,13.880000114440918,0.0,721.36376953125,821400.0,42.91339874267578,740465000.0,127.33000183105467,95888100.0,126.41999816894533,52422500.0,206.37013244628903,8963400.0,15.90999984741211,70871900.0
2023-06-15,329.6793438273172,341.753634830536,329.4058170677285,340.0538635253906,38899100.0,1957.800048828125,329.0,14.5,0.0,719.8825073242188,820400.0,42.570068359375,568622000.0,124.23999786376952,85587100.0,127.11000061035156,60458500.0,208.85369873046875,7905400.0,16.600000381469727,91200900.0
2023-06-16,343.19939555884866,343.3459224105444,334.04598387273194,334.41717529296875,46552000.0,1958.4000244140625,119.0,13.539999961853027,0.0,703.5006103515625,1337400.0,42.60899353027344,655709000.0,120.08000183105467,82007100.0,125.48999786376952,84247100.0,208.6959991455078,13672700.0,16.299999237060547,90696200.0
2023-06-20,331.4670609717045,334.1730234363889,328.0967936208768,330.2361755371094,26375400.0,1935.5,193.0,13.880000114440918,0.0,702.0679321289062,799300.0,43.72282409667969,451153000.0,118.93000030517578,58851800.0,125.77999877929688,56930100.0,213.8306121826172,9522900.0,15.789999961853027,81335000.0
2023-06-21,328.5950218821544,329.9236018707608,324.39442550484875,325.8499755859375,25117800.0,1933.300048828125,557.0,13.199999809265137,0.0,689.291748046875,820300.0,42.961307525634766,551603000.0,112.11000061035156,82835600.0,124.83000183105467,52137700.0,206.55740356445312,7971600.0,14.640000343322754,97885000.0
2023-06-22,326.39703135157714,332.2583453008443,325.63506173065974,331.8578186035156,23556800.0,1912.699951171875,237.0,12.90999984741211,0.0,699.1443481445312,699800.0,42.941349029541016,417737000.0,110.6999969482422,70754800.0,130.14999389648438,90354600.0,210.20384216308597,5689800.0,14.050000190734863,103461000.0
2023-06-23,326.6314360457984,330.1482299651682,325.74249643584824,327.27618408203125,23146900.0,1919.0999755859373,105.0,13.4399995803833,0.0,680.1213989257812,916900.0,42.12693786621094,358140000.0,110.01000213623048,73622000.0,129.3300018310547,71927800.0,207.05015563964844,14037600.0,14.029999732971191,74851000.0
2023-06-26,326.00625756335666,328.340998601614,320.8971352379601,321.0046081542969,21520600.0,1923.699951171875,71.0,14.25,0.0,682.4114990234375,714000.0,40.553001403808594,594322000.0,107.51000213623048,68557000.0,127.33000183105467,59989300.0,204.3596649169922,4771500.0,13.9399995803833,50679900.0
2023-06-27,324.18919728458985,328.38004429209786,321.68837287006505,326.8365783691406,24354100.0,1914.0,49.0,13.739999771118164,0.0,706.6190795898438,1115800.0,41.79458236694336,462175000.0,110.38999938964844,59381600.0,129.17999267578125,46801000.0,205.79855346679688,4014800.0,14.609999656677246,55410500.0
2023-06-28,326.924509469394,330.1677765285819,326.0941508206252,328.0870056152344,20259500.0,1912.300048828125,628.0,13.43000030517578,0.0,705.7517700195312,866400.0,41.037052154541016,582639000.0,110.16999816894533,67534100.0,129.0399932861328,52149500.0,209.10006713867188,4775900.0,15.279999732971191,66001000.0
2023-06-29,326.97331297168574,328.3409466072507,324.9316260064178,327.3054504394531,16997000.0,1909.199951171875,289.0,13.539999961853027,0.0,704.9329833984375,768100.0,40.74263000488281,380514000.0,111.23999786376952,58347200.0,127.9000015258789,40761000.0,207.38522338867188,3838300.0,15.199999809265137,46300900.0
2023-06-30,329.94312088694005,334.8080220472076,329.4058457163647,332.66864013671875,26832800.0,1921.0999755859373,445.0,13.59000015258789,0.0,706.2974853515625,963600.0,42.219757080078125,501148000.0,113.91000366210938,53378800.0,130.36000061035156,54350700.0,208.20323181152344,5984200.0,15.329999923706056,42195300.0
2023-07-03,331.3498259032752,333.02029191600536,328.7903904255227,330.17755126953125,12508700.0,1921.699951171875,41.0,13.56999969482422,0.0,715.1949462890625,531900.0,42.330528259277344,198209000.0,115.81999969482422,31860000.0,130.22000122070312,28264800.0,208.5876007080078,2400000.0,15.520000457763672,26037400.0
2023-07-05,327.3445947298887,333.7529619318794,326.9929302209396,330.3338623046875,18172400.0,1919.5999755859373,193.0,14.18000030517578,0.0,697.4486694335938,954800.0,42.23472213745117,323618000.0,113.9499969482422,49501600.0,130.3800048828125,35895400.0,210.7262115478516,5069300.0,15.699999809265137,39179900.0
2023-07-06,329.5034771232006,335.0619581701481,327.7450950952517,333.3817138671875,28161200.0,1908.699951171875,81.0,15.4399995803833,0.0,681.5051879882812,1218700.0,42.02114486694336,303582000.0,113.4800033569336,42342000.0,128.36000061035156,40639900.0,207.09945678710935,4250900.0,15.130000114440918,56534000.0
2023-07-07,331.4767889612989,333.8896972947202,329.21040748776585,329.4253234863281,21214800.0,1926.199951171875,61.0,14.829999923706056,0.0,679.000732421875,1352000.0,42.42035675048828,355881000.0,113.16999816894533,37211300.0,129.77999877929688,41992300.0,206.55740356445312,3022200.0,15.34000015258789,48273300.0
2023-07-10,326.86587333332807,327.48131592887023,320.01789687690416,324.1598815917969,32791400.0,1925.0,269.0,15.06999969482422,0.0,691.75732421875,930900.0,42.09798431396485,353908000.0,113.58000183105467,49330200.0,127.12999725341795,61889300.0,209.7307891845703,3820100.0,16.299999237060547,62823600.0
2023-07-11,323.4077743662795,325.1661566846007,319.4416208471581,324.7851867675781,26698200.0,1931.300048828125,142.0,14.84000015258789,0.0,687.0503540039062,623200.0,42.32254409790039,298244000.0,111.31999969482422,59899500.0,128.77999877929688,49951500.0,217.9698486328125,10028100.0,16.489999771118164,63236600.0
2023-07-12,328.81965499219945,333.7529146882439,327.9111586604982,329.4057922363281,29995300.0,1956.199951171875,132.0,13.539999961853027,0.0,706.4046630859375,1311700.0,43.81663513183594,481277000.0,114.58000183105467,57993100.0,130.8000030517578,54022800.0,223.99143981933597,8923500.0,16.59000015258789,50079400.0
2023-07-13,331.71121221123786,335.7945861289157,331.18368573483207,334.73956298828125,20567200.0,1959.199951171875,121.0,13.609999656677246,0.0,731.6256103515625,1209100.0,45.88759994506836,478204000.0,115.91999816894533,49206700.0,134.3000030517578,61170900.0,227.03672790527344,5800300.0,16.739999771118164,58397800.0
2023-07-14,339.55563567406386,343.3068725083686,336.35145234816736,337.25994873046875,28352700.0,1960.0999755859373,94.0,13.34000015258789,0.0,734.8223266601562,1843900.0,45.38059997558594,772075000.0,115.94000244140624,91927200.0,134.67999267578125,54487100.0,226.01177978515625,4278700.0,16.399999618530273,45115000.0
2023-07-17,337.6897547836129,338.9694723365567,334.2902125016096,337.7386169433594,20363900.0,1952.4000244140625,29.0,13.479999542236328,0.0,735.2802734375,1355200.0,46.37066650390625,510488000.0,118.31999969482422,68593300.0,133.55999755859375,48450200.0,224.7010040283203,3557900.0,17.399999618530273,63505000.0
2023-07-18,337.8363418414127,358.302107565512,334.2609666964125,351.1806030273437,64738600.0,1977.199951171875,83.0,13.300000190734863,0.0,737.755615234375,1220600.0,47.401649475097656,569164000.0,117.93000030517578,57980100.0,132.8300018310547,54882900.0,224.3363800048828,5092700.0,18.07999992370605,87117600.0
2023-07-19,353.388368189592,354.0819486228708,344.293565577068,346.8725280761719,39732900.0,1977.5,35.0,13.760000228881836,0.0,697.5558471679688,2406200.0,46.98546600341797,427502000.0,116.43000030517578,70363100.0,135.36000061035156,54531000.0,230.97886657714844,8516300.0,18.049999237060547,89044600.0
2023-07-20,345.3974090978353,349.6956992819866,337.3869361725058,338.8522644042969,33778400.0,1968.300048828125,638.0,13.989999771118164,0.0,658.9152221679688,2918800.0,45.43149566650391,537865000.0,110.25,76340400.0,129.9600067138672,59820600.0,224.85870361328125,5303000.0,17.1299991607666,62711600.0
2023-07-21,341.07956227112305,342.20297462021114,331.9749823654145,335.82391357421875,69405400.0,1964.300048828125,50.0,13.600000381469728,0.0,675.7066650390625,2524100.0,44.22285079956055,963769000.0,110.9499969482422,76815400.0,130.0,133307300.0,224.76014709472656,3529700.0,16.43000030517578,63375900.0
2023-07-24,337.85585009967554,338.9011247209187,334.3976671440658,337.1329345703125,26678100.0,1960.300048828125,2.0,13.90999984741211,0.0,667.052734375,1145300.0,44.5252571105957,382516000.0,110.61000061035156,45583600.0,128.8000030517578,45591100.0,222.39486694335935,5363200.0,16.31999969482422,36133600.0
2023-07-25,339.0867675369492,343.75630961701245,337.09394225294653,342.8673400878906,41637700.0,1962.0999755859373,19.0,13.859999656677246,0.0,669.8008422851562,1061900.0,45.59018707275391,348081000.0,113.0,44916300.0,129.1300048828125,39236700.0,222.7595367431641,3203700.0,16.549999237060547,36612900.0
2023-07-26,333.5477989926325,336.70314999869004,325.41032580255074,329.9626159667969,58383700.0,1968.9000244140625,51.0,13.1899995803833,0.0,666.8772583007812,752200.0,45.36362457275391,364237000.0,110.08999633789062,51721700.0,128.14999389648438,53910100.0,222.3160400390625,4856700.0,16.43000030517578,35804800.0
2023-07-27,332.61003601882766,333.4403649695194,321.444210409782,323.0756225585937,39635300.0,1945.4000244140625,194253.0,14.40999984741211,0.0,690.0907592773438,1488800.0,45.81075286865234,455976000.0,111.0999984741211,70678000.0,128.25,52610700.0,221.89224243164065,4299600.0,16.149999618530273,50685200.0
2023-07-28,325.9573926830905,332.1508430764587,325.4689499409115,330.5487365722656,28484900.0,1960.4000244140625,23155.0,13.329999923706056,0.0,700.0799560546875,949800.0,46.65910339355469,331194000.0,112.95999908447266,55526000.0,132.2100067138672,46317400.0,222.33575439453125,4238700.0,17.809999465942383,106125600.0
2023-07-31,329.13228102338303,329.89425053304086,325.6545411607463,328.1553955078125,25446000.0,1970.5,1025.0,13.630000114440918,0.0,698.1697998046875,789100.0,46.63814163208008,251055000.0,114.4000015258789,54187300.0,133.67999267578125,41901500.0,221.75425720214844,5571900.0,19.84000015258789,142173800.0
2023-08-01,327.4422614370604,330.7148339075202,325.9867115450311,328.565673828125,18311900.0,1940.699951171875,688.0,13.93000030517578,0.0,692.2048950195312,555100.0,46.41657638549805,237858000.0,117.5999984741211,95279300.0,131.69000244140625,42098500.0,221.0250396728516,4212600.0,19.989999771118164,99336200.0
2023-08-02,325.9183364890345,325.9183364890345,318.8163593371292,319.9300231933594,27761300.0,1937.4000244140625,652.0,16.09000015258789,0.0,667.1524047851562,1025400.0,44.18292617797852,530142000.0,109.3499984741211,173372000.0,128.2100067138672,51027600.0,217.30953979492188,5127000.0,18.96999931335449,98215800.0
2023-08-03,318.46465754141326,322.25497786737617,318.41582519365545,319.1094055175781,18253700.0,1932.0,773.0,15.920000076293944,0.0,665.1500854492188,920200.0,44.42844772338867,324176000.0,113.1500015258789,90605400.0,128.91000366210938,88585200.0,212.4410095214844,5515200.0,18.709999084472656,54345900.0
2023-08-04,324.20878906184083,327.393445572908,319.67602568873457,320.2035522460937,23741500.0,1939.5999755859373,290.0,17.100000381469727,0.0,662.249267578125,891600.0,44.59312438964844,362666000.0,115.81999969482422,83169700.0,139.57000732421875,153128500.0,211.48504638671875,4800400.0,18.200000762939453,72386000.0
2023-08-07,320.77990397221754,323.45656084506595,319.94954529049863,322.47967529296875,17741500.0,1933.5,376.0,15.770000457763672,0.0,677.27099609375,663500.0,45.32869720458984,322154000.0,116.80999755859376,65854800.0,142.22000122070312,71213100.0,212.9337921142578,3615200.0,17.989999771118164,133808400.0
2023-08-08,319.4024887084689,321.151122177393,315.5340303066097,318.5135192871094,22327600.0,1924.0999755859373,555.0,15.989999771118164,0.0,663.5482788085938,746700.0,44.57716369628906,353843000.0,113.2300033569336,54141800.0,139.94000244140625,51710500.0,208.5186004638672,4843800.0,17.040000915527344,143014200.0
2023-08-09,318.9237839533281,319.5489751191951,313.6290518646597,314.78179931640625,22373300.0,1915.4000244140625,451.0,15.960000038146973,0.0,656.8285522460938,685200.0,42.47126388549805,586449000.0,110.47000122070312,56257100.0,137.85000610351562,50017300.0,202.88137817382807,7847500.0,15.25,126230400.0
2023-08-10,318.48424072838094,320.6724848006537,313.75611788086866,315.4656677246094,20113700.0,1914.4000244140625,178.0,15.850000381469728,0.0,662.024658203125,913900.0,42.30558776855469,492705000.0,110.2300033569336,57297800.0,138.55999755859375,58928400.0,205.2368011474609,4004700.0,15.40999984741211,73129100.0
2023-08-11,312.8573627235517,314.9576606059445,311.83161505156005,313.59002685546875,24355500.0,1912.9000244140625,57.0,14.84000015258789,0.0,646.3680419921875,806000.0,40.77556610107422,533085000.0,107.56999969482422,55667700.0,138.41000366210938,42905800.0,205.68028259277344,2930800.0,15.40999984741211,56616800.0
2023-08-14,313.9612471638397,316.5695147707091,312.68149972344554,316.54998779296875,18836100.0,1910.5999755859373,46.0,14.81999969482422,0.0,651.02685546875,957400.0,43.667930603027344,690286000.0,111.9800033569336,57421800.0,140.57000732421875,47148700.0,208.9916839599609,3304700.0,15.720000267028809,47511400.0
2023-08-15,315.53404351386234,317.5757308061961,313.482577825794,314.4203796386719,16966300.0,1902.5,73.0,16.459999084472656,0.0,636.5228271484375,633100.0,43.85456466674805,676512000.0,111.3499984741211,53816600.0,137.6699981689453,42781500.0,205.75912475585935,4076400.0,15.369999885559082,44000400.0
2023-08-16,314.0483137596947,317.5921510091484,313.069360125936,313.65673828125,20698900.0,1896.0999755859373,22.0,16.780000686645508,0.0,631.3851318359375,665300.0,43.40144729614258,527451000.0,107.19000244140624,54327300.0,135.07000732421875,41675900.0,203.9950256347656,2759600.0,15.449999809265137,40394600.0
2023-08-17,313.79391260029473,315.09590822983125,309.5550251977014,310.2109375,21257200.0,1884.0999755859373,245.0,17.889999389648438,0.0,629.3341674804688,797100.0,43.25972366333008,452395000.0,104.44000244140624,59064300.0,133.97999572753906,48354100.0,200.8905792236328,4062700.0,14.149999618530272,91086700.0
2023-08-18,307.8711973932979,311.679342341884,304.99307058455463,309.8193359375,24755000.0,1886.0999755859373,19.0,17.299999237060547,0.0,640.068115234375,937600.0,43.21480941772461,583768000.0,105.4499969482422,59916700.0,133.22000122070312,48497700.0,201.8662872314453,4267200.0,14.399999618530272,70215200.0
2023-08-21,311.23877242073405,315.9769051965937,310.3675190796091,315.10565185546875,24040000.0,1893.300048828125,876.0,17.1299991607666,0.0,647.0907592773438,1104300.0,46.87568283081055,692573000.0,108.22000122070312,49319200.0,134.67999267578125,41442500.0,206.00552368164065,4023300.0,14.5,43206200.0
2023-08-22,318.6494900944686,319.2172702035748,314.69450802744353,315.6734619140625,16084600.0,1896.4000244140625,46.0,16.969999313354492,0.0,651.9742431640625,760200.0,45.57920455932617,755293000.0,105.66000366210938,47295200.0,134.25,32905400.0,203.768310546875,3153200.0,14.670000076293944,52001800.0
2023-08-23,317.0048839630508,322.27166113870885,316.652444996216,320.1179504394531,21166400.0,1918.5,547.0,15.979999542236328,0.0,661.350830078125,908100.0,47.02439498901367,779046000.0,109.43000030517578,54656300.0,135.52000427246094,42801000.0,206.10403442382807,3833200.0,15.300000190734863,53523300.0
2023-08-24,325.84476921609,325.97203798658785,313.2260407459276,313.23583984375,23281400.0,1918.199951171875,337.0,17.200000762939453,0.0,632.7330932617188,1336800.0,47.0713005065918,1156044000.0,101.8000030517578,109179100.0,131.83999633789062,43646300.0,202.53640747070312,3960300.0,14.140000343322754,93586200.0
2023-08-25,314.70429575926823,318.5124107055097,312.0904758312742,316.1825256347656,21684100.0,1911.0999755859373,195.0,15.68000030517578,0.0,635.8488159179688,986200.0,45.928524017333984,925341000.0,102.25,74793100.0,133.25999450683594,44147500.0,206.4391326904297,3068800.0,14.529999732971191,55668900.0
2023-08-28,318.8061314202153,319.2858092722639,314.949050654982,316.88739013671875,14808500.0,1917.9000244140625,99.0,15.079999923706056,0.0,643.6430053710938,535800.0,46.74394226074219,685192000.0,102.61000061035156,55386800.0,133.13999938964844,34108400.0,208.65658569335935,4086900.0,14.640000343322754,35964700.0
2023-08-29,315.1056626837717,322.0562408320529,315.1056626837717,321.49822998046875,19284600.0,1936.5,1674.0,14.449999809265137,0.0,651.964599609375,757900.0,48.68914794921875,701397000.0,105.91999816894533,50850300.0,134.91000366210938,38646100.0,208.89312744140625,5850400.0,15.399999618530272,47213200.0
2023-08-30,321.7527390714088,322.86873080054954,319.57946057224274,321.8702087402344,15222100.0,1944.300048828125,396.0,13.880000114440918,0.0,653.9669189453125,564100.0,49.16820907592773,735206000.0,106.58999633789062,54847300.0,135.07000732421875,36137000.0,211.9285430908203,9946000.0,16.329999923706055,65674100.0
2023-08-31,322.27160382501023,323.9456064626788,319.9025224771531,320.8619079589844,26411000.0,1938.199951171875,491.0,13.56999969482422,0.0,645.1471557617188,1100100.0,49.259037017822266,528570000.0,105.72000122070312,58919000.0,138.00999450683594,58781300.0,218.2556610107422,19268400.0,14.979999542236328,101517200.0
2023-09-01,324.33717196139406,325.0028533565905,319.9025125671937,321.7429504394531,14942000.0,1939.800048828125,167.0,13.09000015258789,0.0,647.0907592773438,592800.0,48.41468048095703,463830000.0,109.4499969482422,54856100.0,138.1199951171875,40991500.0,218.3246307373047,5600900.0,15.18000030517578,45258900.0
2023-09-05,322.07577133856296,327.80265653043256,321.74293066142496,326.5299987792969,18553900.0,1926.199951171875,113.0,14.010000228881836,0.0,648.1065673828125,592100.0,48.453609466552734,382653000.0,110.77999877929688,66042200.0,137.27000427246094,40636700.0,215.52572631835935,5807300.0,15.210000038146973,33818400.0
2023-09-06,326.36359184407087,327.42084870322736,323.2309280293988,325.8741149902344,17535800.0,1918.0999755859373,24.0,14.449999809265137,0.0,650.5286865234375,870800.0,46.97336196899414,468670000.0,109.27999877929688,47736700.0,135.36000061035156,41785500.0,218.4133453369141,5066700.0,15.300000190734863,38738100.0
2023-09-07,324.3176359252016,326.0699418421109,322.1051906191248,322.9666748046875,18381000.0,1917.5,41.0,14.399999618530272,0.0,622.9366455078125,1236200.0,46.1548957824707,433330000.0,106.58999633789062,49080100.0,137.85000610351562,48498900.0,219.31016540527344,4201900.0,15.210000038146973,51798800.0
2023-09-08,323.1428437260037,329.08510023164433,322.52609807587226,327.23486328125,19530100.0,1918.4000244140625,105.0,13.84000015258789,0.0,613.2379150390625,873200.0,45.48714065551758,473069000.0,106.08999633789062,46232000.0,138.22999572753906,38348200.0,221.50787353515625,4578900.0,15.130000114440918,33862000.0
2023-09-11,330.1423571352341,331.29754527961506,328.3704532160462,330.82763671875,16583300.0,1923.300048828125,50.0,13.800000190734863,0.0,613.091552734375,1066300.0,45.09387969970703,473966000.0,105.31999969482422,50611300.0,143.10000610351562,56764500.0,222.04995727539065,4418000.0,15.789999961853027,55294700.0
2023-09-12,328.75228709732,329.7018735211136,324.5036309989416,324.7875061035156,17565500.0,1911.300048828125,365.0,14.229999542236328,0.0,604.3889770507812,1311300.0,44.78644561767578,349256000.0,105.30999755859376,44413600.0,141.22999572753906,42668500.0,218.4527587890625,4002300.0,15.59000015258789,39497900.0
2023-09-13,324.3371825636095,329.76059500536803,324.2001445661415,328.9872131347656,16544400.0,1909.0999755859373,15.0,13.479999542236328,0.0,602.6795654296875,1077000.0,45.40030288696289,398355000.0,107.70999908447266,44702300.0,144.85000610351562,60465200.0,215.63414001464844,4173600.0,15.600000381469728,34354400.0
2023-09-14,332.0122276628957,333.6862305598508,329.4865396056531,331.5717163085937,20267000.0,1910.0,169.0,12.81999969482422,0.0,607.416748046875,1237000.0,45.496124267578125,370097000.0,106.62999725341795,45920600.0,144.72000122070312,64033600.0,215.61444091796875,4297200.0,15.829999923706056,38572500.0
2023-09-15,329.829144347891,330.2990230757852,322.7121307368876,323.2701416015625,37679800.0,1923.699951171875,8.0,13.789999961853027,0.0,582.7645263671875,2841400.0,43.81825256347656,506831000.0,101.48999786376952,71103600.0,140.38999938964844,102909300.0,211.5047607421875,9939000.0,15.329999923706056,56271200.0
2023-09-18,320.90096938673224,323.4462546524429,319.4912738511169,322.13446044921875,16834200.0,1931.5,19.0,14.0,0.0,583.8096313476562,1071700.0,43.88413238525391,500271000.0,102.37000274658205,49061300.0,139.97999572753906,42823500.0,211.8891143798828,4279400.0,15.460000038146973,37404100.0
2023-09-19,319.30536803908217,322.45760041034737,317.6803011768475,321.733154296875,16505900.0,1932.0,6.0,14.109999656677246,0.0,579.9419555664062,893500.0,43.43896865844727,373064000.0,101.61000061035156,41704100.0,137.6300048828125,61482500.0,212.5789794921875,4001500.0,15.149999618530272,37804800.0
2023-09-20,322.5750893265996,322.65339248865484,313.76450476801705,314.0190124511719,21436500.0,1945.5999755859373,119.0,15.140000343322754,0.0,576.1425170898438,1094500.0,42.16033935546875,367108000.0,100.33999633789062,55180600.0,135.2899932861328,46263700.0,209.94764709472656,2990900.0,14.739999771118164,37640500.0
2023-09-21,312.54080796824985,318.50263318201627,308.37045511046944,312.8051147460937,35560400.0,1919.199951171875,9.0,17.540000915527344,0.0,568.563232421875,1313800.0,40.94062042236328,450736000.0,96.11000061035156,59704300.0,129.3300018310547,70343300.0,205.5915679931641,4957300.0,14.0,73071800.0
2023-09-22,314.5574539286877,314.68472270748657,309.4962494486184,310.3381652832031,21447900.0,1925.4000244140625,1.0,17.200000762939453,0.0,573.4270629882812,837300.0,41.53252410888672,479236000.0,96.1999969482422,52169400.0,129.1199951171875,59904300.0,203.44309997558597,3848300.0,14.130000114440918,47714500.0
2023-09-25,309.92700700519936,310.98429393163934,308.3704739123921,310.8570251464844,17836000.0,1916.5999755859373,114.0,16.899999618530273,0.0,572.479736328125,607300.0,42.14338302612305,419091000.0,97.37999725341795,43223700.0,131.27000427246094,46017800.0,203.3544158935547,4067300.0,14.220000267028809,39693900.0
2023-09-26,308.4977104446982,309.2319257820145,303.4952410779612,305.5706481933594,26297600.0,1900.4000244140625,161.0,18.940000534057617,0.0,559.372314453125,1471000.0,41.832950592041016,402282000.0,95.95999908447266,42866500.0,125.9800033569336,73048200.0,199.56011962890625,5404500.0,13.960000038146973,37276200.0
2023-09-27,305.7272930031046,307.6852008158054,303.1722376476752,306.2070007324219,19410100.0,1871.5999755859373,12251.0,18.21999931335449,0.0,561.1498413085938,1477600.0,42.38892364501953,444935000.0,98.06999969482422,51261500.0,125.9800033569336,66553400.0,199.7966461181641,4123800.0,14.850000381469728,62780600.0
2023-09-28,304.44487173232886,308.8403951730469,302.9373041972711,307.03912353515625,19683600.0,1860.4000244140625,4654.0,17.34000015258789,0.0,567.12744140625,1112500.0,43.00876998901367,424663000.0,102.76000213623048,72542100.0,125.9800033569336,54555000.0,200.2598419189453,4344000.0,15.770000457763672,66590800.0
2023-09-29,311.0625829749512,312.746384776468,308.35089159051364,309.10467529296875,24147300.0,1848.0999755859373,1605.0,17.520000457763672,0.0,574.9507446289062,1017400.0,43.417999267578125,397830000.0,102.81999969482422,56078600.0,127.12000274658205,62411700.0,199.84593200683597,4405100.0,16.0,78055100.0
2023-10-02,309.6234991428816,315.1154453625428,308.5466440139972,315.0273132324219,20570000.0,1830.0,2309.0,17.610000610351562,0.0,568.6217041015625,811300.0,44.698612213134766,433298000.0,103.2699966430664,45118600.0,129.4600067138672,48029700.0,200.76248168945312,3745700.0,15.880000114440918,41043900.0
2023-10-03,314.0777619824239,314.6260036436558,304.6602303826851,306.7943725585937,21033500.0,1824.5999755859373,310.0,19.780000686645508,0.0,557.3113403320312,1101300.0,43.43597412109375,470850000.0,100.08000183105467,48117000.0,124.72000122070312,51565000.0,196.9385986328125,4622400.0,14.899999618530272,51578100.0
2023-10-04,307.4208957324774,313.3044183025866,307.391528310135,312.24713134765625,20720100.0,1818.5,357.0,18.57999992370605,0.0,577.099609375,1325900.0,43.9589958190918,361821000.0,104.06999969482422,51023200.0,127.0,44203900.0,198.9491271972656,3656400.0,15.729999542236328,52786200.0
2023-10-05,312.37445657889566,313.24574005798826,308.2726365572095,312.6387634277344,16965600.0,1816.5999755859373,393.0,18.489999771118164,0.0,568.1431274414062,865500.0,44.60478210449219,393483000.0,102.91000366210938,51789700.0,125.95999908447266,39660600.0,199.0870513916016,3592600.0,15.8100004196167,49648100.0
2023-10-06,309.8878196065806,322.2618102249638,309.6430811517103,320.3724365234375,25673600.0,1830.199951171875,390.0,17.450000762939453,0.0,583.4483032226562,1042100.0,45.676788330078125,434436000.0,107.23999786376952,64864100.0,127.95999908447266,46836700.0,204.3596649169922,4989200.0,16.610000610351562,65946300.0
2023-10-09,317.9152372482106,323.34841872912307,316.3782726571084,322.8785400390625,19891200.0,1849.5,232.0,17.700000762939453,0.0,577.5977783203125,738500.0,45.18869400024414,409675000.0,106.97000122070312,39593200.0,128.25999450683594,38773700.0,204.2217254638672,2781100.0,17.610000610351562,106161200.0
2023-10-10,323.9945568948938,324.13162477364205,320.7738202479149,321.4786682128906,20557100.0,1861.0,236.0,17.030000686645508,0.0,588.1265869140625,1087000.0,45.71272277832031,368582000.0,109.01000213623048,57105500.0,129.47999572753906,42178600.0,203.8865966796875,4503500.0,17.799999237060547,99971500.0
2023-10-11,324.2393029495446,325.8154342155564,322.212891143674,325.4238586425781,20063200.0,1872.800048828125,65.0,16.09000015258789,0.0,592.0725708007812,981800.0,46.718841552734375,378137000.0,108.30999755859376,51085600.0,131.8300018310547,40741800.0,203.85704040527344,3971000.0,17.920000076293945,55745600.0
2023-10-12,323.6127589882386,326.6083551720829,321.8016885159057,324.1903381347656,19313100.0,1869.300048828125,46.0,16.690000534057617,0.0,602.3965454101562,1618400.0,46.85758590698242,481325000.0,108.79000091552734,60959400.0,132.3300018310547,55528600.0,202.7039337158203,3548500.0,17.940000534057617,57940900.0
2023-10-13,325.3846484410319,326.8041134369332,319.4913278140148,320.83251953125,21072400.0,1927.4000244140625,43.0,19.31999969482422,0.0,585.7825927734375,1098500.0,45.3763542175293,474115000.0,105.08999633789062,52881500.0,129.7899932861328,45786600.0,201.62973022460935,3677500.0,17.360000610351562,54541600.0
2023-10-16,324.0826582883067,329.06555964733286,323.6421469834392,325.63922119140625,22158000.0,1921.0999755859373,53.0,17.209999084472656,0.0,589.7382202148438,1154100.0,46.00917053222656,375099000.0,106.45999908447266,42464500.0,132.5500030517578,42832900.0,205.51272583007807,3623200.0,17.360000610351562,44987300.0
2023-10-17,322.6534242330698,326.4419711859503,320.51931182231954,325.0714416503906,18338500.0,1922.699951171875,103.0,17.8799991607666,0.0,594.455810546875,1535700.0,43.85617446899414,812333000.0,105.13999938964844,49642100.0,131.47000122070312,49344600.0,206.8037872314453,4006100.0,17.84000015258789,54401300.0
2023-10-18,325.4923600401383,328.5271229876209,321.3905409680336,323.1624450683594,23153600.0,1955.300048828125,67.0,19.21999931335449,0.0,569.6668701171875,2401700.0,42.11742401123047,627294000.0,102.16999816894533,50450000.0,128.1300048828125,42699500.0,201.8662872314453,3380800.0,17.200000762939453,44208300.0
2023-10-19,325.1595033838665,329.78996567974724,323.9456102144574,324.34698486328125,25052100.0,1968.4000244140625,1945.0,21.399999618530277,0.0,574.0425415039062,1475500.0,42.02260971069336,501233000.0,102.4000015258789,52734200.0,128.39999389648438,60961400.0,205.3057861328125,4995900.0,17.059999465942383,46303200.0
2023-10-20,324.7385967213242,324.9343994561592,318.60056637565555,319.7948913574219,25027700.0,1982.5,557.0,21.709999084472656,0.0,566.590087890625,1035000.0,41.3099365234375,477266000.0,101.80999755859376,61317900.0,125.16999816894533,56406400.0,200.7821807861328,5539100.0,16.110000610351562,63875500.0
2023-10-23,318.620060384211,325.7272737717355,317.5628035384839,322.3890380859375,24374700.0,1976.300048828125,127.0,20.3700008392334,0.0,574.1011962890625,905100.0,42.89497375488281,478530000.0,100.01000213623048,50817400.0,126.55999755859376,48260000.0,199.0771942138672,4564100.0,16.200000762939453,55967200.0
2023-10-24,324.3273615041399,324.8560048878325,320.7052505981055,323.5735778808594,31153600.0,1975.0,10.0,18.96999931335449,0.0,586.7592163085938,1333900.0,43.581687927246094,401463000.0,101.66999816894533,51982900.0,128.55999755859375,46477400.0,201.2650909423828,3959600.0,16.639999389648438,39833800.0
2023-10-25,337.7586697804962,338.9138581081017,330.5144167677778,333.500244140625,55053800.0,1984.0999755859373,97.0,20.190000534057617,0.0,569.7546997070312,1322700.0,41.70119857788086,398379000.0,96.05999755859376,53424500.0,121.38999938964844,74577500.0,194.2086944580078,4490000.0,15.59000015258789,46706500.0
2023-10-26,333.37295718073534,334.4400133073603,320.0591786565096,320.9891967773437,37828500.0,1987.199951171875,521.0,20.68000030517578,0.0,574.5015258789062,1093000.0,40.25090789794922,541001000.0,93.66999816894533,49896400.0,119.56999969482422,100419500.0,193.410400390625,5149100.0,15.289999961853027,49351800.0
2023-10-27,323.4757210351802,329.63334926048014,321.4884458683103,322.8687744140625,29856500.0,1988.5999755859373,372.0,21.270000457763672,0.0,576.2597045898438,819400.0,40.42457962036133,416784000.0,96.43000030517578,52458700.0,127.73999786376952,125309300.0,193.72579956054688,3168600.0,15.06999969482422,39913600.0
2023-10-30,326.39299310170355,332.3058824741977,324.8462293530412,330.2109069824219,22828100.0,1996.199951171875,157.0,19.75,0.0,575.1657104492188,746700.0,41.084354400634766,388028000.0,96.18000030517578,43716600.0,132.7100067138672,72485500.0,196.3867034912109,3438300.0,14.6899995803833,46886400.0
2023-10-31,331.71852577091533,331.865362876774,327.64607407506094,330.9940795898437,20265300.0,1985.199951171875,84.0,18.13999938964844,0.0,584.8643188476562,1020300.0,40.70405960083008,517969000.0,98.5,79547100.0,133.08999633789062,51589400.0,197.92417907714844,3425400.0,14.800000190734863,40195400.0
2023-11-01,332.63870122035286,340.10812307119625,332.50163335597534,338.7865295410156,28158800.0,1978.800048828125,41.0,16.8700008392334,0.0,595.6260375976562,1005800.0,42.246185302734375,437593000.0,108.04000091552734,138641500.0,137.0,61529400.0,200.9595642089844,3593600.0,14.920000076293944,54419100.0
2023-11-02,339.9318490910942,341.4883817785373,337.5138324287733,340.9891357421875,24348100.0,1985.5999755859373,39.0,15.65999984741211,0.0,618.2655639648438,1527400.0,43.424991607666016,409172000.0,107.83000183105467,71377000.0,138.07000732421875,52236700.0,205.09881591796875,4963600.0,17.969999313354492,170406800.0
2023-11-03,342.27167169728,346.9315020236901,340.02005970434163,345.3749389648437,23637700.0,1991.5,12.0,14.90999984741211,0.0,629.0563354492188,906900.0,44.92120361328125,424610000.0,112.25,65632200.0,138.60000610351562,44059800.0,204.4680633544922,3861900.0,18.88999938964844,109302000.0
2023-11-06,346.0112936490332,350.0152118128962,345.9133922766887,349.0264587402344,23828300.0,1981.5999755859373,130.0,14.890000343322754,0.0,624.1895751953125,651300.0,45.66580581665039,400733000.0,111.75,49270400.0,139.74000549316406,44970400.0,204.41880798339844,3729700.0,18.540000915527344,79952600.0
2023-11-07,351.83606843829466,354.8316653462804,350.1033305798498,352.9422912597656,25833900.0,1966.800048828125,20.0,14.8100004196167,0.0,623.0831909179688,529000.0,45.86943435668945,343165000.0,113.4499969482422,50550200.0,142.7100067138672,53553500.0,208.77484130859372,5467100.0,18.799999237060547,56289100.0
2023-11-08,354.0680013849328,356.211912585882,352.9617788165993,355.5560302734375,26767800.0,1951.5,43.0,14.449999809265137,0.0,626.0011596679688,727000.0,46.48727798461914,346719000.0,113.58999633789062,41880600.0,142.0800018310547,44521700.0,208.41018676757807,3433500.0,18.489999771118164,46063100.0
2023-11-09,354.67497835793193,357.1125938314782,352.77580544293505,353.098876953125,24847300.0,1964.199951171875,10.0,15.289999961853027,0.0,621.0757446289062,1221600.0,46.86257553100586,540496000.0,113.48999786376952,61146900.0,140.60000610351562,36235400.0,206.97129821777344,4731400.0,18.270000457763672,48454200.0
2023-11-10,353.8819973228906,362.3108050217642,353.47085345970584,361.8898620605469,28042100.0,1932.5999755859373,375.0,14.170000076293944,0.0,647.5341186523438,1246700.0,48.24499130249024,421245000.0,118.58999633789062,75135900.0,143.55999755859375,49287800.0,210.5389709472656,4112600.0,19.670000076293945,92748000.0
2023-11-13,360.4704270478989,360.7151655370174,358.1992466988061,358.9628295898437,19986500.0,1945.5,191.0,14.760000228881836,0.0,640.992919921875,641200.0,48.52946090698242,384136000.0,116.79000091552734,46741900.0,142.58999633789062,35680600.0,212.16506958007807,3306600.0,19.709999084472656,74877500.0
2023-11-14,363.2016800561241,364.1218990717547,359.61870535436486,362.4772338867188,27683900.0,1961.800048828125,2.0,14.15999984741211,0.0,661.370361328125,1166800.0,49.56353759765625,416954000.0,119.87999725341795,61017400.0,145.8000030517578,56674600.0,217.97967529296875,4743800.0,19.940000534057617,83230500.0
2023-11-15,364.20368992773217,366.0184363495822,360.1131537221127,362.6243896484375,26860100.0,1960.0999755859373,6.0,14.18000030517578,0.0,663.9066772460938,918500.0,48.79696273803711,475497000.0,118.0,59555600.0,143.1999969482422,63875700.0,216.24514770507807,4800700.0,19.950000762939453,75533500.0
2023-11-16,363.8898257041159,369.17711149272384,363.1246930041327,369.0005493164063,27182300.0,1983.9000244140625,39.0,14.31999969482422,0.0,666.7169189453125,854700.0,49.38786315917969,339756000.0,119.83000183105467,49661900.0,142.8300018310547,49653500.0,218.24578857421875,3712300.0,19.770000457763672,49942800.0
2023-11-17,366.4892506146671,367.2347751466243,360.00524677898665,362.8009338378906,40157000.0,1981.5999755859373,32.0,13.800000190734863,0.0,671.8284912109375,627600.0,49.20620727539063,325205000.0,120.62000274658205,38508900.0,145.17999267578125,49636700.0,218.0191192626953,3634900.0,20.489999771118164,69497400.0
2023-11-20,364.1448542442713,371.64904556813445,363.9290460653395,370.2463073730469,52465100.0,1977.699951171875,182.0,13.40999984741211,0.0,679.8775634765625,674700.0,50.31513595581055,414120000.0,121.52999877929688,43138700.0,146.1300048828125,41951200.0,221.87255859375,4599300.0,21.34000015258789,90270000.0
2023-11-21,368.5100160863887,369.0495215118682,364.04671781694736,365.9595642089844,28423100.0,1999.300048828125,16.0,13.350000381469728,0.0,670.1931762695312,705400.0,49.85099792480469,565747000.0,119.16000366210938,41064800.0,143.89999389648438,71226000.0,221.07427978515625,3852300.0,19.799999237060547,106643300.0
2023-11-22,370.79557261305655,372.5514647913544,367.8233235855797,370.6484375,23345300.0,1991.4000244140625,6075.0,12.850000381469728,0.0,670.5651245117188,522300.0,48.62528610229492,899420000.0,122.51000213623048,56862200.0,146.7100067138672,45669100.0,220.6012115478516,3893600.0,19.690000534057617,68326000.0
2023-11-24,370.1383501357465,370.7661665682208,367.9901174917075,370.2364501953125,10176600.0,2002.199951171875,63.0,12.460000038146973,0.0,676.812744140625,352100.0,47.68703842163086,294645000.0,122.30999755859376,19001000.0,146.74000549316406,22378400.0,221.1333923339844,1869100.0,19.200000762939453,39800400.0
2023-11-27,369.5988734413345,373.3853204961733,369.0299409491242,371.39398193359375,22179200.0,2011.800048828125,228.0,12.6899995803833,0.0,674.07080078125,545500.0,48.15217208862305,395662000.0,122.6500015258789,32743000.0,147.72999572753906,53762400.0,221.53746032714844,4885500.0,19.07999992370605,58808200.0
2023-11-28,371.1389079636444,375.7002760855908,370.9525268417298,375.406005859375,20453100.0,2039.699951171875,174665.0,12.6899995803833,0.0,661.938232421875,644300.0,47.73195266723633,401491000.0,122.01000213623048,32047100.0,147.02999877929688,42711700.0,221.66558837890625,5535300.0,19.709999084472656,54170700.0
2023-11-29,376.4458479300218,376.97553440384473,370.24629493974936,371.6294250488281,28963400.0,2047.0999755859373,15290.0,12.979999542236328,0.0,673.3168334960938,795500.0,48.05035400390625,382005000.0,123.8499984741211,37876300.0,146.32000732421875,40610900.0,227.01702880859372,12327400.0,19.84000015258789,62782100.0
2023-11-30,371.2762851366522,372.8457964517108,368.3138546072338,371.6882934570313,30554400.0,2038.0999755859373,2506.0,12.920000076293944,0.0,669.546875,753600.0,46.68291091918945,526247000.0,121.16000366210938,44494200.0,146.08999633789062,65814000.0,248.2552032470703,24425700.0,20.049999237060547,55501000.0
2023-12-01,369.579278745005,370.9525899274523,364.23313921740737,367.3721618652344,33040500.0,2071.0,614.0,12.630000114440918,0.0,677.8115234375,857600.0,46.677921295166016,369317000.0,121.38999938964844,37048000.0,147.02999877929688,39951800.0,256.2380065917969,14538200.0,20.270000457763672,61493700.0
2023-12-04,362.0652461744231,362.4772245359519,355.9834013927852,362.1044921875,32063300.0,2024.0999755859373,1071.0,13.079999923706056,0.0,675.9705200195312,748500.0,45.42525863647461,437543000.0,118.56999969482422,39854400.0,144.83999633789062,48294200.0,247.0331573486328,11429200.0,18.399999618530277,104948500.0
2023-12-05,359.46578625799856,365.9693989437116,358.6515885888232,365.4200744628906,23065000.0,2018.5,289.0,12.850000381469728,0.0,680.0929565429688,610000.0,46.483375549316406,371718000.0,118.37999725341795,39191600.0,146.8800048828125,46822400.0,247.387939453125,5771500.0,18.299999237060547,54460800.0
2023-12-06,366.4206454596968,367.0484320232483,361.0156519151652,361.7709655761719,21182100.0,2030.5,417.0,12.970000267028809,0.0,677.6939697265625,657100.0,45.42226028442383,380590000.0,116.81999969482422,60599000.0,144.52000427246094,39679000.0,245.5253143310547,5374800.0,17.1299991607666,96111000.0
2023-12-07,361.2118143924818,364.3704447283438,359.3382140130918,363.8799743652344,23118900.0,2029.9000244140625,67.0,13.0600004196167,0.0,685.1065063476562,780600.0,46.51332092285156,350823000.0,128.3699951171875,118579100.0,146.8800048828125,52352800.0,245.2493438720703,6568200.0,17.219999313354492,56455000.0
2023-12-08,362.1633422956095,367.3230703614092,361.2118285564288,367.0974731445313,20154400.0,1998.300048828125,449.0,12.350000381469728,0.0,681.9534301757812,920600.0,47.42171859741211,359224000.0,128.9199981689453,89341000.0,147.4199981689453,41906000.0,247.1809844970703,4605800.0,17.770000457763672,57542100.0
2023-12-11,361.4570668899954,364.51759731266617,359.12242306000167,364.2232971191406,27708800.0,1978.0,651.0,12.630000114440918,0.0,695.476318359375,1585000.0,46.54427719116211,509728000.0,134.41000366210938,98668300.0,145.88999938964844,50907300.0,248.4523468017578,4766000.0,17.770000457763672,50929600.0
2023-12-12,363.7819090097957,367.2838749211047,363.3993277208236,367.24462890625,24838300.0,1977.800048828125,95.0,12.06999969482422,0.0,705.5819091796875,880100.0,47.57244110107422,372387000.0,137.61000061035156,111677800.0,147.47999572753906,44944300.0,252.7393951416016,5827600.0,17.5,46231900.0
2023-12-13,368.8533485777596,370.4424978188213,363.703409381408,367.23480224609375,30955500.0,1982.300048828125,2252.0,12.1899995803833,0.0,720.0056762695312,1037200.0,48.00268173217773,447792000.0,138.19000244140625,70651600.0,148.83999633789062,52766200.0,253.5967712402344,6567600.0,17.8700008392334,52682600.0
2023-12-14,366.1950058164245,366.6364411485853,357.18997650221536,358.9556579589844,43277500.0,2030.199951171875,236.0,12.479999542236328,0.0,738.0426635742188,1446600.0,48.26420593261719,391232000.0,138.0,76115200.0,147.4199981689453,58400800.0,253.48838806152344,6613200.0,18.209999084472656,67462800.0
2023-12-15,359.8581597688427,365.3023695567354,359.2990162951195,363.6642150878906,78502300.0,2021.0999755859373,261.0,12.279999732971191,0.0,737.3084106445312,1507000.0,48.80324935913086,479948000.0,139.14999389648438,70211800.0,149.97000122070312,110089300.0,257.8148498535156,13739500.0,18.200000762939453,93307100.0
2023-12-18,362.4085843593443,365.8909121656344,361.6532407972144,365.5475769042969,21802900.0,2026.300048828125,100.0,12.5600004196167,0.0,726.6350708007812,808900.0,49.98815155029297,412587000.0,138.89999389648438,45199500.0,154.07000732421875,62512800.0,259.77606201171875,7498500.0,17.84000015258789,60188100.0
2023-12-19,364.40968123442,366.1459655761719,362.791134932601,366.1459655761719,20603700.0,2038.4000244140625,498.0,12.529999732971191,0.0,729.2396850585938,571000.0,49.51598358154297,464444000.0,140.14999389648438,63739800.0,153.7899932861328,43171300.0,260.51519775390625,4665500.0,17.950000762939453,43530300.0
2023-12-20,367.8527381502504,368.8631058069324,363.46793231406207,363.5562133789063,26316700.0,2034.5,258.0,13.670000076293944,0.0,714.4437255859375,1007600.0,48.025634765625,397894000.0,135.47000122070312,54671700.0,152.1199951171875,50322100.0,256.4843444824219,4510500.0,17.25,58666900.0
2023-12-21,365.459260609797,367.2740068711911,362.9873008510564,366.4205932617188,17708000.0,2039.0999755859373,228.0,13.649999618530272,0.0,739.5704345703125,868200.0,48.903079986572266,300425000.0,139.91000366210938,47179400.0,153.83999633789062,36305700.0,263.3830871582031,5160700.0,17.59000015258789,30493600.0
2023-12-22,366.5579551555188,368.0293663723626,365.6064413711889,367.4407958984375,17107500.0,2057.10009765625,202.0,13.029999732971191,0.0,736.8873291015625,597300.0,48.74335861206055,252507000.0,139.60000610351562,35396600.0,153.4199981689453,29514100.0,262.4862670898437,3110600.0,17.40999984741211,33693800.0
2023-12-26,367.8527728468658,369.7558002532684,366.3813617554784,367.5192565917969,12673100.0,2058.199951171875,64.0,12.989999771118164,0.0,746.8262939453125,509000.0,49.19156646728516,244200000.0,143.41000366210938,47157400.0,153.41000366210938,25067200.0,262.3680114746094,3218800.0,17.68000030517578,31750700.0
2023-12-27,366.5677589576593,367.9116430236214,365.7045262897879,366.9405212402344,14905400.0,2081.89990234375,586.0,12.43000030517578,0.0,748.1482543945312,486900.0,49.329322814941406,233648000.0,146.07000732421875,49033400.0,153.33999633789062,31434700.0,262.8607482910156,3387000.0,17.469999313354492,32918400.0
2023-12-28,368.2157224809446,369.2849443001597,367.0287925621367,368.12744140625,14327000.0,2073.89990234375,338.0,12.470000267028809,0.0,742.0966796875,468000.0,49.43412780761719,246587000.0,148.75999450683594,63800700.0,153.3800048828125,27057000.0,261.7372436523437,2958700.0,17.559999465942383,38990000.0
2023-12-29,368.83380085454735,369.9716959601351,366.3618404129934,368.873046875,18730800.0,2062.39990234375,47.0,12.449999809265137,0.0,741.1860961914062,517900.0,49.43412780761719,389293000.0,147.41000366210938,62079200.0,151.94000244140625,39823200.0,259.3325500488281,3706600.0,17.170000076293945,38943500.0
2024-01-02,366.73451711634624,368.7356447522221,359.7796503608471,363.801513671875,25258600.0,2064.39990234375,61.0,13.199999809265137,0.0,702.0175170898438,1368700.0,48.0825424194336,411254000.0,138.5800018310547,64902000.0,149.92999267578125,47339400.0,252.4239959716797,4741400.0,16.579999923706055,41626700.0
2024-01-03,361.9769593953772,366.1459576250118,361.48648901542015,363.5366516113281,23083500.0,2034.199951171875,54.0,14.039999961853027,0.0,688.7492065429688,952000.0,47.48459243774414,320896000.0,135.32000732421875,61988600.0,148.47000122070312,49425500.0,248.196044921875,5097100.0,16.09000015258789,46865200.0
2024-01-04,363.6053473830013,365.98902639400353,360.17205450864094,360.9273681640625,20901500.0,2042.300048828125,88.0,14.130000114440918,0.0,685.7332763671875,752100.0,47.91283798217773,306535000.0,136.00999450683594,58610300.0,144.57000732421875,56039800.0,247.6047515869141,4489800.0,16.25,39937700.0
2024-01-05,361.9377463479848,364.9688499798779,359.51482125288123,360.7409973144531,21004600.0,2042.4000244140625,12.0,13.350000381469728,0.0,688.7198486328125,579200.0,49.009883880615234,415039000.0,138.5800018310547,69657700.0,145.24000549316406,45153100.0,247.48648071289065,3676000.0,15.979999542236328,57700000.0
2024-01-08,362.26142084093584,368.0489954358008,361.9769695664422,367.5487060546875,23134000.0,2026.5999755859373,10.0,13.079999923706056,0.0,705.8561401367188,835300.0,52.160282135009766,642510000.0,146.17999267578125,71756900.0,149.10000610351562,46757100.0,257.09539794921875,6626000.0,16.670000076293945,49090000.0
2024-01-09,364.91979160608497,368.8239167777909,364.1154129764403,368.6277465820313,20830000.0,2026.4000244140625,27.0,12.760000228881836,0.0,701.067626953125,587000.0,53.045711517333984,773100000.0,149.25999450683594,67875700.0,151.3699951171875,43812600.0,257.5586242675781,4571800.0,16.389999389648438,35794500.0
2024-01-10,369.1966257520512,376.8479807442616,369.1475906941765,375.4746398925781,25514200.0,2021.699951171875,538.0,12.6899995803833,0.0,702.8695068359375,506400.0,54.25356674194336,533796000.0,148.5399932861328,56951200.0,153.72999572753906,44421800.0,260.3082580566406,5128300.0,16.790000915527344,41254400.0
2024-01-11,378.6431394441378,383.2339350900792,373.1302570741052,377.29925537109375,27850800.0,2014.300048828125,97.0,12.4399995803833,0.0,703.5941162109375,603900.0,54.724727630615234,596759000.0,148.02000427246094,62764600.0,155.17999267578125,49072700.0,267.45330810546875,9012600.0,16.68000030517578,39552400.0
2024-01-12,378.14285622037966,381.27205974083927,377.3188695476479,381.0660705566406,21661200.0,2046.699951171875,390.0,12.699999809265137,0.0,698.394287109375,580500.0,54.61292266845703,352994000.0,146.55999755859375,48293100.0,154.6199951171875,40484200.0,267.9953918457031,4847600.0,16.760000228881836,33952600.0
2024-01-16,386.1571910674611,386.52013440392574,380.2322997601581,382.831787109375,27202300.0,2026.0,46.0,13.84000015258789,0.0,691.8141479492188,913100.0,56.281959533691406,449580000.0,158.74000549316406,112711400.0,153.16000366210938,41384600.0,265.2950439453125,5858700.0,16.530000686645508,32659300.0
2024-01-17,380.585404924774,382.6747835868636,377.4758095594247,382.0469970703125,22234100.0,2002.5999755859373,764.0,14.789999961853027,0.0,697.4642333984375,835100.0,55.95354843139648,474394000.0,160.1699981689453,104085000.0,151.7100067138672,34953400.0,267.512451171875,4706500.0,16.389999389648438,30832800.0
2024-01-18,384.2541423864291,386.4808672893111,382.68463107425833,386.3631591796875,23392100.0,2018.5999755859373,1474.0,14.130000114440918,0.0,729.0537109375,2230400.0,57.00567626953125,491650000.0,162.6699981689453,131864900.0,153.5,37850200.0,270.48876953125,4752400.0,16.399999618530273,35239700.0
2024-01-19,388.2171444423586,391.0716857910156,386.0002086328452,391.0716857910156,29331100.0,2026.5,50.0,13.300000190734863,0.0,742.0770874023438,1796100.0,59.38544464111328,543501000.0,174.22999572753906,140367900.0,155.33999633789062,51651600.0,276.8158874511719,7413600.0,16.780000686645508,40690600.0
2024-01-22,392.395932230134,392.9845027036078,386.0884900033909,388.9528503417969,27016900.0,2019.800048828125,12.0,13.1899995803833,0.0,750.7432250976562,1418600.0,59.548152923583984,452955000.0,168.17999267578125,122973800.0,154.77999877929688,43687500.0,276.2442321777344,6735900.0,17.600000381469727,85573900.0
2024-01-23,388.2073445307626,391.7681646348443,386.42202498468174,391.29730224609375,20525900.0,2023.699951171875,15.0,12.550000190734863,0.0,762.2097778320312,1800700.0,59.76677322387695,294654000.0,168.4199981689453,76830500.0,156.02000427246094,37986000.0,272.7653503417969,6573800.0,17.329999923706055,37794300.0
2024-01-24,393.8869329627974,397.8989767917514,392.8177112032317,394.8874816894531,24867000.0,2013.9000244140625,253.0,13.140000343322754,0.0,829.6972045898438,7754300.0,61.25312805175781,560271000.0,178.2899932861328,125516400.0,156.8699951171875,48547300.0,272.873779296875,7037800.0,16.75,42710700.0
2024-01-25,396.6139674673759,399.25270045475327,394.858075159448,397.1534729003906,21021200.0,2016.9000244140625,548.0,13.449999809265137,0.0,851.0145263671875,3449500.0,61.50766754150391,482777000.0,180.3300018310547,127171400.0,157.75,43638600.0,274.99267578125,4178000.0,16.459999084472656,44589000.0
2024-01-26,396.6630311468464,398.4287425690661,394.7600035777077,396.2314147949219,17803300.0,2016.800048828125,49.0,13.260000228881836,0.0,849.71240234375,1614800.0,60.92271423339844,390309000.0,177.25,107381200.0,159.1199951171875,51047400.0,275.8894958496094,4877400.0,16.350000381469727,28612200.0
2024-01-29,398.3207945584323,402.1660954317092,396.6237563010018,401.9110412597656,24510200.0,2025.199951171875,150708.0,13.600000381469728,0.0,864.2732543945312,1034500.0,62.35416793823242,348733000.0,177.8300018310547,89384500.0,161.25999450683594,45270400.0,283.69488525390625,5762300.0,17.09000015258789,35987800.0
2024-01-30,404.4026783420674,405.17760004808207,398.70341448382425,400.8026123046875,33477600.0,2031.5,26907.0,13.3100004196167,0.0,849.986572265625,895600.0,62.66261291503906,410735000.0,172.05999755859375,122265700.0,159.0,45207400.0,283.5668029785156,4810900.0,16.739999771118164,36388200.0
2024-01-31,399.2036711669298,407.404352059521,389.6394980894709,390.00244140625,47871100.0,2048.39990234375,2007.0,14.350000381469728,0.0,851.7391967773438,1251200.0,61.41782379150391,453795000.0,167.69000244140625,133157300.0,155.1999969482422,50284400.0,277.0228881835937,4557300.0,16.09000015258789,43582500.0
2024-02-01,394.1714733164599,400.2238919125394,394.14204628655096,396.0843200683594,30657700.0,2053.0,947.0,13.880000114440918,0.0,872.0284423828125,1040200.0,62.9151725769043,369146000.0,170.47999572753906,91576700.0,159.27999877929688,76542400.0,279.693603515625,3218300.0,16.329999923706055,40454400.0
2024-02-02,396.113671921669,404.78518434173446,395.8684367403234,403.3824462890625,28256700.0,2036.0999755859373,888.0,13.850000381469728,0.0,872.1461181640625,896400.0,66.04261779785156,476578000.0,177.66000366210938,82134300.0,171.80999755859375,117218300.0,281.5267333984375,3629600.0,17.020000457763672,57672700.0
2024-02-05,402.0876078105048,403.32360273615,396.290244380319,397.9186096191406,25352300.0,2025.699951171875,412.0,13.670000076293944,0.0,881.402099609375,950100.0,69.208984375,680078000.0,174.22999572753906,76349200.0,170.30999755859375,55081300.0,283.9412536621094,5274800.0,16.719999313354492,167698300.0
2024-02-06,398.1443000729336,400.1944629759933,395.2309043820716,397.76171875,18382600.0,2034.5,249.0,13.0600004196167,0.0,887.6309814453125,1409500.0,68.1019515991211,683111000.0,167.8800048828125,68854100.0,169.14999389648438,42505500.0,281.6942138671875,4207200.0,21.8700008392334,420501900.0
2024-02-07,399.674504268826,406.4037434899342,399.63525825649936,406.1585083007813,22340500.0,2035.199951171875,71.0,12.829999923706056,0.0,904.6402587890624,1492200.0,69.97462463378906,495575000.0,170.94000244140625,53665400.0,170.52999877929688,47174100.0,284.6607360839844,3621400.0,23.600000381469727,254911100.0
2024-02-08,406.15852265638233,407.6397528307197,404.6675034305695,406.2173767089844,21225300.0,2032.199951171875,341.0,12.789999961853027,0.0,905.3367309570312,1150800.0,69.51742553710938,414422000.0,169.35000610351562,43385300.0,169.83999633789062,42316500.0,287.72576904296875,4488400.0,24.51000022888184,212671100.0
2024-02-09,407.33560297017937,412.7994495492497,407.1786488746158,412.5345764160156,22032800.0,2023.300048828125,62.0,12.93000030517578,0.0,931.4881591796876,1588800.0,72.0050048828125,436637000.0,172.47999572753906,56375700.0,174.4499969482422,56986000.0,287.0851135253906,4376300.0,24.3799991607666,149062000.0
2024-02-12,412.5444638098807,412.7210259706923,406.8452001103824,407.3454895019531,21202900.0,2018.199951171875,317.0,13.93000030517578,0.0,911.4871215820312,1033600.0,72.11981201171875,613710000.0,171.91000366210938,58177100.0,172.33999633789062,51050400.0,283.1626892089844,3750000.0,25.049999237060547,108173000.0
2024-02-13,397.2221636270064,402.2543946406928,395.701717385572,398.5758666992188,27824900.0,1992.9000244140625,198.0,15.850000381469728,0.0,886.0908813476562,1297200.0,72.00001525878906,602580000.0,171.5399932861328,63071300.0,168.63999938964844,56345100.0,277.0820007324219,4956600.0,24.01000022888184,102293300.0
2024-02-14,401.03272774217567,402.7721928081846,397.5930862054174,402.42822265625,20401200.0,1990.300048828125,1916.0,14.380000114440918,0.0,906.8079833984376,1206400.0,73.76888275146484,504917000.0,178.6999969482422,57402500.0,170.97999572753906,42815500.0,284.9662170410156,3850700.0,25.190000534057617,97227900.0
2024-02-15,401.1015363834754,402.07445398469247,397.3179246135389,399.54876708984375,21825500.0,2002.0999755859373,286.0,14.010000228881836,0.0,912.1051635742188,884300.0,72.52909088134766,420122000.0,176.75999450683594,51126400.0,169.8000030517578,49855200.0,287.7158508300781,3986500.0,25.40999984741211,70544300.0
2024-02-16,400.9246260176193,401.2489518855877,396.4825852713034,397.0918884277344,22296500.0,2011.5,32.0,14.239999771118164,0.0,911.2222290039062,1161300.0,72.48416137695312,495327000.0,173.8699951171875,53940300.0,169.50999450683594,48107700.0,285.5279846191406,4159400.0,24.440000534057617,65498200.0
2024-02-20,396.28606324841394,397.5145068330212,391.1462744848481,395.8438415527344,24307900.0,2027.5,1326.0,15.420000076293944,0.0,892.2216796875,1044100.0,69.32877349853516,704833000.0,165.69000244140625,66550000.0,167.0800018310547,41980300.0,282.2461853027344,4295500.0,23.399999618530277,93374300.0
2024-02-21,393.2689765841808,395.3524118295115,390.3698381114288,395.2442932128906,18518900.0,2022.300048828125,15.0,15.34000015258789,0.0,890.8876953125,867500.0,67.35227966308594,673755000.0,164.2899932861328,48365700.0,168.58999633789062,44420100.0,279.447265625,3797200.0,22.739999771118164,59628300.0
2024-02-22,403.1162117164581,405.7106689082216,401.5241536683513,404.551025390625,27009900.0,2019.699951171875,964.0,14.539999961853027,0.0,933.6952514648438,1780800.0,78.3986587524414,865100000.0,181.8600006103516,100684700.0,174.5800018310547,55392400.0,289.4011535644531,5264300.0,23.59000015258789,64458200.0
2024-02-23,408.5016799323737,408.6883757427927,401.9172111140197,403.2635803222656,16295900.0,2038.5999755859373,22.0,13.75,0.0,915.4501342773438,879000.0,78.6771469116211,829388000.0,176.52000427246094,69207400.0,174.99000549316406,59715200.0,288.5633850097656,4416800.0,22.96999931335449,48840800.0
2024-02-26,404.3642838981377,405.05222425854834,400.3349831970826,400.5119018554688,16193500.0,2028.5,143.0,13.739999771118164,0.0,929.5166015625,671300.0,78.95166015625,503973000.0,176.00999450683594,45435100.0,174.72999572753906,44368600.0,296.0435791015625,8719300.0,23.559999465942383,46499500.0
2024-02-27,400.9540958991776,401.2784217577938,396.8855068799419,400.4529113769531,14835800.0,2034.0,964.0,13.43000030517578,0.0,923.4151000976562,807500.0,78.56136322021484,391705000.0,178.0,43665200.0,173.5399932861328,31141700.0,295.16650390625,6178800.0,24.530000686645508,64967400.0
2024-02-28,401.1408405413653,402.24152110085487,398.33017625490425,400.6887817382813,13183100.0,2033.0,581.0,13.84000015258789,0.0,921.5809326171876,519700.0,77.52519226074219,393110000.0,176.5399932861328,35914400.0,173.16000366210938,28180500.0,295.4325561523437,12490800.0,24.420000076293945,47314000.0
2024-02-29,401.59296996753153,407.057084720192,398.91987548490425,406.5067443847656,31947300.0,2045.699951171875,706.0,13.399999618530272,0.0,933.5285034179688,777600.0,78.97162628173828,507289000.0,192.52999877929688,105538500.0,176.75999450683594,53805400.0,304.3515930175781,21737800.0,25.07999992370605,62753300.0
2024-03-01,404.1775615837775,408.6982397267373,403.7943028017663,408.3346252441406,17823400.0,2086.89990234375,1210.0,13.109999656677246,0.0,972.039794921875,1698200.0,82.13301849365234,479135000.0,202.63999938964844,103820800.0,178.22000122070312,31981200.0,312.29498291015625,9450200.0,24.93000030517578,64794400.0
2024-03-04,406.3100996705869,410.1526740907754,405.2094192211678,407.76458740234375,17596000.0,2117.699951171875,805.0,13.489999771118164,0.0,979.0042724609376,1433000.0,85.08575439453125,615616000.0,205.3600006103516,86835300.0,177.5800018310547,37381500.0,310.08740234375,9350000.0,24.040000915527344,64320000.0
2024-03-05,406.8211614689715,407.1061687535314,393.7308905561475,395.7062072753906,26919200.0,2133.5,1287.0,14.460000038146973,0.0,950.361328125,1259500.0,85.81549835205078,520639000.0,205.1300048828125,65407100.0,174.1199951171875,37228300.0,294.42730712890625,9015300.0,23.809999465942383,49542300.0
2024-03-06,396.02071283324057,398.1729482982256,391.5197089331465,395.1558837890625,22344100.0,2150.300048828125,443.0,14.5,0.0,984.781982421875,1304500.0,88.5467758178711,582520000.0,210.6300048828125,86687000.0,173.50999450683594,32090900.0,299.3747253417969,8270000.0,26.15999984741211,207386900.0
2024-03-07,399.1163510354161,402.7132369902085,395.30325783772497,402.0842895507813,18718500.0,2158.0,152.0,14.4399995803833,0.0,1027.4130859375,1580300.0,92.50891876220705,608119000.0,211.3800048828125,63869000.0,176.82000732421875,34063300.0,298.0442199707031,6788900.0,26.459999084472656,117519300.0
2024-03-08,400.92464441897226,403.3422428484954,397.3572396553584,399.2146606445313,18002200.0,2178.60009765625,259.0,14.739999771118164,0.0,975.3650512695312,1638500.0,87.37680053710938,1142269000.0,207.38999938964844,120815200.0,175.35000610351562,37893200.0,300.8628234863281,4851600.0,26.040000915527344,84256100.0
2024-03-11,396.7970720878644,398.68394443475927,394.3401851841924,397.5439453125,16120800.0,2182.5,738.0,15.220000267028809,0.0,944.3088989257812,1432100.0,85.62582397460938,678364000.0,198.38999938964844,73098600.0,171.9600067138672,28484800.0,301.5724182128906,4895500.0,25.350000381469727,60829300.0
2024-03-12,400.5905029088669,408.4034154899357,399.7748296289143,408.118408203125,22457000.0,2160.39990234375,550.0,13.84000015258789,0.0,965.5165405273438,1165200.0,91.75422668457033,668075000.0,202.75999450683597,68951700.0,175.38999938964844,36610600.0,302.1834411621094,4832000.0,24.700000762939453,75202600.0
2024-03-13,410.88979275530687,410.9683999440695,404.3544792559954,407.9415283203125,17115900.0,2175.39990234375,20.0,13.75,0.0,950.302490234375,851100.0,90.73098754882812,635713000.0,194.7899932861328,70526900.0,176.55999755859375,30772600.0,300.66375732421875,5548800.0,25.0,59713000.0
2024-03-14,412.99286375239626,420.4421618629372,410.7816654727546,417.8869934082031,34157300.0,2163.0,515.0,14.399999618530272,0.0,941.47412109375,876600.0,87.79208374023438,602318000.0,187.05999755859372,84490500.0,178.75,43705800.0,299.3217163085937,4828800.0,24.43000030517578,49214800.0
2024-03-15,412.0592402980969,415.3121560642416,405.6713345351322,409.2387390136719,45079900.0,2157.300048828125,100.0,14.40999984741211,0.0,922.2772216796876,1727400.0,87.68526458740234,642086000.0,191.05999755859372,95289500.0,174.4199981689453,72147400.0,290.4501647949219,11885100.0,23.489999771118164,61421000.0
2024-03-18,407.1061656227225,413.4744273628243,406.6442696787311,410.1232299804688,20106000.0,2160.699951171875,21.0,14.329999923706056,0.0,923.3858032226562,821400.0,88.30218505859375,668976000.0,190.6499938964844,59306900.0,174.47999572753906,31250700.0,296.5487365722656,5240500.0,24.0,44083000.0
2024-03-19,410.6244212473784,414.398226038262,408.38374152289526,414.1427001953125,19837900.0,2156.300048828125,12.0,13.81999969482422,0.0,933.7540893554688,817600.0,89.24357604980469,672171000.0,181.4199981689453,83509500.0,175.89999389648438,26880900.0,297.4763488769531,3329900.0,23.799999237060547,43247200.0
2024-03-20,414.722481090592,418.6141812833587,413.40559339888034,417.8967895507813,17860100.0,2157.89990234375,17.0,13.039999961853027,0.0,952.401611328125,838600.0,90.21588897705078,479063000.0,179.72999572753906,81773100.0,178.14999389648438,29947200.0,302.0452880859375,4946600.0,24.56999969482422,40273800.0
2024-03-21,422.4174518440492,423.3903994195494,419.79351351352574,421.9653930664063,21296200.0,2182.39990234375,63.0,12.920000076293944,0.0,971.8925170898438,1112400.0,91.27703857421876,480372000.0,178.67999267578125,75265600.0,178.14999389648438,32824300.0,304.3248291015625,6083900.0,24.489999771118164,37099600.0
2024-03-22,422.2897491598315,422.446963535343,418.7223444405752,421.3462829589844,17648500.0,2158.10009765625,19.0,13.0600004196167,0.0,961.2691040039062,692800.0,94.12611389160156,586719000.0,179.64999389648438,57899100.0,178.8699951171875,27995400.0,303.7130126953125,3779000.0,24.18000030517578,25453000.0
2024-03-25,417.9066799433217,420.03927125139006,414.3392748930156,415.5677185058594,18060500.0,2174.800048828125,79.0,13.1899995803833,0.0,960.2587890625,860900.0,94.837890625,552136000.0,178.6300048828125,71935300.0,179.7100067138672,29815500.0,302.0255126953125,4141200.0,24.51000022888184,29255900.0
2024-03-26,418.2702405050307,418.6436921137748,414.08372560652526,414.3785400390625,16725600.0,2175.60009765625,202373.0,13.239999771118164,0.0,952.7742919921876,706000.0,92.40109252929688,513648000.0,177.8699951171875,65322400.0,178.3000030517578,29659000.0,301.798583984375,3893900.0,24.88999938964844,43610500.0
2024-03-27,417.1204243635022,417.1302615081193,411.7840733216957,414.1623229980469,16705000.0,2190.60009765625,31200.0,12.779999732971191,0.0,955.4326782226562,572100.0,90.0940933227539,586067000.0,179.58999633789062,55685600.0,179.8300018310547,33272600.0,297.4072570800781,3859900.0,24.51000022888184,38600100.0
2024-03-28,413.7004206285772,414.5947310272611,411.89215553357553,413.4645690917969,21871200.0,2217.39990234375,2040.0,13.010000228881836,0.0,951.9600830078124,685700.0,90.19992065429688,435212000.0,180.4900054931641,57628600.0,180.3800048828125,38051600.0,297.2098693847656,4892300.0,23.01000022888184,70008200.0
2024-04-01,416.6388963047316,420.5109524938084,414.9387197575333,417.2481994628906,16316000.0,2236.5,400.0,13.649999618530272,0.0,974.011474609375,1108500.0,90.20690155029295,452441000.0,183.33999633789065,74299900.0,180.97000122070312,29174500.0,298.275634765625,2918100.0,22.86000061035156,41000000.0
2024-04-02,412.8651299341305,415.0960026612766,410.6342871982826,414.1722106933594,17912000.0,2261.0,435.0,14.609999656677246,0.0,948.2719116210938,964000.0,89.29747009277344,433064000.0,178.6999969482422,61598800.0,180.69000244140625,32611500.0,299.99273681640625,4746100.0,22.71999931335449,39770600.0
2024-04-03,412.49166464341647,415.9607877333754,411.8626872035861,413.1992492675781,16502300.0,2294.39990234375,285.0,14.329999923706056,0.0,961.5733642578124,892100.0,88.81031036376953,370067000.0,180.7700042724609,49835100.0,182.41000366210935,31046600.0,300.72296142578125,3047400.0,22.700000762939453,30357400.0
2024-04-04,417.6609252369343,421.2774854551743,410.36890189824567,410.6735534667969,19370900.0,2288.800048828125,251.0,16.350000381469727,0.0,935.2255249023438,1269700.0,85.75659942626953,434965000.0,165.8300018310547,88280000.0,180.0,41624300.0,290.2626953125,8351000.0,22.479999542236328,64995300.0
2024-04-05,412.7668650207588,419.15477140454254,411.1060069616712,418.1818237304688,16554800.0,2325.699951171875,344.0,16.030000686645508,0.0,960.8668823242188,878400.0,87.85596466064453,399678000.0,170.4199981689453,66080300.0,185.07000732421875,42374000.0,297.9302673339844,4918200.0,22.959999084472656,38716800.0
2024-04-08,417.8378673566601,419.91146556821536,416.00009070624833,417.2678527832031,14272400.0,2331.699951171875,202.0,15.1899995803833,0.0,963.966796875,929000.0,86.98247528076172,283220000.0,169.89999389648438,43997500.0,185.19000244140625,39221300.0,297.75262451171875,3142900.0,23.0,25022700.0
2024-04-09,419.0859247739188,420.3634939121141,414.3490398303801,418.9286804199219,12496900.0,2343.5,211.0,14.979999542236328,0.0,970.950927734375,717500.0,85.20655059814453,501700000.0,170.77999877929688,42886100.0,185.6699981689453,36520100.0,298.3842163085937,2997700.0,22.809999465942383,27643300.0
2024-04-10,414.90926057255786,416.71752584552905,412.46221066374153,415.9608154296875,16216600.0,2329.60009765625,377.0,15.800000190734863,0.0,956.021240234375,722800.0,86.88864135742188,431929000.0,167.13999938964844,59600000.0,185.9499969482422,35879200.0,295.67047119140625,3036400.0,22.420000076293945,28642900.0
2024-04-11,418.4766338120234,421.9654011694112,415.07628079166767,420.55023193359375,17966400.0,2354.800048828125,283.0,14.90999984741211,0.0,973.2560424804688,964700.0,90.4594497680664,431637000.0,170.5,48994500.0,189.0500030517578,40020700.0,295.2066650390625,3468600.0,22.84000015258789,26399400.0
2024-04-12,416.7371231732088,417.8476407951663,412.5309342100816,414.6242065429688,19253800.0,2356.199951171875,584.0,17.309999465942383,0.0,943.4948120117188,1031000.0,88.03365325927734,426805000.0,163.27999877929688,63519600.0,186.1300048828125,38608800.0,290.4403381347656,3820000.0,22.670000076293945,36764500.0
2024-04-15,419.2432392766727,419.45944655068297,406.30034426550657,406.5067443847656,20273500.0,2365.800048828125,1801.0,19.229999542236328,0.0,936.6087036132812,1077500.0,85.85242462158203,443077000.0,160.32000732421875,61461200.0,183.6199951171875,48052400.0,269.3026733398437,18365100.0,21.899999618530277,38182100.0
2024-04-16,407.42067380289205,411.1846115754289,406.5951633512696,407.4304809570313,16765600.0,2390.800048828125,41.0,18.399999618530277,0.0,958.287109375,1506500.0,87.26399993896484,370453000.0,163.4600067138672,55302100.0,183.32000732421875,32891300.0,273.7532653808594,7624300.0,21.8799991607666,33869200.0
2024-04-17,410.0544389834795,411.6563341009439,403.25376259314334,404.73773193359375,15855500.0,2371.699951171875,37.0,18.209999084472656,0.0,890.299072265625,3774100.0,83.88983917236328,495400000.0,154.02000427246094,75909000.0,181.27999877929688,31359700.0,272.6776123046875,4199400.0,21.309999465942383,30139800.0
2024-04-18,403.54861503604855,404.7868957018634,396.9838200607476,397.29827880859375,21029900.0,2382.300048828125,128.0,18.0,0.0,872.0734252929688,1653700.0,84.52472686767578,447260000.0,155.0800018310547,52669800.0,179.22000122070312,30723800.0,268.33563232421875,5918200.0,21.1299991607666,34550500.0
2024-04-19,397.0623898394721,398.4873961854359,390.9103356715456,392.237060546875,30565800.0,2398.39990234375,160.0,18.709999084472656,0.0,843.1458740234375,2486800.0,76.06837463378906,875198000.0,146.63999938964844,71618200.0,174.6300048828125,56000700.0,266.8060607910156,4913600.0,20.46999931335449,39632600.0
2024-04-22,393.1805201140456,395.9027700554988,388.9252051027742,394.04534912109375,20286900.0,2332.199951171875,53.0,16.940000534057617,0.0,855.4172973632812,1143900.0,79.38063049316406,596341000.0,148.63999938964844,49397000.0,177.22999572753906,37924900.0,270.20068359375,6747200.0,20.96999931335449,31894500.0
2024-04-23,397.2687915502586,401.1605221597847,396.10914808184776,400.5413818359375,15734500.0,2327.699951171875,171.0,15.6899995803833,0.0,884.3743896484375,991300.0,82.28060913085938,438559000.0,152.27000427246094,46051900.0,179.5399932861328,37046500.0,273.0328063964844,6285200.0,21.63999938964844,36304600.0
2024-04-24,402.4970231148721,405.3568429660157,399.7649661766944,402.0056457519531,15065300.0,2324.5,95.0,15.970000267028809,0.0,875.30078125,860600.0,79.53936004638672,512208000.0,151.74000549316406,43412600.0,176.58999633789062,34185100.0,272.5492553710937,3938800.0,21.59000015258789,34426500.0
2024-04-25,387.2348968478242,392.9938559312525,381.3383676792714,392.1585083007813,40586500.0,2329.800048828125,1024.0,15.369999885559082,0.0,885.29638671875,1114200.0,82.48926544189453,424641000.0,153.75999450683594,41471400.0,173.6699981689453,49249400.0,269.5395202636719,4811900.0,21.709999084472656,26226700.0
2024-04-26,405.0620796331898,405.8777529623426,398.76261744709456,399.3129577636719,29694700.0,2334.800048828125,717.0,15.029999732971191,0.0,903.3170776367188,865100.0,87.58344268798828,551011000.0,157.39999389648438,42510700.0,179.6199951171875,43919800.0,270.6743469238281,3754600.0,22.520000457763672,33119800.0
2024-04-29,398.2613746922827,399.3129295050505,392.3058831233316,395.3131103515625,19582100.0,2345.39990234375,405.0,14.670000076293944,0.0,894.273681640625,650800.0,87.60540771484375,388971000.0,160.1999969482422,43478200.0,180.9600067138672,54063900.0,272.105224609375,3576400.0,22.82999992370605,30104900.0
2024-04-30,394.5662389705951,395.2246979226767,382.45872189410846,382.6159362792969,28781400.0,2291.39990234375,113.0,15.649999618530272,0.0,857.609130859375,1093000.0,86.25273132324219,363709000.0,158.3800048828125,60742800.0,175.0,94639800.0,265.3949279785156,5218000.0,21.96999931335449,30511900.0
2024-05-01,385.83931510454033,394.792226173252,383.5789912516123,388.129150390625,23562500.0,2299.89990234375,42.0,15.390000343322754,0.0,838.3134765625,1458200.0,82.89754486083984,559863000.0,144.27000427246094,89413200.0,179.0,94645100.0,265.148193359375,3761000.0,22.1200008392334,34665900.0
2024-05-02,390.80223732859616,393.0330796991759,387.8441360864439,390.9791259765625,17709400.0,2299.199951171875,56.0,14.68000030517578,0.0,855.4564208984375,876800.0,85.66875457763672,377898000.0,146.16000366210938,50034700.0,184.72000122070312,54303500.0,268.5428161621094,3859900.0,22.549999237060547,30396100.0
2024-05-03,395.3425632659736,400.1285739017596,394.9297930918896,399.6470336914063,17446700.0,2299.0,194.0,13.489999771118164,0.0,886.2723999023438,1038000.0,88.6356201171875,398341000.0,150.60000610351562,49361100.0,186.2100067138672,39172000.0,270.0527038574219,4041600.0,23.32999992370605,55976400.0
2024-05-06,401.7108501382599,406.7916755135943,399.3620518377186,406.4084167480469,16996600.0,2321.60009765625,9.0,13.489999771118164,0.0,901.3020629882812,642000.0,91.9808349609375,376203000.0,155.77999877929688,44624500.0,188.6999969482422,34725300.0,271.9967041015625,3744800.0,25.209999084472656,175936600.0
2024-05-07,407.50911609687097,407.5189532422579,402.03516456718575,402.2808532714844,20018200.0,2315.199951171875,25.0,13.229999542236328,0.0,892.7501831054688,655000.0,90.39757537841795,437342000.0,154.42999267578125,37374900.0,188.75999450683597,34048900.0,273.5263061523437,3507700.0,21.399999618530277,161061600.0
2024-05-08,401.13105042212936,405.1210326153664,399.6962067828019,403.4601745605469,11792300.0,2313.60009765625,4.0,13.0,0.0,895.9448852539062,555700.0,90.2558135986328,325721000.0,153.6199951171875,28728000.0,188.0,26136400.0,275.292724609375,3283300.0,21.559999465942383,67582900.0
2024-05-09,403.48965172941627,405.60256858412407,402.045000951224,405.20947265625,14689700.0,2332.10009765625,5.0,12.6899995803833,0.0,897.9795532226562,756000.0,88.59368896484375,378013000.0,152.38999938964844,33018000.0,189.5,43368400.0,271.54278564453125,4709700.0,21.13999938964844,54101900.0
2024-05-10,405.8187609135271,408.2166849740278,404.698406069441,407.5877075195313,13402300.0,2367.300048828125,126.0,12.550000190734863,0.0,914.4442138671876,814100.0,89.72272491455078,335325000.0,151.9199981689453,37652800.0,187.47999572753903,34141800.0,273.02301025390625,2912300.0,20.600000381469727,59845400.0
2024-05-13,410.8012920746048,411.1354250657847,403.735283548624,406.5852661132813,15440200.0,2336.10009765625,14.0,13.600000381469728,0.0,901.6165161132812,745700.0,90.24283599853516,289680000.0,150.55999755859375,27859200.0,186.57000732421875,24898600.0,273.8617553710937,2998700.0,20.940000534057617,37524800.0
2024-05-14,404.9146275219176,410.29029755221785,404.45273155985166,409.3763427734375,15109300.0,2353.39990234375,6.0,13.420000076293944,0.0,899.4442749023438,592000.0,91.19818878173828,296507000.0,153.16000366210938,31938300.0,187.07000732421875,38698200.0,273.1512451171875,3056800.0,21.440000534057617,57894400.0
2024-05-15,411.433999213995,417.2525598208021,410.8137421375517,416.5338439941406,22239500.0,2388.699951171875,29.0,12.449999809265137,0.0,921.4528198242188,883000.0,94.4665298461914,417735000.0,159.6699981689453,43195900.0,185.9900054931641,75459900.0,283.74969482421875,5828500.0,21.670000076293945,39424000.0
2024-05-16,415.2736611097877,418.8376756715858,413.84611435268135,414.4761962890625,17530100.0,2380.0,7.0,12.420000076293944,0.0,903.8773193359376,811100.0,94.19599151611328,323952000.0,162.6199951171875,76726700.0,183.6300048828125,38834500.0,280.9273681640625,3559200.0,21.649999618530277,27416700.0
2024-05-17,416.00224831627656,416.3763735645946,411.56201978291415,413.7082824707031,15352200.0,2412.199951171875,213.0,11.989999771118164,0.0,909.21484375,703700.0,92.3192367553711,359691000.0,164.47000122070312,65944400.0,184.6999969482422,33175700.0,281.8451538085937,3478900.0,21.76000022888184,30032300.0
2024-05-20,413.7082502471213,420.1667475860199,413.49165301735496,418.7588806152344,16272100.0,2433.89990234375,40.0,12.149999618530272,0.0,923.4384155273438,669300.0,94.6162567138672,318764000.0,166.3300018310547,45618000.0,183.5399932861328,30511800.0,283.2859191894531,2799300.0,21.6200008392334,35255300.0
2024-05-21,420.2257843102985,426.2707964989618,418.27643943862864,422.401611328125,21453300.0,2421.699951171875,6.0,11.859999656677246,0.0,909.5098266601562,746400.0,95.22122192382812,328946000.0,164.66000366210938,30005500.0,183.1499938964844,50839100.0,280.0195617675781,3492100.0,21.239999771118164,27954000.0
2024-05-22,423.43539455106486,425.7195053768376,420.5212017999642,423.8587341308594,18073700.0,2389.199951171875,180.0,12.289999961853027,0.0,906.619873046875,668600.0,94.78597259521484,548648000.0,165.52000427246094,47426700.0,183.1300048828125,28148800.0,280.0787353515625,3309200.0,21.170000076293945,25212500.0
2024-05-23,426.2708180980622,426.89107515061806,418.837648446434,420.3931884765625,17211700.0,2335.0,365.0,12.770000457763672,0.0,918.3367919921876,1357200.0,103.61969757080078,835065000.0,160.42999267578125,91888800.0,181.0500030517578,33670200.0,274.89794921875,5456600.0,20.71999931335449,36887600.0
2024-05-24,420.5802554471063,424.3903716147688,417.84327052223153,423.5043029785156,11855300.0,2332.5,25.0,11.93000030517578,0.0,939.9325561523438,684900.0,106.28507995605467,429494000.0,166.36000061035156,54868600.0,180.75,27471600.0,268.7007141113281,8325100.0,21.01000022888184,22158700.0
2024-05-28,422.9825388810405,424.1541289660439,419.999421868943,423.661865234375,15718000.0,2355.199951171875,26.0,12.920000076293944,0.0,974.9557495117188,1184000.0,113.70423889160156,652728000.0,171.61000061035156,66495400.0,182.1499938964844,29927000.0,266.2731018066406,9294100.0,21.049999237060547,26274200.0
2024-05-29,419.1034664398289,424.27223522977,419.1034664398289,422.5296325683594,15517100.0,2340.300048828125,119317.0,14.279999732971191,0.0,941.5642700195312,902000.0,114.62663269042967,557442000.0,165.13999938964844,56537500.0,182.0200042724609,32009300.0,268.03955078125,13397900.0,20.940000534057617,24834200.0
2024-05-30,417.7349716036768,417.7349716036768,407.8306281783295,408.2539978027344,28394500.0,2342.89990234375,32587.0,14.470000267028809,0.0,949.6639404296876,846500.0,110.3091049194336,484553000.0,166.75,46367000.0,179.32000732421875,29184700.0,215.1362152099609,66763300.0,21.729999542236328,47210300.0
2024-05-31,410.3017776619535,410.3017776619535,398.2511723788605,408.7068481445313,47995300.0,2322.89990234375,941.0,12.920000076293944,0.0,943.9921875,1040400.0,109.44361877441406,613263000.0,166.89999389648438,64331900.0,176.44000244140625,58903900.0,231.3496551513672,36807400.0,21.68000030517578,44416100.0
2024-06-03,409.10064418608687,409.9867127825708,402.59293289369214,407.1217346191406,17484700.0,2346.60009765625,781.0,13.109999656677246,0.0,949.0348510742188,752800.0,114.80133819580078,438392000.0,163.5500030517578,59157600.0,178.33999633789062,30786600.0,233.5009307861328,19962700.0,21.31999969482422,33876100.0
2024-06-04,406.04859979558495,409.9965640062738,403.3411496361208,409.6322937011719,14348900.0,2325.5,890.0,13.15999984741211,0.0,934.61474609375,765400.0,116.2358627319336,403324000.0,159.99000549316406,48157200.0,179.33999633789062,27198400.0,231.76412963867188,11197500.0,22.100000381469727,41974000.0
2024-06-05,411.3454112041521,417.5183874951578,409.8587651411263,417.4494934082031,16988000.0,2354.10009765625,295.0,12.630000114440918,0.0,1023.602783203125,2586500.0,122.22848510742188,528402000.0,166.1699981689453,60507500.0,181.27999877929688,32116400.0,233.412109375,10772100.0,22.959999084472656,39825400.0
2024-06-06,417.449480051286,418.7293536763162,414.0725281736093,417.9515686035156,14861300.0,2370.300048828125,179.0,12.579999923706056,0.0,1034.6806640625,1370700.0,120.78897094726562,664696000.0,166.77999877929688,47153700.0,185.0,31371200.0,239.55995178222656,11693800.0,23.790000915527344,60400400.0
2024-06-07,419.6056071642028,419.6843561394708,416.4551073364084,417.2919616699219,13621700.0,2305.199951171875,269.0,12.220000267028809,0.0,1010.90283203125,936200.0,120.6791763305664,412386000.0,167.8699951171875,44796000.0,184.3000030517578,28021500.0,238.66197204589844,6883800.0,23.309999465942383,37149900.0
2024-06-10,418.1288206635897,421.45649821147657,417.3313558315188,421.249755859375,13982900.0,2307.699951171875,69.0,12.739999771118164,0.0,1023.9664306640624,1039500.0,121.5796127319336,313434100.0,160.33999633789062,67444600.0,187.05999755859372,34445600.0,238.652099609375,7656900.0,23.1299991607666,31429200.0
2024-06-11,418.8967415787632,426.1231693068597,418.670289453605,425.9853210449219,14551100.0,2307.5,871.0,12.850000381469728,0.0,1018.3634033203124,789500.0,120.71104431152344,222551200.0,158.9600067138672,40497100.0,187.22999572753903,27265100.0,237.8133087158203,7264400.0,23.850000381469727,30601900.0
2024-06-12,428.58444890305617,436.5394165910894,426.5464700981564,434.2356262207031,22366200.0,2336.0,132.0,12.039999961853027,0.0,1050.654052734375,978400.0,124.99398040771484,299595000.0,160.24000549316406,48325800.0,186.88999938964844,33984200.0,232.6917266845703,10260100.0,23.770000457763672,38542700.0
2024-06-13,434.02890334988575,436.5296113185569,432.5717920048744,434.7475891113281,15960600.0,2300.199951171875,298.0,11.9399995803833,0.0,1034.7789306640625,1106300.0,129.396728515625,260704500.0,159.89999389648438,44442500.0,183.8300018310547,39721500.0,226.010986328125,13566700.0,23.270000457763672,26035100.0
2024-06-14,431.4986289418585,436.2834473000101,429.962768739338,435.7222595214844,13582000.0,2331.39990234375,948.0,12.65999984741211,0.0,1010.3916625976562,1047200.0,131.66299438476562,309320400.0,159.6300048828125,34054000.0,183.66000366210935,25456400.0,228.8826141357422,8833700.0,23.56999969482422,26618300.0
2024-06-17,435.7419888452348,443.9627988421197,433.9009273701985,441.43255615234375,20790000.0,2312.39990234375,110.0,12.75,0.0,1034.5433349609375,844400.0,130.7644805908203,288504400.0,158.39999389648438,44507700.0,184.05999755859372,35601900.0,227.4418487548828,10563700.0,25.020000457763672,54101500.0
2024-06-18,442.7518432687409,443.1752129183503,438.0064436641029,439.4339904785156,17112500.0,2330.39990234375,43.0,12.300000190734863,0.0,1043.30126953125,1025300.0,135.35691833496094,294335100.0,154.6300048828125,51852000.0,182.80999755859372,36659200.0,228.75433349609372,7119800.0,25.81999969482422,54458600.0
2024-06-20,439.3945864733692,439.6210386019516,434.442414629224,438.8038940429688,19877400.0,2353.800048828125,183.0,13.279999732971191,0.0,1032.842529296875,1150300.0,130.56480407714844,517768400.0,161.77999877929688,93245700.0,186.1000061035156,44726800.0,238.61264038085935,14809600.0,25.559999465942383,66735000.0
2024-06-21,440.4578496032106,443.6083190884872,439.6013156180092,442.8207092285156,34187100.0,2316.39990234375,76.0,13.199999809265137,0.0,1018.9435424804688,1626000.0,126.36173248291016,649445800.0,161.22999572753906,61293900.0,189.0800018310547,70792500.0,241.82965087890625,15719600.0,23.84000015258789,68605900.0
2024-06-24,442.8404263927747,445.74479433203504,439.5028940256874,440.743408203125,15913700.0,2330.0,99.0,13.329999923706056,0.0,984.9427490234376,1027000.0,117.9156494140625,476060900.0,160.25,45954100.0,185.57000732421875,50610400.0,236.77716064453125,7545700.0,24.15999984741211,36477400.0
2024-06-25,441.3143898379412,444.4353547941903,439.83759879553867,443.9726257324219,16413400.0,2316.60009765625,105.0,12.84000015258789,0.0,1005.9093017578124,621600.0,125.88250732421876,414192600.0,160.25,40572300.0,186.33999633789065,45366400.0,238.5731506347656,6037800.0,24.559999465942383,29389400.0
2024-06-26,442.0528300470716,446.58166237734525,441.2553652071883,445.1639404296875,16507000.0,2299.199951171875,986.0,12.550000190734863,0.0,999.2841796875,885100.0,126.19200897216795,362975900.0,157.5399932861328,36973400.0,193.6100006103516,65103900.0,239.94482421875,4524700.0,24.100000381469727,24331400.0
2024-06-27,445.1836151073107,449.111900063477,444.7799552473841,445.84326171875,14806300.0,2324.5,1532.0,12.239999771118164,0.0,1010.4998779296876,784300.0,123.7859878540039,252571700.0,159.47000122070312,34018200.0,197.8500061035156,74397500.0,249.5169677734375,12869000.0,25.21999931335449,37882900.0
2024-06-28,446.0598180142048,448.33407381119525,439.5028621939787,440.0345153808594,28362300.0,2327.699951171875,92.0,12.4399995803833,0.0,1005.3096313476562,837600.0,123.3367156982422,315516700.0,162.2100067138672,56204600.0,193.25,76930200.0,253.7109375,12619300.0,25.32999992370605,38886400.0
2024-07-01,441.71809469633655,450.2933204774516,438.7645123104036,449.6632385253906,17662800.0,2327.60009765625,237.0,12.220000267028809,0.0,1015.886474609375,791000.0,124.095458984375,284885500.0,157.69000244140625,50436700.0,197.1999969482422,41192000.0,252.83267211914065,5871700.0,25.8799991607666,33167900.0
2024-07-02,446.18788351342585,452.4789987346013,446.0992495967908,452.1737976074219,13979800.0,2323.0,30.0,12.029999732971191,0.0,1030.0411376953125,748700.0,122.46815490722656,218374000.0,164.30999755859375,57838600.0,200.0,45600000.0,252.8129425048828,5130600.0,25.82999992370605,32148200.0
2024-07-03,451.1006488720151,453.8868484229565,450.7954477565712,453.6407165527344,9932800.0,2359.800048828125,59.0,12.09000015258789,0.0,1053.16064453125,779800.0,128.06893920898438,215749000.0,163.89999389648438,26980900.0,197.58999633789065,31597900.0,257.5101928710937,4755700.0,25.850000381469727,18433800.0
2024-07-05,452.498587816865,461.1033770377166,451.8685059547019,460.3255920410156,16000300.0,2388.5,72.0,12.479999542236328,0.0,1056.17822265625,771100.0,125.62294006347656,214176700.0,171.89999389648438,61857100.0,200.0,39858900.0,259.7206726074219,6562100.0,27.229999542236328,46703700.0
2024-07-08,459.33120203742016,460.4634324742541,457.27354357582976,459.0260009765625,12962300.0,2355.199951171875,64.0,12.369999885559082,0.0,1059.03857421875,881900.0,127.9890365600586,237677300.0,178.69000244140625,60223400.0,199.2899932861328,34767300.0,253.97738647460935,6539300.0,27.700000762939453,59611200.0
2024-07-09,459.7742838174559,460.0991646310165,450.9135374483829,452.4297180175781,17207200.0,2360.10009765625,9.0,12.510000228881836,0.0,1041.9154052734375,925400.0,131.163818359375,285366600.0,177.10000610351562,43395600.0,199.33999633789065,32700100.0,249.49024963378903,7014900.0,27.38999938964844,53067100.0
2024-07-10,454.0837473649462,459.2426615392735,451.7602469814767,459.0359191894531,18196100.0,2372.199951171875,19.0,12.850000381469728,0.0,1080.2314453125,925400.0,134.68801879882812,248978600.0,183.9600067138672,90247000.0,199.7899932861328,32883800.0,249.64840698242188,8947700.0,28.420000076293945,43231000.0
2024-07-11,455.81652839633193,457.58866578342753,444.5633568384772,447.6646423339844,23111200.0,2415.0,72.0,12.920000076293944,0.0,1044.4022216796875,1151400.0,127.19036865234376,374782700.0,181.94000244140625,59231400.0,195.0500030517578,44565000.0,248.19552612304688,5341800.0,27.63999938964844,61546100.0
2024-07-12,447.3003093014831,449.29889867197954,443.6772557704516,446.5323791503906,16324300.0,2414.0,355.0,12.460000038146973,0.0,1066.774658203125,1053800.0,129.02734375,252680500.0,181.6100006103516,50827400.0,194.4900054931641,30598500.0,251.0123291015625,4705500.0,28.06999969482422,30760300.0
2024-07-15,446.28624348851673,450.1849934949163,444.4451821193013,446.93603515625,14429400.0,2422.89990234375,540.0,13.119999885559082,0.0,1045.512939453125,1365600.0,128.2286376953125,208326200.0,179.8300018310547,42202700.0,192.72000122070312,40683200.0,249.91526794433597,4404300.0,28.670000076293945,49186300.0
2024-07-16,447.19204922721934,447.27079820143007,439.7490242805094,442.5647583007813,17175700.0,2462.39990234375,93.0,13.1899995803833,0.0,1049.995361328125,1197600.0,126.15206909179688,214769500.0,177.5500030517578,40633100.0,193.0200042724609,33994700.0,253.04835510253903,4780400.0,28.670000076293945,59330700.0
2024-07-17,435.7420199325565,437.96706168336215,432.38477757281146,436.6576232910156,21778000.0,2454.800048828125,10.0,14.479999542236328,0.0,916.1841430664062,5188400.0,117.79584503173828,390086200.0,159.42999267578125,76954200.0,187.92999267578125,48076100.0,248.2943572998047,5625300.0,28.21999931335449,45203500.0
2024-07-18,437.4648797185402,437.770080793845,427.6786754419279,433.5563049316406,20794800.0,2451.800048828125,2.0,15.93000030517578,0.0,908.408935546875,2242200.0,120.8907470703125,320979500.0,155.77000427246094,69420300.0,183.75,51043600.0,244.4694366455078,6351600.0,28.63999938964844,76485600.0
2024-07-19,426.39883667006126,434.3144456334854,425.31585048613374,430.3467712402344,20940400.0,2395.5,15.0,16.520000457763672,0.0,880.1190795898438,2133600.0,117.73595428466795,217223800.0,151.5800018310547,47513100.0,183.1300048828125,43081800.0,244.7461853027344,4468900.0,28.57999992370605,49581600.0
2024-07-22,434.95437784378936,437.7208974938516,432.1189340633458,436.0865783691406,15808800.0,2392.0,18.0,14.90999984741211,0.0,925.2274780273438,1926800.0,123.3367156982422,258068900.0,155.8699951171875,43912500.0,182.5500030517578,39931900.0,251.12106323242188,5647600.0,28.459999084472656,38037800.0
2024-07-23,437.0316974699668,441.4522458319455,436.24408758502966,437.9670104980469,13107100.0,2404.60009765625,41.0,14.720000267028809,0.0,916.92138671875,1056200.0,122.38827514648438,173911000.0,154.0,31950600.0,186.41000366210935,47537700.0,253.07801818847656,3905500.0,28.809999465942383,31134300.0
2024-07-24,433.6351347306288,434.6491968195245,420.9740958851319,422.2638244628906,26805800.0,2413.300048828125,6.0,18.040000915527344,0.0,857.8843994140625,1912000.0,114.06201171875,327776900.0,144.6300048828125,49203100.0,180.8300018310547,41532400.0,246.87112426757807,5204100.0,26.600000381469727,49004100.0
2024-07-25,422.1653487650477,423.14987619224735,411.05005574464656,411.92626953125,29943800.0,2351.89990234375,31.0,18.459999084472656,0.0,847.936767578125,2075900.0,112.09524536132812,460067000.0,138.32000732421875,60578500.0,179.85000610351562,44464200.0,253.5326385498047,7155800.0,26.6299991607666,45474600.0
2024-07-26,411.7293257648009,422.28345954280974,410.8136925482291,418.6899108886719,23583800.0,2380.0,95.0,16.389999389648438,0.0,873.2579956054688,1681600.0,112.87395477294922,293399100.0,139.99000549316406,49435800.0,182.5,29506000.0,259.6505126953125,6127300.0,27.18000030517578,27432200.0
2024-07-29,424.9022832711689,425.4634710488169,418.1287606158368,420.1273498535156,15125800.0,2377.300048828125,126409.0,16.600000381469727,0.0,857.3073120117188,1231500.0,111.4063720703125,248152100.0,139.75,47447200.0,183.1999969482422,33270100.0,255.57850646972656,5101400.0,27.07999992370605,26038800.0
2024-07-30,421.1020931567628,422.4115014796213,410.90237288373,416.3763732910156,32687600.0,2405.0,25944.0,17.690000534057617,0.0,847.1541137695312,1682100.0,103.5593032836914,486833300.0,138.44000244140625,68801700.0,181.7100067138672,39508600.0,254.9262237548828,3944300.0,26.3700008392334,31819900.0
2024-07-31,413.9937725831716,415.2539664560443,405.8320320070505,411.8770446777344,42891400.0,2426.5,1313.0,16.360000610351562,0.0,922.451171875,2406800.0,116.82744598388672,473174200.0,144.47999572753906,114306800.0,186.97999572753903,41667300.0,255.7861328125,4647700.0,26.88999938964844,29111600.0
2024-08-01,414.27933402476685,420.8461156067044,406.6984602769746,410.65625,30296400.0,2435.0,690.0,18.59000015258789,0.0,870.2671508789062,1808500.0,109.03028869628906,523462300.0,132.5399932861328,94731900.0,184.07000732421875,70435600.0,250.1129302978516,5527400.0,26.07999992370605,31189600.0
2024-08-02,406.1076649473114,408.57883813707474,398.08377329176966,402.1695556640625,29437900.0,2425.699951171875,550.0,23.38999938964844,0.0,797.038330078125,3624100.0,107.09347534179688,482027500.0,132.5,78562000.0,167.89999389648438,141448400.0,241.12879943847656,6504500.0,24.739999771118164,56092600.0
2024-08-05,383.1485258419234,394.8348607957488,379.61404618021845,389.0359802246094,40709200.0,2401.699951171875,334.0,38.56999969482422,0.0,807.8709716796875,2815600.0,100.28470611572266,552842400.0,134.82000732421875,76089400.0,161.02000427246094,83149400.0,236.2265472412109,6899300.0,24.09000015258789,88023500.0
2024-08-06,393.81095153508136,399.3932349930632,392.3341604668248,393.4269714355469,24946500.0,2389.10009765625,163.0,27.709999084472656,0.0,830.186279296875,1995700.0,104.07846069335938,409012100.0,130.17999267578125,64455600.0,161.92999267578125,59950800.0,235.64341735839844,5673900.0,26.59000015258789,99622700.0
2024-08-07,402.3173055349637,403.7349973998657,391.32012086399686,392.2652587890625,20650900.0,2390.5,130.0,27.850000381469727,0.0,823.6275634765625,1521600.0,98.74724578857422,411440400.0,128.6699981689453,54676500.0,162.77000427246094,48408200.0,237.24456787109372,4035500.0,26.31999969482422,75975400.0
2024-08-08,396.2132187300544,399.5802856931157,393.7519001712231,396.4593505859375,20203000.0,2422.199951171875,201.0,23.790000915527344,0.0,863.3145751953125,1447700.0,104.7972640991211,391910000.0,136.32000732421875,49037500.0,165.8000030517578,44616200.0,246.2187957763672,4474300.0,29.280000686645508,96892900.0
2024-08-09,397.7785931119872,401.73638233312255,396.0359904789914,399.73779296875,19276700.0,2432.10009765625,611.0,20.3700008392334,0.0,847.45947265625,950500.0,104.57763671875,290844200.0,134.27000427246094,40583000.0,166.94000244140625,36401000.0,249.58909606933597,2975300.0,30.01000022888184,88131100.0
2024-08-12,400.7616957993417,402.4354042920839,397.98532149531104,400.51556396484375,16762900.0,2462.39990234375,566.0,20.709999084472656,0.0,839.8863525390625,1151200.0,108.84060668945312,325559900.0,136.77000427246094,39724300.0,166.8000030517578,30072800.0,248.3832855224609,3679700.0,29.3799991607666,67890300.0
2024-08-13,403.2525628062739,408.5296451452922,403.232883075169,407.6041870117188,19414300.0,2466.699951171875,510.0,18.1200008392334,0.0,856.2635498046875,1526600.0,115.94889831542967,312646700.0,141.1300048828125,42218000.0,170.22999572753906,39237900.0,251.63499450683597,4031600.0,30.38999938964844,57294200.0
2024-08-14,408.38197108714223,411.2568044389076,406.0683556338293,410.41009521484375,18267000.0,2439.39990234375,274.0,16.190000534057617,0.0,866.2000732421875,887700.0,117.8856964111328,339246400.0,140.75,35506400.0,170.10000610351562,28843800.0,252.34661865234372,4145200.0,31.0,49885600.0
2024-08-15,414.0495331175792,415.3415862221362,411.9388626649199,415.2626953125,20752100.0,2453.10009765625,285.0,15.229999542236328,0.0,914.1295776367188,1459000.0,122.6578369140625,318086700.0,147.36000061035156,43582400.0,177.58999633789062,51698500.0,259.7296447753906,5167900.0,31.21999931335449,43407600.0
2024-08-16,414.838651686158,415.5685055773477,411.5838368344673,412.7378234863281,22775600.0,2498.60009765625,197.0,14.800000190734863,0.0,904.6854248046876,804200.0,124.37499237060548,302589900.0,148.55999755859375,31123900.0,177.05999755859375,31489200.0,259.84820556640625,3494900.0,32.08000183105469,64870600.0
2024-08-19,413.22105614207504,415.9728470077707,410.75530126947416,415.755859375,15234000.0,2501.800048828125,88.0,14.649999618530272,0.0,918.9551391601562,1024600.0,129.78607177734375,318333600.0,155.27999877929688,60766900.0,178.22000122070312,31129800.0,262.2894592285156,4501300.0,32.5,52353600.0
2024-08-20,415.9235366750767,420.0265262237166,415.86436096713305,418.9810485839844,16387600.0,2511.300048828125,187.0,15.880000114440918,0.0,912.0911254882812,921300.0,127.04060363769533,300087400.0,156.39999389648438,76851200.0,178.8800048828125,26255200.0,258.7906799316406,5731300.0,32.31999969482422,40783000.0
2024-08-21,418.2709333493598,420.55916118279697,415.9432751081222,418.33013916015625,16067300.0,2508.39990234375,96.0,16.270000457763672,0.0,929.2559814453124,646500.0,128.28857421875,257883600.0,157.80999755859375,42791200.0,180.11000061035156,35599100.0,258.0494384765625,4648200.0,32.540000915527344,38147600.0
2024-08-22,418.54707521874735,420.9438117994872,408.9306313403218,409.8577575683594,19361900.0,2478.89990234375,210.0,17.549999237060547,0.0,893.902099609375,1092600.0,123.53638458251952,376189100.0,151.6999969482422,45737300.0,176.1300048828125,32047500.0,255.57850646972656,5111400.0,31.920000076293945,43522200.0
2024-08-23,411.2681797994915,413.51694694228206,406.4451490290269,411.0807800292969,18493800.0,2508.39990234375,94.0,15.859999656677246,0.0,893.4588623046875,1395900.0,129.15711975097656,323230300.0,154.97999572753906,43694600.0,177.0399932861328,29150100.0,260.9255065917969,4711300.0,31.780000686645508,34121200.0
2024-08-26,410.6665125068156,411.5640508373135,405.7054152115458,407.8259582519531,13152800.0,2517.699951171875,290.0,16.149999618530273,0.0,869.8732299804688,1251500.0,126.25191497802734,331964700.0,149.99000549316406,49893300.0,175.5,22366200.0,262.19061279296875,3818300.0,30.850000381469727,35283600.0
2024-08-27,407.2045559563185,408.6840086899476,404.63032264758425,408.171142578125,13492900.0,2516.0,100.0,15.43000030517578,0.0,876.3433227539062,661600.0,128.08889770507812,303134600.0,150.5,35102700.0,173.1199951171875,29842000.0,261.1231689453125,5276400.0,30.84000015258789,23541300.0
2024-08-28,409.1969879073614,409.3153393341326,401.7306743732061,404.9756164550781,14882700.0,2501.0,2353.0,17.110000610351562,0.0,874.6199340820312,727300.0,125.40330505371094,448101100.0,146.36000061035156,34075800.0,170.8000030517578,29045000.0,255.88491821289065,10981900.0,30.36000061035156,33961400.0
2024-08-29,409.2561057035253,416.268697643249,404.9755591436319,407.4610290527344,17045200.0,2525.699951171875,3966.0,15.649999618530272,0.0,874.2062377929688,1173800.0,117.39649963378906,453023300.0,145.49000549316406,31602100.0,172.1199951171875,26407800.0,254.01695251464844,14301700.0,31.0,39733000.0
2024-08-30,409.9071119024553,411.7712070065085,406.4846428028709,411.426025390625,24308300.0,2493.800048828125,208.0,15.0,0.0,890.1204833984375,991200.0,119.17356872558594,333751600.0,148.55999755859375,31169100.0,178.5,43429400.0,249.95477294921875,10507700.0,31.479999542236328,42388000.0
2024-09-03,412.1854296938012,414.1284456363182,401.45446023053216,403.8314514160156,20313600.0,2489.89990234375,206.0,20.71999931335449,0.0,832.530029296875,1870800.0,107.82228088378906,477155100.0,136.94000244140625,42172700.0,176.25,37817500.0,245.17117309570312,6190400.0,30.51000022888184,34531600.0
2024-09-04,400.3498254636215,405.6068015782242,398.830912042889,403.2988586425781,15135800.0,2493.39990234375,470.0,21.31999969482422,0.0,799.1358642578125,2350900.0,106.03523254394533,372470300.0,140.8699951171875,42130600.0,173.3300018310547,30309200.0,244.79559326171875,4706500.0,30.59000015258789,33419500.0
2024-09-05,402.0363961545014,407.4413416778363,400.5668158804491,402.7958679199219,14195500.0,2511.39990234375,54.0,19.899999618530277,0.0,783.4974365234375,1672000.0,107.03359985351562,306850700.0,139.44000244140625,25023000.0,177.88999938964844,40170500.0,243.2537384033203,4083600.0,30.15999984741211,24012300.0
2024-09-06,403.4566777506577,405.0248942566708,395.3098139211049,396.197509765625,19609500.0,2493.5,96.0,22.3799991607666,0.0,741.338623046875,3286800.0,102.66079711914062,413638100.0,134.35000610351562,39993500.0,171.38999938964844,41466500.0,241.12879943847656,6259400.0,30.32999992370605,50946800.0
2024-09-09,401.6615826272171,403.0522719406784,396.6413094868822,400.1624145507813,15295100.0,2501.800048828125,96.0,19.450000762939453,0.0,738.4138793945312,2539900.0,106.2947998046875,273912000.0,138.14999389648438,27194500.0,175.39999389648438,29037400.0,242.8979339599609,4588800.0,34.599998474121094,140582500.0
2024-09-10,402.6084940695935,410.6271041580992,402.11534306269766,408.52630615234375,19594300.0,2512.300048828125,5.0,19.07999992370605,0.0,739.9502563476562,1524000.0,107.922119140625,268283700.0,142.83999633789062,37217500.0,179.5500030517578,36233800.0,243.29327392578125,3544800.0,34.7599983215332,91721000.0
2024-09-11,409.8084532189213,418.1821469994098,403.9695325309428,417.24517822265625,19266900.0,2512.10009765625,90.0,17.690000534057617,0.0,787.9684448242188,2559100.0,116.71763610839844,441422400.0,149.86000061035156,50935400.0,184.5200042724609,42564700.0,246.66358947753903,4822200.0,34.849998474121094,68302300.0
2024-09-12,417.51148327493246,421.5158668532968,414.000250680106,421.1509399414063,17395700.0,2551.199951171875,132.0,17.06999969482422,0.0,787.9979248046875,1318700.0,118.95413208007812,366052700.0,150.77000427246094,29233700.0,187.0,33544200.0,250.41932678222656,5219700.0,34.90999984741211,54291900.0
2024-09-13,419.9969351521576,425.914746697553,419.6320082561189,424.6917419433594,15874600.0,2581.300048828125,31.0,16.559999465942383,0.0,803.9415893554688,1069200.0,118.91419219970705,238358300.0,152.30999755859375,25117200.0,186.4900054931641,26495400.0,251.60536193847656,4998900.0,35.59000015258789,49727200.0
2024-09-16,424.7016037460969,427.5914610863902,422.3542004104568,425.4314575195313,13834700.0,2580.39990234375,28.0,17.139999389648438,0.0,790.8242797851562,1150100.0,116.59781646728516,248772300.0,152.0800018310547,27677800.0,184.88999938964844,26065500.0,253.9180908203125,5367000.0,36.310001373291016,74767300.0
2024-09-17,434.1997005769437,435.7975048548551,426.3487157034463,429.1892700195313,18874200.0,2564.300048828125,22.0,17.610000610351562,0.0,793.4340209960938,734600.0,115.40966796875,231925900.0,150.82000732421875,29889000.0,186.8800048828125,26091700.0,252.21812438964844,5423400.0,36.45000076293945,64461800.0
2024-09-18,429.041298505566,430.05718819229855,424.5141766919007,424.90869140625,18898000.0,2570.699951171875,25.0,18.229999542236328,0.0,775.85546875,1249000.0,113.19313049316406,310318900.0,148.2899932861328,26320100.0,186.42999267578125,34448100.0,249.8819274902344,4436700.0,36.380001068115234,66279800.0
2024-09-19,435.18597071101885,435.45226137137865,430.9152668977704,432.6807556152344,21706600.0,2588.0,99.0,16.329999923706055,0.0,815.5621337890625,1644300.0,117.68611907958984,293506400.0,156.74000549316406,44500000.0,189.8699951171875,39543200.0,263.3051147460937,11022800.0,36.83000183105469,59882000.0
2024-09-20,431.2309179323644,433.2232369345761,428.2720122322932,429.3076171875,55167100.0,2619.89990234375,17.0,16.149999618530273,0.0,783.182373046875,2748600.0,115.81903839111328,382462400.0,155.9499969482422,40248200.0,191.6000061035156,100378600.0,264.1069030761719,11463200.0,37.20000076293945,450290500.0
2024-09-23,428.33121902605126,430.4813501002658,424.4945200082598,427.57177734375,15128900.0,2626.5,9.0,15.890000343322754,0.0,791.27734375,965600.0,116.07862091064452,206228500.0,156.75,21728500.0,193.8800048828125,36993100.0,261.54302978515625,6034000.0,37.95000076293945,79460700.0
2024-09-24,427.0687217553129,427.4139334394583,420.2632446802758,423.2911987304688,17015800.0,2651.199951171875,35.0,15.390000343322754,0.0,801.6176147460938,881200.0,120.68143463134766,354966800.0,158.32000732421875,27531200.0,193.9600067138672,43478900.0,267.71014404296875,7154500.0,36.900001525878906,79519200.0
2024-09-25,423.94215074360574,427.1870925626301,422.6994307636224,426.19091796875,13396400.0,2659.199951171875,175.0,15.40999984741211,0.0,805.7340087890625,878200.0,123.31730651855467,284692900.0,162.02000427246094,35233300.0,192.52999877929688,26391100.0,271.32330322265625,7920000.0,37.119998931884766,46511700.0
2024-09-26,429.1301061037402,429.3372210826113,423.251754987828,425.4018859863281,14492000.0,2669.89990234375,17216.0,15.369999885559082,0.0,839.4728393554688,1566400.0,123.8464813232422,302582900.0,167.49000549316406,38044900.0,191.16000366210935,36334900.0,272.9764404296875,5253400.0,37.09999847412109,48602000.0
2024-09-27,425.6090087464783,425.9345052473445,421.61449786891575,422.1569519042969,14896100.0,2644.300048828125,4228.0,16.959999084472656,0.0,828.7385864257812,1038400.0,121.21060943603516,271009200.0,164.35000610351562,27876000.0,187.97000122070312,36002300.0,273.8475952148437,5220100.0,36.84000015258789,43219100.0
2024-09-30,422.3443332995087,424.52408219664926,419.5432394814415,424.40570068359375,16807300.0,2636.10009765625,973.0,16.729999542236328,0.0,820.57470703125,994700.0,121.25054931640624,226553700.0,164.0800018310547,21881600.0,186.3300018310547,41583900.0,270.9471435546875,5059700.0,37.20000076293945,42110200.0
2024-10-01,422.5810808985996,422.6106687530044,413.07311568923785,414.9273681640625,19092900.0,2667.300048828125,153.0,19.26000022888184,0.0,809.840576171875,1244100.0,116.81746673583984,302094500.0,159.75,31831900.0,185.1300048828125,36044900.0,268.13580322265625,4369900.0,36.459999084472656,52858000.0
2024-10-02,416.7914652693021,417.0281982052677,411.0018776320328,411.4161376953125,16582300.0,2647.10009765625,72.0,18.899999618530277,0.0,819.5308837890625,898400.0,118.66458129882812,221845900.0,159.77999877929688,24630400.0,184.75999450683597,23704100.0,276.658935546875,8512300.0,37.4900016784668,34988900.0
2024-10-03,411.90923284957546,413.8029154833907,408.6149883911416,410.8341674804688,13686400.0,2657.10009765625,354.0,20.489999771118164,0.0,819.7474365234375,651900.0,122.65834045410156,277118000.0,162.85000610351562,29598800.0,181.9600067138672,30204300.0,278.0744934082031,3868400.0,39.2400016784668,57196400.0
2024-10-04,412.5109404707377,414.00026612845136,409.28574375388894,410.3608093261719,19169700.0,2645.800048828125,114.0,19.209999084472656,0.0,820.3285522460938,862500.0,124.72511291503906,243678100.0,170.89999389648438,44556500.0,186.50999450683597,40890300.0,284.845458984375,6129900.0,40.0099983215332,62532500.0
2024-10-07,410.3015860064157,411.3963666559109,403.3974727803463,403.9300842285156,20919800.0,2644.800048828125,284.0,22.63999938964844,0.0,804.8181762695312,898200.0,127.52074432373048,346250200.0,170.97000122070312,38379900.0,180.8000030517578,42364200.0,281.697509765625,4794700.0,38.88999938964844,44124800.0
2024-10-08,405.2714886364785,409.9662958214234,402.5789034212119,409.029296875,19229300.0,2615.0,687.0,21.420000076293945,0.0,811.7214965820312,1265900.0,132.6826934814453,285722500.0,172.8000030517578,34730200.0,182.72000122070312,26372100.0,288.6268615722656,5211200.0,41.45000076293945,62542900.0
2024-10-09,410.1635185105957,414.62162263212304,408.6248898614367,411.7416076660156,14974300.0,2606.0,152.0,20.86000061035156,0.0,833.0322875976562,1004900.0,132.44305419921875,246191600.0,171.02000427246094,33890700.0,185.1699981689453,26343100.0,285.01373291015625,4851000.0,43.130001068115234,86404700.0
2024-10-10,409.5421386142519,411.63309377445904,407.49061385739407,410.1437683105469,13848400.0,2620.60009765625,320.0,20.93000030517578,0.0,821.2837524414062,876300.0,134.5996856689453,242311300.0,164.17999267578125,75113600.0,186.6499938964844,27785000.0,287.24102783203125,3965500.0,43.52000045776367,62516300.0
2024-10-11,410.4397214022164,411.4161507329335,407.5892942253079,410.61724853515625,14144900.0,2657.60009765625,12.0,20.459999084472656,0.0,827.9014892578125,964700.0,134.58969116210938,170209500.0,167.88999938964844,42136200.0,188.82000732421875,25751600.0,285.19189453125,3597000.0,43.5099983215332,66206900.0
2024-10-14,412.0473616280092,418.2314942204609,411.8007861364326,413.3986206054688,16653100.0,2647.800048828125,40.0,19.700000762939453,0.0,859.001220703125,1769200.0,137.85459899902344,232347700.0,165.27000427246094,31757200.0,187.5399932861328,22614400.0,288.6961364746094,3642500.0,43.400001525878906,41010900.0
2024-10-15,416.3969398711013,416.69284850861214,409.57174739931537,413.0040588378906,18900200.0,2661.39990234375,39.0,20.63999938964844,0.0,719.3187866210938,9350700.0,131.3946990966797,377831000.0,156.63999938964844,50768000.0,187.69000244140625,32178900.0,285.4393615722656,3850800.0,42.43000030517578,48297000.0
2024-10-16,409.4829836231505,410.65665522282575,404.85722518493617,410.4199523925781,15508900.0,2674.0,6.0,19.57999992370605,0.0,673.1224365234375,10296200.0,135.5082550048828,264879700.0,156.1300048828125,30575800.0,186.88999938964844,23456800.0,287.92401123046875,3497000.0,41.93000030517578,59157900.0
2024-10-17,416.5744456758898,416.712542386237,409.8971928147913,411.01171875,14820000.0,2691.0,30.0,19.11000061035156,0.0,689.9426879882812,7209100.0,136.71636962890625,306435900.0,156.25,29491900.0,187.52999877929688,25039400.0,288.1715087890625,2830000.0,42.0,34028400.0
2024-10-18,411.4260201751563,413.90161766396704,410.5580696214905,412.4320373535156,17145300.0,2713.699951171875,29.0,18.030000686645508,0.0,712.2579345703125,4537800.0,137.7847137451172,176090200.0,155.97000122070312,23823000.0,188.9900054931641,37417700.0,289.9830627441406,3087900.0,42.970001220703125,33969000.0
2024-10-21,410.4199210158205,413.22101465794185,408.082390447192,413.0434875488281,14206100.0,2723.10009765625,52.0,18.3700008392334,0.0,703.2371826171875,2184800.0,143.48580932617188,264554500.0,157.89999389648438,25781200.0,189.07000732421875,24639400.0,288.3497009277344,2712600.0,42.70000076293945,30719800.0
2024-10-22,412.75746835174544,424.68185459098345,412.31365056093216,421.6539306640625,25482200.0,2744.199951171875,93.0,18.200000762939453,0.0,709.9436645507812,2067000.0,143.36598205566406,226311600.0,154.08999633789062,34997400.0,189.6999969482422,29650600.0,285.4195556640625,3100100.0,42.93999862670898,27830700.0
2024-10-23,424.9580432083023,425.17503084101816,416.742161218674,418.7838134765625,19654400.0,2714.39990234375,18.0,19.239999771118164,0.0,697.840576171875,1681400.0,139.34228515625,285930000.0,152.91000366210938,26095900.0,184.7100067138672,31937100.0,281.5589294433594,3227100.0,42.59000015258789,35647000.0
2024-10-24,419.5038054447286,420.1449258075998,416.6139478842,418.91204833984375,13581600.0,2734.89990234375,27.0,19.07999992370605,0.0,699.9971923828125,1854700.0,140.19094848632812,172354900.0,153.44000244140625,22877000.0,186.3800048828125,21647400.0,283.86541748046875,3210700.0,43.560001373291016,34079600.0
2024-10-25,420.914242666979,426.5953216047658,420.7268428827928,422.2851867675781,16899100.0,2740.89990234375,29.0,20.32999992370605,0.0,700.873779296875,1380100.0,141.31918334960938,205122100.0,156.22999572753906,29758500.0,187.8300018310547,29362100.0,287.5281066894531,3351200.0,44.86000061035156,50416500.0
2024-10-28,425.74710969864265,426.0232730447796,420.46051551603273,420.7465515136719,14882400.0,2742.89990234375,56.0,19.799999237060547,0.0,697.8701171875,1182800.0,140.30076599121094,173586700.0,159.9199981689453,36010100.0,188.38999938964844,27930800.0,290.8046569824219,3867800.0,44.970001220703125,36729700.0
2024-10-29,422.1372070838931,427.2364010768137,419.967330895513,426.0331115722656,17644100.0,2768.39990234375,848.0,19.34000015258789,0.0,705.8960571289062,1445500.0,141.02963256835938,157593600.0,166.25,71896000.0,190.8300018310547,35690200.0,295.8729858398437,4280700.0,44.93000030517578,26154700.0
2024-10-30,431.4478786962363,432.4933562372157,426.1810304899221,426.6051330566406,29749100.0,2788.5,231.0,20.350000381469727,0.0,674.9908447265625,3085200.0,139.12261962890625,179418100.0,148.60000610351562,87701700.0,192.72999572753903,37707600.0,293.4081115722656,2826500.0,43.68999862670898,31309200.0
2024-10-31,409.6703738017444,410.4594334413064,400.7344803180944,400.7838134765625,53971000.0,2738.300048828125,849.0,23.15999984741211,0.0,663.8565673828125,2398300.0,132.55287170410156,270039600.0,144.07000732421875,44386600.0,186.3999938964844,75146800.0,288.4288635253906,4301800.0,41.560001373291016,50973400.0
2024-11-01,403.4073925009318,409.8084828784167,401.9180668422498,404.7487487792969,24230400.0,2738.60009765625,109.0,21.8799991607666,0.0,666.0083618164062,1801700.0,135.18875122070312,207127800.0,141.86000061035156,39027400.0,197.92999267578125,99687800.0,291.7450866699219,3527500.0,41.91999816894531,33722500.0
2024-11-04,404.1865091063775,404.7980415718176,400.01447130701087,402.8648681640625,19672300.0,2736.10009765625,16.0,21.979999542236328,0.0,662.4844970703125,1232500.0,135.83773803710938,187528200.0,140.7100067138672,29117400.0,195.77999877929688,38492100.0,295.0018920898437,5107900.0,41.40999984741211,75413300.0
2024-11-05,402.7761220934701,409.21667261639857,402.4900861003897,405.8237915039063,17626000.0,2740.300048828125,23.0,20.489999771118164,0.0,667.716064453125,1282000.0,139.6917266845703,160537400.0,141.66000366210938,27067300.0,199.5,30564800.0,294.48712158203125,4456100.0,51.130001068115234,208868200.0
2024-11-06,406.770664244806,414.6906677145501,404.8966664565658,414.4243469238281,26681800.0,2667.60009765625,427.0,16.270000457763672,0.0,652.8803100585938,3208600.0,145.38284301757812,242043900.0,145.10000610351562,32911500.0,207.08999633789065,72292200.0,303.8021545410156,5874900.0,55.52999877929688,114255900.0
2024-11-07,415.5092398399127,421.0029483375747,414.12842327754487,419.6023864746094,19901800.0,2698.39990234375,676.0,15.199999809265137,0.0,668.456298828125,1758300.0,148.6477508544922,207323300.0,149.82000732421875,30326400.0,210.0500030517578,52878400.0,307.6429748535156,5722600.0,55.880001068115234,121591200.0
2024-11-08,419.493901525776,420.65773046119216,416.0023846199846,416.7519836425781,16891400.0,2687.5,1038.0,14.9399995803833,0.0,660.8163452148438,1726800.0,147.399658203125,175665800.0,147.9499969482422,27560300.0,208.17999267578125,36075800.0,318.70025634765625,8485000.0,58.38999938964844,84124000.0
2024-11-11,416.7323203125478,418.9909603752076,410.3016419524007,412.28411865234375,24503300.0,2611.199951171875,20.0,14.970000267028809,0.0,662.632568359375,1520100.0,145.03338623046875,182325600.0,147.35000610351562,29868100.0,206.83999633789065,35456000.0,338.2805480957031,13954200.0,60.2400016784668,108357800.0
2024-11-12,412.520798833662,418.626010434167,411.48519380527927,417.2353210449219,19401200.0,2600.0,118.0,14.710000038146973,0.0,660.5301513671875,1711000.0,148.05865478515625,198634700.0,143.6300048828125,33560300.0,208.91000366210935,38942900.0,337.7064208984375,7659700.0,59.84999847412109,59061300.0
2024-11-13,415.8643474786666,423.4489813965326,412.4813090867046,419.3755798339844,21502200.0,2580.800048828125,53.0,14.020000457763672,0.0,664.7053833007812,2453700.0,146.0417938232422,191903300.0,139.3000030517578,35146600.0,214.1000061035156,46212900.0,338.2706604003906,6902900.0,60.70000076293945,85937400.0
2024-11-14,419.1783248352984,422.30491523139983,414.24681513135374,421.0424499511719,30246900.0,2568.199951171875,27.0,14.3100004196167,0.0,684.0028076171875,3925300.0,146.53102111816406,194463300.0,138.83999633789062,31681400.0,211.47999572753903,42620300.0,328.3022766113281,7630600.0,59.18000030517578,59968200.0
2024-11-15,414.0692902211144,417.0084507566798,407.9739514183208,409.3153076171875,28247600.0,2565.699951171875,20.0,16.139999389648438,0.0,650.1165161132812,3063200.0,141.7584991455078,250132900.0,134.89999389648438,44217500.0,202.6100006103516,86591100.0,321.976806640625,7093000.0,65.7699966430664,155280400.0
2024-11-18,409.1870876999845,412.6687324009395,406.4550421174999,410.0649108886719,24727000.0,2610.60009765625,136.0,15.579999923706056,0.0,656.6311645507812,2010600.0,139.9313507080078,221205300.0,138.92999267578125,38705400.0,201.6999969482422,36409900.0,318.9971923828125,4250400.0,61.2599983215332,136663100.0
2024-11-19,407.4511618868994,412.2150169012381,405.912533336808,412.0670776367188,18133500.0,2627.10009765625,87.0,16.350000381469727,0.0,653.6008911132812,1640700.0,146.7806396484375,227834900.0,139.38999938964844,23131400.0,204.6100006103516,31197900.0,320.165283203125,5469900.0,62.97999954223633,75557800.0
2024-11-20,411.1596548604422,411.5739148887647,404.9558076834049,409.7985534667969,19191700.0,2648.199951171875,27.0,17.15999984741211,0.0,649.9191284179688,1677800.0,145.6623992919922,309871700.0,137.60000610351562,28843100.0,202.8800048828125,32769000.0,322.4123840332031,3763500.0,62.119998931884766,59182200.0
2024-11-21,414.5818472703372,414.85856338751086,405.47983232208855,408.0295715332031,20780200.0,2672.10009765625,33.0,16.8700008392334,0.0,663.4716186523438,2859000.0,146.44119262695312,400946600.0,137.49000549316406,29311400.0,198.3800048828125,58800000.0,332.3906555175781,8364200.0,61.36000061035156,56336700.0
2024-11-22,406.5471154925831,412.5064188915794,406.2407523286384,412.1111145019531,24814600.0,2709.89990234375,41.0,15.239999771118164,0.0,664.1823120117188,1275600.0,141.7285614013672,236406200.0,138.35000610351562,21784700.0,197.1199951171875,31530800.0,338.5675964355469,5649400.0,64.3499984741211,61381700.0
2024-11-25,413.474991137145,416.1433187151558,409.9863774439722,413.8801879882813,27691100.0,2616.800048828125,94.0,14.600000381469728,0.0,675.62255859375,1511300.0,135.80780029296875,344941900.0,141.1300048828125,30923100.0,201.4499969482422,40685700.0,335.6869812011719,7117200.0,64.6500015258789,80640500.0
2024-11-26,414.6707766023476,424.0099980685231,413.93946191933657,422.9722900390625,23458900.0,2620.300048828125,177858.0,14.100000381469728,0.0,663.2839965820312,1424100.0,136.70640563964844,190287700.0,137.72000122070312,32092400.0,207.8600006103516,41673700.0,339.7159118652344,4492800.0,65.73999786376953,46923600.0
2024-11-27,420.1260855658935,422.22125646736464,417.0723156931925,418.0309448242188,18332400.0,2639.89990234375,61653.0,14.100000381469728,0.0,661.8133544921875,1231800.0,135.12884521484375,226370900.0,136.24000549316406,30175300.0,205.7400054931641,28061600.0,326.6788635253906,7471500.0,66.05000305175781,53839900.0
2024-11-29,415.1649364652311,419.8987878079345,412.9017755703151,418.4954223632813,16271900.0,2657.0,3861.0,13.510000228881836,0.0,677.7348022460938,1706500.0,138.03433227539062,141863200.0,137.17999267578125,16085700.0,207.88999938964844,24892400.0,326.6590270996094,3517600.0,67.08000183105469,30104000.0
2024-12-02,416.62759418862754,427.9235836266096,416.3706327320821,425.9272766113281,20207200.0,2634.89990234375,695.0,13.34000015258789,0.0,702.2734985351562,2325900.0,138.41372680664062,171682800.0,142.05999755859375,33102400.0,210.7100067138672,39523200.0,327.6687316894531,6063400.0,66.38999938964844,46405000.0
2024-12-03,424.8006430250728,427.3998142862311,422.72525694948587,426.1447143554688,18302000.0,2644.699951171875,1062.0,13.300000190734863,0.0,708.7783203125,1647200.0,140.0411834716797,164414000.0,141.97999572753906,22665300.0,213.44000244140625,32214800.0,328.0845031738281,12632400.0,70.95999908447266,100751400.0
2024-12-04,427.953201459916,434.5153692878957,427.5578970490266,432.291748046875,26009400.0,2653.800048828125,249.0,13.449999809265137,0.0,710.6142578125,1529800.0,144.9135284423828,231224300.0,143.99000549316406,25942700.0,218.16000366210935,48745700.0,364.15667724609375,24733100.0,69.8499984741211,86284800.0
2024-12-05,432.7859365018672,439.4469085884485,431.0564531129943,437.4308166503906,21697800.0,2626.60009765625,573.0,13.539999961853027,0.0,702.3031005859375,1801100.0,144.8436737060547,172621200.0,141.36000061035156,29576900.0,220.5500030517578,41140200.0,357.732177734375,10942100.0,71.87000274658203,66585800.0
2024-12-06,437.1145294101148,440.8699968788184,436.5907442566123,438.3696594238281,18821000.0,2638.60009765625,571.0,12.770000457763672,0.0,699.815673828125,1215400.0,142.2275848388672,188505600.0,138.58999633789062,33576800.0,227.02999877929688,44178100.0,358.3360595703125,5738900.0,76.33999633789062,93640900.0
2024-12-09,437.4110061952819,443.0738089240489,435.3356203613735,440.7908935546875,19144400.0,2664.89990234375,935.0,14.1899995803833,0.0,697.3875122070312,1267500.0,138.60299682617188,189308600.0,130.8699951171875,57055600.0,226.08999633789065,46819400.0,348.021240234375,6475000.0,72.45999908447266,168134800.0
2024-12-10,439.1800467406791,444.34871163189086,436.4227478753231,438.1324462890625,18469500.0,2697.60009765625,437.0,14.18000030517578,0.0,696.1536254882812,1214700.0,134.8685760498047,210020900.0,127.73999786376952,38907200.0,225.0399932861328,31199900.0,345.29901123046875,6033000.0,70.88999938964844,89672500.0
2024-12-11,438.8440180787416,445.0701760009867,438.8440180787416,443.7261047363281,19200200.0,2733.800048828125,3387.0,13.579999923706056,0.0,705.1951904296875,1217600.0,139.1022491455078,184905200.0,130.14999389648438,45588100.0,230.25999450683597,35385800.0,351.26812744140625,7546600.0,72.51000213623047,89477700.0
2024-12-12,443.8446618873549,450.8120264425983,443.8446618873549,444.2893981933594,20834800.0,2687.5,2365.0,13.920000076293944,0.0,703.8823852539062,868700.0,137.1351776123047,159211400.0,130.60000610351562,34267100.0,228.97000122070312,28204100.0,354.4160461425781,5422000.0,73.19999694824219,73859700.0
2024-12-13,443.1825414368637,446.13747735633456,440.3560560775405,442.0262451171875,20177800.0,2656.0,1125.0,13.8100004196167,0.0,709.2916259765625,1455700.0,134.0498046875,231514900.0,126.91000366210938,67544700.0,227.4600067138672,28768100.0,350.73358154296875,5538000.0,76.06999969482422,76172800.0
2024-12-16,442.02626356510217,446.8787030896928,440.0596036741231,446.2956237792969,23598800.0,2651.39990234375,877.0,14.6899995803833,0.0,713.04248046875,1542800.0,131.80316162109375,237951100.0,126.69000244140624,42090300.0,232.92999267578125,37552100.0,353.62408447265625,5482300.0,75.75,126099600.0
2024-12-17,445.7224537683285,449.9522746519603,444.2993336430134,449.1319885253906,22733500.0,2644.39990234375,705.0,15.869999885559082,0.0,725.6869506835938,1753300.0,130.195556640625,259410300.0,125.0199966430664,43314900.0,231.1499938964844,35948100.0,347.4272766113281,6911000.0,74.38999938964844,75469400.0
2024-12-18,446.0287948744165,447.3431888706938,431.8964279723808,432.2621154785156,24444500.0,2636.5,566.0,27.6200008392334,0.0,710.1898193359375,2257000.0,128.71775817871094,277444500.0,121.41000366210938,49724400.0,220.5200042724609,43281400.0,334.2068786621094,8400000.0,71.51000213623047,109643400.0
2024-12-19,436.4425256398133,437.9842340814429,431.2046739034814,431.9063415527344,22963700.0,2592.199951171875,238.0,24.09000015258789,0.0,701.0791625976562,1620800.0,130.485107421875,209719200.0,118.87999725341795,46160700.0,223.2899932861328,39918700.0,333.21588134765625,7423400.0,74.20999908447266,99524300.0
2024-12-20,428.03227991601136,438.5376604876813,423.6048219518138,431.48138427734375,64263700.0,2628.699951171875,592.0,18.36000061035156,0.0,696.5584106445312,2701800.0,134.49911499023438,306528600.0,119.20999908447266,53591200.0,224.9199981689453,88279200.0,340.5693359375,14932300.0,80.55000305175781,281230800.0
2024-12-23,431.6197693083459,432.5191043348879,427.7556054663108,430.1472473144531,19152500.0,2612.300048828125,451.0,16.780000686645508,0.0,711.7196655273438,1232600.0,139.4617156982422,176053500.0,124.5999984741211,47777900.0,225.05999755859372,28070000.0,339.8260192871094,5330300.0,80.69000244140625,93819500.0
2024-12-24,429.5542568118305,434.4462362082623,429.0996581913301,434.1793823242188,7164500.0,2620.0,35.0,14.270000457763672,0.0,710.406982421875,586800.0,140.01089477539062,105157000.0,126.29000091552734,24829600.0,229.0500030517578,15007500.0,341.34234619140625,1811000.0,82.37999725341797,64983300.0
2024-12-26,433.9322924323696,435.7705018127553,431.5110338839644,432.9736633300781,8194200.0,2638.800048828125,84.0,14.729999542236328,0.0,706.606689453125,734000.0,139.72132873535156,116205600.0,125.05999755859376,24998200.0,227.0500030517578,16146700.0,338.6566162109375,3483300.0,82.13999938964844,60377100.0
2024-12-27,429.5048352492743,430.117561657289,421.351556737901,425.4825439453125,18117700.0,2617.199951171875,642.0,15.949999809265137,0.0,704.3660278320312,942300.0,136.8056640625,170582600.0,125.19000244140624,32924000.0,223.75,27367100.0,335.4159545898437,3220400.0,79.08000183105469,66975900.0
2024-12-30,421.0649558192297,422.5374777077036,416.9537232035626,419.849365234375,13158700.0,2606.10009765625,794.0,17.399999618530273,0.0,687.1515502929688,1202600.0,137.2849578857422,167734700.0,122.44000244140624,30501600.0,221.3000030517578,28321200.0,332.730224609375,3411100.0,77.18000030517578,60850900.0
2024-12-31,421.1044562623139,421.727075036825,415.72823181420273,416.5583801269531,13246500.0,2629.199951171875,401.0,17.350000381469727,0.0,684.1212158203125,965000.0,134.08973693847656,155659200.0,120.79000091552734,30203400.0,219.38999938964844,24819700.0,331.3328552246094,3026000.0,75.62999725341797,56267900.0
2025-01-02,420.5411695836378,421.0748471756245,409.98638702094667,413.6726379394531,16896500.0,2658.89990234375,1728.0,17.93000030517578,0.0,691.3663330078125,1115100.0,138.10372924804688,198247200.0,120.62999725341795,34256200.0,220.22000122070312,33956600.0,327.69580078125,4807100.0,75.19000244140625,72217200.0
2025-01-03,416.1433125624827,419.0587393010629,414.62138898974536,418.38671875,16662900.0,2645.0,591.0,16.1299991607666,0.0,705.1261596679688,1062900.0,144.2545623779297,229322500.0,125.37000274658205,36785300.0,224.19000244140625,27515600.0,329.9156799316406,4101200.0,79.88999938964844,62415000.0
2025-01-06,422.9822197752049,429.2281326887413,420.491774572373,422.833984375,20573600.0,2638.39990234375,960.0,16.040000915527344,0.0,758.576171875,2761100.0,149.2071533203125,265377400.0,129.5500030517578,48020200.0,227.6100006103516,31849800.0,327.5669250488281,5785300.0,75.91999816894531,105619500.0
2025-01-07,423.9704579117962,425.6011074871905,415.8665816173968,417.4181823730469,18139100.0,2656.699951171875,643.0,17.81999969482422,0.0,747.78759765625,1490200.0,139.93101501464844,351782200.0,127.33000183105467,39220400.0,222.1100006103516,28084200.0,322.0171203613281,4643100.0,69.98999786376953,91727300.0
2025-01-08,418.4953792965591,421.96423797941225,416.59790611740993,419.5824890136719,15054600.0,2664.5,999.0,17.700000762939453,0.0,734.3631591796875,1185400.0,139.9010467529297,227349900.0,121.83999633789062,46723100.0,222.1300048828125,25033300.0,323.969482421875,3788200.0,68.2300033569336,91349500.0
2025-01-09,418.4953792965591,421.96423797941225,416.59790611740993,419.5824890136719,15054600.0,2683.800048828125,1139.0,17.700000762939453,0.0,734.3631591796875,1185400.0,139.9010467529297,227349900.0,121.83999633789062,46723100.0,222.1300048828125,25033300.0,323.969482421875,3788200.0,68.2300033569336,91349500.0
2025-01-10,419.6516698476812,419.7307186624862,410.1543211903234,414.0382690429688,20201100.0,2708.5,403.0,19.540000915527344,0.0,729.45751953125,1515800.0,135.7073211669922,207602500.0,116.04000091552734,59415600.0,218.94000244140625,36811500.0,315.0006103515625,6540000.0,67.26000213623047,78148600.0
2025-01-13,410.3717691669062,413.5935589908242,407.456372689251,412.2989196777344,17604800.0,2673.5,765.0,19.190000534057617,0.0,718.0073852539062,1321800.0,133.03131103515625,204808900.0,117.31999969482422,39128900.0,218.4600067138672,27262700.0,316.2096862792969,4583000.0,64.9800033569336,69046300.0
2025-01-14,412.9116174937191,414.8189830478335,405.9047438597477,410.7967224121094,16935900.0,2677.5,794.0,18.709999084472656,0.0,726.772705078125,1022600.0,131.56350708007812,195590500.0,116.08999633789062,37005300.0,217.75999450683597,24711700.0,320.6395874023437,5935200.0,65.91000366210938,56814900.0
2025-01-15,414.2162260584316,423.13046690209615,413.3662928073742,421.3120422363281,19637800.0,2712.5,930.0,16.1200008392334,0.0,716.9118041992188,1864400.0,136.03683471679688,185217300.0,119.95999908447266,38185800.0,223.3500061035156,31291300.0,318.28094482421875,6042700.0,68.13999938964844,56025800.0
2025-01-16,423.6739565648765,424.45467293276505,419.4144891834001,419.6022338867188,15300000.0,2746.39990234375,1721.0,16.600000381469727,0.0,740.5818481445312,2407600.0,133.3708038330078,209235600.0,118.44000244140624,29414100.0,220.66000366210935,24757300.0,317.1313171386719,5047700.0,69.23999786376953,62908700.0
2025-01-17,429.0007970548674,429.386239236107,423.1502190446997,424.0001220703125,26197500.0,2744.300048828125,1214.0,15.970000267028809,0.0,746.5536499023438,1933600.0,137.504638671875,201188800.0,121.45999908447266,35765900.0,225.94000244140625,42370100.0,321.6504821777344,6303600.0,71.7699966430664,54754000.0
2025-01-21,425.1563998310193,425.8481750206776,420.61032363697626,423.476318359375,26085700.0,2755.0,1439.0,15.0600004196167,0.0,753.1373901367188,1332000.0,140.61996459960938,197749000.0,122.27999877929688,31578800.0,230.7100067138672,39951500.0,323.9100341796875,6397200.0,73.06999969482422,56229000.0
2025-01-22,432.430120920086,442.0262741390286,430.888412499157,440.9688415527344,27803800.0,2767.60009765625,2079.0,15.100000381469728,0.0,756.7994995117188,1699900.0,146.85067749023438,237651400.0,123.75,35023800.0,235.00999450683597,41448200.0,329.63818359375,7259300.0,76.87000274658203,66876400.0
2025-01-23,436.8180368447621,441.51234832669104,436.3238987940327,441.4728088378906,18389300.0,2763.10009765625,2201.0,15.020000457763672,0.0,736.5941162109375,1751100.0,147.00047302246094,155915500.0,123.04000091552734,24921100.0,235.4199981689453,26404400.0,331.659912109375,4355900.0,78.9800033569336,55937900.0
2025-01-24,439.9410527624692,441.4135747027248,436.225124464603,438.85394287109375,15549500.0,2777.300048828125,1593.0,14.850000381469728,0.0,722.784912109375,1505700.0,142.40731811523438,234657600.0,122.83999633789062,31570300.0,234.8500061035156,25890700.0,330.8869323730469,3299100.0,78.9800033569336,77931900.0
2025-01-27,419.0389997051121,430.09781275609777,418.53496919379126,429.4653015136719,35647800.0,2737.5,984.0,17.899999618530273,0.0,681.2291259765625,4947800.0,118.24340057373048,818830900.0,115.01000213623048,61067900.0,235.4199981689453,49428300.0,343.9884033203125,15661100.0,75.44000244140625,76093300.0
2025-01-28,429.5048368170429,443.1232814648123,426.3225862891417,441.9571228027344,23491700.0,2766.800048828125,2307.0,16.40999984741211,0.0,674.5169067382812,2811900.0,128.7976531982422,579666400.0,114.16999816894533,40554800.0,238.1499938964844,41587200.0,356.7231750488281,12099300.0,80.2300033569336,65916700.0
2025-01-29,441.4530338081576,441.64080867155576,435.23676897201045,437.1441345214844,23581400.0,2769.10009765625,125692.0,16.559999465942383,0.0,703.4383544921875,4971500.0,123.51553344726562,467120600.0,117.3499984741211,40199100.0,237.07000732421875,26091700.0,350.8265380859375,6266700.0,79.76000213623047,49262200.0
2025-01-30,413.86043891918166,417.9024852070832,408.3162235722408,410.124755859375,54586300.0,2823.0,40141.0,15.84000015258789,0.0,727.463623046875,2745600.0,124.464111328125,392925500.0,118.86000061035156,29788400.0,234.63999938964844,32020700.0,340.49005126953125,7591100.0,81.22000122070312,46067500.0
2025-01-31,414.06796458574274,415.7579084081136,410.0456732964256,410.1939086914063,34161900.0,2812.5,3443.0,16.43000030517578,0.0,729.7536010742188,2125700.0,119.89094543457033,388161100.0,115.9499969482422,40463400.0,237.67999267578125,36110200.0,338.6368103027344,5778000.0,82.48999786376953,78731000.0
2025-02-03,406.77449861931177,410.5398286087579,403.8689641166184,406.10247802734375,25679100.0,2833.89990234375,2649.0,18.6200008392334,0.0,721.6102294921875,1647200.0,116.48603057861328,371235700.0,114.2699966430664,34586100.0,237.4199981689453,37285900.0,336.19879150390625,4549400.0,83.73999786376953,126592700.0
2025-02-04,407.8516559731058,409.06724640338354,404.9362294867339,407.535400390625,20532100.0,2853.300048828125,2187.0,17.209999084472656,0.0,721.9557495117188,1497000.0,118.47306060791016,256550000.0,119.5,69412100.0,242.05999755859372,29713800.0,341.0549621582031,4965600.0,103.83000183105467,230806800.0
2025-02-05,407.5156287108254,408.9782579390908,405.5884783803301,408.4446105957031,16316700.0,2871.60009765625,4519.0,15.770000457763672,0.0,732.9911499023438,1249700.0,124.64383697509766,262230800.0,112.01000213623048,110385200.0,236.1699981689453,38727300.0,344.8109436035156,4521000.0,101.36000061035156,90628300.0
2025-02-06,409.1463070589971,413.2970787597448,409.1463070589971,410.9449768066406,16309800.0,2856.0,3116.0,15.5,0.0,729.5759887695312,1120200.0,128.4880828857422,251483600.0,110.16000366210938,50426600.0,238.8300018310547,60897100.0,327.84442138671875,13240600.0,111.27999877929688,128217500.0
2025-02-07,411.5972455590395,413.7417878303848,403.3154869234488,404.9461364746094,22886800.0,2867.300048828125,1822.0,16.540000915527344,0.0,718.293701171875,1312400.0,129.64637756347656,228186300.0,107.55999755859376,46082500.0,229.1499938964844,77539300.0,322.9090576171875,7626100.0,110.8499984741211,143795400.0
2025-02-10,408.85969825647294,410.58918143726896,406.10242964328353,407.3871765136719,20817900.0,2914.300048828125,2237.0,15.8100004196167,0.0,734.4619140625,985700.0,133.3708038330078,216989100.0,110.4800033569336,34905400.0,233.13999938964844,35419900.0,324.26678466796875,5981900.0,116.6500015258789,99938100.0
2025-02-11,404.8374480391833,407.6540108795472,404.5014076146391,406.6163330078125,18140600.0,2912.5,2554.0,16.020000457763672,0.0,744.8184814453125,1096700.0,132.60195922851562,178902400.0,111.0999984741211,35033800.0,232.75999450683597,23713700.0,321.4919128417969,5455900.0,112.62000274658205,94311700.0
2025-02-12,402.4358837314584,405.93438940933225,399.6291833556912,404.2444458007813,19121700.0,2909.0,2504.0,15.890000343322754,0.0,747.973876953125,1077800.0,130.94442749023438,160278600.0,111.72000122070312,25319700.0,228.92999267578125,32285200.0,323.1964416503906,5643400.0,117.38999938964844,75316900.0
2025-02-13,402.2283921851393,406.1814967766394,401.5958809737979,405.7268981933594,23891700.0,2925.89990234375,4670.0,15.100000381469728,0.0,768.5682373046875,1674100.0,135.08824157714844,197430000.0,111.80999755859376,40911800.0,230.3699951171875,31346500.0,326.8930358886719,4312100.0,117.91000366210938,60027000.0
2025-02-14,403.0091510093491,404.1160155029715,401.1215398904841,403.6416320800781,22758500.0,2883.60009765625,1992.0,14.770000457763672,0.0,743.404052734375,2047300.0,138.6429443359375,195479600.0,113.0999984741211,32477200.0,228.67999267578125,27031100.0,323.6127319335937,5879700.0,119.16000366210938,65528900.0
2025-02-18,403.2166455935164,405.78616946504144,401.7342314553049,404.8374328613281,21423100.0,2931.60009765625,4010.0,15.350000381469728,0.0,736.1533813476562,1715400.0,139.19210815429688,219176600.0,114.27999877929688,31720300.0,226.6499938964844,42975100.0,326.0110168457031,5262100.0,124.62000274658205,84227200.0
2025-02-19,403.098050601273,410.6188170610077,402.8707362463259,409.9072570800781,24114200.0,2919.39990234375,2630.0,15.270000457763672,0.0,736.7271728515625,1457900.0,139.02235412597656,167536000.0,114.69000244140624,28807700.0,226.6300048828125,28566700.0,321.6207275390625,5012000.0,112.05999755859376,147487300.0
2025-02-20,411.24414537664296,415.2249706128277,408.520936591177,412.0759582519531,23508700.0,2940.0,656.0,15.65999984741211,0.0,735.0357055664062,1185900.0,139.9010467529297,143903600.0,114.16999816894533,27219600.0,222.8800048828125,30001700.0,315.5754089355469,6393100.0,106.2699966430664,243093900.0
2025-02-21,413.27418223243296,413.97725680128366,403.9162642540701,404.2331237792969,27524800.0,2937.60009765625,570.0,18.209999084472656,0.0,729.2194213867188,1472300.0,134.22950744628906,228217600.0,110.83999633789062,41353700.0,216.5800018310547,55323900.0,307.02276611328125,7353200.0,101.3499984741211,129063200.0
2025-02-24,404.5302202614153,405.381827456766,395.429748735741,400.0641479492188,26443700.0,2947.89990234375,415.0,18.979999542236328,0.0,727.9830322265625,1471200.0,130.08570861816406,251381100.0,108.11000061035156,29072200.0,212.7100067138672,42387600.0,305.5560302734375,6652900.0,90.68000030517578,184485000.0
2025-02-25,397.1923965138258,398.00441513588805,392.8352683816966,394.0235595703125,29387400.0,2904.5,1854.0,19.43000030517578,0.0,722.2755126953125,1691200.0,126.44115447998048,271428700.0,103.95999908447266,39169200.0,212.8000030517578,58958000.0,303.1379089355469,7360100.0,87.83999633789062,132626300.0
2025-02-26,394.13247941305536,399.6680163656564,390.409100766333,395.8357238769531,19619000.0,2916.800048828125,2050.0,19.100000381469727,0.0,738.8341064453125,1401400.0,131.08421325683594,322553800.0,104.73999786376952,29178200.0,214.3500061035156,39120600.0,304.57489013671875,12638500.0,89.30999755859375,94428700.0
2025-02-27,397.36074580317216,401.7871994813194,388.3494237890168,388.7059020996094,21127400.0,2883.199951171875,3215.0,21.1299991607666,0.0,690.1376342773438,2342800.0,119.9708251953125,443175800.0,99.51000213623048,47263700.0,208.7400054931641,40548600.0,292.2563171386719,16691400.0,84.7699966430664,99680500.0
2025-02-28,388.8346033379453,393.7561854578909,382.80393739721217,393.1224060058594,32845700.0,2836.800048828125,990.0,19.6299991607666,0.0,701.3944702148438,1773400.0,124.73371124267578,389091100.0,99.86000061035156,45194600.0,212.27999877929688,51771700.0,295.1799011230469,10863100.0,84.91999816894531,125977400.0
2025-03-03,394.93461038215554,394.93461038215554,382.3979434098108,384.7052307128906,23007700.0,2890.199951171875,423.0,22.780000686645508,0.0,692.2742309570312,2284100.0,113.88990020751952,411381400.0,98.2300033569336,38958000.0,205.0200042724609,42948400.0,290.4328308105469,6298200.0,83.41999816894531,114573900.0
2025-03-04,379.6648315258733,388.755390806373,377.2882188683939,384.8240661621094,29342900.0,2909.60009765625,885.0,23.51000022888184,0.0,700.5436401367188,2044700.0,115.81703186035156,398163300.0,100.75,54156900.0,203.8000030517578,60853100.0,284.7641296386719,9096300.0,84.4000015258789,116800300.0
2025-03-05,385.5469260754551,397.7568203379533,385.02209070764377,397.1131286621094,23433100.0,2915.300048828125,551.0,21.93000030517578,0.0,731.73193359375,1754300.0,117.12507629394533,284337900.0,101.66999816894533,27855500.0,208.3600006103516,38610100.0,289.35260009765625,6612600.0,90.12999725341795,116053000.0
2025-03-06,390.43881857931865,398.2321421191711,388.8544001591339,393.0234069824219,23304600.0,2916.60009765625,870.0,24.8700008392334,0.0,707.0919189453125,1427900.0,110.40510559082033,321181900.0,98.8499984741211,28985000.0,200.6999969482422,49863800.0,283.4856872558594,10396800.0,80.45999908447266,117340600.0
2025-03-07,388.497925986767,390.9537458547577,381.7839796807534,389.478271484375,22034100.0,2904.699951171875,531.0,23.3700008392334,0.0,724.283447265625,1426400.0,112.5219497680664,341755500.0,100.30999755859376,33254400.0,199.25,59802800.0,280.3540344238281,8248100.0,84.91000366210938,105377100.0
2025-03-10,382.08104715568106,382.6355890788174,373.5450301742595,376.4563903808594,32840100.0,2891.0,55.0,27.86000061035156,0.0,675.705810546875,2321500.0,106.8204574584961,366487400.0,96.62999725341795,38733200.0,194.5399932861328,62350900.0,270.4535522460937,10040200.0,76.37999725341797,136843800.0
2025-03-11,375.3076750122287,382.23947903620126,373.2380400086461,376.7435607910156,30380200.0,2912.89990234375,197.0,26.920000076293945,0.0,682.7288208007812,1616800.0,108.5978012084961,354865700.0,96.76000213623048,34078300.0,196.58999633789065,54002900.0,274.5663146972656,8313400.0,78.05000305175781,109351500.0
2025-03-12,379.2192427611773,381.4671171244127,375.2582114968026,379.5361022949219,24253600.0,2939.10009765625,213.0,24.229999542236328,0.0,695.7462158203125,1306300.0,115.57803344726562,323857500.0,100.79000091552734,34241300.0,198.88999938964844,43679300.0,282.0288391113281,7463900.0,83.6500015258789,116525100.0
2025-03-13,379.4272025345451,381.5661631231906,373.7728386562969,375.0799560546875,20473000.0,2984.300048828125,2366.0,24.65999984741211,0.0,687.0614013671875,1399500.0,115.41825103759766,299033100.0,98.11000061035156,28575200.0,193.88999938964844,41270800.0,269.3039245605469,9494500.0,79.62000274658203,100927200.0
2025-03-14,376.08007458561946,386.4282798172616,375.8127158813028,384.7745361328125,19952800.0,2994.5,1800.0,21.770000457763672,0.0,706.260986328125,1367500.0,121.49972534179688,277593500.0,100.97000122070312,24715300.0,197.9499969482422,38096700.0,276.895263671875,6976900.0,86.23999786376953,113985000.0
2025-03-17,382.9326924641042,388.88412112316473,381.813696346666,384.9132080078125,22474300.0,3000.0,214.0,20.51000022888184,0.0,722.4140014648438,1423300.0,119.36272430419922,255501500.0,104.58999633789062,43689500.0,195.7400054931641,47341800.0,278.23321533203125,4484300.0,87.3499984741211,99348900.0
2025-03-18,383.2990942137215,383.5961594658576,377.38725393405446,379.7836608886719,19486900.0,3035.10009765625,428.0,21.700000762939453,0.0,723.185546875,1007300.0,115.26846313476562,299686900.0,103.51000213623048,27152800.0,192.82000732421875,40414900.0,276.2312927246094,5881700.0,83.88999938964844,93236500.0
2025-03-19,381.7740797920575,385.8836435250732,380.2589866011294,384.0417785644531,19185500.0,3035.89990234375,175.0,19.899999618530277,0.0,726.9443359375,1080500.0,117.35553741455078,273426200.0,106.2300033569336,32287500.0,195.5399932861328,39442900.0,276.8854064941406,5245400.0,86.0999984741211,89797400.0
2025-03-20,381.9819995370129,387.9730768170586,379.5459740311176,383.0712890625,18470500.0,3040.0,185.0,19.799999237060547,0.0,726.1035766601562,1282400.0,118.36412048339844,248829700.0,107.13999938964844,26871800.0,194.9499969482422,38921100.0,276.5285949707031,5504700.0,87.38999938964844,105547400.0
2025-03-21,379.4865617188815,387.92354654843615,379.0706401827953,387.4482421875,39675900.0,3018.199951171875,151.0,19.280000686645508,0.0,708.4569091796875,1967200.0,117.5352783203125,266498500.0,106.44000244140624,30767900.0,196.2100067138672,60056900.0,278.1043395996094,9804100.0,90.95999908447266,116748700.0
2025-03-24,391.5479241245079,391.5479241245079,386.012386704804,389.2505187988281,21004500.0,3013.10009765625,137.0,17.479999542236328,0.0,719.9510498046875,1104400.0,121.24009704589844,228452500.0,113.8499984741211,53342000.0,203.25999450683597,41625400.0,283.3964538574219,6763800.0,96.75,112164700.0
2025-03-25,390.0823622267607,392.4985634335279,388.8148334634192,391.3102722167969,15775000.0,3023.699951171875,74.0,17.149999618530273,0.0,718.8629150390625,1244300.0,120.5210952758789,167447200.0,114.80999755859376,29077500.0,205.7100067138672,31171200.0,286.0227355957031,4301700.0,96.5,78015300.0
2025-03-26,391.1518329523951,391.45881045430576,384.7844825194778,386.17083740234375,16108400.0,3020.89990234375,83.0,18.32999992370605,0.0,698.1103515625,1266500.0,113.60079956054688,293463300.0,110.19000244140624,39824000.0,201.1300048828125,32855300.0,278.4710388183594,5070300.0,92.27999877929688,81428600.0
2025-03-27,386.3292739557081,388.41870337339975,383.62585932715103,386.7748718261719,13766800.0,3060.199951171875,124359.0,18.690000534057617,0.0,683.144287109375,1285500.0,111.27405548095705,236902100.0,106.6500015258789,32773700.0,201.3600006103516,27317700.0,275.31951904296875,3757200.0,90.08999633789062,82823000.0
2025-03-28,384.2992097422753,385.3389984995421,373.2578420054409,375.109619140625,21632000.0,3086.5,31206.0,21.649999618530277,0.0,667.2682495117188,1393000.0,109.51651763916016,229872500.0,103.22000122070312,31069100.0,192.72000122070312,52548200.0,267.54986572265625,4973400.0,85.8499984741211,91091700.0
2025-03-31,368.9106086577597,373.396474789069,363.6622247634287,371.73284912109375,35184700.0,3122.800048828125,3438.0,22.280000686645508,0.0,655.4478149414062,1685000.0,108.22832489013672,299212700.0,102.73999786376952,30865300.0,190.25999450683597,63547600.0,265.9542541503906,7585800.0,84.4000015258789,108092900.0
2025-04-01,371.0000917512926,379.12021808448793,369.59394254927554,378.4666442871094,19689500.0,3118.89990234375,1721.0,21.770000457763672,0.0,660.1067504882812,1212600.0,109.99585723876952,222614000.0,102.77999877929688,23523200.0,192.1699981689453,41267300.0,267.7778015136719,4598200.0,84.68000030517578,78980700.0
2025-04-02,374.2877261088344,381.3284442645314,372.95087209109226,378.4171142578125,16092600.0,3139.89990234375,5946.0,21.51000022888184,0.0,661.7586059570312,1119000.0,110.26546478271484,220601200.0,102.95999908447266,20794000.0,196.00999450683597,53679200.0,269.10577392578125,5396900.0,87.44999694824219,96563100.0
2025-04-03,371.13872318254886,373.80251903809335,365.7517184220645,369.4750671386719,30198000.0,3097.0,5516.0,30.020000457763672,0.0,616.4649047851562,2877100.0,101.65754699707033,338769400.0,93.8000030517578,50472500.0,178.41000366210938,95553600.0,252.94195556640625,8872600.0,83.5999984741211,93878200.0
2025-04-04,360.5825957415241,370.9406843904396,355.9779027832599,356.3343811035156,49209900.0,3012.0,3247.0,45.310001373291016,0.0,598.9864501953125,4017000.0,94.17801666259766,532273800.0,85.76000213623047,65847000.0,171.0,123159400.0,238.6016845703125,9705000.0,74.01000213623047,147323200.0
2025-04-07,347.4616469003483,367.3856281525139,341.43098078163547,354.3736267089844,50425000.0,2951.300048828125,4424.0,46.97999954223633,0.0,609.1650390625,4179100.0,97.50334930419922,611041300.0,83.63999938964844,70515400.0,175.25999450683594,109327100.0,242.0207672119141,11965200.0,77.83999633789062,169083700.0
2025-04-08,364.6723484414274,370.00982228854286,346.8377957272636,351.1058044433594,35868900.0,2968.39990234375,3213.0,52.33000183105469,0.0,588.9168701171875,2585200.0,96.1652374267578,476243400.0,78.20999908447266,69910200.0,170.66000366210938,87710400.0,241.802734375,9340300.0,77.31999969482422,135345600.0
2025-04-09,350.0957251156184,389.39905670107095,349.66000929830324,386.6857299804688,50199700.0,3056.5,2175.0,33.619998931884766,0.0,679.8109130859375,3866700.0,114.17000579833984,612918300.0,96.83999633789062,97827400.0,191.1000061035156,116804300.0,262.7928771972656,12491100.0,92.01000213623048,187244300.0
2025-04-10,378.3379012524662,380.15997201946135,364.21681503291546,377.63482666015625,38024400.0,3155.199951171875,3456.0,40.720001220703125,0.0,642.509521484375,2989900.0,107.4194564819336,437812400.0,88.69999694824219,65210600.0,181.22000122070312,68302000.0,253.23020935058597,9692300.0,88.58999633789062,124448200.0
2025-04-11,376.93176841990726,386.2500683401823,375.1988171553271,384.6656799316406,23839200.0,3222.199951171875,862.0,37.560001373291016,0.0,661.5608520507812,2163600.0,110.77476501464844,313417300.0,93.4000015258789,57892600.0,184.8699951171875,50594300.0,253.11111450195312,6089000.0,88.55000305175781,95130700.0
2025-04-14,389.38915847164185,390.8052198187617,380.4669263634922,384.0318603515625,19251200.0,3204.800048828125,263.0,30.88999938964844,0.0,665.5768432617188,1574000.0,110.55506896972656,264705000.0,94.5,36003000.0,182.1199951171875,48002500.0,252.66444396972656,6038100.0,92.62000274658205,122836900.0
2025-04-15,384.7250528209778,388.0721288920929,380.4174255118224,381.9721374511719,17199900.0,3218.699951171875,390.0,30.1200008392334,0.0,675.7552490234375,2105600.0,112.04297637939452,228966900.0,95.29000091552734,28116500.0,179.58999633789062,43642000.0,253.0416259765625,5227700.0,98.4000015258789,118457700.0
2025-04-16,376.9614172312142,377.8922316795949,364.4148386997168,367.9896545410156,21967800.0,3326.60009765625,1874.0,32.63999938964844,0.0,628.048095703125,4028300.0,104.3437728881836,397016900.0,88.29000091552734,62109000.0,174.3300018310547,51875300.0,247.98931884765625,7190900.0,92.70999908447266,121997600.0
2025-04-17,370.10883089247193,370.6732850580017,363.3156772913849,364.1969909667969,21120200.0,3308.699951171875,824.0,29.649999618530277,0.0,633.2213134765625,1439900.0,101.34796905517578,292517500.0,87.5,34801400.0,172.61000061035156,44726500.0,245.42843627929688,5566900.0,93.77999877929688,83991800.0
2025-04-21,359.2853342749941,360.9291658129438,352.20499720618693,355.6213684082031,20807300.0,3406.199951171875,78.0,33.81999969482422,0.0,617.9190673828125,1555100.0,96.7743911743164,288501100.0,85.55999755859375,33855400.0,167.32000732421875,48126100.0,234.5099334716797,9240000.0,90.8000030517578,83831100.0
2025-04-22,359.8398792058524,364.18709517298703,356.3541524572501,363.2463684082031,19485000.0,3400.800048828125,785.0,30.56999969482422,0.0,631.7672729492188,1967000.0,98.75160217285156,241004800.0,86.26000213623047,35236700.0,173.17999267578125,56607200.0,241.5871124267578,7145300.0,93.98999786376952,91185400.0
2025-04-23,372.396358924379,376.6841922722663,369.38596664501534,370.7426452636719,20545500.0,3276.300048828125,331.0,28.450000762939453,0.0,650.84814453125,1849700.0,102.56625366210938,247526000.0,90.38999938964844,41102600.0,180.6000061035156,63470100.0,248.62457275390625,5818900.0,100.81999969482422,112909500.0
2025-04-24,372.0398589139721,384.6656455709585,371.53481777720657,383.5268249511719,22232300.0,3332.0,560.0,26.46999931335449,0.0,667.6837158203125,1770700.0,106.2810516357422,220815000.0,94.47000122070312,33681900.0,186.5399932861328,43763200.0,262.7392578125,7857600.0,107.77999877929688,103190700.0
2025-04-25,383.2297451406492,388.33947870229,380.8531326101871,388.0325012207031,18973200.0,3282.39990234375,162.0,24.84000015258789,0.0,669.9291381835938,1280900.0,110.85465240478516,251064700.0,96.6500015258789,28575300.0,188.9900054931641,36414300.0,265.8659362792969,5651700.0,112.77999877929688,103933800.0
2025-04-28,388.1414373128656,388.9138371850431,382.8732888048125,387.3492431640625,16579400.0,3332.5,1300.0,25.149999618530277,0.0,667.5289306640625,1007600.0,108.57784271240234,207708500.0,96.38999938964844,30456700.0,187.6999969482422,33224700.0,263.6722717285156,4977700.0,114.6500015258789,111082900.0
2025-04-29,387.48784509297593,391.2508426713115,386.5768248872523,390.201171875,14974000.0,3318.800048828125,1278.0,24.170000076293945,0.0,660.9306030273438,1104000.0,108.867431640625,170444300.0,96.05999755859376,20700600.0,187.38999938964844,41667300.0,265.7765808105469,3139800.0,116.08000183105467,79709000.0
2025-04-30,386.4976013857663,392.7956566127169,380.6947052715702,391.4093017578125,36461100.0,3305.0,207.0,24.700000762939453,0.0,662.8853149414062,1042100.0,108.76756286621094,235044600.0,97.3499984741211,29730700.0,184.4199981689453,55176500.0,266.71954345703125,4624100.0,118.44000244140624,109461700.0
2025-05-01,426.9100091091665,432.7327295827746,420.76051687113977,421.2556457519531,58938100.0,3210.0,2131.0,24.600000381469727,0.0,661.535888671875,1066300.0,111.4538116455078,236121500.0,96.6500015258789,29591500.0,190.1999969482422,74266000.0,267.3349609375,5208900.0,116.1999969482422,90677600.0
2025-05-02,427.533877248033,435.1588741169636,425.8009261614823,431.0393981933594,30757400.0,3231.89990234375,1349.0,22.68000030517578,0.0,684.9622802734375,1215500.0,114.33976745605467,190194800.0,98.8000030517578,29957900.0,189.97999572753903,77903500.0,273.0423583984375,4323400.0,124.27999877929688,103094300.0
2025-05-05,428.652877068793,435.2182909345157,427.9002714913439,431.9207458496094,20136100.0,3311.300048828125,244.0,23.63999938964844,0.0,678.0465087890625,903700.0,113.66072082519533,133163200.0,100.58999633789062,41268900.0,186.3500061035156,35217500.0,270.6105041503906,4219600.0,123.7699966430664,135961300.0
2025-05-06,427.9894209087166,433.46554517602334,426.9694566129341,429.0885925292969,15104200.0,3411.39990234375,2357.0,24.76000022888184,0.0,674.7026977539062,765100.0,113.38111114501952,158525600.0,98.62000274658205,54264300.0,185.00999450683597,29314100.0,271.3351135253906,4681600.0,108.86000061035156,201193400.0
2025-05-07,429.61342097536215,433.8517229596541,426.9100064238295,429.1282043457031,23295300.0,3381.39990234375,1080.0,23.549999237060547,0.0,694.944091796875,1041400.0,116.89617919921876,206758800.0,100.36000061035156,86474400.0,188.7100067138672,43948600.0,276.1690673828125,4267600.0,110.4800033569336,95428800.0
2025-05-08,433.6635627109641,439.3476626606329,431.4156885314204,433.9012451171875,23491300.0,3296.60009765625,200.0,22.479999542236328,0.0,702.5247192382812,1040500.0,117.20574951171876,198428100.0,101.6999969482422,54231400.0,192.0800018310547,41043600.0,277.6678466796875,4789900.0,119.1500015258789,126966200.0
2025-05-09,435.7133964534002,436.4461774951318,431.6335394854884,434.4557800292969,15324200.0,3335.39990234375,216.0,21.899999618530277,0.0,700.7189331054688,884000.0,116.48676300048828,132972200.0,102.83999633789062,31704300.0,193.05999755859372,29663100.0,273.3798522949219,4324200.0,117.3000030517578,81005300.0
2025-05-12,441.5955462250109,444.9921230759706,435.4955548202822,444.8832092285156,22821900.0,3220.0,886.0,18.38999938964844,0.0,744.3668212890625,2571500.0,122.82786560058594,225023300.0,108.12000274658205,50543400.0,208.63999938964844,75205000.0,286.6806030273437,5937400.0,118.45999908447266,94257300.0
2025-05-13,443.4176379697952,446.2794975271711,441.021200788799,444.764404296875,23618800.0,3240.300048828125,2424.0,18.21999931335449,0.0,757.9603271484375,1815600.0,129.7481689453125,330430100.0,112.45999908447266,55659500.0,211.3699951171875,56193700.0,287.02801513671875,6711600.0,128.10000610351562,147155400.0
2025-05-14,443.7741186799948,449.4779827199474,443.7741186799948,448.52734375,19902800.0,3181.39990234375,3518.0,18.6200008392334,0.0,762.9312744140625,1156100.0,135.1505889892578,281180800.0,117.72000122070312,86743700.0,210.25,38492100.0,288.5863647460937,7926200.0,130.17999267578125,96611500.0
2025-05-15,447.1979616790238,452.5750254060464,446.860659567107,449.5392761230469,21992300.0,3220.699951171875,652.0,17.829999923706055,0.0,752.4633178710938,1511000.0,134.6413116455078,226632600.0,114.98999786376952,43843200.0,205.1699981689453,64347300.0,288.6062316894531,4635600.0,128.1199951171875,69503000.0
2025-05-16,448.4678177382938,450.7595102326154,445.17414935289,450.6702270507813,23849800.0,3182.0,199.0,17.239999771118164,0.0,742.2830810546875,1095100.0,135.21051025390625,226542500.0,117.16999816894533,43419700.0,205.58999633789065,43318500.0,288.9932861328125,3846000.0,129.52000427246094,57003700.0
2025-05-19,447.3070896149787,455.9480603525366,447.2277066057748,455.2337646484375,21336500.0,3228.89990234375,266.0,18.13999938964844,0.0,743.3051147460938,977900.0,135.3802947998047,193154600.0,114.73999786376952,37737400.0,206.16000366210935,34314800.0,285.4993896484375,5781200.0,126.33000183105467,72503900.0
2025-05-20,451.9797952414424,454.7080036018212,450.719869916101,454.5393676757813,15441800.0,3280.300048828125,356.0,18.09000015258789,0.0,742.9379272460938,777200.0,134.19192504882812,161514200.0,113.51000213623048,29030800.0,204.07000732421875,29470400.0,285.9262390136719,4032300.0,125.58999633789062,61265300.0
2025-05-21,450.967885651573,454.1524403651085,448.22974686474834,448.9837341308594,19216900.0,3309.300048828125,979.0,20.8700008392334,0.0,731.4381103515625,1058700.0,131.61557006835938,270608700.0,112.05999755859376,43594600.0,201.1199951171875,42460900.0,280.18902587890625,5689800.0,120.58000183105467,80657700.0
2025-05-22,451.3448676580097,456.6028569421555,450.3031699710194,451.2555541992188,18025600.0,3292.300048828125,1210.0,20.280000686645508,0.0,734.9406127929688,863500.0,132.6441192626953,187344000.0,110.70999908447266,29252000.0,203.1000061035156,38938900.0,281.32061767578125,6642700.0,122.29000091552734,75498300.0
2025-05-23,446.4142434023006,450.0948358464348,445.3527151156796,446.6126403808594,16883500.0,3363.60009765625,47.0,22.290000915527344,0.0,726.7944946289062,1525200.0,131.1062469482422,198821300.0,110.30999755859376,30867300.0,200.9900054931641,33393500.0,271.1068115234375,8887800.0,123.30999755859376,65905800.0
2025-05-27,452.8627373552784,457.2973170522405,452.5055743512772,457.0393676757813,20974300.0,3299.10009765625,189.0,18.959999084472656,0.0,750.905517578125,1385100.0,135.31036376953125,192953600.0,114.55999755859376,37885000.0,206.0200042724609,34892000.0,275.13677978515625,10958000.0,123.38999938964844,86455200.0
2025-05-28,457.56517641086623,458.8548627693229,453.3091629867606,453.7357482910156,17086300.0,3293.60009765625,127758.0,19.309999465942383,0.0,740.7055053710938,1244000.0,134.621337890625,304021100.0,112.86000061035156,27483700.0,204.72000122070312,28549800.0,273.9853210449219,12758600.0,123.76000213623048,64866000.0
2025-05-29,457.8925712924165,458.0612374989779,451.702028016876,455.0453186035156,13974800.0,3317.10009765625,24370.0,19.18000030517578,0.0,741.2611694335938,1166000.0,138.9951934814453,369241900.0,113.02999877929688,30501400.0,205.6999969482422,34650000.0,264.9428100585937,28053100.0,122.31999969482422,62929100.0
2025-05-30,456.0770318895628,458.021491741184,451.93016282180776,456.7119445800781,34770500.0,3288.89990234375,2213.0,18.56999969482422,0.0,731.0411987304688,1785400.0,134.94090270996094,333170900.0,110.7300033569336,36088500.0,205.00999450683597,51679400.0,263.4042663574219,12388500.0,131.77999877929688,185897600.0
2025-06-02,453.5174918780263,458.4480789536773,453.2694729574846,458.3092041015625,16626500.0,3370.60009765625,976.0,18.36000061035156,0.0,740.725341796875,812600.0,137.187744140625,197663100.0,114.62999725341795,34078400.0,206.6499938964844,29113300.0,259.6820983886719,9213500.0,132.0399932861328,93218700.0
2025-06-03,457.8132168786229,460.4620725642075,457.2080349022007,459.3013305664063,15743800.0,3350.199951171875,6410.0,17.690000534057617,0.0,741.439697265625,1085100.0,141.02235412597656,225578800.0,117.30999755859376,37161500.0,205.7100067138672,33139100.0,262.5109558105469,7838500.0,133.1699981689453,91297700.0
2025-06-04,460.3231580440434,461.9997685201863,459.3509128885598,460.1941833496094,14162700.0,3373.5,207.0,17.610000610351562,0.0,737.0045166015625,1160000.0,141.7213897705078,167120800.0,118.58000183105467,31025000.0,207.22999572753903,29915600.0,261.2206115722656,7372500.0,130.00999450683594,97306300.0
2025-06-05,461.2755213187348,465.9283588981049,460.3528981592645,463.9739685058594,20131700.0,3350.699951171875,731.0,18.479999542236328,0.0,741.9457397460938,1506500.0,139.79408264160156,231397900.0,115.69000244140624,34091000.0,207.91000366210935,51864200.0,265.16119384765625,8642900.0,119.91000366210938,131055900.0
2025-06-06,466.3648774509946,469.58912358157227,465.0652606634985,466.652587890625,15285600.0,3322.699951171875,81.0,16.770000457763672,0.0,747.1648559570312,1345100.0,141.52166748046875,153986200.0,116.19000244140624,27042100.0,213.57000732421875,39832500.0,272.4765930175781,7507000.0,127.72000122070312,87175100.0
2025-06-09,465.9779957450024,469.6784189466736,464.906536971708,469.0038146972656,16469900.0,3332.10009765625,1887.0,17.15999984741211,0.0,764.2113037109375,1769400.0,142.43040466308594,185114500.0,121.7300033569336,55437700.0,216.97999572753903,38102500.0,270.2333068847656,5728300.0,132.05999755859375,74785600.0
2025-06-10,467.45614299188406,469.0533703074369,463.2596519580402,467.1882934570313,15375900.0,3320.89990234375,65.0,16.950000762939453,0.0,778.8663940429688,1715500.0,143.75852966308594,155881900.0,123.23999786376952,41691900.0,217.6100006103516,31303300.0,266.2331848144531,6309700.0,132.80999755859375,69308900.0
2025-06-11,466.29544434484353,471.7022694228479,465.9383115986028,468.8748474121094,16399200.0,3321.300048828125,2106.0,17.260000228881836,0.0,777.9933471679688,1365900.0,142.64002990722656,167694000.0,121.13999938964844,32261900.0,213.1999969482422,39326000.0,263.9402770996094,6568100.0,136.38999938964844,97366000.0
2025-06-12,471.2557893550323,476.6130223697302,469.7676758011157,475.0752868652344,18950600.0,3380.89990234375,1818.0,18.020000457763672,0.0,780.0968627929688,999600.0,144.80714416503906,162365000.0,118.5,44718400.0,213.2400054931641,27640000.0,264.9328918457031,8054000.0,135.19000244140625,56248200.0
2025-06-13,472.6348110082228,475.3828499324856,469.0137405811006,471.1962890625,16814500.0,3431.199951171875,499.0,20.81999969482422,0.0,755.0828247070312,1742900.0,141.78115844726562,180820600.0,116.16000366210938,39702700.0,212.1000061035156,29337800.0,256.48590087890625,7659300.0,137.39999389648438,93519000.0
2025-06-16,471.4442896166044,476.8808754060361,471.2359621947383,475.3431701660156,15626100.0,3396.39990234375,480.0,19.11000061035156,0.0,769.2022094726562,1454500.0,144.49755859375,183133700.0,126.38999938964844,100968500.0,216.1000061035156,33284200.0,261.9253234863281,7177000.0,141.41000366210938,80779800.0
2025-06-17,471.63279762120845,474.9463269378011,470.3232503868908,474.25189208984375,15414100.0,3386.60009765625,1477.0,21.600000381469727,0.0,753.95166015625,1422800.0,143.9282989501953,139108000.0,127.0999984741211,86623900.0,214.82000732421875,32086300.0,260.8136291503906,9110100.0,138.1999969482422,70479100.0
2025-06-18,474.2122082515913,477.1884355000323,470.7002516212213,476.4344482421875,17526500.0,3389.800048828125,0.0,20.13999938964844,0.0,755.7178344726562,1372500.0,145.28648376464844,161494100.0,126.79000091552734,49627100.0,212.5200042724609,44360500.0,257.9862365722656,7628000.0,139.9600067138672,58260200.0
2025-06-20,478.4087168746746,479.6289507141904,473.09117492174096,473.6169738769531,37576200.0,3368.10009765625,709.0,20.6200008392334,0.0,750.6476440429688,2303900.0,143.65867614746094,242956200.0,128.24000549316406,79931000.0,209.69000244140625,75350700.0,259.109619140625,12859200.0,137.3000030517578,87067000.0
2025-06-23,474.4204952857464,483.8849056071214,468.7656821606551,482.1487731933594,24864000.0,3377.699951171875,30.0,19.82999992370605,0.0,773.6571655273438,1302800.0,143.97824096679688,154308900.0,129.5800018310547,65152900.0,208.47000122070312,37311700.0,261.8733825683594,9283800.0,139.9199981689453,70501100.0
2025-06-24,485.0754151445847,487.9524285572733,482.9424282150726,486.2261962890625,22305600.0,3317.39990234375,538.0,17.479999542236328,0.0,807.0357055664062,2039600.0,147.70326232910156,187566100.0,138.42999267578125,78572000.0,212.7700042724609,38378800.0,269.588134765625,9713900.0,143.22999572753906,58574200.0
2025-06-25,488.1409520653471,490.6409720128423,485.5119574284625,488.3691101074219,17495100.0,3327.10009765625,373.0,16.760000228881836,0.0,808.9010620117188,1400100.0,154.10475158691406,269146500.0,143.39999389648438,74607200.0,211.9900054931641,31755700.0,266.1980285644531,6074300.0,142.89999389648438,61435300.0
2025-06-26,489.0735074056833,494.0934082095605,488.9048412091741,493.5080871582031,21578900.0,3333.5,2058.0,16.59000015258789,0.0,791.8844604492188,1705800.0,154.81381225585938,198145700.0,143.67999267578125,58180100.0,217.1199951171875,50480800.0,269.16064453125,6708000.0,144.25,69440500.0
2025-06-27,493.6072370605504,495.3433694815111,489.1230659353951,492.010009765625,34539200.0,3273.699951171875,284.0,16.31999969482422,0.0,789.7611083984375,1201000.0,157.5401611328125,263234500.0,143.80999755859375,61937900.0,223.3000030517578,119217100.0,271.8250427246094,21741400.0,130.74000549316406,202598600.0
2025-06-30,493.1013206195562,496.7918434810962,491.404849352638,493.4683837890625,28369000.0,3294.39990234375,1242.0,16.729999542236328,0.0,795.1588134765625,1080400.0,157.7798614501953,194580300.0,141.89999389648438,42972500.0,219.38999938964844,58887800.0,271.0992736816406,8541900.0,136.32000732421875,97305600.0
2025-07-01,492.53583641461546,494.10330273882704,487.0893503724631,488.1508483886719,19945400.0,3336.699951171875,371.0,16.829999923706055,0.0,784.3236083984375,1065800.0,153.09608459472656,213143600.0,136.11000061035156,55257200.0,220.4600067138672,39256800.0,270.3238220214844,6256800.0,130.67999267578125,91479700.0
2025-07-02,486.10716647659297,489.589361899926,484.8274106118064,487.1984558105469,16319600.0,3348.0,39.0,16.639999389648438,0.0,793.372802734375,1383000.0,157.0408477783203,171224100.0,138.52000427246094,39228000.0,219.9199981689453,30894200.0,267.6395568847656,6115200.0,132.1199951171875,59732000.0
2025-07-03,489.8969147231798,496.1668406146565,489.5298515465148,494.8870544433594,13984800.0,3331.60009765625,0.0,16.3799991607666,0.0,788.3223266601562,910700.0,159.1280517578125,143716100.0,137.91000366210938,28646000.0,223.41000366210935,29632400.0,270.5624389648437,5031800.0,134.36000061035156,41812500.0
2025-07-04,489.8969147231798,496.1668406146565,489.5298515465148,494.8870544433594,13984800.0,3332.5,0.0,16.3799991607666,0.0,788.3223266601562,910700.0,159.1280517578125,143716100.0,137.91000366210938,28646000.0,223.41000366210935,29632400.0,270.5624389648437,5031800.0,134.36000061035156,41812500.0
2025-07-07,493.4386683186591,494.7978073262421,491.30571139485903,493.7759704589844,13981600.0,3332.199951171875,254.0,17.790000915527344,0.0,778.9855346679688,1363700.0,158.02952575683594,140139000.0,134.8000030517578,37395000.0,223.47000122070312,36604100.0,268.22613525390625,6283500.0,139.1199951171875,71959700.0
2025-07-08,493.2997439957828,494.2521585292929,490.1945420053533,492.6846618652344,11846600.0,3307.0,909.0,16.809999465942383,0.0,787.9254150390625,1327800.0,159.78717041015625,138133000.0,137.82000732421875,36124600.0,219.3600006103516,45692000.0,272.0536804199219,6661200.0,139.7100067138672,59834800.0
2025-07-09,496.3354955466416,502.76415743455226,495.7799355375845,499.5200805664063,18659500.0,3311.60009765625,114.0,15.9399995803833,0.0,793.6109008789062,1334300.0,162.66334533691406,183656400.0,138.41000366210938,37013100.0,222.5399932861328,38155100.0,269.3396301269531,6373600.0,143.1300048828125,68494800.0
2025-07-10,499.06366987607214,500.4426696344743,493.8056807647675,497.5061340332031,16492100.0,3317.39990234375,209.0,15.779999732971191,0.0,795.8533325195312,1498900.0,163.88172912597656,167704100.0,144.16000366210938,61101500.0,222.25999450683597,30370600.0,262.43017578125,7244600.0,142.5,64383900.0
2025-07-11,494.5200302697885,501.0280451619609,493.85532615569343,499.3316040039063,16459500.0,3356.0,776.0,16.399999618530273,0.0,795.694580078125,932400.0,164.70062255859375,193633300.0,146.4199981689453,50049200.0,225.0200042724609,50518300.0,256.5645446777344,7011200.0,142.10000610351562,52134800.0
2025-07-14,497.5458219138798,499.9764196247383,497.0597144820079,499.033935546875,12058800.0,3351.5,583.0,17.200000762939453,0.0,800.4572143554688,1456900.0,163.8517608642578,136975800.0,146.24000549316406,44718600.0,225.69000244140625,35702600.0,258.1651611328125,6533900.0,149.14999389648438,81774400.0
2025-07-15,499.03393728805895,504.2720960834484,498.8057792400165,501.811767578125,14927200.0,3329.800048828125,210.0,17.3799991607666,0.0,816.62060546875,2099600.0,170.4729461669922,230627400.0,155.61000061035156,93370100.0,226.3500061035156,34907300.0,256.077392578125,5201500.0,148.5800018310547,59126200.0
2025-07-16,501.1768265275145,502.70463167926073,497.9129190668174,501.61334228515625,15154400.0,3352.5,10.0,17.15999984741211,0.0,748.583740234375,10789600.0,171.14205932617188,158831500.0,160.0800018310547,59492800.0,223.19000244140625,39535900.0,256.4452819824219,5649500.0,150.91000366210938,57550300.0
2025-07-17,501.67285674255714,509.3019216630888,501.6133346197656,507.6451721191406,17503100.0,3340.10009765625,667.0,16.520000457763672,0.0,739.117919921875,4078500.0,172.76988220214844,160841100.0,160.41000366210938,50605100.0,223.8800048828125,31855800.0,258.3640441894531,5837400.0,153.99000549316406,60165500.0
2025-07-18,510.4030974050004,510.5618634291492,503.4089756844231,506.0082092285156,21209700.0,3353.0,602.0,16.40999984741211,0.0,728.8682250976562,2567200.0,172.18067932128906,146456400.0,156.99000549316406,48859800.0,226.1300048828125,37833800.0,260.8494567871094,6381200.0,153.52000427246094,45771600.0
2025-07-21,502.69469811942383,508.03210080948105,501.54388660874696,506.0181579589844,14066800.0,3401.89990234375,53.0,16.649999618530273,0.0,714.0841064453125,2650300.0,171.1520538330078,123126100.0,157.0,39021100.0,229.3000030517578,40297600.0,260.7500305175781,6714700.0,151.7899932861328,45072800.0
2025-07-22,506.9208955554117,507.149083853939,501.26605224609375,501.26605224609375,13868600.0,3439.199951171875,39.0,16.5,0.0,699.9945068359375,3425100.0,166.80783081054688,193114300.0,154.72000122070312,49028000.0,227.47000122070312,37483700.0,262.0523681640625,5001400.0,149.07000732421875,49880800.0
2025-07-23,502.7343595827018,502.7740510878013,496.7323137246232,501.861328125,16396600.0,3394.10009765625,63.0,15.369999885559082,0.0,711.3555297851562,3379400.0,170.55284118652344,154082200.0,158.64999389648438,41510900.0,228.2899932861328,28294900.0,265.6611633300781,5620700.0,154.6300048828125,48062000.0
2025-07-24,504.7383694588984,509.5995345886751,503.28001689239056,506.8316650390625,16107000.0,3371.0,1175.0,15.390000343322754,0.0,719.442138671875,2037100.0,173.50892639160156,128984600.0,162.1199951171875,48440100.0,232.22999572753903,42902300.0,266.1383972167969,5877100.0,154.86000061035156,38925700.0
2025-07-25,508.4089964805577,514.1828842249572,506.3157313206406,509.6392211914063,19125700.0,3334.0,67.0,14.93000030517578,0.0,705.7196655273438,2312100.0,173.2692413330078,122316800.0,166.47000122070312,53432300.0,231.44000244140625,28712100.0,267.5401306152344,4015400.0,158.8000030517578,57972300.0
2025-07-28,510.0063088656235,510.91900158393673,506.07766717141,508.4388122558594,14308000.0,3309.10009765625,533.0,15.029999732971191,0.0,724.3139038085938,2253900.0,176.51490783691406,140023500.0,173.66000366210938,68267800.0,232.7899932861328,26300100.0,268.6734924316406,4533700.0,157.8800048828125,63886900.0
2025-07-29,511.4448055642593,513.5182098314434,507.5062336187249,508.50823974609375,16469200.0,3323.39990234375,113144.0,15.979999542236328,0.0,714.7117309570312,2292900.0,175.2765350341797,154077500.0,177.44000244140625,108154800.0,231.00999450683597,33716200.0,265.8302307128906,5137100.0,156.24000549316406,42427200.0
2025-07-30,511.0876726596135,511.8615208479224,505.40309770511885,509.1729736328125,26380400.0,3295.800048828125,19252.0,15.479999542236328,0.0,717.6561279296875,1407000.0,179.03155517578125,174312200.0,179.50999450683594,64820300.0,230.19000244140625,32993300.0,263.2652282714844,3928200.0,158.61000061035156,40261700.0
2025-07-31,550.8301860551579,551.0484742016899,527.6851029610986,529.2723999023438,51617300.0,3293.199951171875,3704.0,16.719999313354492,0.0,691.0567626953125,2892200.0,177.6334228515625,221685400.0,176.30999755859375,71765300.0,234.1100006103516,104357300.0,256.8230285644531,7340300.0,158.35000610351562,45342600.0
2025-08-01,530.7605061500977,531.5541546097426,516.7325410439772,519.956787109375,28977600.0,3347.699951171875,3420.0,20.3799991607666,0.0,686.1924438476562,1627100.0,173.4889373779297,204529000.0,171.6999969482422,75396100.0,214.75,122258800.0,249.2773284912109,7646900.0,154.27000427246094,61287000.0
2025-08-04,524.0838536533402,533.9847498429226,523.9449485218581,531.3954467773438,25349000.0,3374.39990234375,351.0,17.520000457763672,0.0,695.6822509765625,1025600.0,179.76058959960938,148174600.0,176.77999877929688,52951000.0,211.6499938964844,77890100.0,250.84811401367188,4403500.0,160.66000366210938,82993600.0
2025-08-05,532.9232605080902,533.0423047576313,523.0620248277625,523.5679931640625,19171600.0,3381.89990234375,915.0,17.850000381469727,0.0,686.00341796875,1261200.0,178.02288818359375,156407600.0,174.30999755859375,88808500.0,213.75,51505100.0,246.0462951660156,6761000.0,173.27000427246094,130917500.0
2025-08-06,526.6930670104376,527.486715540996,519.8775111011839,520.7802734375,21355700.0,3380.0,1492.0,16.770000457763672,0.0,687.3265380859375,1218700.0,179.1813507080078,137192300.0,163.1199951171875,133641800.0,222.30999755859372,54823000.0,247.7164764404297,5834700.0,179.5399932861328,82924800.0
2025-08-07,522.6255013664995,523.9053178574718,513.4488005319126,516.7127685546875,16079100.0,3400.300048828125,5464.0,16.56999969482422,0.0,709.369873046875,1723800.0,180.5295562744141,151878400.0,172.39999389648438,95448300.0,223.1300048828125,40603500.0,239.474853515625,10010200.0,182.1999969482422,77829200.0
2025-08-08,518.4587582353118,520.502431840537,515.2940341981842,517.9031982421875,15531000.0,3439.10009765625,7657.0,15.149999618530272,0.0,718.5215454101562,1042900.0,182.4569854736328,123396700.0,172.75999450683594,68866700.0,222.69000244140625,32970500.0,239.10699462890625,8812000.0,186.9600067138672,62657900.0
2025-08-11,518.161083532538,523.4092023083725,515.6015114818953,517.6353149414062,20194400.0,3353.10009765625,1488.0,16.25,0.0,717.516845703125,1179700.0,181.81784057617188,138323200.0,172.27999877929688,70651000.0,221.3000030517578,31646200.0,231.3226623535156,10740100.0,182.67999267578125,56125600.0
2025-08-12,519.5996565820958,526.7723446368122,518.5579891899393,525.046142578125,18667000.0,3348.89990234375,1611.0,14.729999542236328,0.0,737.88916015625,1461800.0,182.9163818359375,145485700.0,174.9499969482422,52243500.0,221.47000122070312,37185800.0,230.3086395263672,13178000.0,186.97000122070312,54819000.0
2025-08-13,527.8934364066101,528.4787877679453,515.2544004746543,516.454833984375,19619200.0,3358.699951171875,1011.0,14.489999771118164,0.0,751.5967407226562,2011900.0,181.3484649658203,179871700.0,184.4199981689453,108305100.0,224.55999755859372,36508300.0,235.6472930908203,10209200.0,184.3699951171875,53610000.0
2025-08-14,518.4191046945965,521.7822560401938,516.0182983192124,518.3397216796875,20269100.0,3335.199951171875,592.0,14.829999923706056,0.0,751.2385864257812,1577400.0,181.77789306640625,129554000.0,180.9499969482422,66308800.0,230.97999572753903,61545800.0,232.00863647460935,7544800.0,181.0200042724609,53472900.0
2025-08-15,518.6274679925785,521.9310366989816,514.9667059909838,516.0480346679688,25213300.0,3336.0,1185.0,15.09000015258789,0.0,738.2572021484375,1635100.0,180.20997619628903,156602200.0,177.50999450683594,51543100.0,231.02999877929688,39649200.0,241.02574157714844,12942800.0,177.1699981689453,60288700.0
2025-08-18,517.4568516493948,518.6770855269226,509.94683045407294,513.0023803710938,23760600.0,3331.699951171875,646.0,14.989999771118164,0.0,743.6188354492188,1086400.0,181.7678985595703,132008000.0,176.13999938964844,35937500.0,231.4900054931641,25248900.0,242.54681396484372,8809200.0,174.02999877929688,62656600.0
2025-08-19,510.9189744125155,511.0776798784135,504.5200741760794,505.73040771484375,21481000.0,3313.39990234375,1655.0,15.56999969482422,0.0,739.6995239257812,1121300.0,175.40638732910156,185229200.0,166.5500030517578,64455000.0,228.00999450683597,29891000.0,244.56497192382807,8642200.0,157.75,137922700.0
2025-08-20,505.829663283555,506.9507137373093,500.4426991689255,501.7125549316406,27723000.0,3343.39990234375,1213.0,15.6899995803833,0.0,745.548583984375,1368400.0,175.1667022705078,215142700.0,165.1999969482422,60233200.0,223.80999755859372,36604300.0,245.0123443603516,8195100.0,156.00999450683594,220336400.0
2025-08-21,500.5200628741361,504.435269171935,499.5561662916726,501.0665893554688,18443300.0,3336.89990234375,142.0,16.600000381469727,0.0,731.5328369140625,952700.0,174.7472381591797,140040900.0,163.7100067138672,37880500.0,221.9499969482422,32140500.0,244.39596557617188,5646800.0,156.17999267578125,94678600.0
2025-08-22,501.0765850227361,507.5158151187978,499.2481684011306,504.037841796875,24324200.0,3374.39990234375,1240.0,14.220000267028809,0.0,750.9202880859375,1456000.0,177.7532501220703,172789400.0,167.75999450683594,43998600.0,228.83999633789065,37315300.0,246.8415985107422,6694300.0,158.74000549316406,102099200.0
2025-08-25,503.44159720621536,504.9917771303553,500.9473838488724,501.0865173339844,21638600.0,3373.800048828125,1044.0,14.789999961853027,0.0,750.4925537109375,731100.0,179.57083129882812,163012800.0,163.36000061035156,36134700.0,227.94000244140625,22633700.0,246.424072265625,4957700.0,157.1699981689453,86879800.0
2025-08-26,501.1858695359189,501.801993130018,495.3727099158942,498.8804931640625,30835700.0,3388.60009765625,905.0,14.619999885559082,0.0,759.1866455078125,860100.0,181.5282287597656,168688200.0,166.6199951171875,52138600.0,228.7100067138672,26105400.0,242.31817626953125,8862300.0,160.8699951171875,86573700.0
2025-08-27,498.8407434548062,504.09746017877256,496.75395340313815,503.5509033203125,17277900.0,3404.60009765625,3222.0,14.850000381469728,0.0,765.9508056640625,1140700.0,181.35845947265625,235518900.0,167.1300048828125,37031000.0,229.1199951171875,21254500.0,248.70071411132807,6506900.0,156.72000122070312,76380600.0
2025-08-28,503.8987080370186,507.8735346885091,502.3187180821136,506.43267822265625,18015600.0,3431.800048828125,1035.0,14.43000030517578,0.0,759.4451904296875,985400.0,179.9303436279297,281787800.0,168.5800018310547,36285200.0,231.6000061035156,33679600.0,253.04519653320312,8461200.0,158.1199951171875,57885200.0
2025-08-29,505.4588240002719,506.39291066950057,501.3150539612025,503.501220703125,20961600.0,3473.699951171875,0.0,15.359999656677246,0.0,738.7147827148438,1317800.0,173.94830322265625,243257900.0,162.6300048828125,37516800.0,229.0,26199200.0,254.75518798828125,7363200.0,156.7100067138672,45270500.0
2025-09-02,497.32034095368414,502.81553721257154,493.6833711758906,501.9410705566406,18128000.0,3549.39990234375,658.0,17.170000076293945,0.0,722.032958984375,1867400.0,170.55284118652344,231164900.0,162.32000732421875,38656100.0,225.33999633789065,38843900.0,251.3849639892578,9312500.0,157.08999633789062,65435000.0
2025-09-03,500.6194673133705,504.5942937991858,499.1587173668126,502.1696472167969,16345100.0,3593.199951171875,72.0,16.350000381469727,0.0,732.9453125,1330300.0,170.39305114746094,164424900.0,162.1300048828125,30752800.0,225.9900054931641,29223100.0,254.95404052734372,17417900.0,154.89999389648438,66052300.0
2025-09-04,501.1262461318779,504.95202275876863,499.983489561643,504.7731628417969,15509500.0,3565.800048828125,237.0,15.300000190734863,0.0,749.4678955078125,1532700.0,171.43167114257812,141670100.0,161.7899932861328,32103500.0,235.67999267578125,59391800.0,242.58657836914065,30967500.0,156.13999938964844,53292300.0
2025-09-05,505.8662561110588,508.7479993566889,489.27134277765646,491.8847961425781,31994800.0,3613.199951171875,925.0,15.18000030517578,0.0,777.5892944335938,1887300.0,166.7978515625,224441400.0,151.13999938964844,78256000.0,232.3300018310547,36721800.0,249.2971954345703,13029400.0,153.11000061035156,81855900.0
2025-09-08,494.97517595073856,498.0457560062632,491.91457299081776,495.0646362304688,16771000.0,3638.10009765625,97.0,15.109999656677246,0.0,792.062744140625,1284500.0,168.0861358642578,163769100.0,151.41000366210938,41849000.0,235.83999633789065,33947100.0,250.79840087890625,12602200.0,156.10000610351562,47643000.0
2025-09-09,498.2742984765216,499.0891451753406,494.5677922273047,495.2733154296875,14410500.0,3643.300048828125,535.0,15.039999961853027,0.0,800.8960571289062,1324100.0,170.53286743164062,157548400.0,155.82000732421875,42802500.0,238.2400054931641,27033800.0,250.58963012695312,10901900.0,162.36000061035156,61359500.0
2025-09-10,499.8145678368591,500.06299449245154,493.5939546766565,497.2209777832031,21611800.0,3643.60009765625,136.0,15.350000381469728,0.0,788.9691162109375,1634300.0,177.09414672851562,226852000.0,159.5399932861328,52465300.0,230.3300018310547,60907700.0,241.1549835205078,11363600.0,166.74000549316406,62211400.0
2025-09-11,499.0891506177463,500.0033740526988,494.7466575341409,497.8569641113281,18881600.0,3636.89990234375,307.0,14.710000038146973,0.0,799.9312133789062,1297800.0,176.94432067871094,151159300.0,155.6699981689453,48817700.0,229.9499969482422,37485600.0,244.8433380126953,6944900.0,164.36000061035156,42025500.0
2025-09-12,503.4614629424367,509.3243260516039,500.67909648146514,506.6910095214844,23624900.0,3649.39990234375,1300.0,14.760000228881836,0.0,809.5901489257812,1019700.0,177.59349060058594,124911000.0,158.57000732421875,42232800.0,228.1499938964844,38496200.0,241.3438720703125,8386400.0,171.42999267578125,54498500.0
2025-09-15,505.5880086221314,512.2259313574772,503.80926524972944,512.1166381835938,17143800.0,3682.199951171875,210.0,15.6899995803833,0.0,862.7391357421875,2702300.0,177.52359008789062,147061600.0,161.16000366210938,36808700.0,231.42999267578125,33243300.0,241.10528564453125,7244600.0,171.2100067138672,45396100.0
2025-09-16,513.6270820344445,513.9748550906477,505.3991924428879,505.83642578125,19711900.0,3688.89990234375,373.0,16.360000610351562,0.0,873.8006591796875,1832400.0,174.65725708007812,140737800.0,160.4600067138672,27946500.0,234.0500030517578,38203900.0,237.91400146484372,8779800.0,170.25999450683594,34598700.0
2025-09-17,507.4064717390096,508.07226852063866,502.74598524416496,506.8102416992188,15816600.0,3681.800048828125,183.0,15.720000267028809,0.0,867.6830444335938,1553300.0,170.0730743408203,211843800.0,159.16000366210938,41823800.0,231.6199951171875,42815200.0,241.2163848876953,10124000.0,168.3300018310547,69255500.0
2025-09-18,508.270998935228,509.8410724066984,504.4651158521554,505.2501525878906,18913700.0,3643.699951171875,80.0,15.699999809265137,0.0,922.9209594726562,3176100.0,176.01551818847656,191763300.0,157.9199981689453,84549500.0,231.22999572753903,37931700.0,243.2779083251953,9344400.0,176.97000122070312,70768600.0
2025-09-19,507.34685812925306,516.0318444319288,507.09843147001845,514.6704711914062,52474100.0,3671.5,211.0,15.449999809265137,0.0,927.2481689453124,2410200.0,176.4449462890625,237182100.0,157.38999938964844,55448100.0,231.47999572753903,97943200.0,246.0763702392578,11813900.0,182.38999938964844,109129900.0
2025-09-22,512.3452424901319,514.48167541423,509.3143886623668,511.21240234375,20009300.0,3740.699951171875,410.0,16.100000381469727,0.0,952.7632446289062,1885000.0,183.37612915039065,269637000.0,159.7899932861328,46505500.0,227.6300048828125,45914500.0,248.6656951904297,7523800.0,179.3300018310547,45916700.0
2025-09-23,510.5664850795932,511.35155218118825,504.1173383670773,506.0252685546875,19799600.0,3780.60009765625,627.0,16.639999389648438,0.0,958.4431762695312,1664800.0,178.2027130126953,192559600.0,160.89999389648438,39448300.0,220.7100067138672,70956200.0,243.55674743652344,7669800.0,182.5500030517578,62354800.0
2025-09-24,507.1679860456216,509.2547456727144,503.72976965544393,506.9394226074219,13533700.0,3732.10009765625,588.0,16.18000030517578,0.0,941.9603271484376,1400700.0,176.74456787109375,143564100.0,160.8800048828125,38464100.0,220.2100067138672,49509000.0,244.8813018798828,6707100.0,179.55999755859375,45379700.0
2025-09-25,505.10107733704126,506.8003375404676,501.8616142840625,503.8390808105469,15786500.0,3736.89990234375,1899.0,16.739999771118164,0.0,944.556640625,1272600.0,177.46365356445312,191586700.0,161.27000427246094,36809900.0,218.1499938964844,52226300.0,239.9615478515625,8145500.0,179.1199951171875,72321200.0
2025-09-26,506.8499667801191,510.7055530942258,503.4316137794998,508.24114990234375,16213100.0,3775.300048828125,19308.0,15.289999961853027,0.0,946.5162963867188,955200.0,177.96302795410156,148573700.0,159.4600067138672,30316900.0,219.77999877929688,41650100.0,242.43138122558597,4974600.0,177.57000732421875,44275800.0
2025-09-29,508.28092297827857,513.5972289973041,505.67741655332713,511.36138916015625,17617800.0,3820.89990234375,8860.0,16.1200008392334,0.0,957.5479125976562,1213800.0,181.6183624267578,193063500.0,161.36000061035156,39828800.0,222.1699981689453,44259200.0,244.09454345703125,6373500.0,178.86000061035156,38413800.0
2025-09-30,510.0099885223437,514.8990082310244,506.45253207823936,514.6903686523438,19728200.0,3840.800048828125,1611.0,16.280000686645508,0.0,962.9991455078124,1303600.0,186.3423309326172,236981000.0,161.7899932861328,29669300.0,219.57000732421875,48396400.0,236.02777099609372,10801100.0,182.4199981689453,43561700.0
2025-10-01,511.56013673304216,517.2342231556227,508.4697238165545,516.4392700195312,22632300.0,3867.5,1778.0,16.290000915527344,0.0,997.9940795898438,1963800.0,187.0015106201172,173844900.0,164.00999450683594,39895200.0,220.6300048828125,43933800.0,234.72314453125,10016600.0,184.9499969482422,45717300.0
2025-10-02,514.3822683481345,518.3173074331339,507.46604898963056,512.4942016601562,21222900.0,3839.699951171875,3418.0,16.6299991607666,0.0,1024.752685546875,1689100.0,188.6493988037109,136805800.0,169.72999572753906,55475200.0,222.41000366210935,41258600.0,237.90005493164065,7679200.0,187.0500030517578,39849200.0
2025-10-03,513.8456285403139,517.2143082734997,511.7588690628015,514.0940551757812,15112300.0,3880.800048828125,392.0,16.649999618530273,0.0,1026.7918701171875,1352300.0,187.38101196289065,137596900.0,164.6699981689453,42699100.0,219.50999450683597,43639000.0,239.3739776611328,8849800.0,173.07000732421875,105533400.0
2025-10-06,515.3461902238155,527.6880704621805,514.9387971845453,525.2435302734375,21388600.0,3948.5,1267.0,16.3700008392334,0.0,1037.8135986328125,1385400.0,185.30364990234372,157678100.0,203.7100067138672,248859600.0,220.8999938964844,43690900.0,244.7717437744141,13922600.0,179.52999877929688,52504200.0
2025-10-07,524.9652461341774,526.4657528279373,518.1583800775612,520.682373046875,14615200.0,3976.60009765625,2903.0,17.239999771118164,0.0,997.0291748046876,1667800.0,184.80430603027344,140088000.0,211.50999450683597,115748100.0,221.77999877929688,31194700.0,238.75653076171875,8387400.0,182.1699981689453,58179300.0
2025-10-08,519.9868090400763,523.6336952116123,519.7980023635643,521.546875,13363400.0,4043.300048828125,2179.0,16.299999237060547,0.0,982.6154174804688,1947000.0,188.86911010742188,130168900.0,235.55999755859372,159983500.0,225.22000122070312,46686000.0,239.4436798095703,7120200.0,183.55999755859372,36299700.0
2025-10-09,519.0527457511332,521.0302122328587,514.1438325922749,519.1123657226562,18343600.0,3946.300048828125,3130.0,16.43000030517578,0.0,975.3836059570312,1496000.0,192.32470703125,182997200.0,232.88999938964844,94290700.0,227.7400054931641,46412100.0,244.32359313964844,7929100.0,185.47000122070312,45050300.0
2025-10-10,516.3697201998212,520.2849266906686,506.4227072751714,507.7443237304688,24133800.0,3975.89990234375,1697.0,21.65999984741211,0.0,931.2669067382812,2933900.0,182.92669677734372,268774400.0,214.8999938964844,118656600.0,216.3699951171875,72367500.0,240.6885528564453,7988300.0,175.44000244140625,55194000.0
2025-10-13,513.1600441163425,513.1600441163425,508.45983088995337,510.8149108886719,14284200.0,4108.60009765625,1697.0,19.030000686645508,0.0,979.48193359375,2223900.0,188.0801239013672,153482800.0,216.4199981689453,63104000.0,220.07000732421875,37809700.0,247.7295684814453,8276500.0,177.2100067138672,41332400.0
2025-10-14,507.0188839999062,512.0371200755203,502.8154945413961,510.3378601074219,14684300.0,4138.7001953125,2424.0,20.809999465942383,0.0,978.009765625,2422100.0,179.80067443847656,205641400.0,218.08999633789065,71216300.0,216.38999938964844,45665600.0,238.78640747070312,9123900.0,179.74000549316406,49261400.0
2025-10-15,511.7191917714538,513.93513816427,506.7903850161382,510.1987915039063,14694700.0,4176.89990234375,3287.0,20.63999938964844,0.0,1004.4996948242188,2900300.0,179.60093688964844,214450500.0,238.6000061035156,108481000.0,215.57000732421875,45909500.0,235.60948181152344,8389200.0,179.6199951171875,37372100.0
2025-10-16,509.3541552294708,513.597241245564,504.93214864922606,508.3902282714844,15559600.0,4280.2001953125,4705.0,25.309999465942383,0.0,1014.228271484375,1938400.0,181.57839965820312,179723300.0,234.55999755859372,69726400.0,214.47000122070312,42414600.0,244.9908447265625,24869700.0,178.1199951171875,42870900.0
2025-10-17,505.8364332653001,512.235876086287,504.1173098719632,510.3478698730469,19867800.0,4189.89990234375,4060.0,20.780000686645508,0.0,1023.857421875,1663700.0,182.98660278320312,173135200.0,233.0800018310547,55804200.0,213.0399932861328,45986900.0,242.08282470703125,10851200.0,178.14999389648438,43421500.0
2025-10-20,511.37132460679527,515.4356111738924,510.1987581296245,513.53759765625,14665600.0,4336.39990234375,1750.0,18.229999542236328,0.0,1036.669677734375,1271700.0,182.4073486328125,128544700.0,240.55999755859372,56741700.0,216.47999572753903,38882800.0,253.23687744140625,9963900.0,181.58999633789065,31975800.0
2025-10-21,514.2431942660954,515.4257076122852,509.81124074780416,514.4021606445312,15586200.0,4087.699951171875,2943.0,17.8700008392334,0.0,1019.6297607421876,1072200.0,180.9292449951172,124240200.0,238.02999877929688,47122400.0,222.02999877929688,50494600.0,262.32940673828125,13354700.0,181.50999450683597,27528100.0
2025-10-22,517.870184130928,521.9244631183706,514.4518312300626,517.2639770507812,18962700.0,4044.39990234375,1237.0,18.600000381469727,0.0,1006.2504272460938,1328600.0,180.0503692626953,162249600.0,230.22999572753903,59668800.0,217.9499969482422,44308500.0,255.58721923828125,9370000.0,175.49000549316406,58263100.0
2025-10-23,519.1720024577996,520.6526156742948,515.3461954332505,517.283935546875,14023500.0,4125.5,354.0,17.299999237060547,0.0,1030.9598388671875,1318200.0,181.92796325683597,111363700.0,234.9900054931641,39024400.0,221.08999633789065,31540000.0,254.00372314453125,6110100.0,180.47999572753903,35812300.0
2025-10-24,519.499850577073,522.0437370421222,517.4329845218087,520.314697265625,15532400.0,4118.39990234375,123.0,16.3700008392334,0.0,1027.667236328125,1032700.0,186.0227203369141,131296700.0,252.9199981689453,71221100.0,224.2100067138672,38685100.0,253.7846221923828,5490800.0,184.6300048828125,34813500.0
2025-10-27,528.4333612309177,531.2157277722118,525.6807743511338,528.1749877929688,18734700.0,4001.89990234375,220.0,15.789999961853027,0.0,1054.4058837890625,1265600.0,191.2460784912109,153452700.0,259.6700134277344,65613100.0,226.97000122070312,38267000.0,254.4219970703125,4942400.0,189.17999267578125,47153100.0
2025-10-28,546.5385938392855,550.2351530342114,537.3667019364588,538.6585083007812,29986700.0,3966.199951171875,219.0,16.420000076293945,0.0,1046.9454345703125,856900.0,200.77392578125,297986200.0,258.010009765625,47448700.0,229.25,47100000.0,253.21694946289065,6435600.0,189.6000061035156,38201000.0
2025-10-29,541.5104645203966,542.8321112501552,533.3521116884923,538.1417846679688,36023000.0,3983.699951171875,1344.0,16.920000076293945,0.0,1067.0986328125,1530000.0,206.7762756347656,308829600.0,264.3299865722656,49335600.0,230.3000030517578,52036200.0,250.42845153808597,7904200.0,198.80999755859372,65537300.0
2025-10-30,527.1414377363435,531.6031704966998,518.8340654321457,522.451171875,41023100.0,4001.300048828125,935.0,16.90999984741211,0.0,1071.6925048828125,1283100.0,202.63156127929688,178864400.0,254.83999633789065,45162500.0,222.8600006103516,102252900.0,255.59713745117188,7767800.0,194.5500030517578,43541700.0
2025-10-31,525.5515477587454,525.9887810857076,511.8582417946861,514.5512084960938,34006400.0,3982.199951171875,559.0,17.440000534057617,0.0,1055.5291748046875,1179400.0,202.2320709228516,179802200.0,256.1199951171875,34449200.0,244.22000122070312,166340800.0,259.3417358398437,6878300.0,200.47000122070312,52697600.0
2025-11-03,516.5385956979154,521.6562086548496,511.3514766558802,513.776123046875,22374700.0,4000.300048828125,0.0,17.170000076293945,0.0,1063.0926513671875,868100.0,206.6164703369141,180267300.0,259.6499938964844,36351400.0,254.0,95997800.0,260.2679138183594,7054300.0,207.17999267578125,81016800.0
2025-11-04,508.5393367379826,512.3054631947169,504.6439932361389,511.0931701660156,20958700.0,3947.699951171875,657.0,19.0,0.0,1026.5408935546875,1735100.0,198.43690490722656,188919300.0,250.0500030517578,56491800.0,249.32000732421875,51546300.0,253.39622497558597,6792200.0,190.7400054931641,121380900.0
2025-11-05,510.0695738143288,511.58997398954807,503.3918644042552,503.9682312011719,23024300.0,3980.300048828125,559.0,18.010000228881836,0.0,1040.103271484375,1169400.0,194.96136474609372,171350300.0,256.3299865722656,67366600.0,250.1999969482422,40610700.0,251.6434326171875,5241200.0,187.8999938964844,76121000.0
2025-11-06,502.4776836990636,502.5174404542645,492.6896676102462,493.9715576171875,27406500.0,3979.89990234375,650.0,19.5,0.0,1025.6041259765625,1073000.0,187.84043884277344,223029800.0,237.6999969482422,66049700.0,243.0399932861328,46004200.0,238.2884521484375,11041800.0,175.0500030517578,78468600.0
2025-11-07,493.8225155697467,496.2372153715257,490.1457889557352,493.6933288574219,24019800.0,3999.39990234375,245.0,19.07999992370605,0.0,1013.4069213867188,1841900.0,187.9103240966797,264942300.0,233.5399932861328,52162600.0,244.41000366210935,46374300.0,238.8959503173828,5741500.0,177.92999267578125,73989700.0
2025-11-10,496.8930687697553,503.6602084533397,495.66085193460816,502.8155517578125,26101500.0,4111.7998046875,189.0,17.600000381469727,0.0,1035.16064453125,992900.0,198.7964630126953,198897100.0,243.97999572753903,43361600.0,248.3999938964844,36476500.0,240.71844482421875,6486600.0,193.6100006103516,87764200.0
2025-11-11,501.6230817360039,506.3928916321033,499.1885187507047,505.4786682128906,17980000.0,4106.7998046875,569.0,17.280000686645508,0.0,1018.8478393554688,1026000.0,192.91395568847656,176483300.0,237.5200042724609,61336800.0,249.1000061035156,23564100.0,243.49700927734372,5762800.0,190.9600067138672,49819700.0
2025-11-12,506.1543908722183,508.4498810705414,495.9788447581273,507.9232177734375,26574900.0,4204.39990234375,396.0,17.510000228881836,0.0,1033.7056884765625,961900.0,193.5531463623047,154935300.0,258.8900146484375,108942000.0,244.1999969482422,31190100.0,245.01077270507807,4278200.0,184.1699981689453,55347100.0
2025-11-13,507.098398329558,510.2683247202687,498.1351759673349,500.1225891113281,25273100.0,4186.89990234375,167.0,20.0,0.0,1016.2967529296876,1406300.0,186.6219787597656,207423100.0,247.9600067138672,63178600.0,237.5800018310547,41401700.0,239.4436798095703,5542100.0,172.13999938964844,63188800.0
2025-11-14,495.0944921195485,508.3803456334317,494.3094553479901,506.9692687988281,28505700.0,4087.60009765625,483.0,19.82999992370605,0.0,1003.4617309570312,1307800.0,189.92774963378903,186591900.0,246.80999755859372,47655600.0,234.69000244140625,38956700.0,242.6604461669922,5512900.0,174.00999450683594,62596800.0
2025-11-17,505.2501533046029,508.8970396915909,501.73242330739504,504.2961730957031,19092800.0,4068.300048828125,1552.0,22.3799991607666,0.0,1016.436279296875,1691500.0,186.36231994628903,173628900.0,240.5200042724609,37942200.0,232.8699951171875,59919000.0,236.05763244628903,5280900.0,171.25,50339000.0
2025-11-18,492.2524466910109,499.8145698875434,483.7165104088928,490.6824035644531,33815100.0,4061.300048828125,1375.0,24.690000534057617,0.0,1000.5519409179688,1414000.0,181.1289825439453,213598900.0,230.2899932861328,45619900.0,222.5500030517578,60608400.0,232.5421142578125,8045100.0,167.3300018310547,53710100.0
2025-11-19,487.0156390818261,492.0736023312663,479.79137227085766,484.0543823242188,23245300.0,4077.699951171875,486.0,23.65999984741211,0.0,1035.69873046875,1587800.0,186.28240966796875,247246400.0,223.5500030517578,52093400.0,222.69000244140625,58335600.0,226.9451904296875,9710700.0,165.4199981689453,46108200.0
2025-11-20,490.5255566668064,491.3817596467919,473.39186588492817,476.3088684082031,26802500.0,4056.5,202.0,26.420000076293945,0.0,977.6123657226562,2055100.0,180.40989685058597,343504800.0,206.0200042724609,66342900.0,217.13999938964844,50309000.0,224.44546508789065,7521100.0,155.7449951171875,78443900.0
2025-11-21,476.3785437287191,476.796695003642,466.19388806310616,470.0268249511719,31769200.0,4076.699951171875,171.0,23.43000030517578,0.0,963.1929321289062,2481800.0,178.6521453857422,346926200.0,203.77999877929688,67421100.0,220.69000244140625,68490500.0,226.17832946777344,7479300.0,154.85000610351562,71346400.0
2025-11-24,472.8940955697233,474.7856658755464,465.9450303435204,471.8985290527344,34421000.0,4091.89990234375,591.0,20.520000457763672,0.0,984.3687133789062,1628100.0,182.3174743652344,256618300.0,215.0500030517578,46749600.0,226.27999877929688,54318400.0,225.88954162597656,8563300.0,162.25,57877800.0
2025-11-25,471.9681767111092,477.0256407210385,462.8288843313517,474.8752136230469,28019800.0,4139.2001953125,132704.0,18.559999465942383,0.0,999.71484375,1193000.0,177.59349060058594,320600300.0,206.1300048828125,69773500.0,229.6699981689453,39379300.0,233.1595764160156,10233000.0,163.5500030517578,36523500.0
2025-11-26,484.1539100429923,486.1450429108074,479.0665801492176,483.3475036621094,25709100.0,4165.2001953125,25088.0,17.190000534057617,0.0,1037.3330078125,1572400.0,180.03038024902344,183852000.0,214.2400054931641,43270200.0,229.16000366210935,38497900.0,227.21405029296875,8506600.0,165.77000427246094,34610500.0
2025-11-28,485.4382224868377,490.4459206738112,484.4924221764412,489.8286743164063,14386700.0,4218.2998046875,3615.0,16.350000381469727,0.0,1056.296630859375,939700.0,176.7745361328125,121332800.0,217.52999877929688,18658000.0,233.22000122070312,20292300.0,229.59425354003903,3691500.0,168.4499969482422,17199500.0
2025-12-01,486.2744758383938,487.68816317334665,482.5012705124726,484.5820007324219,23964000.0,4239.2998046875,913.0,17.239999771118164,0.0,1084.188720703125,2103100.0,179.69081115722656,188131000.0,219.75999450683597,30768700.0,233.8800048828125,42904000.0,231.8748779296875,5634700.0,167.49000549316406,27779600.0
2025-12-02,484.56211884124775,491.312058367048,484.1638983253085,487.82757568359375,19562700.0,4186.60009765625,366.0,16.59000015258789,0.0,1104.9061279296875,1426000.0,181.22886657714844,182632200.0,215.2400054931641,42002500.0,234.4199981689453,45785400.0,233.74717712402344,7626200.0,170.69000244140625,35368000.0
2025-12-03,474.2082166599713,482.0930858950488,473.0931871020635,475.6119689941406,34615100.0,4199.2998046875,1897.0,16.079999923706055,0.0,1136.933837890625,2059500.0,179.36123657226562,165138000.0,217.6000061035156,28545200.0,232.3800048828125,35495100.0,237.7407073974609,13782000.0,176.0800018310547,30541600.0
2025-12-04,477.6329620200481,479.186043226252,474.3774403367437,478.7081604003906,22318200.0,4211.7998046875,616.0,15.779999732971191,0.0,1106.2015380859375,1511800.0,183.1566162109375,167364900.0,215.97999572753903,24478200.0,229.1100006103516,45683200.0,246.44485473632807,20912100.0,177.9199981689453,29217800.0
2025-12-05,480.3807061976695,481.2568095233099,476.7568601661199,481.0178833007813,22608700.0,4212.89990234375,533.0,15.40999984741211,0.0,1095.628662109375,1054400.0,182.1877899169922,143971100.0,217.97000122070312,33292400.0,229.52999877929688,33117400.0,259.5010681152344,15852400.0,181.75999450683597,32079300.0
2025-12-08,482.74025101921535,490.1173719905148,482.2325023858298,488.8430480957031,21965900.0,4187.2001953125,318.0,16.65999984741211,0.0,1115.77783203125,1118800.0,185.323974609375,204378100.0,221.1100006103516,30943200.0,226.88999938964844,35019200.0,258.46533203125,10805400.0,181.4900054931641,30456700.0
2025-12-09,486.931555516862,489.93815525049575,486.3342095719457,489.8385925292969,14696100.0,4206.7001953125,660.0,16.93000030517578,0.0,1107.556640625,904700.0,184.7446746826172,144719700.0,221.6199951171875,25166100.0,227.9199981689453,25841700.0,259.94921875,8045900.0,181.83999633789065,18937600.0
2025-12-10,481.88401246545567,482.10303829287767,472.973680864489,476.4382629394531,35756200.0,4196.39990234375,692.0,15.770000457763672,0.0,1115.4091796875,1093600.0,183.55612182617188,162785400.0,221.4199981689453,23279400.0,231.77999877929688,38790700.0,263.1161804199219,8894700.0,187.91000366210935,59398000.0
2025-12-11,474.5168367702029,483.8751552220924,473.750231167373,481.3265075683594,24669200.0,4285.5,528.0,14.850000381469728,0.0,1118.9168701171875,1403600.0,180.70957946777344,182136600.0,221.42999267578125,30694600.0,230.27999877929688,28249600.0,261.2737731933594,7783800.0,187.5399932861328,36843200.0
2025-12-12,477.6927059881058,480.31105063829824,474.2281237707076,476.4084167480469,21248100.0,4300.10009765625,1531.0,15.739999771118164,0.0,1077.07373046875,1623000.0,174.80679321289062,204274900.0,210.77999877929688,37073900.0,226.19000244140625,35639100.0,261.154296875,6006600.0,183.57000732421875,42427400.0
2025-12-15,477.97146396596463,478.588710310573,470.4250531780871,472.7148742675781,23727700.0,4306.7001953125,854.0,16.5,0.0,1084.019287109375,1283400.0,176.0752410888672,164775600.0,207.5800018310547,27222200.0,222.5399932861328,47286100.0,253.53564453125,10271800.0,183.25,32796100.0
2025-12-16,469.8177748762136,475.7712732838117,468.79234263095657,474.2779235839844,20705600.0,4304.5,1796.0,16.479999542236328,0.0,1072.29052734375,956300.0,177.50350952148438,148588100.0,209.1699981689453,23467600.0,222.55999755859372,39298900.0,253.86428833007807,6145300.0,187.75,42070300.0
2025-12-17,474.7956002423544,477.8718969329872,472.8940646732686,474.0090942382813,24527200.0,4347.5,2169.0,17.6200008392334,0.0,1011.8822631835938,2140900.0,170.7317657470703,222775500.0,198.1100006103516,31595400.0,221.2700042724609,44034400.0,257.0810546875,6269000.0,177.2899932861328,50424700.0
2025-12-18,476.0699208090834,487.4293375934554,475.7712630284666,481.8342590332031,28573500.0,4339.5,705.0,16.8700008392334,0.0,1032.6893310546875,1645400.0,173.9278564453125,176096000.0,201.05999755859372,29720100.0,226.75999450683597,50272400.0,257.20672607421875,5654200.0,185.69000244140625,40221500.0
2025-12-19,485.1992432324443,485.6870914455969,480.3508395546156,483.7656555175781,70836100.0,4361.39990234375,1065.0,14.90999984741211,0.0,1052.3304443359375,2319600.0,180.7695159912109,324925900.0,213.42999267578125,58445500.0,227.3500061035156,85544400.0,259.2615966796875,20732100.0,193.3800048828125,76929400.0
2025-12-22,483.9647726311972,486.5632169440421,480.5499868948874,482.7701110839844,16963000.0,4444.60009765625,449.0,14.079999923706056,0.0,1053.287109375,703700.0,183.4662322998047,129064400.0,214.9499969482422,24950700.0,228.42999267578125,32261300.0,263.9698181152344,5664200.0,193.97999572753903,36686000.0
2025-12-23,482.829854335465,485.66719456773416,482.5908977144131,484.6915588378906,14683600.0,4482.7998046875,694.0,14.0,0.0,1058.130126953125,543600.0,188.97950744628903,174873600.0,214.8999938964844,20272300.0,232.13999938964844,29230200.0,262.7727966308594,4745100.0,194.1300048828125,24041000.0
2025-12-24,483.5267014178325,486.9912835675863,482.680463867149,485.8563232421875,5855900.0,4480.60009765625,500.0,13.470000267028809,0.0,1061.7972412109375,229800.0,188.38023376464844,65528500.0,215.0399932861328,7956800.0,232.3800048828125,11420500.0,264.5982666015625,2076600.0,194.1699981689453,11710100.0
2025-12-26,484.5521629916047,485.9559154032999,483.8054881161676,485.5477294921875,8842200.0,4529.10009765625,263.0,13.600000381469728,0.0,1069.001953125,363800.0,190.2978973388672,139740300.0,214.9900054931641,15792600.0,232.5200042724609,15994700.0,265.4161682128906,2456400.0,188.7100067138672,26262000.0
2025-12-29,482.7103401528056,486.1848877649252,482.0333622504328,484.9404296875,10893400.0,4325.10009765625,2044.0,14.199999809265137,0.0,1062.275634765625,424300.0,187.9907073974609,120006100.0,215.6100006103516,20326900.0,232.07000732421875,19797900.0,265.5658264160156,4300100.0,184.17999267578125,28242000.0
2025-12-30,483.7756098381124,487.5089841188462,483.3475235456682,485.3187561035156,13944500.0,4370.10009765625,1837.0,14.329999923706056,0.0,1068.3941650390625,807300.0,187.31153869628903,97687300.0,215.33999633789065,16409600.0,232.52999877929688,21910500.0,265.2566223144531,3291800.0,180.83999633789065,23336300.0
2025-12-31,485.6771523949816,485.9758405710775,481.1572720274455,481.4758605957031,15601600.0,4325.60009765625,785.0,14.949999809265137,0.0,1066.1220703125,561300.0,186.27281188964844,120100500.0,214.16000366210935,17591600.0,230.82000732421875,24383700.0,264.2491149902344,3367900.0,177.75,22997400.0
2026-01-02,482.24244872265706,482.5112407273309,468.07552715971417,470.84320068359375,25571600.0,4314.39990234375,589.0,14.510000228881836,0.0,1159.7139892578125,2697900.0,188.6199493408203,148240500.0,223.47000122070312,36446200.0,226.5,51456200.0,252.98727416992188,9680600.0,167.86000061035156,60634100.0
2026-01-05,471.9582279694173,473.95932625248497,467.41844739653146,470.7536010742188,25250300.0,4436.89990234375,618.0,14.899999618530272,0.0,1223.89892578125,3290600.0,187.89083862304688,183529700.0,221.0800018310547,31941100.0,233.05999755859372,49733300.0,255.6206970214844,6421500.0,174.0399932861328,39511700.0
2026-01-06,471.69937935780575,476.617480129593,467.6673473241013,476.3885192871094,23037700.0,4482.2001953125,459.0,14.75,0.0,1237.8499755859375,1895800.0,187.0119171142578,176862600.0,214.3500061035156,40033200.0,240.92999267578125,53764700.0,262.2441101074219,6103300.0,179.7100067138672,34838600.0
2026-01-07,477.63296458601815,487.5288974221053,475.8309917616744,481.3265075683594,25564200.0,4449.2998046875,972.0,15.380000114440918,0.0,1224.177978515625,1351200.0,188.87962341308597,153543200.0,210.0200042724609,29715500.0,241.55999755859372,42236500.0,265.4560852050781,5976200.0,181.67999267578125,45349000.0
2026-01-08,479.1063927688648,480.5201105081445,473.7502403609407,475.9902648925781,18162600.0,4449.7001953125,2423.0,15.449999809265137,0.0,1190.147216796875,1682300.0,184.8145904541016,172457000.0,204.67999267578125,27505000.0,246.2899932861328,39509800.0,259.8800354003906,5243500.0,176.86000061035156,47304300.0
2026-01-09,471.9582322108041,477.6927047258898,470.106493184136,477.1550903320313,18491000.0,4490.2998046875,237.0,14.489999771118164,0.0,1269.4293212890625,2394500.0,184.63479614257807,131327500.0,203.1699981689453,24217300.0,247.3800048828125,34560000.0,259.29150390625,5174400.0,177.49000549316406,31362900.0
2026-01-12,474.5566738594685,478.8574978399144,473.57104241242143,475.06439208984375,23519900.0,4604.2998046875,156.0,15.119999885559082,0.0,1276.7535400390625,1488600.0,184.71470642089844,137968500.0,207.69000244140625,27287300.0,246.47000122070312,35867800.0,258.7528686523437,4927700.0,179.41000366210938,34954500.0
2026-01-13,472.57548334410274,473.6706125344443,463.88420753037366,468.5832824707031,28545800.0,4589.2001953125,239.0,15.979999542236328,0.0,1265.7222900390625,1374200.0,185.58364868164065,160128900.0,220.97000122070312,56894900.0,242.6000061035156,38371800.0,240.4586181640625,13661000.0,178.9600067138672,27769400.0
2026-01-14,464.3919508718589,466.12425727832346,455.1431597671445,457.3433532714844,28184300.0,4626.2998046875,1313.0,16.75,0.0,1259.3046875,1536500.0,182.91688537597656,159586100.0,223.6000061035156,40466500.0,236.6499938964844,41410600.0,238.9723358154297,10149300.0,178.39999389648438,33651400.0
2026-01-15,462.06232415810086,462.191752665677,453.8787662235596,454.6354064941406,23225800.0,4616.2998046875,4358.0,15.84000015258789,0.0,1326.9476318359375,2858400.0,186.8221435546875,206188600.0,227.9199981689453,55270200.0,238.17999267578125,43003600.0,232.9474029541016,11489600.0,177.07000732421875,31109200.0
2026-01-16,455.8001987238622,461.13645097900303,454.4562082505655,457.8211975097656,34246700.0,4588.39990234375,352.0,15.859999656677246,0.0,1353.8233642578125,2469100.0,186.0031280517578,187967200.0,231.8300018310547,42545600.0,239.1199951171875,45888300.0,226.5434112548828,13902600.0,170.9600067138672,59483600.0
2026-01-20,449.2194951600843,454.77474258752966,447.28809381488645,452.5048522949219,26130000.0,4759.60009765625,175.0,20.09000015258789,0.0,1321.4368896484375,2970800.0,177.8530731201172,223345300.0,231.9199981689453,44327700.0,231.0,47737900.0,219.5209808349609,13050800.0,168.52999877929688,36708500.0
2026-01-21,450.5933708341933,450.6829681667298,436.7350728053031,442.1409912109375,37980500.0,4831.7998046875,1706.0,16.899999618530273,0.0,1355.3380126953125,2387200.0,183.09669494628903,200381000.0,249.8000030517578,62385600.0,231.30999755859372,47276100.0,221.0272216796875,12616600.0,165.3300018310547,47851200.0
2026-01-22,445.6354487179439,450.8323067932568,442.7284117030413,449.1398620605469,25349400.0,4908.7998046875,1175.0,15.640000343322754,0.0,1390.1260986328125,1844200.0,184.6148223876953,139636600.0,253.72999572753903,37945000.0,234.33999633789065,31913300.0,227.52096557617188,9483000.0,165.89999389648438,28499500.0
2026-01-23,449.8665935761158,469.0113467802032,448.5325382185013,463.8841857910156,38000200.0,4976.2001953125,169.0,16.09000015258789,0.0,1384.18701171875,1556300.0,187.44137573242188,142748100.0,259.67999267578125,47525900.0,239.16000366210935,33778500.0,227.4810791015625,9408000.0,169.60000610351562,30285700.0
2026-01-26,463.2470104625561,472.1473767264207,459.9516880286902,468.1949768066406,29291200.0,5079.7001953125,180.0,16.149999618530273,0.0,1408.4119873046875,2001300.0,186.2428436279297,124799600.0,251.30999755859372,30672500.0,238.4199981689453,32825500.0,228.82769775390625,7239600.0,167.47000122070312,22777200.0
2026-01-27,471.59986874099184,480.7291966391232,471.06225431764057,478.4493408203125,29213900.0,5079.89990234375,34.0,16.350000381469727,0.0,1449.5078125,3473900.0,188.29034423828125,143711600.0,252.02999877929688,25691600.0,244.67999267578125,38029200.0,227.9598693847656,9838400.0,165.6999969482422,26542300.0
2026-01-28,481.0676409982362,481.5952899852128,475.8807484603396,479.4946594238281,36875400.0,5301.60009765625,112054.0,16.350000381469727,0.0,1417.9486083984375,5036800.0,191.2866973876953,148552700.0,252.7400054931641,27061200.0,243.00999450683597,40882700.0,227.39129638671875,8465900.0,157.35000610351562,44822800.0
2026-01-29,438.0392806211351,440.5381621786467,419.1533835040837,431.57806396484375,128855300.0,5318.39990234375,23709.0,16.8799991607666,0.0,1450.075927734375,2818900.0,192.2754821777344,171764400.0,252.17999267578125,31685200.0,241.72999572753903,47229600.0,213.54592895507807,18555600.0,151.86000061035156,59846800.0
2026-01-30,437.2229285851671,437.65101486434605,424.5593222020372,428.3822937011719,58566800.0,4713.89990234375,8374.0,17.440000534057617,0.0,1418.0281982421875,2358800.0,190.8971710205078,179489500.0,236.72999572753903,40035700.0,239.3000030517578,46585000.0,211.7603759765625,11090400.0,146.58999633789062,47271000.0
2026-02-02,428.332517897532,428.8303011436502,420.3779513468908,421.4929809570313,42219900.0,4622.5,3588.0,16.34000015258789,0.0,1436.35400390625,1766600.0,185.38389587402344,165794100.0,246.2700042724609,36308100.0,242.9600067138672,37546100.0,210.28407287597656,7950900.0,147.75999450683594,72811100.0
2026-02-03,420.1390072256922,420.178808008447,406.7486263222299,409.3868713378906,61424100.0,4903.7001953125,1213.0,18.0,0.0,1391.0030517578125,2205100.0,180.12030029296875,204019600.0,242.1100006103516,53097100.0,238.6199951171875,53831300.0,195.8900909423828,20194200.0,157.8800048828125,113169200.0
2026-02-04,409.17783910585314,417.938812315792,407.4256323109538,412.3536987304688,45012400.0,4920.39990234375,3886.0,18.63999938964844,0.0,1334.4512939453125,2479400.0,173.97779846191406,207014100.0,200.19000244140625,107173300.0,232.9900054931641,51299900.0,198.94244384765625,23010000.0,139.5399932861328,113199500.0
2026-02-05,405.6335909812077,406.4897635323938,390.5806313349955,391.9246520996094,66289200.0,4861.39990234375,793.0,21.770000457763672,0.0,1345.4427490234375,1790200.0,171.6706085205078,206312900.0,192.5,62196400.0,222.69000244140625,103509200.0,189.4960784912109,21956300.0,130.00999450683594,93690800.0
2026-02-06,397.4002746193236,400.0086538663787,391.1779842848308,399.3615417480469,53515300.0,4951.2001953125,1386.0,20.3700008392334,0.0,1408.0731201171875,1971000.0,185.1841278076172,231346200.0,208.44000244140625,54504500.0,210.32000732421875,179210900.0,190.8726348876953,13652600.0,135.89999389648438,62661400.0
2026-02-09,403.0550898097971,413.0505856348112,399.0927243377603,411.7662963867188,45480500.0,5050.89990234375,170.0,17.360000610351562,0.0,1424.49560546875,1125100.0,189.80848693847656,196387400.0,216.0,38810800.0,208.72000122070312,91178400.0,193.5459442138672,12112000.0,142.91000366210938,58042500.0
2026-02-10,417.75959730190846,421.801594739736,410.8702943432265,411.437744140625,44857900.0,5003.7998046875,281.0,17.790000915527344,0.0,1410.5390625,1200600.0,188.3103179931641,136764800.0,213.57000732421875,25326700.0,206.9600067138672,67175000.0,192.96739196777344,13393000.0,139.50999450683594,56061300.0
2026-02-11,414.33481566901673,414.61357304478975,399.2320904458023,402.5771789550781,42491000.0,5071.60009765625,2681.0,17.649999618530273,0.0,1432.5010986328125,1139300.0,189.8184814453125,144192700.0,213.5800018310547,33384700.0,204.0800018310547,65545500.0,184.53846740722656,16350200.0,135.67999267578125,52796100.0
2026-02-12,403.20440420967,404.3990960787573,396.24540458526855,400.0584106445313,40802400.0,4923.7001953125,484.0,20.81999969482422,0.0,1403.8038330078125,1518100.0,186.7122802734375,189932500.0,205.94000244140625,32181000.0,199.6000061035156,83975400.0,184.96739196777344,16849100.0,129.1300048828125,74090600.0
2026-02-13,402.65686886295305,403.7420326637702,396.2852191820681,399.5407409667969,34091600.0,5022.0,232.0,20.600000381469727,0.0,1403.5443115234375,1248900.0,182.5873107910156,161888000.0,207.32000732421875,26123900.0,198.7899932861328,66321600.0,189.2467041015625,14822900.0,131.41000366210938,49438100.0
2026-02-17,397.4500470508712,398.7442713079252,392.7808378797226,395.1004943847656,32078800.0,4882.89990234375,540.0,20.290000915527344,0.0,1416.6856689453125,1097200.0,184.7446746826172,162276900.0,203.0800018310547,33712100.0,201.1499938964844,69879200.0,183.83023071289065,13692900.0,133.02000427246094,48407100.0
2026-02-18,396.3648548030424,400.77520665339193,394.5628820536712,397.8283386230469,23223400.0,4986.5,544.0,19.6200008392334,0.0,1465.5189208984375,1334400.0,187.75099182128903,164749100.0,200.1199951171875,35664100.0,204.7899932861328,51003300.0,187.32150268554688,9852900.0,135.3800048828125,59677100.0
2026-02-19,399.82403795970674,403.5559453902056,395.8127368785549,397.5988464355469,28234000.0,4975.89990234375,37.0,20.229999542236328,0.0,1455.7503662109375,1135200.0,187.6710968017578,126554500.0,203.3699951171875,25842300.0,204.8600006103516,35669600.0,184.82774353027344,9565100.0,134.88999938964844,42197200.0
2026-02-20,395.2539159508346,399.2552593187824,394.3059873534157,396.37152099609375,34015200.0,5059.2998046875,134.0,19.09000015258789,0.0,1466.3870849609375,1102500.0,189.5887756347656,178422300.0,200.1499938964844,36317300.0,210.1100006103516,65881600.0,184.6980743408203,10816200.0,135.24000549316406,53726800.0
2026-02-23,394.14630950985264,394.50551684604494,382.27203437696886,383.6390686035156,43238300.0,5204.7001953125,779.0,21.01000022888184,0.0,1482.7513427734375,1284200.0,191.3166656494141,171584800.0,196.6000061035156,28187900.0,205.2700042724609,53581500.0,177.71554565429688,15498600.0,130.60000610351562,52512200.0
2026-02-24,383.3098196996745,388.5185091169527,380.8850482189813,388.1593017578125,33884700.0,5155.7998046875,88.0,19.549999237060547,0.0,1494.53564453125,1538900.0,192.61508178710935,175123600.0,213.83999633789065,81367000.0,208.55999755859372,41137200.0,184.9574279785156,15564700.0,128.83999633789062,47121400.0
2026-02-25,389.68597856263057,400.6023372807383,389.31678308531696,399.7342224121094,43625500.0,5206.39990234375,1772.0,17.93000030517578,0.0,1523.18310546875,1306900.0,195.3217620849609,250637100.0,210.8600006103516,44588100.0,210.63999938964844,41346400.0,191.27163696289065,21875100.0,134.19000244140625,53078300.0
2026-02-26,403.8353349281015,406.6093255926281,397.8782360341113,400.851806640625,34405900.0,5176.5,1520.0,18.6299991607666,0.0,1460.6097412109375,2177900.0,184.66476440429688,360807900.0,203.67999267578125,35020500.0,207.9199981689453,47756800.0,198.9723663330078,26680500.0,135.94000244140625,45100000.0
2026-02-27,390.03523926255787,395.9624042352165,389.0374004516944,391.8912048339844,51367200.0,5230.5,354.0,19.86000061035156,0.0,1447.398681640625,1358300.0,176.97415161132812,311636500.0,200.2100067138672,31312400.0,210.0,57422800.0,194.30404663085935,16346500.0,137.19000244140625,59412400.0
2026-03-02,392.0109241194205,400.3229381169724,389.78576315389057,397.6886291503906,35474900.0,5294.39990234375,72.0,21.440000534057617,0.0,1420.4375,1492400.0,182.25770568847656,209095300.0,198.6199951171875,34120200.0,208.38999938964844,46001000.0,192.4686279296875,9932700.0,145.1699981689453,72683900.0
2026-03-03,392.2903484387299,405.82103971635513,391.8213629990231,403.0570068359375,38199200.0,5107.39990234375,1776.0,23.56999969482422,0.0,1357.973876953125,2012500.0,179.83065795898438,178099400.0,190.9499969482422,37785700.0,208.72999572753903,43184900.0,195.5609130859375,13208900.0,147.22000122070312,67460200.0
2026-03-04,400.4027502952161,410.14166638677375,399.4448336072076,404.32427978515625,35808000.0,5120.2001953125,679.0,21.149999618530277,0.0,1396.3201904296875,1486700.0,182.8170166015625,177731200.0,202.07000732421875,40912600.0,216.82000732421875,54731100.0,192.5983123779297,11583700.0,153.19000244140625,60062200.0
2026-03-05,403.54596943015656,410.7204021828405,403.525993165685,409.79241943359375,39001300.0,5065.2998046875,1701.0,23.75,0.0,1365.377685546875,1804500.0,183.1166534423828,198779700.0,199.4499969482422,36000700.0,218.94000244140625,60943400.0,200.88758850097656,15860900.0,152.6699981689453,50714500.0
2026-03-06,408.3156433731429,412.1572983375802,407.6271321747383,408.0761413574219,31123900.0,5146.10009765625,148.0,29.489999771118164,0.0,1289.982421875,1900100.0,177.60337829589844,189021900.0,192.42999267578125,33913800.0,213.2100067138672,51152700.0,201.6057891845703,9657400.0,157.16000366210938,74980900.0
2026-03-09,404.044890641513,409.3234358422322,402.62794618065146,408.5251770019531,30131900.0,5091.5,639.0,25.5,0.0,1354.461669921875,1808900.0,182.427490234375,177213600.0,202.67999267578125,38877200.0,213.4900054931641,54642900.0,198.2940673828125,10754800.0,156.42999267578125,47574200.0
2026-03-10,409.1438479339772,409.3134939311744,402.05918625996463,404.8830871582031,31706400.0,5229.7001953125,4300.0,24.93000030517578,0.0,1380.385009765625,1650900.0,184.544921875,179118500.0,203.22999572753903,29139200.0,214.3300018310547,35678800.0,194.4237518310547,14467400.0,151.13999938964844,47501400.0
2026-03-11,404.6934855668013,408.1260534422115,400.7220762180728,404.0049743652344,25512100.0,5167.39990234375,633.0,24.229999542236328,0.0,1383.6578369140625,1164700.0,185.8134307861328,145280400.0,204.8300018310547,23076400.0,212.6499938964844,34199300.0,193.6457061767578,9580000.0,151.60000610351562,33955900.0
2026-03-12,403.7555185610488,405.2422886286942,400.8418158660113,400.9914855957031,27263900.0,5115.7998046875,410.0,27.290000915527344,0.0,1348.63427734375,1780200.0,182.9268035888672,155762700.0,197.7400054931641,28886900.0,209.52999877929688,44349500.0,198.7828369140625,26309700.0,153.5,54409800.0
2026-03-13,400.1333630935344,403.9251383935716,393.3979511212616,394.6951293945313,26848000.0,5052.5,479.0,27.190000534057617,0.0,1342.757080078125,1179000.0,180.0401611328125,160988400.0,193.38999938964844,27561900.0,207.6699981689453,35662100.0,192.34893798828125,14834700.0,150.9499969482422,42460600.0
2026-03-16,397.209690545171,399.7641553863696,393.9367805641587,399.0856323242188,27733700.0,4994.0,130.0,23.51000022888184,0.0,1372.5621337890625,1310400.0,183.0067138671875,217307400.0,196.5800018310547,30285200.0,211.7400054931641,42209300.0,197.84518432617188,13419600.0,152.72000122070312,32898900.0
2026-03-17,399.4049101655112,403.5259891234105,396.8903674487218,398.5467834472656,26228300.0,5001.0,239.0,22.3700008392334,0.0,1386.1324462890625,1135600.0,181.71820068359372,182497800.0,196.30999755859372,22779700.0,215.1999969482422,44969900.0,194.82275390625,11559300.0,155.0800018310547,37118500.0
2026-03-18,396.271723303423,397.13983817793417,390.1549666521916,390.9432678222656,25908500.0,4889.89990234375,1461.0,25.09000015258789,0.0,1352.216552734375,1391400.0,180.1899871826172,156683100.0,199.4600067138672,28569100.0,209.8699951171875,37846600.0,193.85516357421875,10525100.0,152.77000427246094,32476700.0
2026-03-19,389.2569126674818,391.6417315076428,386.2234742615233,388.1792297363281,25138800.0,4600.7001953125,627.0,24.059999465942383,0.0,1363.4119873046875,1619100.0,178.3521270751953,170968500.0,205.2700042724609,32245300.0,208.75999450683597,36440600.0,194.5035552978516,9254300.0,155.67999267578125,33915900.0
2026-03-20,385.95408868282834,386.1636263101853,379.2984903035221,381.0447082519531,50853200.0,4570.39990234375,235.0,26.780000686645508,0.0,1314.379150390625,2645100.0,172.4989471435547,241323500.0,201.3300018310547,37265100.0,205.3699951171875,63694600.0,194.892578125,20201100.0,150.67999267578125,48700200.0
2026-03-23,383.07032058481127,386.3731646745857,380.85511716508233,382.1722717285156,29680100.0,4404.10009765625,544.0,26.149999618530277,0.0,1366.635009765625,1983200.0,175.43553161621094,182836300.0,202.67999267578125,31857800.0,210.13999938964844,44277400.0,194.6930694580078,13976200.0,160.83999633789062,57507100.0
2026-03-24,381.53362193174286,381.6434000325674,371.04635704379217,371.9344177246094,42733600.0,4399.2998046875,378.0,26.950000762939453,0.0,1396.3701171875,1801000.0,174.99603271484375,147667800.0,205.3699951171875,27258800.0,207.2400054931641,35351400.0,182.56341552734372,18631400.0,154.77999877929688,56155700.0
2026-03-25,376.10542586510894,376.2451074667104,368.831172255135,370.2381286621094,31181200.0,4549.7998046875,388.0,25.32999992370605,0.0,1390.85205078125,1610000.0,178.47198486328125,162602100.0,220.2700042724609,48518300.0,211.7100067138672,36388800.0,181.5060577392578,12565200.0,154.9600067138672,38543300.0
2026-03-26,370.01860155518807,373.9101668945663,364.4007640805619,365.1790771484375,36836600.0,4375.5,1070.0,27.440000534057617,0.0,1326.6024169921875,1721100.0,171.04066467285156,186152200.0,203.7700042724609,49213000.0,207.5399932861328,46746000.0,185.1768798828125,10330700.0,147.55999755859375,43038400.0
2026-03-27,361.1178497172151,361.6666793192034,355.73951450811694,355.9989318847656,37883400.0,4492.0,74348.0,31.049999237060547,0.0,1299.63134765625,1759700.0,167.32498168945312,196212700.0,201.9900054931641,29206600.0,199.33999633789065,56009800.0,178.8626708984375,9902000.0,143.05999755859375,35790800.0
2026-03-30,361.1178525849577,364.5703662773937,355.51000344849933,358.1842041015625,44797000.0,4526.0,10816.0,30.61000061035156,0.0,1251.22705078125,2144500.0,164.97772216796875,185627000.0,196.0399932861328,41053300.0,200.9499969482422,46373800.0,184.56838989257807,11617700.0,137.5500030517578,41289800.0
2026-03-31,363.7621155862403,372.0940755014272,362.28533367877645,369.3699951171875,45244400.0,4647.60009765625,4264.0,25.25,0.0,1317.9512939453125,1731500.0,174.1969757080078,226181300.0,203.42999267578125,42318700.0,208.2700042724609,58470100.0,186.2042999267578,11041400.0,146.27999877929688,45558600.0
2026-04-01,372.682807332766,373.1817267376728,367.4042619540212,368.57171630859375,29417200.0,4783.2001953125,1637.0,24.540000915527344,0.0,1356.7965087890625,1745000.0,175.54541015625,168132000.0,210.2100067138672,40835800.0,210.57000732421875,45955400.0,185.7753753662109,11677700.0,146.49000549316406,34171000.0
2026-04-02,366.4163701688664,372.83249667260446,363.3629859357669,372.6528625488281,24099100.0,4651.5,0.0,23.8700008392334,0.0,1314.359130859375,1883400.0,177.18348693847656,143143200.0,217.5,38463500.0,209.7700042724609,31453000.0,186.7130279541016,11635500.0,148.4600067138672,30437000.0
2026-04-06,372.682794233078,372.9222962461191,368.7014272663852,372.0741271972656,16146600.0,4656.7998046875,148.0,24.170000076293945,0.0,1301.16796875,1299200.0,177.43319702148438,107564300.0,220.17999267578125,30786400.0,212.7899932861328,25385500.0,184.56838989257807,14391000.0,147.92999267578125,25142200.0
2026-04-07,369.5396147715723,371.645070458656,365.7677853538718,371.48541259765625,21443300.0,4657.10009765625,327.0,25.780000686645508,0.0,1303.6026611328125,1368900.0,177.89266967773438,132534900.0,221.52999877929688,26483000.0,213.7700042724609,28154600.0,182.50357055664065,12344600.0,150.07000732421875,28671100.0
2026-04-08,384.148004001906,384.167949815935,370.6073237610428,373.52099609375,33064800.0,4749.5,405.0,21.040000915527344,0.0,1417.9530029296875,2427300.0,181.8680419921875,147732700.0,231.82000732421875,35496400.0,221.25,51092700.0,175.92999267578125,13472100.0,140.75999450683594,64827700.0
2026-04-09,371.6949574789129,372.6927962909368,366.2567237727329,372.26373291015625,30435300.0,4792.2001953125,1277.0,19.489999771118164,0.0,1445.4827880859375,1579700.0,183.69590759277344,116428500.0,236.63999938964844,27126200.0,233.6499938964844,65964200.0,170.85000610351562,20855400.0,130.49000549316406,92361400.0
2026-04-10,372.17393720824543,374.8281921461914,369.23030048358606,370.0684814453125,28111100.0,4761.89990234375,812.0,19.229999542236328,0.0,1475.0582275390625,1519600.0,188.4104156494141,160459500.0,245.0399932861328,36477200.0,238.3800048828125,56912800.0,164.9600067138672,18109300.0,128.05999755859375,116656800.0
2026-04-13,372.8025510733858,383.70895264062807,370.2181521550117,383.539306640625,35745800.0,4742.39990234375,32.0,19.1200008392334,0.0,1496.9302978515625,1709400.0,189.0896148681641,133648200.0,246.8300018310547,22781800.0,239.88999938964844,42166200.0,172.82000732421875,12390800.0,132.3699951171875,65772800.0
2026-04-14,387.0816509997633,393.8370088930228,385.684652281273,392.2604064941406,37504500.0,4825.0,288.0,18.36000061035156,0.0,1514.990966796875,1769200.0,196.2812347412109,161307000.0,255.07000732421875,25733200.0,249.0200042724609,72685000.0,171.30999755859375,13123600.0,135.6999969482422,52786800.0
2026-04-15,397.1398382929036,413.47445440771634,395.8725939925935,410.3312683105469,45063400.0,4800.0,182.0,18.170000076293945,0.0,1478.54052734375,4251700.0,198.63848876953125,185338400.0,258.1199951171875,24695200.0,248.5,43045200.0,177.60000610351562,14340300.0,142.14999389648438,48389400.0
2026-04-16,418.9525857224824,419.9105328997013,411.2492993874727,419.3517456054688,41642400.0,4785.39990234375,805.0,17.940000534057617,0.0,1407.755126953125,2626700.0,198.1190948486328,134012900.0,278.260009765625,64850800.0,249.6999969482422,41895700.0,181.22000122070312,11866700.0,142.75999450683594,43746000.0
2026-04-17,423.9018933176335,430.64726300981,419.78081413338697,421.8762817382813,48568200.0,4857.60009765625,1902.0,17.479999542236328,0.0,1456.6185302734375,1876500.0,201.44520568847656,160324400.0,278.3900146484375,35519900.0,250.55999755859372,52029300.0,182.13999938964844,17225700.0,146.38999938964844,50657600.0
2026-04-20,420.2398034863272,422.4150847565369,415.4002792280178,417.1664733886719,27582200.0,4806.60009765625,724.0,18.8700008392334,0.0,1473.2821044921875,1091900.0,201.82476806640625,119381400.0,274.95001220703125,34833900.0,248.27999877929688,39463100.0,186.2700042724609,14382300.0,145.88999938964844,33482700.0
2026-04-21,419.33177508554746,426.2567789178336,416.2983670043314,423.2433166503906,32048500.0,4698.39990234375,1197.0,19.5,0.0,1455.790283203125,1274600.0,199.64732360839844,107945300.0,284.489990234375,38950900.0,249.91000366210935,42922400.0,187.1100006103516,12073700.0,145.97000122070312,44830000.0
2026-04-22,425.2689090952171,432.7626880248645,422.7543663498755,431.984375,29378200.0,4732.5,765.0,18.920000076293945,0.0,1440.513671875,2621800.0,202.26426696777344,107501000.0,303.4599914550781,49054200.0,255.3600006103516,36065100.0,189.8000030517578,14565900.0,152.6199951171875,43701500.0
2026-04-23,418.9825380949446,422.7443793162959,410.5208543154444,414.8514709472656,38308000.0,4705.10009765625,292.0,19.309999465942383,0.0,1414.7100830078125,1800500.0,199.4075927734375,113561800.0,305.3299865722656,45619700.0,255.0800018310547,39091400.0,173.3000030517578,22719900.0,141.57000732421875,58654400.0
2026-04-24,416.0688403922519,424.0316048781353,414.9013556123021,423.7023010253906,27457400.0,4722.2998046875,45.0,18.709999084472656,0.0,1454.52294921875,1751800.0,208.0275421142578,214134400.0,347.8099975585937,81616700.0,263.989990234375,53777400.0,178.16000366210938,10817600.0,143.08999633789062,38677200.0
2026-04-27,421.46715688014,426.1869149113369,416.1686352924954,423.9018859863281,30867300.0,4675.39990234375,538.0,18.020000457763672,0.0,1432.43994140625,1326200.0,216.3578338623047,187172400.0,334.6300048828125,50585300.0,261.1199951171875,44906800.0,180.17999267578125,11907000.0,143.10000610351562,31275400.0
2026-04-28,423.6524179624475,428.99086152362304,420.9881750222059,428.3222961425781,30438100.0,4591.5,2660.0,17.829999923706055,0.0,1384.56005859375,1926900.0,212.92184448242188,180275400.0,323.2099914550781,43002500.0,259.70001220703125,42204400.0,181.32000732421875,8711700.0,141.17999267578125,24757200.0
2026-04-29,423.6623688360089,425.8975483734993,419.38166246548025,423.5426330566406,38288300.0,4545.2001953125,507.0,18.809999465942383,0.0,1394.0799560546875,1256500.0,209.00640869140625,123711800.0,337.1099853515625,44704400.0,263.0400085449219,72367900.0,181.22000122070312,6882800.0,137.97000122070312,33348100.0
2026-04-30,409.92216255995794,413.5243765293071,397.1498378648014,406.8987121582031,70909400.0,4614.7001953125,77.0,16.889999389648438,0.0,1438.989990234375,1414400.0,199.33767700195312,225239200.0,354.489990234375,42115300.0,265.0599975585937,100974900.0,176.52999877929688,14408300.0,139.11000061035156,32523600.0
2026-05-01,411.9078412872606,416.2085240460113,409.5529563541748,413.5443115234375,31372400.0,4629.89990234375,113.0,16.989999771118164,0.0,1427.02001953125,707100.0,198.21897888183597,128647000.0,360.5400085449219,34279200.0,268.260009765625,50825200.0,183.82000732421875,12324400.0,144.07000732421875,33219900.0
2026-05-04,410.6505829404435,419.87060358807366,409.9121615309381,412.72607421875,28066500.0,4519.5,20.0,18.290000915527344,0.0,1386.2099609375,1755700.0,198.2489318847656,125368100.0,341.5400085449219,42000200.0,272.04998779296875,49083700.0,185.47999572753903,8444700.0,146.02999877929688,70525900.0
2026-05-05,414.42242364358015,415.8792597859335,407.916495085617,410.4909362792969,25700900.0,4555.7998046875,426.0,17.3799991607666,0.0,1442.9200439453125,1621400.0,196.271240234375,113406600.0,355.260009765625,64235100.0,273.54998779296875,41908500.0,186.9900054931641,9740800.0,135.91000366210938,89747100.0
2026-05-06,407.1182274562224,417.51572107575487,404.23445872829495,413.0653381347656,30285900.0,4681.89990234375,212.0,17.389999389648438,0.0,1544.739990234375,2312400.0,207.5880584716797,188362800.0,421.3900146484375,87732200.0,274.989990234375,44552000.0,181.19000244140625,11303400.0,133.7899932861328,55524800.0
2026-05-07,419.2020489501835,427.05506598481406,417.8549909144547,419.8606262207031,34942400.0,4699.7998046875,254.0,17.079999923706055,0.0,1516.5999755859375,1726700.0,211.2537841796875,168307900.0,408.4599914550781,44885500.0,271.1700134277344,35892900.0,186.33999633789065,13955100.0,137.0500030517578,50184900.0
2026-05-08,416.48795292910256,417.7252633012779,413.105264767488,414.2228393554688,33383800.0,4720.39990234375,120.0,17.190000534057617,0.0,1592.02001953125,2288300.0,214.9494781494141,136421400.0,455.1900024414063,58134900.0,272.67999267578125,34732700.0,181.82000732421875,15123900.0,137.8000030517578,41745400.0
2026-05-11,406.9885016374445,411.79809190456297,404.6236285818644,411.7681579589844,35657900.0,4718.7001953125,36.0,18.3799991607666,0.0,1565.81005859375,2191300.0,219.18453979492188,160685800.0,458.7900085449219,46085400.0,268.989990234375,38176700.0,177.49000549316406,11145000.0,136.88999938964844,41414500.0
2026-05-12,413.5842224333829,414.6020070114768,405.7611701670722,406.8887023925781,38594200.0,4677.60009765625,93.0,17.989999771118164,0.0,1520.93994140625,1846800.0,220.52297973632807,159176600.0,448.2900085449219,39140100.0,265.82000732421875,36776200.0,171.30999755859375,10214000.0,136.0,38781100.0
2026-05-13,402.3286237155428,405.4318878236479,400.1633000811369,404.3342590332031,29667100.0,4697.7001953125,228.0,17.8700008392334,0.0,1581.5799560546875,1691200.0,225.56710815429688,150405400.0,445.5,30423400.0,270.1300048828125,39670900.0,165.83999633789062,11951900.0,130.0500030517578,55189400.0
2026-05-14,403.6058516736889,410.94993067744383,400.013625877668,408.5451354980469,27077500.0,4678.10009765625,5.0,17.260000228881836,0.0,1584.510009765625,1412600.0,235.465576171875,180782900.0,449.7000122070313,26113600.0,267.2200012207031,31338400.0,167.5800018310547,9749400.0,133.72999572753906,37052600.0
2026-05-15,413.3746572242232,427.24464052002446,412.01761111071977,421.0081481933594,50771200.0,4555.7998046875,607.0,18.43000030517578,0.0,1501.81005859375,1807400.0,225.0577087402344,180977600.0,424.1000061035156,29131600.0,264.1400146484375,40770300.0,173.50999450683594,13883400.0,133.99000549316406,32629700.0
2026-05-18,415.7196062415453,424.2012362508279,414.7117792841577,422.6246643066406,32564100.0,4552.5,38.0,17.81999969482422,0.0,1472.3900146484375,1664400.0,222.0612030029297,146280900.0,420.989990234375,28432100.0,264.8599853515625,33690800.0,179.47999572753906,13671200.0,135.13999938964844,32034600.0
2026-05-19,428.9708919761278,431.7648588737268,415.58987007798993,416.5178833007813,33018700.0,4506.2998046875,875.0,18.059999465942383,0.0,1459.43994140625,1395400.0,220.35317993164065,140948200.0,414.0499877929688,38756900.0,259.3399963378906,40340700.0,179.4199981689453,17510800.0,135.25999450683594,29777300.0
2026-05-20,413.2749005432513,421.18775475321456,410.4110776678385,420.1499938964844,27864000.0,4531.2998046875,981.0,17.440000534057617,0.0,1550.1300048828125,1744500.0,223.20985412597656,184201600.0,447.5799865722656,36137500.0,265.010009765625,34933200.0,180.10000610351562,13025300.0,137.14999389648438,31307700.0
2026-05-21,424.75,426.3399963378906,415.7099914550781,419.0899963378906,31393500.0,4539.7998046875,426.0,16.760000228881836,0.0,1592.0,1358400.0,219.25445556640625,203381800.0,449.5899963378906,27252000.0,268.4599914550781,36591700.0,176.30999755859375,10949100.0,137.4149932861328,24311900.0
2026-05-22,419.5400085449219,424.3999938964844,416.3299865722656,418.5700073242188,22390300.0,4521.0,40.0,16.700000762939453,0.0,1632.9000244140625,1666700.0,215.07933044433597,169275700.0,467.510009765625,34758600.0,266.32000732421875,27535500.0,180.07000732421875,10176700.0,136.8800048828125,27578000.0
2026-05-25,419.5400085449219,424.3999938964844,416.3299865722656,418.5700073242188,22390300.0,4521.0,40.0,16.59000015258789,0.0,1632.9000244140625,1666700.0,215.07933044433597,169275700.0,467.510009765625,34758600.0,266.32000732421875,27535500.0,180.07000732421875,10176700.0,136.8800048828125,27578000.0
2026-05-26,416.4299926757813,419.7699890136719,413.0199890136719,416.0299987792969,30398000.0,4500.39990234375,1261.0,17.010000228881836,0.0,1632.030029296875,1651000.0,214.60987854003903,187202600.0,503.8900146484375,38473800.0,265.2900085449219,38028100.0,179.0800018310547,13617200.0,136.60000610351562,31723900.0
2026-05-27,411.010009765625,415.9400024414063,409.5799865722656,412.6700134277344,28901500.0,4447.5,81062.0,16.290000915527344,0.0,1597.8699951171875,1361600.0,212.35250854492188,167601200.0,495.5400085449219,27589300.0,271.8500061035156,40061900.0,177.50999450683594,18524900.0,132.50999450683594,34159800.0
2026-05-28,412.9800109863281,429.489990234375,412.6700134277344,426.989990234375,47250500.0,4499.2998046875,16427.0,15.739999771118164,0.0,1605.77001953125,971600.0,214.0005798339844,143996000.0,518.0900268554688,31438500.0,274.0,40630400.0,176.1699981689453,22559400.0,143.33999633789062,52085200.0
2026-05-29,432.5499877929688,450.3299865722656,432.3599853515625,450.239990234375,79654400.0,4560.5,1883.0,15.31999969482422,0.0,1612.760009765625,1069400.0,210.8942108154297,289410600.0,516.0999755859375,30803200.0,270.6400146484375,54749600.0,191.1000061035156,33998900.0,156.5399932861328,92196600.0
